Iteration	Posterior	Likelihood	Prior	rate_log_sd	rate_neo	tree_length
0	-1008.238	-1219.588	211.3493	1.784717	0.4357491	1.988654
6	-1012.564	-1223.363	210.7995	1.883261	0.5656361	2.144405
12	-1024.868	-1235.702	210.8342	1.951238	1.243001	1.556485
18	-1026.464	-1237.019	210.5556	1.730974	1.052299	2.023102
24	-1008.388	-1219.748	211.3609	2.021156	0.4466374	1.806915
30	-1010.742	-1222.328	211.5862	2.021156	0.6246286	1.439747
36	-1011.726	-1223.393	211.6665	2.053031	0.4738224	1.531742
42	-1012.4	-1223.876	211.4753	1.82814	0.4738224	1.828259
48	-1028.49	-1239.566	211.076	1.816873	0.5506754	2.021165
54	-1031.302	-1242.942	211.64	1.780038	0.5506754	1.658806
60	-1037.896	-1249.191	211.2955	1.893247	0.3659642	2.041692
66	-1030.722	-1242.7	211.9779	1.97924	0.252837	1.694044
72	-1018.257	-1229.452	211.1949	1.778947	0.4610005	2.065106
78	-1016.036	-1227.345	211.3093	1.851513	0.4698505	1.930142
84	-1016.252	-1226.863	210.6105	1.687192	0.5087388	2.447832
90	-1020.773	-1231.203	210.4304	1.604225	0.3440752	2.799394
96	-1015.936	-1226.453	210.5168	1.623604	0.2967451	2.799394
102	-1018	-1229.408	211.408	1.861512	0.3501922	2.009808
108	-1014.806	-1225.226	210.4199	1.936411	0.5610125	2.358788
114	-1016.654	-1227.975	211.3209	1.829464	0.9895276	1.458491
120	-1009.242	-1220.552	211.3097	1.954959	1.015683	1.349458
126	-1016.299	-1228.322	212.0229	2.037412	0.6792995	0.9870062
132	-1018.256	-1230.152	211.895	2.088925	0.7385464	0.9870062
138	-1020.878	-1232.253	211.3748	2.355768	1.085897	0.8537351
144	-1016.891	-1228.702	211.8115	2.314955	0.6761907	0.9219292
150	-1032.386	-1243.701	211.3149	2.398025	1.18095	0.7633451
156	-1031.774	-1242.928	211.1548	2.247806	1.18406	1.099647
162	-1026.253	-1237.76	211.5071	2.202361	0.622131	1.363113
168	-1022.136	-1233.693	211.5562	2.070242	0.5778024	1.47693
174	-1027.285	-1239.534	212.2488	1.948425	0.3247416	1.388534
180	-1031.579	-1242.874	211.2947	1.714361	0.9092286	1.624961
186	-1043.221	-1255.261	212.0398	1.729527	0.5069577	1.452535
192	-1028.376	-1240.425	212.0494	1.892636	0.5614478	1.246798
198	-1029.972	-1241.845	211.8729	1.700682	0.5384567	1.561282
204	-1030.244	-1240.108	209.8639	1.541049	0.4160752	3.092054
210	-1028.781	-1240.544	211.7626	1.98589	0.4761159	1.507241
216	-1029.254	-1240.682	211.4281	1.911681	0.6783634	1.584619
222	-1032.109	-1243.843	211.7345	2.043844	0.6783634	1.24454
228	-1040.831	-1252.209	211.378	2.348813	0.5177595	1.471536
234	-1028.469	-1240.13	211.6613	2.007536	0.5529536	1.47341
240	-1038.484	-1249.693	211.2086	2.025477	0.6256761	1.712313
246	-1049.684	-1260.968	211.2843	1.94499	0.629058	1.712313
252	-1047.938	-1259.385	211.4476	2.030555	0.3333506	1.89377
258	-1018.087	-1229.235	211.1476	1.911339	0.566157	1.89377
264	-1025.515	-1234.479	208.9646	1.480422	0.8596683	3.286274
270	-1019.48	-1230.736	211.2558	1.796316	0.5343613	1.931667
276	-1010.784	-1222.118	211.334	1.821502	0.5551198	1.839332
282	-1007.491	-1219.132	211.6403	1.756279	0.4084206	1.845425
288	-1008.096	-1219.476	211.3799	1.83843	0.35908	2.031486
294	-1001.518	-1213.024	211.5059	1.844242	0.4939819	1.772367
300	-1015.652	-1227.026	211.3741	2.175675	0.7145732	1.39074
306	-1005.266	-1217.189	211.9229	1.96419	0.7417006	1.077191
312	-1011.599	-1223.781	212.1827	2.263914	0.5643695	0.7124874
318	-1010.144	-1221.563	211.419	2.263914	1.089982	0.9045337
324	-1012.849	-1224.266	211.4172	2.326868	1.119631	0.7968337
330	-1019.171	-1230.415	211.2437	2.404419	1.227874	0.7968337
336	-1004.504	-1215.596	211.0924	2.543023	1.334436	0.678895
342	-1015.502	-1227.525	212.022	2.268871	0.6879556	0.678895
348	-1011.97	-1223.619	211.6493	2.494436	0.8277117	0.6258274
354	-1004.542	-1216.333	211.7903	2.364163	0.7909088	0.6929545
360	-1032.518	-1244.428	211.9103	2.216591	0.7868306	0.7461084
366	-1025.29	-1236.204	210.9139	2.464568	1.637766	0.7340291
372	-1004.406	-1215.762	211.3566	2.368382	1.178975	0.7480995
378	-1019.954	-1231.89	211.9364	2.124721	0.7951804	0.8232465
384	-1020.615	-1232.652	212.0371	2.021121	0.6794101	0.989053
390	-1016.535	-1228.233	211.6978	1.992487	0.9769791	1.012273
396	-1033.814	-1245.726	211.9123	1.902949	0.7431303	1.140966
402	-1026.996	-1238.896	211.8995	1.956594	0.8473201	0.9854557
408	-1017.391	-1228.874	211.4835	1.960402	1.179865	1.064696
414	-1021.243	-1232.924	211.6809	1.988119	0.9414869	1.068071
420	-1021.189	-1233.007	211.8174	1.93658	0.7255098	1.21346
426	-1029.526	-1240.779	211.2528	1.838969	1.170577	1.371454
432	-1014.403	-1225.346	210.9431	2.042733	1.411603	1.297063
438	-1013.933	-1224.91	210.9772	1.976235	1.476362	1.283561
444	-1010.916	-1222.604	211.688	1.744492	0.8422803	1.361866
450	-1007.642	-1218.941	211.2987	1.993456	0.9418754	1.386894
456	-1016.641	-1227.442	210.8005	1.903869	1.389333	1.528541
462	-1025.711	-1236.852	211.1415	2.560937	1.274662	0.6414441
468	-1025.802	-1237.509	211.707	2.229662	0.9671026	0.732182
474	-1021.118	-1231.274	210.1556	1.483972	1.088444	2.418767
480	-1016.06	-1226.566	210.5062	1.514666	0.7352611	2.418767
486	-1022.421	-1233.454	211.0335	1.677974	0.3898541	2.320366
492	-1032.735	-1243.913	211.1778	1.561445	0.6070779	2.06716
498	-1035.961	-1246.504	210.5427	1.361802	0.9228485	2.355593
504	-1025.116	-1235.849	210.7325	1.325222	0.8827004	2.285555
510	-1017.73	-1228.41	210.6806	1.575919	0.8827004	2.157285
516	-1027.359	-1238.72	211.3616	2.055826	0.4192245	1.817072
522	-1012.633	-1224.045	211.4122	1.898003	0.9852933	1.337342
528	-1017.602	-1229.071	211.4686	1.767221	0.9614618	1.41487
534	-1011.819	-1223.241	211.4221	1.808993	0.7583508	1.589344
540	-1019.519	-1231.464	211.9452	1.784729	0.6604656	1.304218
546	-1001.146	-1212.832	211.6867	1.821327	0.6604656	1.477556
552	-1020.235	-1231.727	211.4919	1.794214	0.7317235	1.573314
558	-1028.394	-1240.297	211.9032	1.806771	0.6919666	1.286254
564	-1031.583	-1243.524	211.9403	1.810551	0.5116343	1.460774
570	-1018.303	-1229.557	211.2535	2.015123	1.138673	1.251676
576	-1009.61	-1221.241	211.6308	2.056771	1.032866	0.9585598
582	-1034.32	-1245.524	211.2036	2.197123	1.081059	1.184771
588	-1022.41	-1233.696	211.287	2.209832	1.081059	1.099304
594	-1016.856	-1228.255	211.3986	2.185957	1.279839	0.8226266
600	-1025.76	-1237.065	211.305	2.272522	1.279839	0.8316196
606	-1013.966	-1225.957	211.9906	2.045794	0.7802444	0.8750228
612	-1046.755	-1258.96	212.205	2.051624	0.612084	0.8750228
618	-1023.395	-1235.278	211.8823	2.243137	0.7530703	0.8059041
624	-1014.53	-1226.57	212.0399	2.243829	0.6730818	0.7256295
630	-1016.998	-1228.863	211.8648	2.213911	0.7976473	0.7964204
636	-1025.22	-1236.9	211.6805	2.041225	0.8896037	1.070646
642	-1016.033	-1227.649	211.6157	2.06639	0.8896037	1.107216
648	-1030.795	-1242.578	211.7832	2.076071	0.8391758	0.9916703
654	-1017.813	-1229.527	211.7141	2.076071	0.8188612	1.081037
660	-1014.728	-1226.248	211.52	2.112147	0.7725511	1.266728
666	-1015.896	-1226.445	210.5482	1.799738	0.4642348	2.463422
672	-1012.767	-1223.747	210.9807	1.618772	0.7433228	2.039049
678	-998.5268	-1209.247	210.72	1.599909	0.6374103	2.311109
684	-1008.728	-1220.225	211.4976	1.599853	0.4994547	1.939133
690	-1010.118	-1220.742	210.6234	1.661455	0.5519978	2.412733
696	-1014.534	-1225.029	210.4956	1.713968	0.4557268	2.559086
702	-1014.144	-1225.406	211.2614	1.395855	0.4030275	2.338647
708	-1020.099	-1231.125	211.0259	1.525362	0.5176993	2.277776
714	-1025.374	-1236.491	211.1168	1.842403	0.8695706	1.691654
720	-1019.895	-1230.778	210.8835	1.793422	0.3553768	2.386608
726	-1033.719	-1243.67	209.9513	2.031425	0.2923731	2.901261
732	-1028.781	-1239.968	211.1869	2.062873	0.6042194	1.722862
738	-1032.18	-1243.988	211.8075	2.189815	0.4812486	1.307274
744	-1025.525	-1237.078	211.5527	2.189815	0.4812486	1.505139
750	-1029.287	-1240.72	211.4326	2.118101	0.6038171	1.505139
756	-1024.702	-1236.214	211.5122	2.348943	0.441209	1.468601
762	-1034.172	-1245.695	211.5234	2.328139	0.446527	1.468601
768	-1031.626	-1243.681	212.0552	2.207495	0.308424	1.366001
774	-1039.544	-1250.949	211.4043	2.01614	0.4760405	1.744378
780	-1022.032	-1233.019	210.9872	2.007359	0.5838335	1.919419
786	-1022.521	-1234.092	211.5714	2.020339	0.340338	1.805602
792	-1030.319	-1241.721	211.4013	2.011785	0.4305598	1.805602
798	-1038.827	-1250.945	212.1182	2.339774	0.313649	1.195903
804	-1041.414	-1253.33	211.9155	2.073188	0.3200233	1.55452
810	-1028.402	-1239.688	211.2861	2.065888	0.2925644	2.040441
816	-1037.62	-1249.648	212.0276	1.946392	0.2925644	1.611369
822	-1041.373	-1253.188	211.8148	2.159916	0.2925644	1.610852
828	-1046.411	-1258.045	211.6345	2.117552	0.4730326	1.508523
834	-1021.879	-1233.584	211.7047	2.17052	0.3721685	1.556448
840	-1035.324	-1246.496	211.1722	2.048873	0.4157468	1.955125
846	-1031.566	-1242.97	211.4033	1.765841	0.3451826	2.08325
852	-1018.866	-1231.031	212.165	2.07867	0.3029877	1.390707
858	-1024.637	-1236.63	211.9929	1.950481	0.2734312	1.666716
864	-1021.534	-1233.764	212.2305	2.045089	0.4492796	1.11751
870	-1014.728	-1226.635	211.9068	2.161759	0.5452376	1.15988
876	-1019.053	-1230.945	211.8915	2.234531	0.7445958	0.8187442
882	-1030.758	-1241.876	211.1179	1.940718	0.4186797	2.059634
888	-1023.618	-1234.745	211.1275	1.781574	0.5040625	2.059634
894	-1017.049	-1228.177	211.1281	1.874238	0.5104958	1.99071
900	-1014.268	-1225.27	211.0026	1.712169	0.3828903	2.327062
906	-1005.754	-1217.691	211.9375	1.958573	0.6411557	1.187472
912	-1006.328	-1217.905	211.5773	1.760915	0.482343	1.794219
918	-1008.001	-1216.505	208.5042	1.32076	0.312564	4.133781
924	-1010.159	-1221.302	211.1427	1.969939	0.6476819	1.775973
930	-1011.311	-1222.445	211.1333	2.010667	0.4905726	1.917664
936	-1018.129	-1229.753	211.6245	1.967379	0.695599	1.376988
942	-1022.066	-1234.061	211.9947	2.371912	0.2805258	1.335708
948	-1045.146	-1257.277	212.1305	2.377627	0.2805258	1.219435
954	-1030.611	-1242.614	212.0033	2.308868	0.3687834	1.219435
960	-1024.639	-1236.541	211.9021	2.181054	0.3687834	1.404633
966	-1021.071	-1232.695	211.6238	2.09234	0.390682	1.645344
972	-1010.765	-1222.619	211.8536	1.965027	0.4646042	1.469359
978	-1036.011	-1247.043	211.0311	1.909904	0.417065	2.138835
984	-1017.047	-1228.564	211.5168	2.083296	0.3212465	1.828614
990	-1010.263	-1221.432	211.1687	2.228222	0.8915358	1.34666
996	-1019.617	-1231.377	211.7604	1.755376	0.4167511	1.751932
1002	-1010.685	-1221.019	210.3341	1.89942	0.5734977	2.424455
1008	-1017.741	-1228.237	210.4961	1.670788	0.6191087	2.424455
1014	-1021.784	-1232.942	211.1577	1.705046	0.6191087	1.973663
1020	-1007.248	-1218.628	211.3802	1.948563	0.5403796	1.734879
1026	-1015.321	-1226.224	210.9034	1.741192	0.5306507	2.204381
1032	-1035.708	-1247.158	211.4498	2.131787	0.4327313	1.684677
1038	-1030.194	-1241.533	211.3385	1.958898	0.6085981	1.684677
1044	-1018.954	-1229.51	210.5558	1.645672	0.622012	2.400062
1050	-1020.204	-1230.652	210.4478	1.590871	0.8636543	2.311248
1056	-1018.171	-1228.152	209.9813	1.582412	0.9534062	2.549568
1062	-1018.662	-1228.75	210.088	1.604733	0.5383264	2.792476
1068	-1013.279	-1222.997	209.7176	1.610277	0.6271852	2.933544
1074	-1010.409	-1221.279	210.8701	1.644324	0.5904302	2.229475
1080	-1022.078	-1233.779	211.7009	2.045544	0.6110639	1.346301
1086	-1019.647	-1231.376	211.7285	1.848172	0.3621386	1.784284
1092	-1020.013	-1230.961	210.9477	1.832553	0.4464627	2.208226
1098	-1031.07	-1242.874	211.804	2.168372	0.3086708	1.585326
1104	-1031.65	-1243.428	211.7787	1.722158	0.4341622	1.739842
1110	-1021.921	-1233.159	211.2382	1.783244	0.7137604	1.778358
1116	-1020.018	-1231.939	211.9209	2.001862	0.3046656	1.628011
1122	-1023.087	-1235.134	212.0467	2.091408	0.4896779	1.177486
1128	-1024.36	-1236.308	211.9475	1.889074	0.5326413	1.368452
1134	-1022.882	-1234.61	211.7276	1.964683	0.4845803	1.538375
1140	-1018.679	-1230.432	211.7529	2.058254	0.4845803	1.448994
1146	-1024.069	-1235.912	211.8425	2.036375	0.5171456	1.354538
1152	-1028.954	-1240.4	211.4468	2.049053	0.5680484	1.584837
1158	-1039.919	-1250.91	210.9913	1.894469	0.5367728	2.040265
1164	-1029.503	-1240.897	211.3943	1.771989	0.4281562	1.976376
1170	-1033.622	-1244.572	210.9508	1.774856	0.4956984	2.18866
1176	-1028.04	-1239.327	211.287	1.877571	0.2764326	2.18866
1182	-1022.768	-1234.834	212.0658	2.142082	0.3643601	1.31307
1188	-1008.051	-1219.762	211.711	2.291611	0.562712	1.193814
1194	-1012.854	-1224.589	211.7348	2.011233	0.4806604	1.503253
1200	-1021.729	-1233.766	212.0373	1.990265	0.2809969	1.592596
1206	-1037.856	-1249.701	211.8448	1.99572	0.3649832	1.592596
1212	-1030.72	-1242.386	211.6659	2.05581	0.4909596	1.508461
1218	-1043.233	-1254.671	211.4377	1.923327	0.5263331	1.727794
1224	-1026.785	-1238.44	211.6541	1.949774	0.4406546	1.658506
1230	-1014.211	-1225.614	211.4031	1.875945	0.5986081	1.708001
1236	-1004.729	-1216.323	211.5936	1.847006	0.5714642	1.621184
1242	-1009.724	-1221.251	211.5264	1.884151	0.5714642	1.642912
1248	-1024.015	-1235.39	211.3747	1.774534	0.5976887	1.799701
1254	-1032.7	-1244.053	211.3533	1.797582	0.8671979	1.554957
1260	-1022.946	-1233.89	210.9437	1.909656	0.6138954	1.9849
1266	-1017.578	-1228.566	210.9884	1.758488	0.6767108	1.998123
1272	-1028.717	-1240.327	211.6095	2.066883	0.3537716	1.726737
1278	-1027.475	-1238.441	210.9661	2.073291	0.5803841	1.892543
1284	-1026.097	-1237.269	211.172	2.021776	0.4829987	1.892543
1290	-1014.395	-1225.825	211.4301	1.914534	0.3994547	1.892543
1296	-1003.938	-1215.297	211.3588	2.095143	0.3454812	1.892543
1302	-1015.469	-1226.749	211.2796	2.119095	0.4570597	1.782553
1308	-1016.32	-1226.395	210.0751	1.647708	0.6135319	2.705251
1314	-1013.339	-1223.362	210.023	1.699781	0.6135319	2.705251
1320	-1004.205	-1215.602	211.3967	1.964874	0.4552334	1.810508
1326	-1010.567	-1222.086	211.5192	1.929344	0.4077542	1.810508
1332	-1019.42	-1230.905	211.4851	1.88919	0.4242317	1.840362
1338	-1019.578	-1231.097	211.5188	2.137109	0.3588063	1.733752
1344	-1024.25	-1236.411	212.1607	2.091151	0.3555293	1.292196
1350	-1016.431	-1228.215	211.7838	2.119135	0.5510407	1.292196
1356	-1028.12	-1240.127	212.0076	1.888886	0.328897	1.607579
1362	-1019.345	-1230.711	211.366	2.034863	0.588406	1.631696
1368	-1029.217	-1240.636	211.4182	1.965058	0.5248305	1.713855
1374	-1008.798	-1220.512	211.7136	1.963107	0.5075985	1.521485
1380	-1010.652	-1222.018	211.3665	2.126594	0.445332	1.731131
1386	-1036.236	-1246.968	210.7321	1.761645	0.5121162	2.320339
1392	-1015.998	-1227.326	211.3284	1.959188	0.5446891	1.759022
1398	-998.676	-1209.987	211.311	1.720939	0.5518026	1.926917
1404	-1014.118	-1225.789	211.671	1.951061	0.5362482	1.527976
1410	-1011.405	-1222.679	211.2736	1.858409	0.706065	1.707766
1416	-1014.415	-1225.576	211.1614	2.127895	0.5395745	1.763399
1422	-1014.243	-1225.658	211.4147	2.062734	0.8143726	1.351701
1428	-1022.497	-1234.037	211.5405	2.12759	0.8263623	1.182684
1434	-1022.936	-1234.869	211.9327	2.104012	0.6372924	1.065854
1440	-1019.014	-1230.296	211.2826	2.017751	0.7615878	1.535506
1446	-1026.241	-1238.066	211.8256	2.052947	0.5860636	1.268847
1452	-1018.939	-1229.865	210.9263	2.026662	1.170896	1.478228
1458	-1017.013	-1227.719	210.7062	2.032424	1.569942	1.400645
1464	-1025.758	-1236.121	210.3628	2.272439	1.834374	1.343319
1470	-1025.319	-1236.842	211.5227	2.272439	0.7005201	1.205718
1476	-1026.701	-1238.211	211.5096	2.283194	0.9336908	0.9535431
1482	-1030.049	-1241.493	211.4441	2.302668	1.171001	0.725148
1488	-1020.36	-1231.95	211.5907	2.342725	0.9045161	0.8284771
1494	-1012.843	-1224.539	211.6962	2.232936	0.9215849	0.8105302
1500	-1020.258	-1231.836	211.5781	2.340369	0.9215849	0.8242214
1506	-1043.63	-1255.729	212.099	2.186142	0.5611198	0.9276581
1512	-1027.395	-1239.671	212.2764	2.21866	0.4800226	0.8358101
1518	-1019.318	-1231.243	211.9255	2.197276	0.6991338	0.8922814
1524	-1020.365	-1232.405	212.0398	2.111996	0.7464026	0.7814387
1530	-1030.823	-1242.408	211.5854	2.232967	0.9718844	0.8819215
1536	-1024.465	-1235.701	211.2361	2.526057	1.166322	0.7065271
1542	-1031.778	-1243.585	211.806	2.25364	0.866555	0.7065271
1548	-1034.823	-1246.594	211.7707	2.185902	0.8882038	0.8215419
1554	-1018.416	-1229.787	211.3707	2.216062	1.029938	1.06131
1560	-1039.304	-1251.509	212.2056	2.176128	0.5020169	0.9245096
1566	-1030.441	-1241.846	211.4048	2.296231	0.5267207	1.480114
1572	-1029.17	-1240.9	211.7301	2.018578	0.5219376	1.449796
1578	-1027.521	-1238.85	211.3289	2.171644	0.3101365	1.913656
1584	-1029.116	-1240.003	210.8873	1.738066	0.3101365	2.481069
1590	-1017.677	-1228.677	211	2.041043	0.438222	2.04749
1596	-1010.816	-1222.315	211.4986	1.849247	0.244419	2.122479
1602	-1021.275	-1231.981	210.7057	1.954117	0.3353368	2.42428
1608	-1023.288	-1234.742	211.4539	1.993153	0.2942623	1.974435
1614	-1026.139	-1237.362	211.2221	1.821281	0.3767728	2.122948
1620	-1016.316	-1227.507	211.1917	1.640672	0.4340269	2.189069
1626	-1020.744	-1231.848	211.1042	1.728175	0.4340269	2.189069
1632	-1018.093	-1229.108	211.0152	1.795223	0.4340269	2.20328
1638	-1032.488	-1243.911	211.4224	1.926441	0.4340269	1.845472
1644	-1053.462	-1265.021	211.5584	1.863391	0.5930087	1.611655
1650	-1031.009	-1242.27	211.2612	1.74853	0.5622456	1.931064
1656	-1023.383	-1234.658	211.2755	1.981488	0.4854356	1.846596
1662	-1007.45	-1217.944	210.4938	1.78901	0.7748626	2.220707
1668	-1011.776	-1222.838	211.0623	1.927231	0.5106565	1.999135
1674	-1013.32	-1223.564	210.2446	1.598515	0.5886559	2.653543
1680	-1024.731	-1234.523	209.792	1.746067	0.7562654	2.702588
1686	-1032.162	-1243.608	211.4468	1.869617	0.4045712	1.905085
1692	-1030.959	-1242.083	211.1235	1.893234	0.553902	1.934999
1698	-1034.753	-1246.155	211.4017	1.751475	0.481613	1.921652
1704	-1026.063	-1236.827	210.7648	1.852872	0.6535148	2.104277
1710	-1015.214	-1226.955	211.7406	2.048617	0.3393899	1.668354
1716	-1014.243	-1225.13	210.8867	1.700364	0.6029256	2.170719
1722	-1015.578	-1227.248	211.6695	1.795402	0.5877512	1.585932
1728	-1024.737	-1236.324	211.5875	1.877403	0.5877512	1.585932
1734	-1005.693	-1217.119	211.4264	1.798331	0.5261631	1.822893
1740	-1019.308	-1230.979	211.6707	1.895493	0.6396038	1.455176
1746	-1018.449	-1229.646	211.1967	1.970832	0.6396038	1.745432
1752	-1030.084	-1241.259	211.1747	1.789906	0.46253	2.069434
1758	-1026.333	-1237.032	210.6992	1.912299	0.5010753	2.256522
1764	-1023.032	-1234.276	211.2445	1.918545	0.5796708	1.808538
1770	-1018.194	-1229.35	211.156	1.810723	0.5361274	1.987085
1776	-1018.744	-1229.631	210.8866	1.84731	0.6223178	2.056316
1782	-1005.404	-1217.192	211.7876	1.895686	0.4375526	1.605327
1788	-1012.141	-1223.662	211.5205	1.798615	0.4698582	1.822183
1794	-1011.372	-1222.657	211.2858	1.633261	0.4202362	2.149258
1800	-1015.592	-1226.388	210.7961	1.618195	0.5461434	2.336478
1806	-1025.833	-1236.586	210.7531	1.672994	0.3655241	2.530843
1812	-1022.037	-1232.847	210.8101	1.672994	0.312966	2.565816
1818	-1019.208	-1229.935	210.7266	1.65689	0.3748286	2.545613
1824	-1014.764	-1225.38	210.6151	1.570182	0.4428283	2.5884
1830	-1025.897	-1237.012	211.1152	1.6867	0.444881	2.196081
1836	-1013.409	-1222.977	209.5675	1.512019	0.4675663	3.230212
1842	-1007.979	-1219.396	211.4165	2.048261	0.6858309	1.484568
1848	-1021.664	-1232.945	211.2807	2.539764	0.9957108	0.8509506
1854	-1031.974	-1241.923	209.9492	2.106555	1.397608	1.97867
1860	-1012.574	-1224.708	212.1332	1.983253	0.5588602	1.09806
1866	-1018.411	-1229.801	211.3901	1.991144	0.9864067	1.278937
1872	-1019.145	-1230.973	211.8285	1.991144	0.4795651	1.449066
1878	-1011.222	-1223.192	211.97	1.91858	0.5238056	1.338297
1884	-1003.126	-1214.191	211.0653	1.790424	0.5700166	2.026268
1890	-1009.514	-1220.632	211.1173	1.851008	0.3966376	2.146378
1896	-1011.63	-1222.509	210.8794	1.671615	0.3846136	2.42859
1902	-1011.746	-1221.373	209.6276	1.443283	0.4044465	3.303118
1908	-1016.663	-1227.128	210.4656	1.683572	0.2769231	2.822978
1914	-1012.449	-1223.283	210.8338	1.703157	0.736275	2.08613
1920	-1020.048	-1230.906	210.8583	1.646013	0.6696624	2.16397
1926	-1010.653	-1221.996	211.3434	1.796917	0.6678476	1.737446
1932	-1005.37	-1217.209	211.8393	1.890314	0.6255137	1.343292
1938	-1006.21	-1217.324	211.1136	1.815422	1.091766	1.549977
1944	-1006.736	-1218.07	211.3334	1.649751	0.3700296	2.17105
1950	-1006.095	-1217.483	211.3885	1.666907	0.7107007	1.757422
1956	-1010.878	-1220.91	210.0325	1.554559	0.5093671	2.88479
1962	-1010.204	-1220.969	210.765	1.618419	0.4361876	2.472437
1968	-1006.845	-1217.689	210.8441	1.443214	0.491302	2.472437
1974	-1008.808	-1220.437	211.6283	2.048025	0.7795514	1.222797
1980	-1024.925	-1236.537	211.6116	1.927514	0.8422367	1.276066
1986	-1034.269	-1245.738	211.4687	1.674046	0.5898151	1.812179
1992	-1021.996	-1233.681	211.6856	1.656766	0.4553368	1.823643
1998	-1027.007	-1237.4	210.3928	1.641094	0.5186791	2.602255
2004	-1021.613	-1232.617	211.0044	1.635492	0.6600791	2.083771
2010	-1051.227	-1263.06	211.8326	1.896868	0.3267209	1.73021
2016	-1042.322	-1254.028	211.7055	1.754021	0.3323715	1.907861
2022	-1035.351	-1247.389	212.0386	1.814877	0.3918841	1.543617
2028	-1039.228	-1251.062	211.8342	2.002196	0.510053	1.396988
2034	-1025.706	-1236.818	211.1122	1.647774	0.4908148	2.171652
2040	-1029.438	-1240.262	210.8245	1.569259	0.4309317	2.471965
2046	-1020.619	-1231.179	210.5598	1.539284	0.4066508	2.682954
2052	-1017.905	-1228	210.0946	1.733376	0.5476473	2.700947
2058	-1015.057	-1226.751	211.6934	1.95599	0.6782435	1.349645
2064	-1018.898	-1230.611	211.7135	1.927927	0.6433781	1.393181
2070	-1014.152	-1225.344	211.1919	1.749966	0.8119112	1.750118
2076	-1039.246	-1250.828	211.5822	1.783846	0.4216642	1.849235
2082	-1031.579	-1241.968	210.3893	1.612025	0.6480608	2.502908
2088	-1046.085	-1257.305	211.2203	1.695414	0.4342878	2.134511
2094	-1048.661	-1260.446	211.7847	1.854397	0.6166704	1.424029
2100	-1035.714	-1247.114	211.4003	1.678202	0.5750943	1.871232
2106	-1022.24	-1232.313	210.0729	1.544443	1.04824	2.456787
2112	-1020.496	-1231.392	210.8964	1.431621	0.4902872	2.447944
2118	-1026.505	-1237.878	211.3728	1.585906	0.3269416	2.245777
2124	-1023.398	-1234.652	211.2533	1.686755	0.7682999	1.78758
2130	-1031.829	-1242.842	211.0137	1.847346	0.6808854	1.917716
2136	-1010.449	-1221.261	210.8119	1.712916	0.5357238	2.276328
2142	-1028.546	-1238.416	209.87	1.905888	1.006198	2.382862
2148	-1024.009	-1234.096	210.0869	2.021305	1.01756	2.162553
2154	-1017.97	-1229.645	211.6751	2.064694	0.6066866	1.356547
2160	-1027.107	-1237.605	210.4981	1.998695	0.7329601	2.115169
2166	-1031.088	-1241.823	210.735	1.799958	0.7546479	2.07238
2172	-1017.697	-1227.889	210.1921	1.704962	1.001745	2.308639
2178	-1020.698	-1230.94	210.2415	1.49704	0.5849872	2.721107
2184	-1024.622	-1235.014	210.392	1.643933	0.5940705	2.529104
2190	-1025.134	-1236.768	211.634	1.682767	0.3792456	1.938281
2196	-1028.623	-1239.436	210.813	1.909618	0.6929457	1.999973
2202	-1025.631	-1236.593	210.9619	1.70901	0.3972767	2.337001
2208	-1019.419	-1229.265	209.8457	1.608376	0.3220777	3.176903
2214	-1029.796	-1240.156	210.3602	1.660946	0.3589466	2.788605
2220	-1028.3	-1237.461	209.1612	1.635235	0.5582368	3.310254
2226	-1040.137	-1251.085	210.948	1.632082	0.5354467	2.241135
2232	-1015.607	-1226.027	210.4193	1.632179	0.3257816	2.813304
2238	-1005.959	-1215.96	210.0012	1.692825	0.5160596	2.813304
2244	-1012.114	-1223.752	211.6373	1.895601	0.6687939	1.45014
2250	-1029.152	-1241.072	211.92	1.879267	0.3581072	1.632779
2256	-1042.97	-1254.182	211.2113	1.605649	0.6998943	1.930625
2262	-1024.775	-1236.545	211.7698	1.921164	0.4967667	1.524203
2268	-1040.55	-1251.491	210.9413	1.696181	0.5480908	2.191287
2274	-1027.004	-1238.499	211.495	1.88131	0.4703432	1.782013
2280	-1012.729	-1224.244	211.5152	1.900753	0.722596	1.485494
2286	-1005.904	-1217.342	211.4387	1.716443	0.7167158	1.681643
2292	-1020.078	-1231.548	211.4698	1.968052	0.3857977	1.847108
2298	-1023.404	-1234.497	211.094	2.001507	0.5535027	1.882025
2304	-1025.31	-1236.777	211.4673	2.043187	0.5535027	1.59033
2310	-1040.974	-1252.848	211.8743	1.918331	0.6482209	1.266597
2316	-1019.206	-1230.691	211.4853	1.997314	0.9943914	1.186913
2322	-1024.957	-1235.991	211.0339	1.838466	0.55214	2.033275
2328	-1023.032	-1233.668	210.6358	1.816682	0.6882173	2.18161
2334	-1025.206	-1235.818	210.6126	1.765443	1.034395	1.973691
2340	-1025.07	-1236.614	211.5444	2.06422	0.4512668	1.641509
2346	-1046.081	-1257.915	211.8343	2.377264	0.4885811	1.113977
2352	-1042.353	-1253.236	210.8837	2.536779	1.670583	0.6059649
2358	-1029.728	-1240.197	210.4695	2.856867	1.830027	0.4325951
2364	-1026.059	-1237.448	211.3886	2.725617	0.8690666	0.4325951
2370	-1026.392	-1237.377	210.9851	2.770991	1.214327	0.3851223
2376	-1020.525	-1231.563	211.0376	2.770991	1.18849	0.4748034
2382	-1016.673	-1227.682	211.009	2.654672	1.363545	0.4840422
2388	-1025.25	-1235.954	210.7045	2.740308	1.655698	0.5541618
2394	-1025.14	-1235.886	210.7467	2.772841	1.55543	0.5176331
2400	-1028.308	-1238.455	210.1469	2.596793	2.557015	0.8786993
2406	-1009.919	-1220.817	210.8972	2.506238	1.654614	0.6705748
2412	-1027.009	-1237.976	210.9664	2.436977	1.654614	0.6705748
2418	-1024.098	-1234.719	210.6218	2.500656	2.109698	0.6705748
2424	-1004.05	-1214.572	210.5225	2.673347	2.062386	0.5234533
2430	-1010.289	-1221.054	210.7645	2.691574	1.645658	0.5234533
2436	-994.7389	-1205.625	210.8861	2.747756	1.400852	0.4764661
2442	-1001.873	-1213.352	211.4794	2.478581	1.023074	0.5537866
2448	-1021.562	-1233.027	211.4647	2.49004	1.023074	0.5687482
2454	-1018.881	-1230.136	211.2546	2.528541	1.209249	0.5687482
2460	-1018.627	-1230.094	211.467	2.761189	0.7657057	0.4154104
2466	-1018.253	-1229.777	211.5233	2.540133	0.9138908	0.4268638
2472	-1018.904	-1230.786	211.8817	2.291035	0.8029983	0.6251338
2478	-1032.154	-1244.015	211.8618	2.291035	0.8029983	0.6690614
2484	-1026.641	-1238.024	211.3828	2.467764	1.087204	0.6776666
2490	-1023.303	-1235.465	212.1615	2.003521	0.5310771	1.093085
2496	-1030.264	-1241.453	211.1892	1.867197	0.401847	2.082081
2502	-1009.293	-1220.475	211.1815	1.776851	0.4166578	2.127961
2508	-1021.885	-1232.604	210.7182	1.658818	0.6694195	2.246533
2514	-1024.197	-1235.37	211.1735	2.493974	1.335279	0.6045673
2520	-1019.646	-1230.874	211.2285	2.407543	1.168105	0.8767154
2526	-1017.572	-1229.428	211.8564	2.407543	0.7466094	0.5452506
2532	-1019.714	-1230.777	211.0638	2.410992	1.380628	0.8579697
2538	-1014.65	-1225.79	211.1404	2.413847	1.473318	0.6221794
2544	-1027.516	-1238.671	211.1551	2.518665	1.278434	0.6925111
2550	-1032.332	-1243.979	211.6468	2.347844	0.8987262	0.7537187
2556	-1013.608	-1225.581	211.9733	2.089153	0.6117082	1.075622
2562	-1013.596	-1225.321	211.7247	1.860931	0.5533752	1.535195
2568	-1005.301	-1217.205	211.9039	1.861593	0.5282666	1.429135
2574	-1005.711	-1216.741	211.0307	1.730066	0.4126166	2.260823
2580	-996.9074	-1206.938	210.0306	1.578419	0.5954247	2.790824
2586	-999.7767	-1210.026	210.2498	1.64821	0.5438435	2.661519
2592	-1010.774	-1221.175	210.4011	1.801528	0.49707	2.51942
2598	-1021.398	-1232.046	210.6483	1.831336	0.4464295	2.40028
2604	-1012.602	-1222.918	210.3158	1.981052	0.6643249	2.302284
2610	-1022.829	-1233.38	210.5509	1.981052	0.742076	2.084664
2616	-1021.619	-1233.521	211.9016	2.066128	0.7436754	0.9968648
2622	-1008.681	-1220.514	211.8327	2.162127	0.8413857	0.8391186
2628	-1011.447	-1223.509	212.0615	2.046375	0.7322351	0.8603079
2634	-1023.325	-1235.085	211.76	2.251279	0.8756479	0.7662907
2640	-1010.027	-1221.428	211.4014	2.119654	1.0192	1.131375
2646	-1012.839	-1224.543	211.7034	2.135945	0.7850095	1.072361
2652	-1006.182	-1217.223	211.0409	2.03172	1.230745	1.345184
2658	-996.2565	-1207.719	211.4629	1.948418	1.070422	1.184308
2664	-1002.229	-1213.849	211.6198	1.869016	0.7321738	1.420707
2670	-1010.831	-1222.879	212.0478	1.788427	0.6806998	1.192821
2676	-1011.802	-1223.844	212.0426	1.8028	0.3312305	1.640791
2682	-1020.335	-1231.724	211.3895	1.780857	0.4647262	1.929665
2688	-1017.81	-1228.347	210.5371	1.996625	0.6361243	2.174693
2694	-1009.818	-1221.455	211.6366	1.975468	0.4801216	1.602748
2700	-1021.428	-1232.56	211.1318	1.66743	0.4801216	2.157862
2706	-1037.901	-1248.86	210.9591	1.704194	0.5648178	2.157862
2712	-1028.636	-1239.936	211.3001	1.880655	0.6156707	1.759748
2718	-1019.568	-1231.76	212.1924	1.898783	0.3940398	1.358939
2724	-1020.898	-1232.313	211.4148	1.946622	0.5978156	1.650128
2730	-1029.723	-1241.211	211.4879	1.955991	0.8768084	1.322009
2736	-1038.595	-1249.446	210.8511	1.890163	0.9584996	1.777854
2742	-1028.808	-1239.894	211.0865	1.883456	0.4884533	2.036523
2748	-1021.783	-1232.724	210.9414	1.702832	0.520097	2.215495
2754	-1021.797	-1233.147	211.3502	1.862565	0.4891782	1.872568
2760	-1034.326	-1245.092	210.766	1.788084	0.6696315	2.131561
2766	-1020.4	-1231.693	211.2925	1.761142	0.6572759	1.807742
2772	-1012.523	-1223.991	211.4688	1.683235	0.4228441	1.99244
2778	-1021.791	-1232.363	210.5724	1.640345	0.5026283	2.507364
2784	-1022.448	-1233.649	211.2014	1.754984	0.6213922	1.908429
2790	-1019.083	-1229.884	210.801	1.566444	0.5235167	2.388798
2796	-1019.541	-1230.386	210.8453	1.760032	0.5845421	2.176312
2802	-1037.339	-1247.87	210.5303	1.847317	0.7533483	2.176312
2808	-1022.402	-1233.603	211.2018	1.857899	0.3958235	2.087611
2814	-1023.218	-1235.417	212.1987	2.156518	0.4034537	1.122012
2820	-1011.392	-1223.149	211.7573	1.938965	0.6302083	1.364519
2826	-1003.514	-1214.956	211.4422	1.872967	0.5999388	1.681006
2832	-1011.473	-1222.97	211.4976	1.973009	0.5999388	1.568655
2838	-1024.321	-1235.38	211.0589	1.852537	0.6050789	1.954469
2844	-1024.727	-1235.345	210.6183	1.893423	0.8063911	2.046678
2850	-1020.867	-1231.731	210.8638	1.954413	0.4384719	2.193018
2856	-1007.362	-1218.315	210.9532	1.883016	0.4747855	2.139738
2862	-1010.643	-1222.152	211.5093	1.945278	0.4146838	1.797293
2868	-1023.596	-1234.16	210.5639	2.045689	0.7070882	2.062734
2874	-1020.984	-1231.662	210.6771	2.034089	0.7961888	1.921337
2880	-1012.91	-1223.407	210.4979	1.934748	0.9914017	1.965637
2886	-1004.303	-1215.347	211.0433	1.97989	0.6090514	1.875001
2892	-1010.865	-1222.161	211.2957	2.093111	0.6090514	1.618682
2898	-1021.775	-1233.486	211.711	1.861271	0.6090514	1.483263
2904	-1009.741	-1221.284	211.5426	1.968118	0.585666	1.554583
2910	-1017.963	-1228.293	210.3306	1.845078	0.6712311	2.373417
2916	-1009.274	-1219.834	210.5597	1.67994	0.6247627	2.373417
2922	-1015.81	-1227.194	211.3841	2.116887	0.6674612	1.475719
2928	-1014.876	-1226.177	211.3013	2.014555	0.7709409	1.515533
2934	-1013.594	-1223.989	210.3952	1.673025	0.7332579	2.390448
2940	-1009.77	-1220.949	211.179	1.7984	0.6360078	1.880146
2946	-1019.308	-1230.863	211.5547	2.025166	0.5944166	1.493506
2952	-1011.89	-1223.553	211.6626	1.940934	0.3905021	1.725643
2958	-1006.224	-1216.824	210.6009	1.725776	0.6024758	2.338451
2964	-1006.802	-1217.59	210.7881	1.600696	0.3574168	2.56447
2970	-1012.813	-1222.635	209.8227	1.472866	0.7101972	2.885584
2976	-1030.098	-1240.308	210.2102	1.745218	0.7073213	2.482213
2982	-1018.946	-1230.407	211.4609	1.884613	0.4334051	1.848531
2988	-1019.371	-1230.376	211.0047	1.557972	0.559388	2.228386
2994	-1007.636	-1218.797	211.1609	1.67769	0.4631321	2.151332
3000	-1035.923	-1245.154	209.2315	1.440669	0.7918787	3.198204
3006	-1039.586	-1249.331	209.7446	1.632651	0.9438578	2.670978
3012	-1018.843	-1227.515	208.6713	1.295886	0.649807	3.716454
3018	-1029.057	-1238.804	209.7465	1.474135	0.649807	2.979122
3024	-1022.525	-1233.484	210.959	1.501268	0.6382519	2.220334
3030	-1025.045	-1235.407	210.3625	1.475669	0.4495427	2.794249
3036	-1027.409	-1238.656	211.2471	1.745252	0.6240742	1.881437
3042	-1003.623	-1214.656	211.0328	1.793233	0.6257705	1.991917
3048	-1016.555	-1227.548	210.9921	1.704617	0.5105792	2.191514
3054	-1041.022	-1250.719	209.6968	1.506423	0.3865897	3.245484
3060	-1026.677	-1236.807	210.1298	1.708224	0.5281459	2.713567
3066	-1031.316	-1241.817	210.5006	1.894941	0.3654516	2.549982
3072	-1026.857	-1237.728	210.8706	1.537251	0.5268617	2.359817
3078	-1010.283	-1221.22	210.9368	1.598095	0.6242317	2.1848
3084	-1011.528	-1223.086	211.5584	1.706572	0.6476567	1.668662
3090	-1020.115	-1231.695	211.5802	1.962812	0.7280684	1.382588
3096	-1024.085	-1235.788	211.7038	2.284203	0.882195	0.7888248
3102	-1032.662	-1244.346	211.6836	2.304316	0.882195	0.7888248
3108	-1016.555	-1227.635	211.0803	2.533952	1.37676	0.6539817
3114	-1015.119	-1226.328	211.2094	2.312544	1.404741	0.77256
3120	-1022.344	-1233.092	210.7482	2.214279	2.009875	0.9570644
3126	-1026.622	-1238.118	211.4955	2.042476	1.196501	0.9570644
3132	-1010.165	-1222.026	211.8613	2.114711	0.8311711	0.8756138
3138	-1020.845	-1232.382	211.5373	2.114711	1.028088	0.9996299
3144	-1031.158	-1242.208	211.0494	2.117921	1.285467	1.230125
3150	-1019.849	-1231.066	211.2171	2.028875	1.197348	1.226887
3156	-1020.413	-1231.907	211.4941	1.951157	0.3507953	1.890803
3162	-1021.237	-1232.925	211.6879	1.955534	0.6619408	1.371684
3168	-1029.004	-1240.687	211.6827	1.867289	0.4134755	1.732275
3174	-1008.629	-1219.94	211.3109	1.990444	0.9866377	1.343363
3180	-1017.872	-1229.417	211.5443	2.015258	0.4859336	1.63361
3186	-1014.785	-1225.861	211.0757	2.051263	0.4082867	2.027319
3192	-1031.664	-1242.349	210.6853	1.760529	0.2862505	2.627464
3198	-1033.596	-1245.083	211.4872	1.863899	0.3521918	1.952423
3204	-1016.149	-1227.999	211.8499	2.183775	0.6908643	0.9985291
3210	-1019.369	-1231.027	211.6582	2.284927	0.8016472	0.9500221
3216	-1013.135	-1224.726	211.591	2.259758	0.8016472	1.042793
3222	-1008.813	-1220.417	211.6042	2.157769	0.5188831	1.443382
3228	-1013.867	-1225.403	211.5362	1.938849	0.5188831	1.655347
3234	-1008.799	-1220.081	211.2817	1.722973	1.060367	1.51588
3240	-1008.684	-1220.642	211.9578	1.734882	0.6082089	1.391866
3246	-1023.598	-1235.267	211.6683	1.734882	0.6523796	1.563891
3252	-1024.039	-1236.055	212.0168	2.002413	0.4975745	1.266959
3258	-1017.041	-1227.816	210.7753	1.59674	0.4352479	2.480608
3264	-1016.303	-1226.505	210.2014	1.734709	0.4352479	2.750183
3270	-1010.285	-1219.698	209.4131	1.664597	0.4352479	3.26522
3276	-1028.653	-1238.891	210.238	1.590873	0.417863	2.835029
3282	-1010.422	-1220.823	210.4009	1.638584	0.5224489	2.595041
3288	-1024.671	-1233.7	209.0292	1.661496	0.5777123	3.355154
3294	-1019.455	-1230.25	210.7946	1.802506	0.7083253	2.06995
3300	-1019.237	-1230.151	210.9141	1.948926	0.587697	2.003854
3306	-1032.849	-1243.706	210.8572	2.015598	0.9003262	1.728854
3312	-1032.046	-1243.681	211.6348	2.408369	0.9015054	0.6663182
3318	-1037.497	-1249.264	211.7669	2.165431	0.9015054	0.8339015
3324	-1013.401	-1223.474	210.0735	1.528018	0.6489209	2.749165
3330	-1030.154	-1238.817	208.6628	1.671343	1.064259	3.227025
3336	-1012.276	-1223.693	211.4165	1.800282	0.5941367	1.756296
3342	-1028.323	-1239.761	211.4386	1.852811	0.449287	1.865948
3348	-1013.611	-1224.81	211.1982	1.92304	0.6642763	1.754203
3354	-1016.64	-1227.314	210.6739	1.864949	0.7353439	2.085641
3360	-1021.175	-1232.27	211.0951	1.668434	0.418551	2.25191
3366	-1019.89	-1231.402	211.5114	1.925211	0.4550216	1.758626
3372	-1034.264	-1246.334	212.0702	1.925211	0.5664047	1.19519
3378	-1039.037	-1250.67	211.6327	2.175567	0.5585589	1.358946
3384	-1033.556	-1245.274	211.718	1.904832	0.7013303	1.346656
3390	-1026.384	-1236.895	210.5108	1.577242	0.7197822	2.388753
3396	-1024.192	-1234.009	209.8169	1.420759	0.8369096	2.827679
3402	-1039.225	-1249.095	209.8704	1.23066	0.7100238	3.002885
3408	-1040.354	-1249.172	208.8176	1.168497	0.950086	3.498228
3414	-1026.813	-1236.411	209.5987	1.189892	0.4520155	3.417479
3420	-1020.478	-1229.349	208.8707	1.351698	0.8590657	3.417479
3426	-1026.183	-1235.637	209.4543	1.51025	0.5561163	3.212898
3432	-1031.989	-1242.814	210.8252	1.729014	0.7585277	2.056554
3438	-1041.973	-1252.79	210.817	1.938106	0.6945837	1.976846
3444	-1024.181	-1234.548	210.3669	1.547079	0.973129	2.316268
3450	-1017.333	-1228.596	211.2635	1.678375	0.4882377	2.055392
3456	-1031.096	-1242.654	211.558	1.667721	0.3348845	2.060542
3462	-1025.591	-1236.793	211.2018	1.935622	0.3348845	2.11859
3468	-1026.008	-1237.664	211.6559	1.935622	0.3945814	1.728497
3474	-1018.554	-1229.895	211.3406	2.173836	0.6462132	1.48744
3480	-1030.819	-1241.814	210.9946	2.144326	0.5954334	1.80912
3486	-1017.201	-1228.827	211.626	1.963631	0.407346	1.712534
3492	-1021.423	-1233.083	211.6604	1.895083	0.5107454	1.606837
3498	-1027.705	-1239.345	211.6397	2.001263	0.4479905	1.622391
3504	-1003.275	-1214.837	211.5627	1.812084	0.5847425	1.654337
3510	-1009.144	-1220.502	211.3575	2.004698	0.8395514	1.419201
3516	-1014.121	-1225.424	211.3033	1.929372	0.7003681	1.641301
3522	-1023.536	-1235.108	211.5716	1.918607	0.4823109	1.687624
3528	-1017.799	-1229.631	211.8314	1.983297	0.5026235	1.423186
3534	-1020.439	-1232.493	212.0537	1.936969	0.2648331	1.648259
3540	-1023.66	-1235.503	211.8432	1.773123	0.5203191	1.550951
3546	-1023.545	-1235.429	211.8843	2.034449	0.5866337	1.234623
3552	-1012.202	-1223.264	211.0621	1.676783	0.3455504	2.360447
3558	-1018.656	-1228.544	209.8882	1.609288	0.8953017	2.628766
3564	-1021.787	-1233.194	211.4074	1.943123	0.822543	1.443174
3570	-1022.763	-1234.27	211.5069	1.902963	0.4968175	1.727224
3576	-1020.886	-1232.272	211.3858	1.870152	0.5065721	1.823198
3582	-1021.075	-1231.911	210.836	1.859403	0.4199223	2.293936
3588	-1022.141	-1232.942	210.8012	1.828573	0.5272994	2.217423
3594	-1023.976	-1234.966	210.9897	1.72226	0.4774058	2.217423
3600	-1014.564	-1224.73	210.1661	1.578575	0.3547636	2.961247
3606	-1011.535	-1221.898	210.363	1.554983	0.5031653	2.689287
3612	-1025.419	-1236.972	211.5527	1.831508	0.4076708	1.854822
3618	-1019.962	-1231.605	211.6427	1.88163	0.4196122	1.742217
3624	-1013.336	-1224.979	211.6427	2.072573	0.5039362	1.49717
3630	-1026.551	-1238.095	211.544	1.630397	0.5437225	1.838461
3636	-1039.451	-1250.739	211.2874	1.82396	0.5437225	1.881516
3642	-1018.935	-1229.996	211.061	1.797145	0.4628047	2.138929
3648	-1030.082	-1241.66	211.578	2.050221	0.3430247	1.776341
3654	-1019.041	-1230.251	211.21	1.907688	0.4653844	1.964335
3660	-1027.99	-1237.996	210.0055	1.592065	0.4684069	2.919963
3666	-1031.166	-1242.273	211.1065	1.704984	0.4970659	2.131337
3672	-1014.656	-1225.591	210.9341	2.355747	1.405124	1.034406
3678	-1016.512	-1228.491	211.979	2.109625	0.7301502	0.8858931
3684	-1017.245	-1228.557	211.3127	2.19026	1.214414	0.9772882
3690	-1010.998	-1222.996	211.998	2.016753	0.6360111	1.088006
3696	-1016.735	-1228.937	212.2018	2.012802	0.5613298	1.000639
3702	-1031.563	-1243.201	211.6384	2.156367	0.7208883	1.183532
3708	-1020.551	-1231.943	211.3921	1.986649	0.5503145	1.688637
3714	-1031.869	-1243.048	211.1786	2.025485	0.6397	1.719629
3720	-1058.312	-1270.307	211.9957	2.429785	0.3937025	1.074794
3726	-1029.556	-1240.518	210.9625	2.023996	0.5681718	1.940672
3732	-1048.404	-1260.072	211.668	2.112459	0.5820201	1.352985
3738	-1044.723	-1256.182	211.459	1.801777	0.8633202	1.476176
3744	-1033.152	-1245.097	211.945	1.932059	0.5724178	1.286725
3750	-1031.989	-1242.271	210.2816	1.573028	0.5786914	2.655549
3756	-1028.949	-1240.141	211.192	1.779657	0.6384791	1.88172
3762	-1032.529	-1244.463	211.9339	2.057503	0.5824491	1.17786
3768	-1026.99	-1238.988	211.9987	1.929711	0.5824491	1.23174
3774	-1032.082	-1243.295	211.2124	1.78481	0.5183264	1.985679
3780	-1025.549	-1235.321	209.7718	1.70284	0.8679653	2.66136
3786	-1037.441	-1246.791	209.3494	1.569931	0.6895691	3.127346
3792	-1035.964	-1245.728	209.7638	1.353845	0.5502753	3.127346
3798	-1031.155	-1241.707	210.5526	1.432693	0.6822431	2.484099
3804	-1015.201	-1227.14	211.9392	2.386698	0.6694938	0.6582715
3810	-1015.783	-1227.091	211.3081	2.337495	1.206544	0.8240671
3816	-1014.383	-1226.583	212.2005	2.282745	0.4506839	0.9094034
3822	-1007.612	-1219.392	211.7799	2.250129	0.6661433	1.034494
3828	-1008.136	-1219.816	211.6794	2.070983	0.6661433	1.281264
3834	-1012.194	-1224.029	211.8355	2.241431	0.4970331	1.219457
3840	-1021.409	-1233.218	211.8092	2.263467	0.4514692	1.288033
3846	-1021.974	-1233.925	211.9504	2.263467	0.4232549	1.213051
3852	-1024.368	-1236.396	212.0283	2.243999	0.3939901	1.210659
3858	-1020.976	-1232.485	211.5083	2.103678	0.3971719	1.71055
3864	-1027.012	-1238.878	211.8657	2.016038	0.2816536	1.696284
3870	-1032.073	-1243.419	211.3457	1.684115	0.5167832	1.965543
3876	-1018.903	-1230.519	211.6157	1.846378	0.5102169	1.674611
3882	-1020.375	-1232.099	211.7241	1.843731	0.3051347	1.875744
3888	-1016.427	-1226.975	210.5482	1.869181	0.4092178	2.48252
3894	-1010.119	-1221.256	211.137	1.758937	0.8114741	1.782461
3900	-1007.726	-1219.341	211.6154	1.720688	0.6258679	1.639445
3906	-1011.589	-1222.699	211.1097	1.849848	0.8170402	1.73349
3912	-1022.941	-1234.215	211.2743	1.776951	0.3804172	2.113037
3918	-1032.415	-1243.031	210.6153	1.679875	0.4565701	2.504826
3924	-1021.793	-1232.374	210.581	1.750386	0.5935535	2.343698
3930	-1012.608	-1224.402	211.7942	1.838581	0.5734768	1.477015
3936	-1015.762	-1227.394	211.6316	1.978079	0.7145658	1.343472
3942	-1012.317	-1224.165	211.8473	2.44477	0.4963831	1.026146
3948	-1029.052	-1241.07	212.0176	2.349133	0.4849101	0.9705639
3954	-1009.225	-1220.796	211.5714	2.460117	0.8060221	0.8441585
3960	-1024.487	-1236.266	211.7785	2.349416	0.726912	0.8441585
3966	-1044.555	-1256.58	212.0244	2.41193	0.5375175	0.7900286
3972	-1035.043	-1246.839	211.7964	2.070684	0.4201557	1.493234
3978	-1023.016	-1234.75	211.7346	1.962661	0.5306689	1.478195
3984	-1015.679	-1228.009	212.3298	2.247823	0.2237364	1.284675
3990	-999.9142	-1211.94	212.0257	2.280109	0.3658962	1.229789
3996	-1007.901	-1219.656	211.7558	2.201903	0.5644761	1.229789
4002	-1014.141	-1226.052	211.9113	2.303736	0.4967157	1.098387
4008	-1013.947	-1225.413	211.4659	1.924472	0.6453198	1.5804
4014	-1006.851	-1218.359	211.5081	2.090802	0.3963184	1.720903
4020	-1010.914	-1222.398	211.4849	2.153058	0.5173516	1.538559
4026	-1011.821	-1223.628	211.8069	1.961495	0.5102186	1.449212
4032	-1036.857	-1247.92	211.0634	1.700041	0.5850485	2.072403
4038	-1032.958	-1243.898	210.9398	1.796999	0.6782243	2.003469
4044	-1030.401	-1241.358	210.9574	1.933213	0.744632	1.841796
4050	-1018.029	-1230.083	212.0537	1.976731	0.4270896	1.357468
4056	-1026.4	-1238.186	211.7859	2.223718	0.406831	1.403561
4062	-1022.759	-1233.974	211.2149	2.135823	0.6724577	1.582415
4068	-1008.49	-1220.305	211.8151	2.112666	0.596031	1.215361
4074	-1023.432	-1235.349	211.917	2.312531	0.4376495	1.17692
4080	-1024.686	-1236.584	211.8976	2.142791	0.4697554	1.288246
4086	-1026.58	-1238.163	211.5828	1.941208	0.887949	1.246347
4092	-1027.483	-1238.958	211.4746	2.012075	0.633439	1.521491
4098	-1020.509	-1232.22	211.7109	1.808644	0.4810196	1.668284
4104	-1016.566	-1227.994	211.4273	1.970223	0.4810196	1.754485
4110	-1019.551	-1231.171	211.6205	1.788084	0.3346883	1.938907
4116	-1031.531	-1243.304	211.7724	1.796383	0.3346883	1.829855
4122	-1025.499	-1237.341	211.8413	1.9155	0.353994	1.669386
4128	-1031.699	-1243.655	211.9554	2.086528	0.4269455	1.348544
4134	-1021.631	-1231.752	210.1213	1.700169	0.4781517	2.774039
4140	-1000.395	-1211.192	210.7976	1.620221	0.4308386	2.456973
4146	-1011.831	-1223.659	211.8274	1.768173	0.4486311	1.654191
4152	-1000.444	-1211.184	210.7402	1.753354	0.6740149	2.167154
4158	-1004.377	-1216.156	211.7791	2.003319	0.6247261	1.301783
4164	-1006.458	-1217.16	210.7027	1.828955	0.5312155	2.276492
4170	-997.4182	-1208.602	211.1833	1.860303	0.3255063	2.193018
4176	-1011.438	-1222.134	210.6965	1.641592	0.2933888	2.683349
4182	-1021.141	-1230.901	209.7592	1.861599	0.6182471	2.76359
4188	-1009.005	-1218.735	209.7297	1.573726	0.4376914	3.12878
4194	-1009.878	-1220.231	210.3536	1.748302	0.3927746	2.697636
4200	-1014.547	-1225.888	211.3414	2.139633	0.6492583	1.509313
4206	-1014.38	-1225.944	211.5646	2.002981	0.3398237	1.823017
4212	-1017.657	-1229.078	211.4212	2.020622	0.4472749	1.764629
4218	-1011.709	-1222.687	210.9779	1.827875	0.6206278	2.010245
4224	-1028.468	-1240.257	211.7899	1.762457	0.4606733	1.669949
4230	-1023.788	-1235.093	211.3053	1.894705	0.9053979	1.487236
4236	-1031.975	-1243.79	211.8153	1.897579	0.6415497	1.338753
4242	-1013.536	-1225.725	212.1887	2.07272	0.3600516	1.276696
4248	-1008.923	-1220.521	211.5983	2.363998	0.4720693	1.348014
4254	-1001.474	-1213.604	212.1302	1.956349	0.4867848	1.225856
4260	-1004.483	-1216.562	212.0795	1.899088	0.4049596	1.430299
4266	-1028.516	-1240.083	211.5668	1.957847	0.8256244	1.303402
4272	-1021.589	-1233.254	211.6656	2.040278	0.3140536	1.76658
4278	-1014.658	-1226.679	212.0216	1.994967	0.4752385	1.299993
4284	-1014.566	-1225.973	211.4072	1.985382	0.3979035	1.861934
4290	-1017.154	-1228.505	211.3509	1.985382	0.4277196	1.861934
4296	-1020.109	-1231.792	211.6834	1.796307	0.7805267	1.381484
4302	-1019.597	-1231.07	211.473	1.932816	0.740621	1.475935
4308	-1010.406	-1221.876	211.47	2.050683	0.5393915	1.598853
4314	-1005.51	-1216.792	211.2814	1.750458	0.5634028	1.914916
4320	-1017.092	-1229.059	211.967	2.038236	0.5907674	1.155008
4326	-1020.332	-1232.21	211.8777	2.032108	0.7395043	1.058402
4332	-1022.632	-1234.243	211.6102	2.424248	0.6100072	1.103706
4338	-1019.799	-1231.684	211.8851	2.424248	0.6100072	0.8140641
4344	-1028.736	-1240.267	211.5318	2.090355	0.9740529	1.080426
4350	-1023.514	-1235.596	212.0821	2.395675	0.5904271	0.519258
4356	-1038.056	-1250.088	212.0316	2.44474	0.5904271	0.5333373
4362	-1018.972	-1231.062	212.0904	2.17708	0.3275198	1.328126
4368	-1015.135	-1227.355	212.2202	2.15978	0.415201	1.078965
4374	-1033.116	-1244.964	211.8482	2.216699	0.6617797	1.006077
4380	-1006.195	-1217.678	211.4828	2.034794	0.8499278	1.286535
4386	-1009.757	-1221.587	211.83	1.853133	0.5556069	1.459481
4392	-1008.883	-1220.634	211.7502	1.847948	0.5733804	1.50321
4398	-1010.428	-1221.224	210.7955	1.500584	0.4542681	2.506798
4404	-1017.22	-1228.867	211.6467	1.825085	0.6482583	1.517294
4410	-1004.092	-1215.024	210.9313	1.805972	0.8773215	1.840492
4416	-1005.83	-1216.979	211.1494	1.709307	0.6658502	1.932915
4422	-1009.829	-1220.5	210.6708	1.713166	0.6279997	2.278625
4428	-1011.816	-1222.978	211.1626	1.714986	0.6649054	1.921028
4434	-1019.691	-1229.89	210.1998	1.586352	0.4517806	2.823455
4440	-1025.822	-1236.548	210.7256	1.615705	0.4631793	2.468722
4446	-1031.217	-1240.999	209.7816	1.674246	0.6489011	2.837847
4452	-1014.469	-1225.266	210.7973	1.7131	0.8034095	2.049847
4458	-1003.69	-1215.078	211.3871	1.692748	0.6732428	1.774636
4464	-1004.231	-1216.019	211.788	1.612554	0.5883669	1.631947
4470	-1006.652	-1218.088	211.4365	1.494762	0.4275603	2.132437
4476	-1011.971	-1223.594	211.6226	1.435399	0.4455485	2.027493
4482	-997.5488	-1209.536	211.9871	1.616019	0.3607163	1.767937
4488	-1009.022	-1220.594	211.5724	1.802375	0.5761514	1.663514
4494	-1004.217	-1215.927	211.7096	1.716786	0.5423718	1.663514
4500	-1002.815	-1214.752	211.9377	1.94839	0.6083718	1.235453
4506	-1018.093	-1230.081	211.9883	1.97762	0.6257206	1.14529
4512	-1021.262	-1232.513	211.251	1.960587	1.165776	1.278672
4518	-1004.834	-1217.014	212.1794	2.005189	0.5963886	0.9780468
4524	-1003.714	-1215.151	211.4366	2.187511	1.195804	0.8619945
4530	-1041.709	-1252.149	210.4398	3.30262	0.8719893	0.1808938
4536	-1027.067	-1237.169	210.1019	3.293227	1.400006	0.2282866
4542	-1010.773	-1221.571	210.7978	3.085752	0.8647047	0.2262342
4548	-1021.383	-1232.005	210.6215	2.946139	1.373949	0.3181422
4554	-1033.159	-1243.479	210.3208	3.13715	1.519091	0.3181422
4560	-1033.124	-1244.896	211.7722	2.19049	0.8587113	0.854457
4566	-1032.004	-1244.025	212.0201	2.125827	0.7548874	0.774892
4572	-1038.34	-1250.101	211.7614	2.381902	0.8169046	0.6552819
4578	-1028.433	-1240.255	211.822	2.371453	0.7751398	0.653938
4584	-1037.399	-1248.402	211.0035	2.742512	1.195901	0.3491448
4590	-1035.693	-1246.875	211.1821	2.732866	1.067256	0.4483762
4596	-1018.988	-1230.062	211.0739	2.732866	1.180881	0.433298
4602	-1022.544	-1233.622	211.0781	2.731614	1.180881	0.4437512
4608	-1010.439	-1221.292	210.8535	2.804419	1.370566	0.5189006
4614	-1013.444	-1224.279	210.8345	2.616976	1.582072	0.6747094
4620	-1016.926	-1228.464	211.5375	2.266205	0.9703995	0.9003332
4626	-1006.471	-1217.909	211.4377	2.568907	0.9784463	0.5269722
4632	-1018.611	-1230.359	211.7476	2.468845	0.7807109	0.5730015
4638	-1024.244	-1235.862	211.6179	2.612772	0.7630534	0.4135254
4644	-1028.877	-1240.553	211.6764	2.552724	0.7630534	0.6024459
4650	-1024.687	-1236.313	211.6261	2.596891	0.7630534	0.6192786
4656	-1016.89	-1228.409	211.5189	2.541605	0.8923495	0.650889
4662	-1013.228	-1224.342	211.1136	2.448944	1.351937	0.7737156
4668	-1002.865	-1213.941	211.0765	2.198787	1.307178	1.120593
4674	-1022.191	-1233.178	210.987	2.198787	1.439606	1.107273
4680	-1013.407	-1224.704	211.2974	2.263642	1.018866	1.095384
4686	-1003.926	-1215.001	211.0754	1.86122	0.8753506	1.703065
4692	-1004.486	-1215.628	211.1424	1.872763	0.8753506	1.647145
4698	-1013.08	-1223.271	210.1906	1.658566	0.8753506	2.42314
4704	-1021.52	-1229.568	208.0478	1.588838	0.4481848	4.086229
4710	-1021.323	-1232.702	211.3783	1.930815	0.5845783	1.701238
4716	-1012.896	-1224.012	211.1163	1.940898	0.5479917	1.913822
4722	-1015.016	-1225.967	210.9514	1.930842	0.5019575	2.079623
4728	-1012.51	-1223.124	210.6144	1.843904	0.580773	2.274729
4734	-1001.028	-1211.902	210.8744	1.904255	0.6115738	2.036863
4740	-1007.439	-1219.114	211.6755	1.987959	0.4255191	1.635578
4746	-1002.992	-1214.417	211.4247	1.949413	0.5058794	1.741859
4752	-1007.65	-1218.667	211.017	1.911004	0.4728084	2.081778
4758	-1022.573	-1233.928	211.3546	2.145294	0.5651282	1.585087
4764	-1028.289	-1239.877	211.5873	1.98952	0.3851126	1.751881
4770	-1015.645	-1227.463	211.8182	2.056214	0.3851126	1.53791
4776	-1017.298	-1228.866	211.5677	2.113651	0.4241214	1.624532
4782	-1011.927	-1223.979	212.0517	1.984449	0.4241214	1.357263
4788	-1000.047	-1211.813	211.7656	2.109449	0.581792	1.276916
4794	-1004.104	-1215.788	211.6849	2.135334	0.6410815	1.251879
4800	-1010.568	-1222.036	211.4681	1.901423	0.6410815	1.599853
4806	-1022.558	-1233.346	210.7887	1.777494	0.5855776	2.200674
4812	-1026.339	-1236.927	210.5887	1.760876	0.6638331	2.26899
4818	-1020.727	-1232.264	211.5365	1.932065	0.4245003	1.774803
4824	-1026.875	-1238.31	211.4342	2.025168	0.5537819	1.627103
4830	-1014.089	-1225.905	211.8155	2.129651	0.2955768	1.627103
4836	-1020.715	-1232.441	211.7252	2.23224	0.483067	1.33689
4842	-1016.923	-1228.687	211.7647	2.245493	0.5065373	1.262212
4848	-1029.25	-1240.538	211.2882	2.12091	0.6880907	1.524022
4854	-1034.339	-1245.957	211.6182	1.879812	0.5028911	1.657518
4860	-1023.533	-1234.864	211.3311	1.874749	0.5315932	1.829912
4866	-1002.725	-1214.013	211.2882	1.973174	0.4973694	1.829912
4872	-1018.936	-1229.208	210.2727	1.693806	0.8233137	2.386173
4878	-1023.065	-1233.261	210.196	1.747065	0.6384144	2.547559
4884	-1022.782	-1233.725	210.9428	1.705277	0.6981668	2.044967
4890	-1019.687	-1230.071	210.3844	1.665117	0.4505461	2.663777
4896	-1024.2	-1233.793	209.5934	1.584629	0.4432962	3.19724
4902	-1004.783	-1216.035	211.2526	1.829342	0.4666403	1.986782
4908	-1020.671	-1231.692	211.021	1.93225	0.7386766	1.803746
4914	-1023.199	-1235.241	212.0415	2.30815	0.3218932	1.271465
4920	-1032.153	-1243.075	210.9219	1.979093	0.5993567	1.96709
4926	-1035.146	-1245.367	210.2206	1.779261	0.4438725	2.701572
4932	-1018.167	-1228.878	210.7101	1.912553	0.7606833	2.009419
4938	-1020.012	-1231.855	211.8433	2.38104	0.471336	1.128924
4944	-1010.363	-1221.822	211.4585	2.38104	0.7371051	1.125986
4950	-1022.887	-1234.703	211.8167	2.506331	0.4235915	1.116876
4956	-1009.483	-1221.242	211.7593	2.380011	0.5518753	1.086862
4962	-1015.439	-1227.356	211.9166	2.124704	0.5673458	1.153983
4968	-1009.8	-1221.192	211.3921	2.148296	0.7319857	1.380764
4974	-1008.251	-1220.016	211.7648	1.958618	0.5215509	1.469438
4980	-1017.768	-1229.428	211.6604	1.959171	0.5891241	1.469438
4986	-1021.059	-1231.742	210.6828	1.788045	0.3972911	2.463345
4992	-1024.554	-1235.415	210.8607	1.787553	0.6300568	2.105532
4998	-1017.407	-1228.422	211.0141	1.97215	0.9146995	1.637181
5004	-1027.238	-1238.673	211.435	2.116971	0.8501649	1.258033
5010	-1002.771	-1214.168	211.3967	1.80175	0.3748237	2.023368
5016	-1022.447	-1233.826	211.3798	1.982615	0.5108633	1.744307
5022	-1019.529	-1231.048	211.518	1.971482	0.7892259	1.365611
5028	-1012.765	-1223.562	210.797	1.80246	0.8217861	1.976322
5034	-1006.695	-1217.475	210.7797	1.612732	1.00209	1.985335
5040	-1008.661	-1219.163	210.5019	1.528637	0.8726127	2.310086
5046	-1030.882	-1240.269	209.3875	1.526962	0.5993016	3.204385
5052	-1017.415	-1227.184	209.7692	1.54583	0.5993016	2.965284
5058	-1011.817	-1221.779	209.9621	1.632437	0.8778956	2.580477
5064	-1027.412	-1238.401	210.9895	1.523789	0.9588923	1.933641
5070	-1032.759	-1243.598	210.8392	1.568216	0.7771084	2.13807
5076	-1039.413	-1250.856	211.4425	1.689562	0.7543296	1.664418
5082	-1024.277	-1235.624	211.3464	1.829529	0.7193193	1.664418
5088	-1015.579	-1227.241	211.6622	1.907346	0.5437655	1.558115
5094	-1003.625	-1215.633	212.0079	1.975002	0.63257	1.121474
5100	-1001.784	-1213.536	211.7515	2.182098	0.8332823	0.9207253
5106	-1010.832	-1222.566	211.7348	1.981468	0.8177175	1.149245
5112	-1028.185	-1239.904	211.7184	2.031648	0.523947	1.446265
5118	-1022.745	-1234.391	211.6465	1.663524	0.4707383	1.82738
5124	-1035.294	-1246.614	211.3204	1.639059	0.5505237	1.976955
5130	-1033.396	-1244.829	211.4332	1.740613	0.5269773	1.856929
5136	-1023.993	-1235.552	211.5589	1.898794	0.444038	1.75756
5142	-1031.291	-1242.217	210.9266	1.827617	0.6191733	2.045844
5148	-1022.273	-1231.916	209.6426	1.555989	0.5491699	3.080115
5154	-1022.28	-1231.839	209.5586	1.469269	0.4227983	3.308109
5160	-1029.193	-1239.477	210.2836	1.482392	0.4227983	2.867585
5166	-1014.974	-1225.007	210.0335	1.57023	0.7276463	2.684216
5172	-1015.84	-1225.755	209.9147	1.622444	0.4936069	2.930633
5178	-1036.435	-1246.417	209.9814	1.593573	0.4712838	2.930633
5184	-1026.909	-1238.404	211.4949	2.463536	1.008433	0.6053069
5190	-1023.628	-1235.525	211.8966	2.46	0.6395952	0.6784273
5196	-1040.66	-1252.304	211.6431	2.687213	0.6963882	0.5271122
5202	-1027.11	-1238.368	211.2585	2.60722	1.124579	0.5271122
5208	-1018.676	-1230.257	211.5811	2.457704	0.9327347	0.596399
5214	-1011.957	-1223.18	211.2234	2.620006	1.145036	0.5522906
5220	-1005.314	-1216.569	211.2542	2.573615	1.165377	0.53654
5226	-1008.815	-1220.567	211.7516	2.361161	0.8199685	0.7062644
5232	-1003.223	-1214.999	211.7757	2.311572	0.84494	0.7008202
5238	-1003.17	-1215.116	211.9464	2.41714	0.6258482	0.7008202
5244	-1011.42	-1223.024	211.6039	2.454093	0.8893813	0.6629044
5250	-1001.52	-1213.135	211.6144	2.377345	0.9536326	0.6587331
5256	-1009.479	-1221.686	212.2073	2.233897	0.5874082	0.6587331
5262	-1005.509	-1217.119	211.6096	2.337655	1.000144	0.6528075
5268	-994.0215	-1205.523	211.5012	2.432466	1.000144	0.6798575
5274	-1001.444	-1212.862	211.4182	2.442119	1.077676	0.6760577
5280	-1015.033	-1226.247	211.2141	2.520264	1.217326	0.6760577
5286	-1024.232	-1235.562	211.3297	2.505581	1.155484	0.5456121
5292	-1015.778	-1227.324	211.5461	2.655823	0.8010989	0.5048619
5298	-1010.693	-1221.865	211.1719	2.553448	1.286745	0.4796818
5304	-1006.271	-1218.079	211.808	2.442819	0.751835	0.5763391
5310	-1005.019	-1216.78	211.7614	2.496933	0.7540996	0.5119735
5316	-1006.017	-1217.397	211.3798	2.5161	1.065405	0.624219
5322	-1010.732	-1221.763	211.0314	2.670063	1.31696	0.4943745
5328	-1017.178	-1228.629	211.451	2.564343	0.971182	0.4943745
5334	-1013.692	-1225.102	211.4104	2.576334	0.9994798	0.4928795
5340	-1001.97	-1213.527	211.5575	2.554438	0.8771873	0.541157
5346	-1018.607	-1230.094	211.487	2.520199	0.9761134	0.541157
5352	-1022.913	-1234.392	211.4787	2.505744	0.9986613	0.541157
5358	-1001.246	-1212.646	211.4	2.498449	1.055929	0.6398386
5364	-1000.567	-1211.675	211.1088	2.735749	1.149337	0.4928215
5370	-1012.93	-1224.069	211.1388	2.700793	1.154879	0.4928215
5376	-1026.787	-1237.982	211.195	2.644594	1.154879	0.4928215
5382	-1026.414	-1237.957	211.543	2.543827	0.8985199	0.5518912
5388	-1028.433	-1240.091	211.6575	2.266753	1.010882	0.6774738
5394	-1031.316	-1242.69	211.3745	1.831082	0.3736359	2.020185
5400	-1012.738	-1223.172	210.4344	1.832557	0.4562184	2.522806
5406	-1018.948	-1229.176	210.2283	1.637667	0.7265046	2.522806
5412	-1012.263	-1224.175	211.9114	2.537587	0.6107161	0.505867
5418	-1026.214	-1238.119	211.9048	2.542771	0.6107161	0.4734407
5424	-1021.431	-1232.968	211.5362	2.13697	0.5805165	1.438298
5430	-1010.826	-1222.636	211.8096	2.407688	0.747888	0.6732169
5436	-1011.204	-1222.976	211.773	2.424189	0.7983592	0.5659874
5442	-1006.608	-1218.308	211.6995	2.523588	0.7715008	0.5889944
5448	-1013.532	-1225.617	212.0846	2.334467	0.6268065	0.5617365
5454	-1007.383	-1217.224	209.8402	1.421616	0.6417999	2.961016
5460	-1016.931	-1224.604	207.6727	1.117329	0.482553	4.531395
5466	-1012.393	-1219.754	207.3611	1.221419	0.6162547	4.531395
5472	-1029.263	-1237.436	208.1731	1.287309	0.3722974	4.268118
5478	-1015.412	-1225.379	209.9672	1.636922	0.4750412	2.909126
5484	-1028.123	-1238.046	209.9238	1.680305	0.4750412	2.909126
5490	-1027.955	-1239.269	211.3145	1.841752	1.014641	1.434857
5496	-1024.666	-1236.193	211.5272	1.739881	0.7967925	1.528758
5502	-1014.434	-1225.851	211.4169	1.896385	0.4019922	1.910497
5508	-1007.62	-1219.064	211.4443	2.132408	0.6493432	1.436819
5514	-1042.703	-1253.978	211.2749	2.153722	1.240165	1.029388
5520	-1016.424	-1227.792	211.3687	2.100934	1.304055	0.9331568
5526	-1015.765	-1227.624	211.8593	1.92243	0.7859034	1.124243
5532	-1017.099	-1228.768	211.669	1.808117	0.7975018	1.367649
5538	-1023.537	-1235.343	211.8062	1.839383	0.6306531	1.403726
5544	-1028.936	-1240.485	211.5491	1.8161	0.797348	1.454471
5550	-1023.949	-1234.754	210.8049	1.668393	0.7208462	2.140604
5556	-1013.46	-1225.057	211.5974	1.872073	0.803584	1.367978
5562	-1027.888	-1239.12	211.2321	1.680475	0.8888346	1.709647
5568	-1005.446	-1216.441	210.9952	1.922853	0.8838085	1.709647
5574	-1008.465	-1219.859	211.3941	2.051157	0.539651	1.653022
5580	-1001.332	-1212.325	210.9937	2.051157	0.6501747	1.82056
5586	-1007.638	-1219.303	211.6652	1.925574	0.5091814	1.582969
5592	-1019.939	-1231.536	211.5966	1.900037	0.783029	1.365863
5598	-1026.646	-1238.141	211.4947	2.024523	0.9094709	1.230878
5604	-1026.976	-1238.582	211.6059	2.082282	0.8638397	1.127482
5610	-1006.903	-1217.453	210.5495	1.817214	0.9111863	2.064851
5616	-1016.512	-1227.828	211.3163	1.715413	0.8593042	1.648066
5622	-1012.641	-1223.256	210.6149	1.717151	0.618481	2.320375
5628	-1013.351	-1223.798	210.4473	1.501956	0.618481	2.561152
5634	-1012.312	-1223.066	210.7538	1.912864	0.3723165	2.37103
5640	-1005.127	-1215.03	209.9031	1.612882	0.3782478	3.069509
5646	-1010.025	-1219.53	209.5052	1.622686	0.6313823	3.050068
5652	-1011.503	-1221.35	209.8469	1.552114	0.4580652	3.050068
5658	-1014.018	-1224.62	210.6016	1.575378	0.6918286	2.355262
5664	-1025.25	-1236.091	210.8416	1.865173	0.6635421	2.036538
5670	-1025.535	-1237.245	211.7095	1.865173	0.4346688	1.687055
5676	-1014.791	-1227.008	212.2172	1.834731	0.4346688	1.329264
5682	-1015.85	-1226.9	211.0507	1.952752	1.018686	1.546799
5688	-1017.394	-1229.081	211.6869	1.865192	0.9714746	1.146408
5694	-1030.767	-1242.738	211.971	1.825833	0.39894	1.575156
5700	-1028.273	-1239.008	210.735	1.606915	0.4528682	2.479701
5706	-1023.103	-1233.609	210.5059	1.694866	0.537555	2.479701
5712	-1014.132	-1224.635	210.5027	1.624577	0.6056608	2.461449
5718	-1009.864	-1221.287	211.4226	1.7151	0.4434617	1.976894
5724	-1015.82	-1226.739	210.9188	1.953131	0.4479361	2.147043
5730	-1027.228	-1238.561	211.3332	1.72245	0.8669373	1.624647
5736	-1037.011	-1247.82	210.8093	1.852143	0.7695639	1.976261
5742	-1021.923	-1232.303	210.3804	1.842894	1.452934	1.836505
5748	-1023.584	-1235.012	211.4281	1.896119	0.8570426	1.433248
5754	-1022.521	-1233.91	211.388	1.898295	0.7813029	1.528188
5760	-1020.131	-1231.076	210.9449	1.924386	1.19019	1.528188
5766	-1023.896	-1234.546	210.6501	1.883276	0.8918662	1.967924
5772	-1035.803	-1246.711	210.909	1.722085	0.6243765	2.122006
5778	-1026.913	-1237.467	210.5534	1.975478	1.04473	1.864863
5784	-1018.385	-1229.016	210.6304	1.612632	0.4820329	2.509933
5790	-1007.565	-1218.458	210.8937	1.659208	0.9561211	1.908845
5796	-1012.515	-1222.867	210.3527	2.038138	1.141551	1.897191
5802	-1004.422	-1215.112	210.6891	2.038138	0.8988953	1.831181
5808	-1012.273	-1223.529	211.2557	1.993536	0.5020216	1.832946
5814	-1021.786	-1233.225	211.4392	1.909668	0.922847	1.358034
5820	-1014.098	-1225.108	211.0106	1.830908	1.219205	1.5301
5826	-1024.838	-1236.387	211.5495	1.757498	0.8731154	1.432709
5832	-1019.537	-1231.159	211.6218	1.893864	0.6990285	1.432709
5838	-1025.144	-1237.052	211.9075	1.96527	0.6350583	1.214747
5844	-1025.67	-1237.554	211.8837	1.892588	0.6614112	1.265188
5850	-1023.718	-1235.003	211.2844	2.123738	1.246761	1.043749
5856	-1016.26	-1228.131	211.8705	2.027049	0.8436079	0.9469098
5862	-1030.428	-1242.163	211.735	2.187403	0.9108294	0.8337496
5868	-1015.93	-1227.864	211.9333	2.230018	0.7058731	0.8337496
5874	-1017.605	-1229.01	211.405	2.108409	1.079691	1.08521
5880	-1013.294	-1224.418	211.1237	1.97753	1.146852	1.38074
5886	-1037.114	-1248.103	210.9885	2.079652	1.146852	1.40652
5892	-1007.927	-1219.302	211.3746	2.114454	1.146852	1.04981
5898	-1010.136	-1220.966	210.8296	2.114454	1.205354	1.462072
5904	-1029.274	-1239.91	210.6351	1.835486	0.7686405	2.103433
5910	-1017.83	-1229.308	211.4787	1.926109	0.4583446	1.776767
5916	-1014.34	-1226.019	211.679	1.972873	0.9044687	1.120081
5922	-1016.102	-1227.568	211.4652	2.059392	1.072485	1.081134
5928	-1024.137	-1235.643	211.5067	1.859554	0.8469183	1.409589
5934	-1031.641	-1243.1	211.4599	2.082773	0.9465293	1.177291
5940	-1026.136	-1238.31	212.1736	1.933035	0.5098207	1.175869
5946	-1007.148	-1218.107	210.959	1.878881	0.9911198	1.686585
5952	-1005.991	-1217.109	211.1184	1.875269	0.9911198	1.574237
5958	-1006.614	-1218.09	211.4759	1.992448	0.5963046	1.574237
5964	-1010.931	-1222.764	211.8324	2.047624	0.3545	1.579607
5970	-1026.74	-1238.163	211.4231	2.074337	0.4083069	1.775894
5976	-1009.124	-1220.282	211.1574	2.165822	0.5072155	1.775894
5982	-1018.276	-1228.766	210.4896	2.020037	0.7491554	2.093511
5988	-1037.818	-1247.619	209.8008	1.666169	0.535437	2.932038
5994	-1021.954	-1232.983	211.0281	1.966536	0.7143227	1.796429
6000	-1027.907	-1238.307	210.4004	1.815717	0.5652291	2.443247
6006	-1007.546	-1218.645	211.0993	1.785128	0.4971365	2.083454
6012	-1000.763	-1211.279	210.5157	1.611465	0.5435555	2.51983
6018	-1018.963	-1228.862	209.8993	1.589857	0.9922069	2.571262
6024	-1013.707	-1223.691	209.9848	1.483301	0.4055205	3.066291
6030	-1015.959	-1226.13	210.1716	1.570554	0.6051887	2.700758
6036	-1020.021	-1229.09	209.0687	1.570554	0.6187752	3.350241
6042	-1014.708	-1224.543	209.8352	1.482925	0.5174134	3.038702
6048	-1019.584	-1230.307	210.723	1.693107	0.5840695	2.298608
6054	-1023.992	-1234.49	210.4978	1.693107	0.5885503	2.437158
6060	-1030.375	-1239.912	209.5368	1.559664	0.815543	2.927996
6066	-1025.665	-1235.907	210.2424	1.565996	0.5676283	2.694147
6072	-1034.092	-1245.365	211.2737	1.956106	0.6907133	1.652395
6078	-1024.542	-1236.256	211.7139	1.896897	0.4580488	1.631271
6084	-1011.017	-1222.868	211.8507	2.118718	0.3817012	1.47186
6090	-1019.99	-1231.369	211.3789	1.918451	0.5608712	1.734674
6096	-1011.625	-1222.618	210.993	1.767036	0.5779041	2.081685
6102	-993.9131	-1205.592	211.6784	1.973201	0.4195079	1.652101
6108	-1016.831	-1228.464	211.6328	2.010525	0.3727175	1.722542
6114	-1009.375	-1220.473	211.0977	1.838033	0.5066208	2.03922
6120	-1015.153	-1226.698	211.5458	1.838033	0.4733805	1.773159
6126	-1023.711	-1235.246	211.5344	1.773767	0.6650043	1.620619
6132	-1004.932	-1216.712	211.7803	1.876438	0.4405671	1.620619
6138	-1011.92	-1223.07	211.1502	1.810652	0.5054148	2.02392
6144	-1034.736	-1246.236	211.4998	2.001144	0.4631627	1.703383
6150	-1026.164	-1237.988	211.8242	1.892757	0.3376612	1.72225
6156	-1003.452	-1214.93	211.4775	1.820191	0.3742684	1.957837
6162	-1018.83	-1229.948	211.1175	1.785481	0.3577423	2.239254
6168	-1013.279	-1224.068	210.7884	1.861704	0.4940273	2.239254
6174	-1016.203	-1226.203	210.0007	1.567257	0.3864921	3.028651
6180	-1027.756	-1238.663	210.9077	1.698815	0.3582515	2.427229
6186	-1013.391	-1224.357	210.9661	1.530009	0.3416486	2.518371
6192	-1016.72	-1226.993	210.2737	1.390146	0.3657282	2.99616
6198	-1023.679	-1233.29	209.6109	1.454399	0.3313586	3.394149
6204	-1028.543	-1238.488	209.9449	1.538174	0.4077843	3.054752
6210	-1018.592	-1229.731	211.1389	1.961955	0.3906976	2.067052
6216	-1005.324	-1216.465	211.1405	1.93831	0.3708679	2.107569
6222	-1006.52	-1218.122	211.6023	2.071236	0.3708679	1.703859
6228	-1015.882	-1228.124	212.2419	1.957225	0.3823417	1.290681
6234	-1027.213	-1239.252	212.0389	1.994756	0.4071895	1.384271
6240	-1014.765	-1226.945	212.1807	2.045873	0.3526113	1.317671
6246	-1022.474	-1234.299	211.8251	2.110059	0.3924244	1.481778
6252	-1036.171	-1246.684	210.5134	1.588578	0.4909532	2.588286
6258	-1041.366	-1252.567	211.201	1.766037	0.4692467	2.06013
6264	-1027.338	-1238.458	211.1204	1.874106	0.4472348	2.067501
6270	-1009.046	-1220.305	211.2594	2.016823	0.4328364	1.896451
6276	-1021.166	-1232.399	211.2332	1.895875	0.4328364	1.99552
6282	-1027.845	-1239.281	211.4361	2.004094	0.4328364	1.783917
6288	-1030.23	-1241.443	211.2133	1.772638	0.4943016	2.019451
6294	-1028.17	-1239.282	211.1121	1.731462	0.4127762	2.207328
6300	-1036.894	-1248.815	211.9211	1.901113	0.5257578	1.388231
6306	-1025.258	-1236.57	211.3124	1.796609	0.5018528	1.928634
6312	-1034.309	-1245.897	211.5872	1.724635	0.6555109	1.627277
6318	-1037.905	-1249.59	211.6854	1.854446	0.5030626	1.627277
6324	-1019.672	-1228.895	209.224	1.528083	0.8031324	3.142886
6330	-1021.984	-1231.259	209.2753	1.687103	0.571095	3.20069
6336	-1021.036	-1231.107	210.0712	1.407151	0.7631814	2.734001
6342	-1009.643	-1219.863	210.2192	1.61498	0.47911	2.765255
6348	-1018.648	-1229.972	211.3243	1.597788	0.5822811	1.969759
6354	-1009.336	-1219.523	210.1875	1.748861	0.6555017	2.53709
6360	-1006.978	-1218.503	211.5257	1.822452	0.5652507	1.694125
6366	-1010.727	-1221.734	211.0068	1.857107	0.6217306	1.970366
6372	-1028.187	-1239.621	211.4335	1.825982	0.4552696	1.880503
6378	-1027.01	-1238.537	211.5269	1.896391	0.4221356	1.809299
6384	-1018.247	-1229.176	210.9287	2.083539	0.6864854	1.809299
6390	-1018.361	-1229.678	211.3174	2.231906	1.114775	1.019846
6396	-1021.964	-1233.685	211.7219	2.119192	0.8420819	1.006565
6402	-1012.295	-1223.302	211.0067	1.618389	0.4989933	2.250007
6408	-1012.419	-1222.72	210.3009	1.671555	0.4493574	2.712406
6414	-1020.635	-1230.534	209.8984	1.458012	0.4919333	3.040812
6420	-1011.898	-1221.839	209.9408	1.652706	0.6134359	2.784389
6426	-1014.787	-1225.704	210.9169	1.782009	0.6961645	2.012965
6432	-1008.188	-1218.749	210.561	1.742293	0.5406855	2.412139
6438	-1017.888	-1229.103	211.2145	1.752414	0.6373095	1.886075
6444	-1005.871	-1216.69	210.8184	1.724381	0.60455	2.197907
6450	-1013.746	-1224.103	210.357	1.8236	0.6334969	2.403039
6456	-1007.895	-1218.787	210.892	1.785107	0.708601	2.016696
6462	-1002.706	-1213.452	210.7462	1.864638	0.6048824	2.153419
6468	-1004.273	-1215.871	211.598	1.869681	0.5963893	1.574608
6474	-1003.421	-1215.016	211.5943	1.730318	0.4358093	1.859847
6480	-1009.421	-1221.348	211.9272	1.818542	0.6078713	1.350498
6486	-1022.141	-1233.675	211.5342	1.686617	0.5652634	1.783495
6492	-1019.402	-1230.766	211.3647	1.782611	0.4103944	2.011186
6498	-1020.687	-1231.731	211.044	1.540468	0.7301209	2.059939
6504	-1023.429	-1234.659	211.2294	1.870216	0.5265614	1.907889
6510	-1014.731	-1226.168	211.4372	1.867477	0.4085181	1.907889
6516	-1012.127	-1223.965	211.8381	1.864711	0.5314198	1.473134
6522	-1030.603	-1242.583	211.9805	1.979829	0.3440864	1.536644
6528	-1026.291	-1238.495	212.2037	2.124105	0.4098136	1.135742
6534	-1025.085	-1237.167	212.0815	2.140946	0.4170374	1.215591
6540	-1030.053	-1241.695	211.6422	1.884259	0.6114606	1.515069
6546	-1024.906	-1236.79	211.8839	1.897968	0.4509561	1.515069
6552	-1021.71	-1233.448	211.7373	2.15738	0.5193756	1.339097
6558	-1007.81	-1219.615	211.8051	2.089639	0.5193756	1.339097
6564	-1025.711	-1237.374	211.663	2.009474	0.4488281	1.598447
6570	-1018.547	-1230.177	211.6302	1.888459	0.5039535	1.641492
6576	-1011.626	-1222.754	211.1281	1.8722	0.4919495	2.012483
6582	-1016.646	-1227.434	210.7872	1.648784	0.9203147	2.012483
6588	-1015.979	-1227.149	211.1704	1.738943	0.8349864	1.754178
6594	-999.212	-1210.015	210.8031	1.931771	1.303001	1.556923
6600	-1012.911	-1223.862	210.9507	1.939883	1.054941	1.603644
6606	-1014.511	-1225.829	211.3185	2.064721	0.7535492	1.480933
6612	-1009.272	-1220.232	210.9598	2.029753	0.8874303	1.655968
6618	-1013.056	-1225.065	212.0095	2.006307	0.3533278	1.480581
6624	-1019.245	-1230.937	211.6918	2.289032	0.4423397	1.37467
6630	-1022.316	-1234.451	212.135	2.07169	0.3590674	1.322819
6636	-998.3709	-1209.789	211.4185	2.043556	0.5960433	1.579148
6642	-1013.129	-1224.705	211.5755	1.954008	0.5470343	1.583774
6648	-1015.825	-1226.73	210.9053	1.653847	0.6694462	2.128416
6654	-1011.493	-1222.374	210.8808	1.876385	0.5333274	2.128416
6660	-1005.761	-1216.306	210.5447	1.811913	0.6586418	2.268946
6666	-1007.818	-1218.59	210.7718	1.813578	0.6050112	2.169822
6672	-1021.228	-1232.35	211.1227	1.951769	0.5876165	1.861303
6678	-1017.03	-1228.633	211.6025	2.187438	0.639578	1.278608
6684	-1008.322	-1219.876	211.5541	1.903091	0.3629822	1.865391
6690	-1019.14	-1230.807	211.6674	1.789354	0.4371859	1.766846
6696	-1018.057	-1229.722	211.6656	1.908043	0.4641608	1.650364
6702	-1026.237	-1236.157	209.9195	1.658814	0.5184824	2.881085
6708	-1020.135	-1230.534	210.398	1.700669	0.6311761	2.456628
6714	-1018.649	-1229.744	211.0957	2.542895	1.390288	0.5496365
6720	-1026.556	-1238.31	211.7538	2.294016	0.9093257	0.6382933
6726	-1013.927	-1225.571	211.6443	2.184078	0.8751567	0.9819999
6732	-1028.777	-1239.99	211.2127	2.207526	1.248343	1.030747
6738	-1021.923	-1233.676	211.7533	2.306087	0.8543765	0.7294504
6744	-1033.233	-1245.292	212.0592	2.313211	0.6235673	0.6907675
6750	-1021.324	-1232.83	211.5066	2.40291	1.011875	0.702533
6756	-1028.139	-1240.009	211.8696	2.429476	0.7115917	0.5850056
6762	-1015.046	-1226.003	210.9567	2.828672	1.204842	0.4318115
6768	-1024.615	-1235.804	211.1882	2.630182	1.17876	0.5072755
6774	-1016.513	-1228.007	211.4947	1.845021	0.5685576	1.696563
6780	-1004.227	-1215.929	211.7019	1.86839	0.4944989	1.615482
6786	-1014.3	-1225.541	211.2411	2.378162	1.307241	0.7433843
6792	-1028.845	-1240.398	211.5531	2.355341	1.027825	0.67589
6798	-1025.231	-1236.786	211.5546	2.267356	1.081972	0.7351053
6804	-1023.989	-1235.324	211.3351	2.322904	1.181457	0.8360893
6810	-1015.406	-1227.018	211.6121	2.233958	0.9675104	0.8544997
6816	-1035.813	-1247.964	212.1514	2.29839	0.5724219	0.6855975
6822	-1025.237	-1236.776	211.5392	2.22447	0.9519072	0.964112
6828	-1026.474	-1238.113	211.6386	2.403387	0.8784102	0.714235
6834	-1025.449	-1236.954	211.5054	2.480414	0.9753035	0.6214081
6840	-1026.589	-1237.96	211.3715	2.570139	0.9753035	0.7103539
6846	-1012.442	-1224.5	212.0576	2.416794	0.5470915	0.7103539
6852	-1011.766	-1223.841	212.0746	2.232107	0.6629493	0.7103539
6858	-1018.179	-1230.243	212.0646	2.221761	0.6600727	0.7487847
6864	-1027.307	-1238.853	211.5455	2.379246	1.018398	0.6619374
6870	-1014.378	-1226.398	212.0196	2.314743	0.6426166	0.7105748
6876	-1010.053	-1222.033	211.9793	2.213328	0.6327876	0.9143685
6882	-1017.339	-1228.738	211.3992	2.260839	1.105023	0.9143685
6888	-1024.091	-1236.162	212.0702	1.990724	0.6947769	0.965497
6894	-1014.831	-1226.484	211.6532	2.215805	0.6723926	1.174043
6900	-1015.238	-1226.884	211.6465	2.26759	0.5302772	1.309581
6906	-1009.19	-1221.192	212.002	2.128929	0.576463	1.05974
6912	-1004.606	-1216.364	211.7577	2.109586	0.8222043	1.003087
6918	-1005.868	-1217.286	211.4182	1.952965	0.9920764	1.282495
6924	-999.6581	-1210.961	211.3029	1.792125	0.590992	1.843848
6930	-1001.642	-1213.487	211.8453	2.024774	0.6649389	1.181808
6936	-1003.186	-1214.47	211.2844	2.024774	1.185389	1.181808
6942	-1003.146	-1214.284	211.1373	2.029612	1.123729	1.345426
6948	-1000.057	-1211.522	211.4652	2.021428	0.9412577	1.229921
6954	-1008.17	-1219.209	211.0391	1.811204	0.6347357	1.967227
6960	-1009.366	-1220.64	211.2737	2.078579	0.407161	1.877288
6966	-1004.447	-1216.039	211.5923	1.824345	0.4470146	1.78245
6972	-1022.516	-1234.071	211.5551	1.88822	0.4794535	1.724233
6978	-1021.71	-1232.802	211.0925	1.892936	0.7460506	1.775053
6984	-1023.551	-1234.283	210.7325	2.016001	0.4839428	2.186612
6990	-1010.671	-1221.837	211.1663	1.700347	0.5200666	2.070466
6996	-1028.716	-1238.552	209.8355	1.96283	0.8859316	2.447797
7002	-1039.992	-1249.801	209.8094	1.748445	0.7715236	2.678984
7008	-1030.251	-1241.326	211.075	1.690469	1.131783	1.642145
7014	-1017.251	-1228.681	211.4294	1.715767	0.5400991	1.862361
7020	-1028.567	-1240.046	211.4789	2.185821	1.012513	1.002219
7026	-1022.086	-1234.076	211.9899	2.185821	0.6863907	0.8497939
7032	-1020.768	-1232.903	212.1354	2.343118	0.5386321	0.7253554
7038	-1010.291	-1222.03	211.7391	1.931967	0.7205409	1.287836
7044	-1014.57	-1225.072	210.5017	2.488592	1.708098	1.112105
7050	-1013.516	-1223.899	210.3827	2.431808	1.941154	1.137953
7056	-1010.852	-1221.454	210.6018	2.297122	1.941154	1.060475
7062	-1006.353	-1218.065	211.712	2.234057	0.845413	0.8914073
7068	-1013.72	-1225.797	212.0776	2.104338	0.6144441	0.9537438
7074	-1020.317	-1232.033	211.7151	2.239889	0.7973879	0.9427076
7080	-1009.403	-1220.972	211.5686	2.104107	1.027765	0.9790392
7086	-1019.478	-1231.138	211.6593	1.980395	0.9283996	1.107879
7092	-1009.448	-1221.286	211.8382	1.726692	0.5098573	1.601069
7098	-1012.552	-1224.711	212.1587	1.88952	0.4900566	1.253382
7104	-1014.016	-1225.254	211.2383	1.716478	0.7514664	1.791675
7110	-1025.788	-1236.832	211.0435	1.805129	0.7514664	1.86473
7116	-1021.175	-1232.506	211.3311	1.840584	1.007044	1.42881
7122	-1017.241	-1228.402	211.1612	1.667102	0.5714848	2.042979
7128	-1039.714	-1250.661	210.9477	1.758252	0.3259833	2.40811
7134	-1026.181	-1236.809	210.6274	1.635623	0.6272765	2.356357
7140	-1028.388	-1238.713	210.3251	1.439965	0.4432688	2.845472
7146	-1024.949	-1235.799	210.8504	1.695359	0.6407054	2.162747
7152	-1027.198	-1238.47	211.2724	1.755348	0.9923382	1.548275
7158	-1028.361	-1240.457	212.0963	1.675955	0.561209	1.384099
7164	-1022.026	-1233.845	211.8199	1.576571	0.4852001	1.750298
7170	-1031.173	-1242.159	210.9859	1.547173	0.6333309	2.177664
7176	-1038.458	-1249.547	211.0893	1.596743	0.6333309	2.077656
7182	-1047.501	-1258.488	210.987	1.575096	0.561445	2.226755
7188	-1027.01	-1238.419	211.4092	1.660954	0.4824441	1.976582
7194	-1018.723	-1230.13	211.4068	1.945102	1.156086	1.16728
7200	-1032.036	-1243.075	211.0393	1.663982	0.9997113	1.775142
7206	-1016.162	-1227.856	211.6941	1.752525	0.6543142	1.529848
7212	-1022.503	-1234.085	211.5821	1.789092	0.7111875	1.529848
7218	-1023.266	-1235.074	211.8075	2.237925	0.8921612	0.6814937
7224	-1033.78	-1245.298	211.5179	2.418932	0.9961671	0.6814937
7230	-1051.53	-1263.097	211.5672	2.279514	1.019551	0.7867352
7236	-1046.078	-1257.756	211.6772	2.158396	0.9267201	0.9154321
7242	-1021.041	-1232.257	211.2153	1.963728	0.8534985	1.545556
7248	-1025.628	-1237.476	211.8479	2.039399	0.8980908	0.8918879
7254	-1016.514	-1228.336	211.8228	2.017928	0.7477512	1.112884
7260	-1016.233	-1228.097	211.864	2.166625	0.6350663	1.074485
7266	-1020.377	-1232.063	211.6857	2.186693	0.8840365	0.9254932
7272	-1006.828	-1218.504	211.6768	2.250666	0.8348531	0.9254932
7278	-1020.764	-1232.255	211.4903	2.112192	1.179325	0.9036525
7284	-1009.036	-1220.838	211.8028	2.112192	0.8855971	0.8756509
7290	-1015.795	-1227.553	211.7581	2.013856	0.9173677	0.9927696
7296	-1031.279	-1242.9	211.621	2.340806	0.9425253	0.7326321
7302	-1025.699	-1237.321	211.6217	2.047565	1.162836	0.8426238
7308	-1031.013	-1242.999	211.9855	2.106531	0.7687991	0.824145
7314	-1012.058	-1223.561	211.5031	2.403136	1.041469	0.6533432
7320	-1010.644	-1222.231	211.5879	2.352852	1.007048	0.6518051
7326	-1017.728	-1229.307	211.5788	2.352852	0.9456141	0.7727363
7332	-1023.151	-1235.302	212.1504	2.318271	0.571767	0.649989
7338	-1019.447	-1231.182	211.735	2.318271	0.8839889	0.6836928
7344	-1025.205	-1237.064	211.8594	1.848185	0.5692088	1.424895
7350	-1028.013	-1238.808	210.7958	1.69843	0.6512474	2.186731
7356	-1013.175	-1223.624	210.4492	1.694732	0.438001	2.619401
7362	-1029.426	-1239.955	210.5284	1.769659	0.4068374	2.559769
7368	-1033.067	-1243.796	210.7291	1.840241	0.7156861	2.082001
7374	-1032.515	-1241.116	208.601	1.520348	0.3406863	3.929205
7380	-1028.605	-1238.615	210.0096	1.679323	0.3406863	3.012568
7386	-1030.848	-1242.447	211.5993	1.927024	0.3981423	1.769319
7392	-1013.16	-1224.289	211.1283	1.818309	0.4468323	2.099468
7398	-1009.676	-1220.919	211.2427	1.987985	0.5653096	1.776551
7404	-1013.626	-1225.287	211.6601	1.96981	0.444505	1.634888
7410	-1022.17	-1234.014	211.8442	2.232976	0.4414896	1.29892
7416	-1004.53	-1216.555	212.0244	2.105664	0.2915423	1.498154
7422	-1028.33	-1239.478	211.1483	1.664926	0.5357288	2.089206
7428	-1011.389	-1222.951	211.5625	1.892126	0.5955816	1.585021
7434	-1018.501	-1230.12	211.619	2.210339	0.8365572	1.024292
7440	-1017.816	-1229.813	211.9969	2.113498	0.4430479	1.269461
7446	-1028.618	-1240.067	211.4495	1.912108	0.6071684	1.640246
7452	-1031.592	-1242.917	211.3249	1.936016	1.125503	1.267984
7458	-1027.316	-1239.364	212.0481	1.972178	0.4956605	1.268768
7464	-1021.764	-1234.088	212.3242	1.942112	0.2722552	1.430213
7470	-1018.084	-1228.795	210.7104	1.748008	1.092977	1.881662
7476	-1028.191	-1239.541	211.3496	1.657752	0.5354213	1.960657
7482	-1042.24	-1253.155	210.9151	1.646569	0.5239929	2.264646
7488	-1020.245	-1230.232	209.9867	1.609416	0.2949226	3.1294
7494	-1031.094	-1242.039	210.9451	1.492098	0.5567061	2.311494
7500	-1034.875	-1245.851	210.9764	1.674639	0.6110467	2.121347
7506	-1024.611	-1235.409	210.7977	1.528713	0.6631339	2.284413
7512	-1012.81	-1224.398	211.5884	1.750531	0.7300123	1.536011
7518	-1015.589	-1226.07	210.4805	1.902963	0.7132493	2.205216
7524	-1021.532	-1232.51	210.9773	1.648334	0.4262354	2.330994
7530	-1027.528	-1237.248	209.72	1.402551	0.402733	3.274584
7536	-1026.176	-1235.488	209.3113	1.538036	0.6329274	3.214542
7542	-1021.423	-1230.984	209.5613	1.797902	1.190845	2.536233
7548	-1023.149	-1233.951	210.802	1.726389	1.190845	1.77251
7554	-1018.907	-1230.144	211.2375	1.718649	0.6306765	1.89972
7560	-1015.22	-1226.899	211.6786	1.918505	0.6306765	1.441083
7566	-1013.347	-1224.799	211.4529	2.117015	0.6306765	1.461832
7572	-1021.342	-1232.235	210.8938	1.671455	0.4115392	2.3867
7578	-1028.347	-1238.931	210.5841	1.72793	0.7862496	2.192991
7584	-1014.245	-1223.931	209.6853	1.48668	0.7660666	2.917994
7590	-1013.103	-1224.634	211.5311	1.862567	0.4175866	1.835491
7596	-1030.531	-1241.734	211.2033	1.775011	0.6209021	1.894011
7602	-1035.392	-1245.128	209.7354	1.364199	0.8213241	2.922058
7608	-1026.81	-1236.501	209.6911	1.455472	0.7815129	2.922058
7614	-1029.476	-1239.513	210.0369	1.61475	0.8721086	2.548978
7620	-1009.463	-1219.913	210.4494	1.626686	0.4541587	2.643422
7626	-1021.067	-1232.304	211.237	1.694953	0.645529	1.902066
7632	-1022.483	-1233.702	211.2185	1.824501	0.5146076	1.959008
7638	-1018.826	-1230.369	211.5428	1.784996	0.4917343	1.79046
7644	-1020.867	-1232.27	211.403	1.809072	0.4917343	1.870088
7650	-1039.601	-1250.517	210.9161	1.434381	0.493108	2.430899
7656	-1032.047	-1242.856	210.8084	1.616493	0.6450997	2.237007
7662	-1028.724	-1240.067	211.3431	1.61951	0.6148991	1.910457
7668	-1024.383	-1235.774	211.3912	1.674917	0.5267781	1.930304
7674	-1005.441	-1216.911	211.4697	1.85769	0.9324443	1.366996
7680	-1018.829	-1229.817	210.988	1.92184	0.7635137	1.812513
7686	-1028.376	-1240.045	211.6692	1.734572	0.4406472	1.799348
7692	-1015.832	-1226.666	210.8338	1.701822	0.3929053	2.428002
7698	-1019.867	-1228.608	208.7401	1.56503	0.3576267	3.803109
7704	-1022.94	-1234.912	211.9721	2.03192	0.4879169	1.292682
7710	-1009.126	-1220.642	211.5161	2.116003	0.7913529	1.24806
7716	-1008.558	-1220.694	212.1354	1.949916	0.4719334	1.24806
7722	-1023.964	-1235.407	211.4428	1.856518	0.7622489	1.53566
7728	-1023.854	-1235.201	211.3475	1.829279	0.5530565	1.826839
7734	-1022.647	-1233.914	211.2662	1.878008	0.530226	1.873596
7740	-1034.489	-1246.054	211.5655	1.92154	0.5947085	1.562193
7746	-1028.201	-1239.806	211.6046	1.792544	0.4888437	1.745515
7752	-1027.792	-1238.967	211.1755	1.916415	0.5988472	1.838042
7758	-1026.009	-1237.322	211.3125	1.811513	0.8609212	1.579884
7764	-1041.861	-1253.051	211.1902	1.866231	0.5067209	1.958669
7770	-1027.711	-1238.352	210.6405	1.750515	0.5019687	2.396068
7776	-1040.625	-1251.944	211.3194	1.635288	0.556491	1.974018
7782	-1027.97	-1239.151	211.1808	2.025316	1.156092	1.290222
7788	-1028.123	-1239.589	211.4661	2.057879	0.8559519	1.275748
7794	-1038.319	-1249.54	211.2215	2.211367	1.106056	1.136006
7800	-1031.933	-1243.768	211.835	2.106586	0.4958976	1.332334
7806	-1020.489	-1231.919	211.4298	1.880177	0.4637652	1.83572
7812	-1024.975	-1236.526	211.5509	2.036136	0.4945247	1.603364
7818	-1032.071	-1243.478	211.4065	1.914425	0.7329567	1.54658
7824	-1029.231	-1239.442	210.2108	1.852854	1.093369	2.144153
7830	-1025.976	-1236.885	210.9086	1.860998	0.3956772	2.275988
7836	-1029.253	-1240.95	211.697	1.736598	0.599432	1.596251
7842	-1024.768	-1236.578	211.8103	1.877281	0.4291217	1.613384
7848	-1007.404	-1218.521	211.1169	1.793238	0.4064591	2.171922
7854	-1023.233	-1234.771	211.5371	1.827603	0.4779984	1.780968
7860	-1025.834	-1236.991	211.1566	1.926377	0.4779984	1.973051
7866	-1027.235	-1237.92	210.6849	1.918416	0.8239523	1.972111
7872	-1019.511	-1229.919	210.4074	1.870941	0.4219026	2.554428
7878	-1030.62	-1241.63	211.0097	1.81062	0.6281595	1.993462
7884	-1028.516	-1239.304	210.788	2.13479	0.4576912	2.102508
7890	-1019.27	-1230.916	211.6464	2.086206	0.8922134	1.057651
7896	-1018.44	-1229.353	210.913	1.947347	1.193515	1.532638
7902	-1028.121	-1239.785	211.664	2.246503	0.8763746	0.8925549
7908	-1014.636	-1226.346	211.7108	2.239176	0.8027106	0.9414011
7914	-1017.661	-1229.001	211.3399	2.306134	1.231452	0.7954643
7920	-1027.651	-1238.526	210.8751	2.72272	1.364961	0.7030804
7926	-1019.306	-1229.942	210.6357	2.834114	1.624443	0.5311217
7932	-1038.268	-1248.702	210.4336	2.861947	1.888074	0.4532165
7938	-1011.274	-1221.661	210.3864	2.861947	1.961966	0.4423004
7944	-1017.774	-1228.236	210.4625	3.021556	1.507064	0.3343879
7950	-1020.954	-1230.971	210.0168	3.021556	2.352644	0.4789838
7956	-1020.391	-1230.407	210.0163	3.021556	2.352644	0.5274819
7962	-1004.954	-1215.659	210.705	2.767748	1.620313	0.5303594
7968	-998.7	-1209.525	210.825	2.53363	1.675558	0.7246397
7974	-1008.776	-1219.781	211.0055	2.434139	1.438859	0.8462006
7980	-1015.009	-1226.229	211.22	2.337163	1.092649	1.032188
7986	-1002.859	-1213.988	211.1285	2.150058	1.422808	1.032188
7992	-1006.91	-1217.987	211.0769	2.183171	1.305169	1.135742
7998	-1011.02	-1222.531	211.5115	2.211538	1.019305	0.9350153
8004	-1006.827	-1218.244	211.4162	2.033776	1.161453	1.074362
8010	-1035.397	-1247.296	211.8993	2.201451	0.7594366	0.8275555
8016	-1016.694	-1228.005	211.311	2.057366	1.055292	1.233304
8022	-1018.825	-1229.857	211.0319	2.184325	1.270126	1.199415
8028	-1033.656	-1244.813	211.1568	2.135655	1.295975	1.113333
8034	-1020.886	-1231.546	210.6602	2.089232	1.583427	1.384774
8040	-1029.66	-1241.202	211.5416	2.011948	1.236509	0.9029587
8046	-1034.536	-1246.348	211.8118	2.01434	0.9008927	0.9553002
8052	-1033.67	-1245.397	211.7264	2.089223	0.894025	0.9739553
8058	-1027.849	-1239.401	211.5516	2.13301	0.9971294	0.9977346
8064	-1020.793	-1231.294	210.5015	1.704447	0.4615751	2.554987
8070	-1025.094	-1235.435	210.3413	1.761792	0.9617381	2.202347
8076	-1023.263	-1233.644	210.3818	1.749494	1.143833	2.0694
8082	-1014.276	-1225.551	211.2752	1.913073	0.8272642	1.560706
8088	-1030.733	-1241.426	210.6929	1.861179	0.9653512	1.901601
8094	-1017.172	-1228.819	211.6471	2.17426	0.8483435	1.018955
8100	-1008.65	-1220.449	211.7998	1.863625	0.7800291	1.233149
8106	-1022.004	-1233.293	211.2895	1.953769	1.173342	1.246931
8112	-1005.473	-1217.423	211.9499	1.932432	0.6798144	1.153684
8118	-1007.828	-1219.544	211.7155	1.785948	0.7710686	1.373383
8124	-996.3983	-1208.089	211.6907	2.051631	0.8834411	1.057503
8130	-1002.573	-1214.284	211.7115	1.887143	0.9475304	1.126909
8136	-1011.035	-1222.876	211.8409	2.086725	0.8741576	0.8756453
8142	-1010.027	-1221.693	211.6655	2.488469	0.8076632	0.6554584
8148	-1024.49	-1236.474	211.9838	2.31918	0.6586268	0.7260703
8154	-1019.51	-1230.713	211.2029	2.073945	1.082339	1.287844
8160	-1024.415	-1236.131	211.7161	2.105058	0.9645896	0.8873135
8166	-1020.22	-1231.74	211.5194	2.11974	1.028691	1.011846
8172	-1017.58	-1229.413	211.8331	1.958539	0.7343956	1.171403
8178	-1017.405	-1228.853	211.448	2.035941	1.010908	1.171403
8184	-1030.564	-1242.668	212.1042	2.078102	0.6052594	0.9672266
8190	-1027.025	-1238.982	211.9568	2.031873	0.7119753	1.015942
8196	-1029.072	-1241.269	212.1965	1.76341	0.539635	1.259936
8202	-1022.347	-1234.016	211.6685	2.362178	0.9051828	0.6828292
8208	-1021.738	-1233.252	211.514	2.426603	1.044293	0.4678581
8214	-1017.374	-1228.784	211.4101	2.498469	1.066809	0.5832861
8220	-1025.756	-1237.628	211.8723	2.02132	0.5287409	1.327993
8226	-1030.869	-1242.557	211.6883	2.005121	0.6656633	1.327993
8232	-1037.634	-1249.258	211.6243	2.232986	0.8346899	0.9987438
8238	-1043.678	-1255.048	211.3702	1.767288	0.6534281	1.75311
8244	-1016.678	-1227.333	210.655	1.612305	0.3685147	2.625602
8250	-1017.977	-1228.434	210.4564	1.540633	0.4284332	2.720522
8256	-1037.911	-1248.84	210.9295	1.429894	0.4759281	2.443564
8262	-1023.045	-1234.567	211.5219	2.051428	0.9286782	1.166871
8268	-1027.857	-1239.038	211.1812	2.051428	1.339683	1.135301
8274	-1044.728	-1255.451	210.7226	2.21953	1.389107	1.346202
8280	-1024.578	-1233.824	209.246	1.404885	0.613969	3.347386
8286	-1012.377	-1223.091	210.7141	1.547258	0.5402508	2.438997
8292	-1014.019	-1225.517	211.4985	1.665202	0.5402508	1.849466
8298	-1009.743	-1221.351	211.6077	1.824635	0.5169902	1.687965
8304	-1000.468	-1211.463	210.9956	1.919359	0.8037623	1.775536
8310	-999.2408	-1210.631	211.3906	1.97041	0.7256441	1.523725
8316	-1007.594	-1219.186	211.5922	2.024062	0.6271732	1.430137
8322	-1030.564	-1242.568	212.0039	1.9566	0.4146181	1.430137
8328	-1027.404	-1238.932	211.5283	1.912161	0.761191	1.430137
8334	-1013.674	-1224.507	210.8331	1.970986	0.9318177	1.753509
8340	-1023.097	-1232.659	209.5615	1.728548	1.264012	2.540245
8346	-1041.827	-1250.717	208.8908	1.6096	1.264012	3.021917
8352	-1029.561	-1239.059	209.4981	1.571954	0.8837111	2.897471
8358	-1021.17	-1230.077	208.9065	1.465825	0.9693556	3.259894
8364	-1019.774	-1230.79	211.0163	1.565659	0.5632333	2.212156
8370	-1017.467	-1228.389	210.9228	1.637644	0.5775304	2.212156
8376	-1002.225	-1213.608	211.3829	1.600125	0.4989142	2.01631
8382	-1012.625	-1222.921	210.2961	1.655441	1.048917	2.244053
8388	-1007.582	-1217.281	209.6987	1.634754	0.3798418	3.17631
8394	-1008.649	-1219.287	210.6389	1.676803	0.4000822	2.55685
8400	-1026.482	-1236.585	210.1033	1.620068	0.681637	2.647249
8406	-1022.037	-1232.865	210.8276	1.829696	0.2798214	2.50578
8412	-1001.829	-1212.102	210.273	1.572991	0.5949039	2.646077
8418	-1018.864	-1230.093	211.2287	2.020232	0.6455102	1.682169
8424	-1012.641	-1224.007	211.3667	2.800294	0.7824242	0.3494422
8430	-1019.263	-1230.775	211.5115	2.057237	0.8385856	1.254971
8436	-1036.172	-1247.652	211.4796	1.981724	0.7689732	1.406725
8442	-1037.329	-1248.543	211.2139	2.894581	0.7917172	0.3047971
8448	-1020.732	-1232.528	211.796	2.488192	0.7307011	0.4592968
8454	-1031.304	-1242.925	211.621	2.583037	0.7971994	0.4656459
8460	-1019.229	-1230.979	211.7499	2.583037	0.6781765	0.400535
8466	-1023.335	-1234.54	211.2049	2.7825	0.961861	0.3751531
8472	-1017.854	-1229.211	211.3573	2.6221	1.000075	0.5608283
8478	-1012.565	-1223.803	211.2378	2.771132	0.9433253	0.3786642
8484	-1033.059	-1244.522	211.4625	2.622558	0.8972769	0.438907
8490	-1045.665	-1257.561	211.8954	1.994289	0.6378326	1.196999
8496	-1039.747	-1251.755	212.0077	1.929495	0.7347377	1.037948
8502	-1023.632	-1235.567	211.935	2.384629	0.6985853	0.5714666
8508	-1024.62	-1236.531	211.9109	2.384629	0.6985853	0.6404548
8514	-1028.487	-1240.277	211.7891	2.227751	0.8298605	0.8279497
8520	-1017.508	-1229.3	211.7927	2.13755	0.8298605	0.9286697
8526	-1033.618	-1245.319	211.7006	2.005294	0.9000242	1.074823
8532	-1032.71	-1244.233	211.5223	1.857744	0.9000242	1.352773
8538	-1030.089	-1241.687	211.5979	2.211151	1.024952	0.8291938
8544	-1028.977	-1240.883	211.906	2.295904	0.7225811	0.7524266
8550	-1014.674	-1226.224	211.5501	2.364773	1.048395	0.6174637
8556	-1010.837	-1221.575	210.7375	2.429029	1.693295	0.9503365
8562	-1009.595	-1220.847	211.2515	2.429029	1.149924	0.8429471
8568	-1016.079	-1227.332	211.2531	2.371121	1.213888	0.8429471
8574	-1030.64	-1241.488	210.8486	1.45735	0.48707	2.465248
8580	-1028.096	-1238.852	210.7563	1.571553	0.58051	2.35817
8586	-1037.023	-1247.516	210.4921	1.569731	0.5423788	2.561606
8592	-1029.988	-1240.457	210.4687	1.579457	0.7432343	2.395263
8598	-1033.211	-1243.682	210.4708	1.539752	0.6173162	2.523992
8604	-1014.873	-1226.016	211.1426	1.949422	0.7116499	1.730902
8610	-1011.712	-1223.542	211.8297	2.071598	0.2951632	1.659332
8616	-1000.508	-1212.062	211.554	1.956016	0.5338589	1.612957
8622	-1016.122	-1228.095	211.9732	1.882987	0.428657	1.489581
8628	-1016.457	-1228.088	211.6308	1.693737	0.4351192	1.860729
8634	-1014.425	-1225.98	211.5554	1.806783	0.4595605	1.804853
8640	-1034.216	-1245.13	210.9144	2.984631	0.9757088	0.2992832
8646	-1023.649	-1234.384	210.735	2.925973	1.239966	0.3048568
8652	-1028.77	-1239.776	211.0061	2.881407	0.967341	0.2851964
8658	-1028.095	-1239.072	210.977	2.968969	0.886934	0.2686349
8664	-1043.881	-1254.624	210.7434	2.927999	1.278297	0.344162
8670	-1030.756	-1242.336	211.58	2.673124	0.758512	0.4979495
8676	-1034.747	-1246.121	211.3743	2.673124	0.935868	0.4534571
8682	-1014.39	-1226.123	211.7326	1.776615	0.4808804	1.675818
8688	-1001.217	-1212.869	211.6517	1.785292	0.4808804	1.726974
8694	-1020.731	-1231.839	211.1086	2.772741	1.109178	0.4979332
8700	-1000.236	-1211.844	211.6078	1.881727	0.6367289	1.515929
8706	-1020.857	-1231.76	210.9032	1.72087	0.6367289	2.115254
8712	-1022.876	-1233.09	210.2142	1.772408	0.4928622	2.65759
8718	-1021.217	-1232.099	210.8826	1.645946	0.5139535	2.296183
8724	-1015.649	-1226.95	211.3012	1.691682	0.8049768	1.719982
8730	-1023.21	-1234.323	211.1128	1.551	0.5758483	2.146684
8736	-1028.138	-1238.615	210.4769	1.690952	1.015848	2.124755
8742	-1015.962	-1227.093	211.1309	1.650484	0.4182294	2.240832
8748	-1018.747	-1229.719	210.9722	1.557857	0.4918493	2.318468
8754	-1012.778	-1223.698	210.9203	1.787515	0.7670586	1.947224
8760	-1018.922	-1229.947	211.0249	1.706504	0.7478561	1.947224
8766	-1023.093	-1234.281	211.1875	1.814633	0.7772258	1.736702
8772	-1018.379	-1229.72	211.3414	2.403221	1.262642	0.4712624
8778	-1017.877	-1229.656	211.7793	2.417633	0.8032076	0.5361997
8784	-1013.091	-1224.489	211.3977	2.419655	1.176136	0.5427783
8790	-1006.297	-1217.875	211.5775	2.419655	0.9857393	0.5427783
8796	-1001.388	-1212.763	211.3749	2.457702	1.111119	0.6691432
8802	-1007.693	-1219.12	211.4269	2.317772	1.111119	0.8064114
8808	-1009.032	-1220.524	211.4919	2.18366	1.22807	0.7580917
8814	-1020.169	-1232.037	211.868	2.201107	0.8303604	0.7562718
8820	-1008.384	-1219.843	211.4583	2.261023	1.172214	0.7653503
8826	-1002.579	-1213.735	211.1562	2.325843	1.463995	0.7653503
8832	-1009.415	-1220.865	211.4501	2.050295	0.9386002	1.220664
8838	-1017.25	-1228.74	211.4899	2.044641	1.121427	1.028247
8844	-1034.288	-1246.276	211.988	2.098564	0.5182481	1.181482
8850	-1025.149	-1237.125	211.9762	2.09623	0.7557862	0.8676352
8856	-1030.652	-1242.596	211.9443	2.093758	0.7557862	0.9069665
8862	-1027.143	-1238.393	211.25	2.331255	1.298587	0.8068909
8868	-1018.478	-1229.528	211.0497	2.208554	1.431271	1.045519
8874	-1003.006	-1214.51	211.5042	2.208554	1.095297	0.8645055
8880	-1004.955	-1216.974	212.019	2.231055	0.732379	0.6455554
8886	-1007.519	-1219.13	211.6108	2.130084	0.9847885	0.9526953
8892	-1015.23	-1226.854	211.6244	2.128733	1.048239	0.8695861
8898	-1023.777	-1234.974	211.1963	2.06606	1.335507	1.11151
8904	-1022.816	-1234.672	211.8562	1.762562	0.7227067	1.32793
8910	-1024.198	-1234.838	210.6401	1.796533	1.329202	1.755439
8916	-1011.243	-1221.835	210.5925	1.647514	1.237764	1.942083
8922	-1022.128	-1233.433	211.3055	2.398902	1.154623	0.807335
8928	-1034.904	-1246.576	211.6726	2.321422	0.7493357	0.9628615
8934	-1033.628	-1245.151	211.5233	2.09726	0.5584976	1.50333
8940	-1024.958	-1236.137	211.1791	1.929212	0.5584976	1.868068
8946	-1027.867	-1239.121	211.2533	1.84326	0.457435	1.987782
8952	-1022.529	-1233.947	211.4184	2.073092	0.8568624	1.301474
8958	-1031.087	-1241.877	210.79	1.713251	1.096427	1.848832
8964	-1017.32	-1228.025	210.7053	1.564106	0.8795721	2.15115
8970	-1024.097	-1235.617	211.5203	1.763865	0.3067975	2.063302
8976	-1008.398	-1219.298	210.9003	1.843635	0.6374542	2.035589
8982	-1018.838	-1229.432	210.5938	1.95147	0.4080009	2.403596
8988	-1030.861	-1241.405	210.544	1.605024	0.6924639	2.372503
8994	-1048.372	-1258.804	210.4326	1.61779	0.3416143	2.79302
9000	-1027.732	-1239.417	211.6851	1.778672	0.6538712	1.517509
9006	-1027.793	-1239.683	211.8895	2.017457	0.809132	0.9784872
9012	-1013.846	-1225.247	211.4015	2.279651	1.204218	0.779541
9018	-1024.107	-1235.963	211.8554	2.224084	0.8074519	0.779541
9024	-1019.717	-1231.739	212.022	2.055846	0.8074519	0.7818427
9030	-1011.227	-1222.38	211.1527	2.108634	1.359617	1.094883
9036	-1018.679	-1229.612	210.9326	2.079673	1.108897	1.475831
9042	-1019.545	-1230.504	210.9594	1.989793	1.172995	1.479687
9048	-1005.071	-1216.991	211.9199	1.971597	0.7772273	1.031582
9054	-1010.019	-1221.592	211.5729	1.999943	0.8891654	1.204025
9060	-1001.817	-1213.061	211.2442	2.070563	1.150106	1.204025
9066	-1006.913	-1218.191	211.2776	1.955658	1.04036	1.355194
9072	-1012.979	-1224.558	211.5793	1.790858	0.6227179	1.618065
9078	-1000.909	-1212.221	211.3117	1.92357	0.8363261	1.518239
9084	-998.6211	-1209.994	211.3724	1.990433	0.7300187	1.518239
9090	-998.271	-1209.56	211.2886	1.776018	0.7160395	1.746185
9096	-1016.405	-1227.092	210.6877	1.913893	0.6142897	2.150592
9102	-1022.919	-1234.196	211.2766	1.470421	0.4410275	2.23599
9108	-1034.05	-1245.04	210.9904	1.658157	0.5271665	2.205374
9114	-1022.029	-1233.354	211.3247	1.72176	0.2983575	2.231011
9120	-1055.38	-1267.085	211.7051	2.256547	0.4351818	1.399793
9126	-1036.524	-1248.323	211.799	2.306062	0.3731321	1.380627
9132	-1022.041	-1233.246	211.205	2.005031	0.4986795	1.863578
9138	-1026.401	-1237.747	211.3464	1.860731	0.4387523	1.93596
9144	-1030.459	-1242.215	211.7558	1.90417	0.4088512	1.660536
9150	-1017.744	-1228.778	211.0339	1.757787	0.4159417	2.236978
9156	-1023.336	-1235.254	211.9172	2.041565	0.4535095	1.376376
9162	-1017.516	-1229.357	211.8411	2.257912	0.3788553	1.376376
9168	-1021.682	-1233.394	211.7116	2.156153	0.3993448	1.522272
9174	-1021.53	-1232.226	210.6963	1.90167	0.7622988	2.024472
9180	-1031.304	-1242.422	211.1181	1.8037	0.4454569	2.117398
9186	-1034.562	-1245.76	211.1974	1.888355	0.7535966	1.698058
9192	-1026.51	-1237.742	211.2324	1.800001	0.6086398	1.869089
9198	-1011.148	-1221.515	210.3669	1.672255	0.7561646	2.39083
9204	-1022.702	-1232.47	209.7678	1.672255	1.059759	2.560596
9210	-1026.421	-1238.338	211.9175	2.243675	0.5466806	1.073972
9216	-1024.109	-1235.779	211.6698	2.30737	0.6688203	1.081165
9222	-1025.513	-1237.247	211.7339	2.350681	0.733044	0.8863622
9228	-1009.185	-1220.537	211.3522	2.376575	0.9070177	1.046029
9234	-1003.593	-1215.563	211.9708	2.376575	0.4810899	0.9968216
9240	-1003.898	-1215.541	211.6424	2.345814	0.7070466	1.022576
9246	-1010.613	-1222.163	211.5502	2.715084	0.6677569	0.7645945
9252	-1009.261	-1221.186	211.9253	2.277478	0.6309234	0.906031
9258	-995.6854	-1207.253	211.5675	2.277478	0.9259176	0.906031
9264	-1005.181	-1216.403	211.2218	2.305696	1.238278	0.9299234
9270	-1020.89	-1232.159	211.2689	1.901129	0.5990563	1.783931
9276	-1031.344	-1242.567	211.2231	2.02544	0.6361564	1.691691
9282	-1017.505	-1229.107	211.6021	2.304547	0.9520058	0.7981071
9288	-1014.656	-1226.12	211.4636	2.258542	1.182219	0.7480629
9294	-1010.477	-1221.774	211.2962	2.31462	1.182219	0.8913124
9300	-1009.405	-1220.764	211.3589	2.335961	1.166959	0.8053256
9306	-1013.518	-1224.84	211.3218	2.261256	1.206687	0.8985935
9312	-1017.222	-1228.248	211.0257	2.372229	1.459794	0.8770783
9318	-1024.944	-1236.43	211.4852	2.09202	1.113817	0.9929488
9324	-1030.836	-1242.343	211.5072	2.271948	1.090877	0.7854241
9330	-1012.291	-1223.008	210.717	2.413696	2.079347	0.6875545
9336	-1006.093	-1216.761	210.6681	2.404983	2.017252	0.8259191
9342	-1003.88	-1215.16	211.2796	2.368497	1.202067	0.8259191
9348	-1002.185	-1213.603	211.418	2.195509	1.119893	0.9497755
9354	-993.6466	-1205.136	211.4889	2.023987	0.9126523	1.233276
9360	-1008.824	-1220.367	211.5437	2.023987	1.144255	0.9744268
9366	-1008.082	-1219.178	211.0958	2.030648	1.269951	1.274893
9372	-1019.097	-1230.484	211.3868	1.927733	1.170172	1.188807
9378	-1018.736	-1230.153	211.4173	1.79732	0.5627646	1.790464
9384	-1002.68	-1214.399	211.7195	1.819793	0.7927268	1.322669
9390	-1020.002	-1231.491	211.4881	1.834355	0.7927268	1.490956
9396	-1014.705	-1225.779	211.0734	1.854389	0.8514567	1.728133
9402	-1016.665	-1227.5	210.8356	1.603583	0.7366458	2.149814
9408	-1012.978	-1223.594	210.6157	1.641366	0.5575274	2.424878
9414	-1019.259	-1230.107	210.8478	1.805701	1.082275	1.753984
9420	-1030.04	-1241.47	211.4298	1.913876	0.6569842	1.602797
9426	-1043.169	-1254.846	211.677	2.022785	0.870506	1.110236
9432	-1034.576	-1246.083	211.5064	2.181491	0.6930073	1.303142
9438	-1033.784	-1245.918	212.1338	2.256035	0.3637332	1.161367
9444	-1020.915	-1232.764	211.8482	2.133945	0.8678047	0.8175311
9450	-1014.671	-1226.21	211.5384	2.252374	1.031161	0.8443135
9456	-1018.495	-1230.064	211.5693	2.167368	1.049204	0.8876567
9462	-1009.632	-1221.233	211.6005	2.152022	1.033078	0.8873965
9468	-1019.586	-1231.187	211.6006	2.334756	0.9116368	0.8162527
9474	-1006.582	-1218.168	211.5868	2.234338	1.022958	0.8162527
9480	-1001.3	-1212.36	211.0608	2.01886	1.391331	1.232405
9486	-999.5003	-1210.727	211.2267	1.878371	0.8076973	1.637821
9492	-1014.636	-1226.027	211.3904	1.823528	0.8438067	1.527771
9498	-1004.569	-1216.895	212.3264	2.051414	0.5178426	0.9002577
9504	-1011.368	-1223.08	211.7123	2.02843	0.8543209	1.08932
9510	-1012.068	-1222.884	210.8165	1.715769	1.028307	1.873513
9516	-1015.916	-1227.267	211.3508	1.801372	1.028307	1.427629
9522	-1014.336	-1225.529	211.1932	2.098186	1.028307	1.318102
9528	-1007.318	-1219.004	211.6868	2.067635	0.9336198	0.9931234
9534	-1012.446	-1223.575	211.1283	1.861556	1.239632	1.404255
9540	-1013.263	-1224.155	210.8913	1.766341	0.5642062	2.162133
9546	-1009.341	-1220.555	211.2135	1.590252	0.4632726	2.173833
9552	-1019.213	-1229.782	210.5692	1.874068	0.6582881	2.213527
9558	-1024.657	-1236.128	211.4711	1.808032	0.6582881	1.648074
9564	-1018.428	-1229.226	210.7982	1.895197	0.5970714	2.106833
9570	-1018.766	-1229.645	210.8793	1.559591	0.6539417	2.220191
9576	-1027.053	-1238.208	211.1556	1.726606	0.3825301	2.220191
9582	-1022.583	-1233.056	210.4726	1.866465	0.6088222	2.324743
9588	-1031.953	-1241.021	209.0679	1.632098	0.6313104	3.304063
9594	-1014.166	-1225.474	211.3085	1.922247	0.3157911	2.085056
9600	-1017.518	-1227.421	209.9027	1.785008	0.7159795	2.641655
9606	-999.9261	-1211.193	211.2671	1.896068	0.6282343	1.7596
9612	-1011.581	-1223.084	211.5024	2.242992	0.678456	1.271799
9618	-1004.332	-1216.154	211.822	2.269684	0.6086732	1.052136
9624	-1012.794	-1224.938	212.1441	2.243152	0.4862843	0.946672
9630	-1019.598	-1230.844	211.2455	2.252341	1.332082	0.8762728
9636	-1035.134	-1247.02	211.8859	2.351984	0.6649498	0.807441
9642	-1018.736	-1230.222	211.4861	1.658503	0.3889219	2.040457
9648	-1028.277	-1237.909	209.6321	1.526914	0.3710873	3.289894
9654	-1032.677	-1243.21	210.5335	1.73218	0.230138	2.825934
9660	-1020.001	-1230.689	210.6874	1.666119	0.4151706	2.515391
9666	-1025.532	-1236.884	211.3522	1.964408	0.3617657	1.962244
9672	-1024.907	-1236.338	211.4314	2.241575	0.9913187	1.015092
9678	-1018.985	-1230.354	211.3693	2.329581	0.937909	1.043256
9684	-1028.758	-1239.703	210.9451	2.269992	1.39544	1.111516
9690	-1026.571	-1237.969	211.398	2.532404	0.9792045	0.7224966
9696	-1025.316	-1236.593	211.2764	2.237034	0.9730964	1.178898
9702	-1008.706	-1219.863	211.1561	2.004787	0.3491545	2.083105
9708	-1001.959	-1212.512	210.5533	1.675358	0.7288585	2.291996
9714	-1001.459	-1211.643	210.1833	1.690164	0.6310965	2.597081
9720	-1010.952	-1222.936	211.9847	2.010101	0.4585004	1.34087
9726	-1016.48	-1228.402	211.9225	2.218311	0.4467418	1.238639
9732	-1021.282	-1232.448	211.166	2.232066	1.156376	1.126134
9738	-1018.06	-1229.965	211.9048	2.16683	0.643143	1.02452
9744	-1020.44	-1232.188	211.7489	2.105819	0.5880109	1.285991
9750	-1010.563	-1222.525	211.9625	2.04478	0.5729309	1.176454
9756	-1017.919	-1229.723	211.8035	1.987613	0.6152928	1.305603
9762	-1015.702	-1227.706	212.0038	2.22851	0.5792186	0.9549312
9768	-1024.577	-1236.69	212.1132	2.248658	0.4133348	1.098889
9774	-1025.073	-1236.612	211.5395	2.022758	0.9817657	1.127963
9780	-1023.933	-1235.86	211.927	2.050631	0.5687398	1.207374
9786	-1005.175	-1217.056	211.8809	2.13772	0.7267578	0.9666472
9792	-1022.836	-1234.076	211.2402	1.669171	0.5061365	2.057234
9798	-1016.089	-1226.878	210.7888	1.945812	0.5614513	2.114621
9804	-1006.554	-1217.935	211.3818	1.771874	0.4875647	1.91456
9810	-1009.494	-1220.937	211.4429	2.205208	0.7569908	1.269212
9816	-1018.344	-1230.197	211.8533	2.23099	0.5321764	1.164027
9822	-1005.793	-1217.391	211.5985	2.001669	0.8598813	1.20829
9828	-1016.978	-1227.756	210.7778	1.710936	0.6978612	2.149841
9834	-1028.388	-1239.743	211.3544	2.732809	0.868092	0.3744375
9840	-1012.527	-1223.978	211.4512	2.764669	0.7750336	0.4129828
9846	-1016.639	-1227.94	211.3016	2.764669	0.8897414	0.378953
9852	-1022.548	-1233.841	211.2933	2.757683	0.8897414	0.3575403
9858	-1012.102	-1223.4	211.2984	2.774792	0.8897414	0.3904382
9864	-1018.403	-1229.708	211.3043	2.723576	0.9399768	0.4068499
9870	-1008.923	-1220.049	211.126	2.727983	1.117256	0.4068499
9876	-1006.035	-1217.356	211.3211	2.67917	0.9793104	0.4437684
9882	-1017.507	-1228.935	211.4278	2.586563	0.9721942	0.4993
9888	-1011.132	-1222.806	211.6738	2.373395	0.9293738	0.5803864
9894	-1031.66	-1243.29	211.6299	2.482206	0.8798634	0.4931012
9900	-1029.627	-1240.114	210.4869	1.645221	0.4296004	2.636172
9906	-1006.147	-1216.327	210.1804	1.637149	0.6259322	2.636172
9912	-1036.315	-1247.246	210.9308	2.773455	1.297447	0.4231302
9918	-1037.405	-1248.533	211.1281	2.666976	1.191313	0.4255307
9924	-1029.451	-1239.914	210.4631	1.482063	0.5323941	2.643574
9930	-1020.162	-1230.252	210.0906	1.644659	0.4993255	2.804862
9936	-1005.445	-1216.119	210.6745	1.65176	0.4925548	2.446708
9942	-1012.094	-1223.77	211.6764	1.859509	0.4119031	1.744268
9948	-1026.186	-1237.129	210.9433	1.746737	0.7085675	2.008125
9954	-1031.943	-1243.558	211.6146	2.033045	0.4414294	1.626026
9960	-1020.322	-1231.243	210.9203	1.967603	0.8741152	1.738423
9966	-1024.787	-1235.568	210.7818	1.729592	0.8928009	1.981938
9972	-1040.221	-1251.057	210.8364	1.766671	0.5501954	2.211449
9978	-1019.815	-1231.187	211.3713	1.768324	0.643029	1.761618
9984	-1021.988	-1233.054	211.0654	1.862312	0.4287253	2.133368
9990	-1024.763	-1236.094	211.3313	1.982681	0.5093238	1.779907
9996	-1012.604	-1224.208	211.6037	1.826318	0.7515942	1.447188
10002	-1022.968	-1234.498	211.5299	1.900246	0.6715049	1.524776
10008	-1021.819	-1233.184	211.3654	1.912203	0.6853204	1.623117
10014	-1018.374	-1230.209	211.8353	1.865299	0.6475516	1.341929
10020	-1017.406	-1228.784	211.3787	1.837853	0.9394693	1.447276
10026	-1000.368	-1211.992	211.6245	1.916209	0.6674004	1.445624
10032	-1006.189	-1217.09	210.9013	2.006098	1.437906	1.344008
10038	-1018.415	-1229.746	211.3307	2.091631	0.9056204	1.314054
10044	-1008.964	-1220.415	211.4508	1.72118	0.8875142	1.522758
10050	-1003.336	-1215.326	211.9894	1.740759	0.5163522	1.470665
10056	-1015.927	-1227.409	211.4821	1.697239	0.8209568	1.572628
10062	-1016.465	-1227.215	210.7497	1.962236	1.304956	1.572628
10068	-1020.928	-1231.421	210.4933	1.937059	1.462452	1.686868
10074	-1029.169	-1240.411	211.2425	2.161311	1.282423	1.018951
10080	-1026.555	-1238.143	211.5886	1.778838	0.9888735	1.28819
10086	-1020.075	-1231.673	211.5981	2.01322	0.9888735	1.076471
10092	-1021.018	-1232.565	211.5468	2.138651	0.9888735	1.005129
10098	-1027.78	-1239.026	211.2458	2.143193	1.38668	0.9488038
10104	-1030.753	-1242.465	211.7114	2.129957	0.881409	0.9615989
10110	-1044.008	-1254.366	210.3581	1.78937	0.6796506	2.384187
10116	-1033.207	-1244.439	211.232	1.996951	0.3920894	1.980178
10122	-1037.21	-1247.877	210.6666	1.934373	0.7696169	2.016565
10128	-1027.301	-1237.969	210.6688	1.863525	0.8277241	2.016565
10134	-1035.55	-1247.016	211.4656	2.357035	0.4568456	1.476605
10140	-1042.708	-1254.558	211.8503	1.796346	0.3650946	1.731163
10146	-1040.147	-1251.413	211.2659	1.737305	0.5312181	1.967884
10152	-1030.856	-1242.222	211.3659	1.904252	0.380515	1.967884
10158	-1023.727	-1235.317	211.5891	1.826365	0.3372288	1.930547
10164	-1019.835	-1230.898	211.0629	1.909468	0.4931551	2.029693
10170	-1017.257	-1228.464	211.2072	1.851374	0.4434011	2.029693
10176	-1007.482	-1219.038	211.5562	1.996886	0.4434011	1.691226
10182	-1020.078	-1232.045	211.9667	2.090191	0.4928292	1.242226
10188	-1022.316	-1233.535	211.2188	1.941815	0.6795165	1.712132
10194	-1054.965	-1267.098	212.1333	2.234943	0.5902657	0.7733045
10200	-1020.906	-1232.249	211.3435	1.732337	0.3385084	2.153663
10206	-1021.659	-1232.817	211.1575	1.727836	0.3293691	2.289379
10212	-1005.071	-1216.24	211.169	1.80374	0.6631561	1.857898
10218	-1012.567	-1223.958	211.3914	1.85903	0.6368288	1.68965
10224	-1003.762	-1215.037	211.2743	1.85903	0.4757143	1.941875
10230	-1011.814	-1223.208	211.3941	1.641519	0.4145375	2.079878
10236	-1011.472	-1222.199	210.7264	1.875935	0.6926859	2.079878
10242	-1021.027	-1232.987	211.9595	1.869766	0.2865632	1.724966
10248	-1019.406	-1230.012	210.6058	1.525263	0.2888647	2.816433
10254	-1012.471	-1223.402	210.9308	1.677585	0.5558553	2.202335
10260	-1023.414	-1234.419	211.0056	1.746676	0.3408422	2.358352
10266	-1006.608	-1218.119	211.5103	2.002984	0.3294051	1.875777
10272	-1022.453	-1233.817	211.3645	1.882763	0.276775	2.134283
10278	-1017.068	-1229.069	212.001	2.091094	0.2266769	1.647832
10284	-1009.917	-1221.419	211.502	2.074597	0.3305227	1.830711
10290	-1012.214	-1223.628	211.4144	1.871741	0.4006924	1.930558
10296	-1029.912	-1241.173	211.2611	1.970381	0.6609557	1.679593
10302	-1016.524	-1227.723	211.199	1.698835	0.4016392	2.185894
10308	-1025.244	-1236.721	211.4775	1.903637	0.3824823	1.890351
10314	-1030.791	-1242.669	211.878	2.100344	0.3449791	1.521864
10320	-1042.95	-1251.888	208.9388	1.574823	0.294815	3.762985
10326	-1032.03	-1242.669	210.6389	1.481122	0.3855019	2.695285
10332	-1028.724	-1239.062	210.3385	1.581897	0.442076	2.75221
10338	-1025.458	-1236.198	210.7408	1.532536	0.442076	2.534573
10344	-1012.983	-1224.247	211.264	1.896061	0.7224344	1.672958
10350	-1020.385	-1231.765	211.3794	1.919837	0.6188778	1.672958
10356	-1034.298	-1246.04	211.7418	2.06789	0.4523591	1.492364
10362	-1024.443	-1236.371	211.9286	2.080439	0.7273616	0.9757987
10368	-1033.091	-1244.757	211.6652	2.202484	0.576895	1.288913
10374	-1038.391	-1250.517	212.1255	2.345752	0.3670612	1.081675
10380	-1024.593	-1236.69	212.0971	2.159206	0.3670612	1.269023
10386	-1030.524	-1242.879	212.355	2.18567	0.4093593	0.9296041
10392	-1034.014	-1246.248	212.2343	2.135586	0.431911	1.059292
10398	-1026.728	-1238.253	211.5246	1.878292	0.3520891	1.91766
10404	-1017.951	-1230.088	212.1362	2.318985	0.264865	1.295565
10410	-1018.553	-1228.019	209.4655	2.272419	0.1419536	3.306643
10416	-1029.803	-1240.65	210.8468	2.693075	0.1040313	2.297019
10422	-1038.359	-1248.325	209.9659	2.338603	0.1040313	3.057746
10428	-1033.607	-1242.469	208.8612	2.26691	0.1040313	3.747681
10434	-1056.896	-1267.142	210.2459	1.794678	0.1789343	3.052788
10440	-1045.667	-1254.564	208.8963	1.604592	0.1580828	3.990935
10446	-1042.426	-1249.36	206.9337	1.194547	0.4971779	4.887864
10452	-1042.116	-1252.088	209.9714	1.494113	0.4971779	2.970158
10458	-1037.516	-1248.182	210.6664	1.583697	0.4971779	2.489619
10464	-1013.477	-1223.917	210.4395	1.608923	0.6294674	2.489619
10470	-1024.684	-1235.731	211.0471	1.85472	0.5165418	2.051035
10476	-1027.239	-1237.752	210.5127	1.706662	0.4521011	2.55701
10482	-1011.522	-1222.647	211.1247	1.726059	0.4521011	2.156043
10488	-1024.444	-1234.86	210.4161	1.69993	0.3497563	2.742392
10494	-1020.27	-1231.119	210.849	1.771803	0.5986991	2.152739
10500	-1009.201	-1220.602	211.4019	1.834781	0.2825721	2.131966
10506	-1017.047	-1228.273	211.2259	1.867849	0.4323547	2.019633
10512	-1026.221	-1237.543	211.3224	1.653622	0.4651308	2.058897
10518	-1026.685	-1237.203	210.5185	1.514905	0.4783375	2.643896
10524	-1032.16	-1240.595	208.4356	1.387898	0.5857679	3.851777
10530	-1031.584	-1239.677	208.0925	1.363718	0.5023448	4.136121
10536	-1034.199	-1242.805	208.6058	1.326323	0.5394002	3.829912
10542	-1028.482	-1238.798	210.3157	1.727296	0.5658724	2.550878
10548	-1031.169	-1242.65	211.4817	1.541603	0.4785484	2.012234
10554	-1027.432	-1237.868	210.4358	1.513113	0.7228168	2.473879
10560	-1028.636	-1240.09	211.4544	1.589635	0.6708264	1.801776
10566	-1031.828	-1242.439	210.6117	1.636126	0.4772669	2.511983
10572	-1032.881	-1243.667	210.786	1.84321	0.3401589	2.436972
10578	-1028.791	-1239.689	210.8975	1.821725	0.5448179	2.141469
10584	-1018.629	-1229.436	210.8067	1.546313	0.5559982	2.365709
10590	-1025.64	-1236.868	211.2286	1.795216	0.4853747	2.004176
10596	-1027.606	-1239.036	211.4297	1.797272	0.6381797	1.704994
10602	-1011.972	-1223.576	211.6046	1.727164	0.9360801	1.360545
10608	-1011.875	-1224.05	212.175	2.021589	0.4235128	1.22727
10614	-1009.542	-1221.709	212.1668	2.044628	0.415577	1.22727
10620	-1028.314	-1239.99	211.6762	2.019803	0.8721549	1.112047
10626	-1023.829	-1235.826	211.9974	2.17304	0.656457	0.9026716
10632	-1026.184	-1237.948	211.7642	2.262636	0.8310214	0.8135593
10638	-1013.191	-1225.275	212.0842	2.392727	0.5878026	0.554089
10644	-1016.186	-1227.967	211.7809	2.415946	0.7812598	0.6296003
10650	-1015.197	-1226.844	211.6477	2.433654	0.8345073	0.7302766
10656	-1010.586	-1222.265	211.6797	2.439542	0.8437763	0.6404602
10662	-1020.888	-1232.359	211.4711	2.439542	1.042337	0.6420141
10668	-1025.328	-1237.062	211.7334	2.465723	0.7697997	0.6554923
10674	-1023.893	-1235.241	211.3478	2.599566	1.038945	0.5164113
10680	-1018.05	-1229.631	211.5814	2.563115	0.850568	0.5141936
10686	-1021.335	-1232.749	211.4139	2.730539	0.850568	0.5141936
10692	-1020.645	-1231.705	211.0605	2.517562	1.401256	0.6877009
10698	-1041.943	-1253.105	211.1622	2.517562	1.296984	0.650778
10704	-1027.21	-1239.011	211.8006	2.272752	0.6119634	1.06496
10710	-1024.078	-1235.687	211.6086	2.24412	0.9520297	0.8656922
10716	-1027.817	-1239.573	211.7559	2.217959	0.7404864	0.9947182
10722	-1021.664	-1233.156	211.4927	2.428767	0.9224852	0.8192377
10728	-1006.55	-1218.337	211.7878	2.120651	0.6845943	1.12482
10734	-1018.829	-1229.984	211.1547	1.785385	1.030637	1.584721
10740	-1014.816	-1226.193	211.3768	1.687544	0.7857188	1.685527
10746	-1018.724	-1230.588	211.864	2.231053	0.3755695	1.384616
10752	-1014.874	-1227.094	212.2205	2.017643	0.2409962	1.512441
10758	-1019.3	-1229.735	210.4355	1.612629	0.6419374	2.478905
10764	-1035.771	-1246.853	211.0822	1.752982	0.6419374	1.970675
10770	-1021.664	-1233.037	211.3727	1.770494	0.6526517	1.749896
10776	-1020.688	-1232.34	211.6518	1.632133	0.5217927	1.78678
10782	-1010.964	-1221.478	210.5138	1.343474	0.3342215	2.919745
10788	-1020.097	-1229.959	209.8617	1.545463	0.3342215	3.188906
10794	-1036.607	-1247	210.3928	1.714022	0.6334552	2.449532
10800	-1023.923	-1235.649	211.7255	2.183329	0.6826989	1.126736
10806	-1032.917	-1244.61	211.6925	2.144353	0.7385556	1.126736
10812	-1031.18	-1243.386	212.2062	1.916407	0.5269483	1.137523
10818	-1030.441	-1241.722	211.2809	2.123243	0.7130338	1.503547
10824	-1017.762	-1229.612	211.8502	2.016416	0.7130338	1.129068
10830	-1008.152	-1219.869	211.7166	2.11856	0.4782783	1.43883
10836	-1005.314	-1217.383	212.0691	2.177024	0.445297	1.150212
10842	-1012.955	-1225.086	212.1312	2.177024	0.4115588	1.150212
10848	-1007.26	-1218.895	211.6342	2.26979	0.462332	1.407012
10854	-1011.398	-1222.65	211.252	2.011299	0.4968596	1.829166
10860	-1030.687	-1241.715	211.0286	1.901518	0.3675748	2.208665
10866	-1017.489	-1228.68	211.1909	1.864183	0.7716373	1.704104
10872	-1019.315	-1230.595	211.2797	2.12285	0.6373794	1.57952
10878	-1014.148	-1225.831	211.6828	1.952687	0.4851258	1.57952
10884	-1009.64	-1220.785	211.1446	1.870762	0.5446782	1.9455
10890	-1022.669	-1233.719	211.0508	1.703036	0.491811	2.174589
10896	-1025.392	-1236.322	210.9301	1.596717	0.6715837	2.147641
10902	-1019.065	-1230.363	211.2983	1.543828	0.5641365	2.041138
10908	-1016.929	-1227.994	211.0647	1.891035	0.6389374	1.892172
10914	-1027.125	-1238.747	211.622	1.875913	0.399345	1.787478
10920	-1028.119	-1238.176	210.0566	1.848679	0.3796313	2.833454
10926	-1029.926	-1241.396	211.4701	1.849353	0.3775538	1.938745
10932	-1010.62	-1221.619	210.9987	1.789015	0.400543	2.258299
10938	-1015.382	-1225.743	210.3609	1.788949	0.4413074	2.612057
10944	-1023.481	-1233.773	210.292	1.933633	0.5730132	2.429885
10950	-1007.23	-1218.035	210.805	1.826145	0.3489314	2.424034
10956	-1016.92	-1228.616	211.6955	2.054631	0.3738763	1.644928
10962	-1018.235	-1229.751	211.5159	2.051568	0.5606455	1.540446
10968	-1020.699	-1231.678	210.979	2.031365	0.5596883	1.933315
10974	-1016.368	-1228.004	211.6365	1.853732	0.5139184	1.650178
10980	-1008.255	-1219.936	211.6805	2.110221	0.3782622	1.609247
10986	-996.1874	-1207.571	211.384	1.969713	0.4600673	1.81004
10992	-1010.65	-1221.718	211.0686	2.045926	0.4886934	1.939706
10998	-1013.527	-1224.87	211.3439	2.110585	0.3667547	1.861919
11004	-1016.566	-1227.995	211.4293	2.047682	0.3323582	1.896057
11010	-1021.93	-1232.19	210.2599	1.567411	0.5525145	2.696733
11016	-1013.692	-1224.693	211.0012	1.720583	0.6030905	2.082454
11022	-1007.716	-1219.229	211.5133	1.888946	0.606293	1.611798
11028	-1019.368	-1230.626	211.2583	1.974872	1.071181	1.331694
11034	-1018.143	-1229.576	211.4334	1.737826	0.5818024	1.800637
11040	-1020.326	-1231.342	211.016	1.846058	0.8180915	1.800637
11046	-1018.363	-1229.621	211.2582	1.720856	0.8897598	1.661684
11052	-1023.044	-1234.648	211.6048	1.865056	0.6626421	1.504042
11058	-1041.169	-1253.13	211.9618	1.981725	0.5311516	1.284497
11064	-1029.528	-1241.613	212.0852	2.045332	0.5708518	1.068057
11070	-1018.555	-1230.273	211.7178	2.298794	0.7041392	0.9982363
11076	-1018.772	-1230.755	211.9827	2.276892	0.6218008	0.8551783
11082	-1015.842	-1227.733	211.891	2.616564	0.53341	0.6897938
11088	-1009.955	-1221.454	211.4993	2.266303	0.6646924	1.2704
11094	-1001.88	-1213.752	211.8726	2.087683	0.4600909	1.366073
11100	-1009.156	-1220.795	211.6394	2.141414	0.5676934	1.369646
11106	-1004.701	-1216.057	211.3562	1.875783	0.440511	1.917012
11112	-1035.219	-1246.942	211.7229	2.020022	0.8684379	1.072562
11118	-1022.196	-1233.806	211.6095	2.172587	0.8684379	1.035309
11124	-1000.897	-1212.209	211.3118	2.038068	0.4588251	1.81423
11130	-1023.855	-1234.049	210.1947	1.559148	0.35617	2.953962
11136	-1008.677	-1218.546	209.8694	1.62058	0.53348	2.92004
11142	-1021.608	-1230.968	209.3599	1.721618	0.8399047	2.92011
11148	-1021.149	-1231.958	210.8093	1.730655	0.2701715	2.593576
11154	-1017.194	-1227.848	210.6537	1.751417	0.3278155	2.593576
11160	-1008.693	-1219.405	210.7117	1.78054	0.4945299	2.339726
11166	-1019.231	-1229.955	210.7237	1.655816	0.4945299	2.41106
11172	-1005.239	-1215.82	210.5809	1.616236	0.4259718	2.600097
11178	-1007.228	-1217.69	210.4622	1.831475	0.5899601	2.370964
11184	-1019.536	-1230.53	210.9949	1.76524	0.3535236	2.336277
11190	-1023.321	-1234.291	210.9705	1.833638	0.5368118	2.094098
11196	-1018.351	-1228.678	210.3272	1.741838	0.5065289	2.592705
11202	-1018.444	-1228.435	209.9911	1.717914	0.7780418	2.580838
11208	-1020.23	-1231.17	210.9399	1.836159	0.5665421	2.082348
11214	-1005.889	-1217.241	211.3522	2.10058	0.5384474	1.648978
11220	-1018.966	-1230.529	211.5632	1.968643	0.4897289	1.648978
11226	-1036.704	-1248.05	211.3463	2.131209	1.017955	1.170965
11232	-1027.488	-1238.864	211.3765	2.137734	0.9668411	1.183755
11238	-1015.283	-1227.109	211.8261	2.2887	0.5486506	1.11388
11244	-1011.455	-1223.528	212.0737	2.068431	0.310534	1.455599
11250	-1015.057	-1226.667	211.6103	1.968203	0.4618436	1.649759
11256	-1020.129	-1231.575	211.446	2.008131	0.4618436	1.737957
11262	-1031.885	-1243.204	211.319	2.217133	0.5971568	1.523284
11268	-1019.42	-1231.132	211.712	2.089368	0.5903987	1.32642
11274	-1023.822	-1235.249	211.4272	2.032505	0.5903987	1.586848
11280	-1027.114	-1238.2	211.0861	2.167351	0.8579666	1.486286
11286	-1025.84	-1237.177	211.3372	2.153788	0.7130796	1.437689
11292	-1021.322	-1232.767	211.4445	1.970826	0.5779752	1.632413
11298	-1017.973	-1228.807	210.8337	1.726214	0.6088726	2.182763
11304	-1021.983	-1233.242	211.2599	1.901937	0.3278194	2.112694
11310	-1020.506	-1231.95	211.4434	1.932334	0.4790416	1.772044
11316	-1028.821	-1240.02	211.1987	2.020342	0.5135754	1.840718
11322	-1037.721	-1248.3	210.5788	1.87874	1.037167	1.91837
11328	-1033.08	-1244.446	211.3661	2.2059	0.5677505	1.529095
11334	-1035.579	-1246.837	211.2575	2.061995	0.5677505	1.711721
11340	-1029.627	-1241.609	211.9818	2.308037	0.3763764	1.225307
11346	-1022.686	-1234.405	211.7193	2.281131	0.4290124	1.378344
11352	-1022.099	-1232.749	210.6498	1.8433	0.7822408	2.077869
11358	-1028.5	-1239.978	211.4778	1.925658	0.5501158	1.671257
11364	-1011.74	-1223.05	211.31	1.791547	0.5826892	1.847746
11370	-1026.522	-1237.722	211.2008	1.819386	0.8793768	1.640308
11376	-1025.842	-1237.214	211.3728	1.811545	0.4661763	1.918551
11382	-1029.014	-1239.314	210.2996	1.499864	0.6391023	2.635899
11388	-1026.089	-1237.249	211.1597	1.964591	1.161943	1.351853
11394	-1019.342	-1231.419	212.0766	1.852406	0.7405494	1.038747
11400	-1034.838	-1246.484	211.6465	1.740735	0.7198948	1.509632
11406	-1014.813	-1225.643	210.8297	1.652248	0.6341054	2.210033
11412	-1015.89	-1226.666	210.7761	1.613855	0.3886639	2.524466
11418	-1021.426	-1232.429	211.0033	1.866241	0.6456324	1.944161
11424	-1025.962	-1237.476	211.5138	1.784739	0.3954539	1.929038
11430	-1029.172	-1239.776	210.6033	1.750503	0.6440587	2.283568
11436	-1021.614	-1231.909	210.2947	1.727028	0.6081832	2.525202
11442	-1026.684	-1235.718	209.0344	1.534135	0.600599	3.407023
11448	-1033.478	-1242.212	208.7342	1.394881	0.4648023	3.787388
11454	-1026.643	-1238.018	211.3749	1.925348	0.5936292	1.698142
11460	-1011.066	-1219.659	208.5931	1.584837	0.4787831	3.745362
11466	-1001.519	-1211.194	209.6749	1.551434	0.6361663	2.987065
11472	-1011.66	-1221.169	209.5095	1.60316	0.6367269	3.054723
11478	-1037.741	-1248.052	210.3108	1.701493	0.3601806	2.792415
11484	-1019.741	-1229.965	210.2239	1.566049	0.7300494	2.567322
11490	-1014.033	-1224.317	210.2841	1.695764	0.5904088	2.567322
11496	-1030.419	-1241.662	211.2429	1.698842	0.3982707	2.161613
11502	-1024.68	-1236.522	211.8426	1.743936	0.5011388	1.595727
11508	-1019.563	-1231.502	211.9393	1.857311	0.5011388	1.439023
11514	-1010.807	-1222.351	211.5441	1.930318	0.5583004	1.611195
11520	-1018.653	-1230.222	211.569	2.210961	1.018924	0.87165
11526	-1019.68	-1231.344	211.6638	2.210961	1.012185	0.7572166
11532	-1027.638	-1239.486	211.8482	2.043618	0.6386129	1.194205
11538	-1030.553	-1242.661	212.1075	1.995788	0.6490877	0.9848917
11544	-1006.187	-1217.675	211.4884	2.074006	0.607715	1.492172
11550	-1012.73	-1224.512	211.7814	1.920596	0.5161512	1.492172
11556	-1018.427	-1230.341	211.9134	1.935424	0.7070767	1.151786
11562	-1016.815	-1228.601	211.7863	1.944485	0.7316631	1.226539
11568	-1023.024	-1235.201	212.1767	2.107305	0.4449177	1.116958
11574	-1020.613	-1232.656	212.0435	2.158419	0.6015176	0.952389
11580	-1015.256	-1227.082	211.8254	1.94857	0.7106499	1.21259
11586	-1030.226	-1241.85	211.6241	2.024598	0.6045474	1.430063
11592	-1017.98	-1229.15	211.1704	1.919263	0.6407091	1.79863
11598	-1028.774	-1239.819	211.045	1.731692	0.6177711	2.032287
11604	-1017.822	-1229.105	211.2832	1.763819	0.9101434	1.59674
11610	-1016.108	-1227.45	211.3423	1.915695	0.9216988	1.429849
11616	-1029.48	-1241.302	211.822	1.78818	0.7701554	1.287154
11622	-1025.912	-1237.54	211.6285	1.850477	0.8529358	1.315153
11628	-1019.376	-1231.263	211.8865	1.845124	0.725763	1.232103
11634	-1015.539	-1227.269	211.7301	1.96841	0.7522835	1.232103
11640	-1018.107	-1230.026	211.9189	1.899004	0.8470159	1.023857
11646	-1025.817	-1237.859	212.0421	1.841803	0.7134732	1.113007
11652	-1018.066	-1230.344	212.2786	2.121344	0.4205103	1.050711
11658	-1019.479	-1231.107	211.6284	2.044859	0.6823318	1.326283
11664	-1019.898	-1231.666	211.7682	2.142936	0.7923164	0.9942778
11670	-1032.389	-1244.433	212.0439	2.21621	0.5706632	0.939015
11676	-1035.992	-1247.804	211.8118	1.917976	0.7444097	1.213877
11682	-1024.216	-1236.356	212.1392	1.978074	0.3777319	1.363777
11688	-1026.823	-1238.527	211.7038	1.807362	0.6680714	1.467379
11694	-1028.209	-1239.568	211.359	2.021526	0.9301108	1.32672
11700	-1012.478	-1223.792	211.3141	1.970051	0.7813574	1.529746
11706	-1025.942	-1237.544	211.6013	2.076189	0.7173941	1.285831
11712	-1022.816	-1234.522	211.7066	2.012871	0.7173941	1.251235
11718	-1026.466	-1237.748	211.2815	1.829801	0.787719	1.650328
11724	-1021.467	-1232.785	211.3182	1.785516	0.7652216	1.675149
11730	-1032.37	-1242.835	210.4658	1.893004	1.453916	1.741969
11736	-1035.586	-1245.804	210.2179	2.043976	2.357041	1.403722
11742	-1016.5	-1227.582	211.0825	1.752903	0.495294	2.117595
11748	-1020.516	-1230.678	210.1617	1.685073	0.9658263	2.363748
11754	-1012.47	-1222.217	209.7465	1.746466	0.9388909	2.602801
11760	-1027.81	-1237.632	209.8219	1.503554	0.7292079	2.852839
11766	-1025.506	-1235.817	210.3103	1.638254	0.6643076	2.522014
11772	-1026.316	-1236.884	210.5688	1.592903	0.5099754	2.531649
11778	-1017.44	-1227.743	210.3034	1.508416	0.8848041	2.440119
11784	-1025.664	-1235.858	210.1941	1.673731	0.7434086	2.508397
11790	-1025.768	-1236.399	210.6313	1.597541	0.5764102	2.424665
11796	-1027.599	-1239.031	211.4319	1.672963	0.4855954	1.949713
11802	-1025.557	-1236.125	210.568	1.697272	0.9330197	2.116256
11808	-1012.43	-1224.162	211.7325	1.880239	0.4812353	1.600922
11814	-1020.513	-1231.279	210.7658	1.665431	0.4497116	2.427096
11820	-1019.86	-1230.662	210.802	1.721825	0.4786934	2.336563
11826	-1035.147	-1245.903	210.7564	1.813103	0.6576389	2.132111
11832	-1019.403	-1230.567	211.1644	1.939935	0.5399744	1.890335
11838	-1016.544	-1227.964	211.4201	1.912305	0.42947	1.862384
11844	-1008.099	-1219.33	211.2305	1.885686	0.6373353	1.78346
11850	-1013.498	-1225.051	211.5525	1.936823	0.932189	1.235669
11856	-1014.583	-1226.544	211.9604	1.984545	0.5682727	1.235669
11862	-1008.602	-1220.422	211.8201	2.004051	0.6523061	1.235669
11868	-1018.482	-1229.994	211.5119	1.897945	0.7909071	1.426097
11874	-1040.369	-1251.968	211.5992	1.961527	0.4101049	1.729217
11880	-1030.059	-1241.433	211.374	1.961037	0.5415349	1.729217
11886	-1032.944	-1244.373	211.4282	1.831377	0.5913255	1.729217
11892	-1032.956	-1243.92	210.9639	1.70169	0.6516295	2.074469
11898	-1033.002	-1243.225	210.2229	1.815663	0.6516295	2.476548
11904	-1028.175	-1239.009	210.8344	1.595987	0.5244946	2.347933
11910	-1024.408	-1235.415	211.0071	1.67027	0.4325069	2.290592
11916	-1033.222	-1243.297	210.0748	1.670623	0.4686229	2.830277
11922	-1019.822	-1231.08	211.2581	1.828787	0.3372023	2.148284
11928	-1021.423	-1232.265	210.842	1.876483	0.3508046	2.366333
11934	-1036.923	-1242.958	206.0349	1.318171	0.3869757	5.427255
11940	-1031.286	-1236.714	205.4281	1.232073	0.8057049	5.463814
11946	-1022.129	-1232.137	210.0082	1.284069	0.4299527	3.143834
11952	-1027.229	-1236.832	209.6033	1.476728	0.5567535	3.143834
11958	-1020.975	-1232.684	211.7084	1.627143	0.5030902	1.772021
11964	-1025.406	-1237.32	211.9138	2.489162	0.5411565	0.8263143
11970	-1019.574	-1231.724	212.1496	2.309817	0.5058964	0.8263143
11976	-1031.842	-1243.51	211.6685	2.306911	0.8677485	0.8263143
11982	-1019.851	-1231.288	211.4365	2.331929	1.069323	0.8263143
11988	-1007.153	-1218.74	211.5868	2.225079	0.948909	0.9159551
11994	-1013.334	-1224.732	211.3971	2.225079	1.034548	1.022923
12000	-1022.947	-1235.116	212.1688	2.183013	0.5069471	0.947907
12006	-1009.775	-1221.355	211.58	1.987611	0.9326951	1.168162
12012	-1028.801	-1239.724	210.9224	2.103181	1.137145	1.44607
12018	-1013.941	-1225.524	211.583	2.009157	0.987436	1.095576
12024	-1019.2	-1231.076	211.8756	2.12008	0.6662528	1.067127
12030	-1019.612	-1231.339	211.7269	1.982463	0.5653834	1.427982
12036	-1009.398	-1221.512	212.1135	2.006647	0.4365134	1.27116
12042	-1017.821	-1229.321	211.5004	1.881719	0.8243597	1.417293
12048	-1017.333	-1228.637	211.3048	1.787922	0.9803614	1.50895
12054	-1024.847	-1235.689	210.8423	1.688288	0.8766039	1.98098
12060	-1027.581	-1238.729	211.1483	2.045994	1.283033	1.208929
12066	-1026.442	-1237.782	211.34	2.045994	0.4587494	1.789314
12072	-1018.991	-1230.498	211.5075	2.140377	1.158107	0.8733624
12078	-1025.402	-1236.581	211.1792	2.095958	1.380107	1.066993
12084	-1031.397	-1242.373	210.9763	2.259089	1.397723	1.091292
12090	-1018.032	-1229.645	211.6126	2.131326	1.029779	0.9007504
12096	-1014.88	-1226.935	212.0546	2.01153	0.7257617	0.9173745
12102	-1027.015	-1238.799	211.7841	2.065357	0.9731419	0.8434503
12108	-1021.979	-1233.646	211.6669	2.188792	0.9669912	0.8434503
12114	-1013.773	-1225.556	211.7826	2.191515	0.7348076	1.001645
12120	-1012.825	-1224.121	211.2955	2.044913	0.9477319	1.343991
12126	-1017.937	-1229.709	211.7724	2.044913	0.7236295	1.160832
12132	-1033.112	-1244.714	211.6027	1.95467	0.9711581	1.142058
12138	-1028.408	-1239.609	211.2003	1.916691	1.003109	1.47347
12144	-1021.454	-1231.328	209.8738	1.676891	0.501391	2.914663
12150	-1031.271	-1241.337	210.0662	1.48442	0.501391	2.914663
12156	-1013.702	-1224.058	210.3564	1.602866	0.503108	2.663962
12162	-1001.382	-1211.485	210.1029	1.775806	0.5537827	2.663962
12168	-1018.168	-1228.741	210.5732	1.758625	0.6705033	2.274598
12174	-1018.09	-1229.58	211.4906	1.904104	0.6185263	1.604589
12180	-1012.81	-1224.583	211.7732	1.975172	0.4328011	1.564071
12186	-1030.219	-1241.735	211.5164	1.738858	0.5443524	1.781862
12192	-1022.011	-1232.83	210.8185	1.932048	0.4737768	2.196527
12198	-1025.869	-1236.986	211.117	1.976688	0.4201957	2.034561
12204	-1007.028	-1218.371	211.3434	2.010728	0.4410506	1.833051
12210	-1013.184	-1224.853	211.6686	1.850459	0.310638	1.900313
12216	-1016.304	-1227.89	211.5858	2.15045	0.616913	1.347731
12222	-1017.697	-1229.298	211.6017	1.976876	0.4999939	1.602899
12228	-1031.116	-1241.4	210.2844	2.094582	0.6012284	2.306237
12234	-1040.59	-1251.076	210.4854	1.926665	0.7756403	2.136225
12240	-1031.221	-1241.891	210.6701	1.861235	0.8153938	2.026669
12246	-1037.012	-1247.745	210.7323	1.853426	0.6579499	2.121185
12252	-1030.999	-1241.869	210.8695	2.025307	0.7404792	1.842474
12258	-1030.422	-1241.953	211.531	2.006701	0.5583121	1.56501
12264	-1022.114	-1233.575	211.4609	2.245899	0.5170447	1.487519
12270	-1018.829	-1230.086	211.2567	2.120141	0.3782471	1.899017
12276	-1008.909	-1220.674	211.7658	2.276697	0.4332622	1.338869
12282	-1016.211	-1227.483	211.273	2.312461	0.7079654	1.369444
12288	-1006.735	-1218.658	211.9229	2.268501	0.3214869	1.398692
12294	-1007.916	-1220.225	212.3089	2.224014	0.2519314	1.258888
12300	-1009.965	-1221.963	211.9977	2.1912	0.3827952	1.298306
12306	-1013.367	-1225.255	211.8884	2.364387	0.2971576	1.394234
12312	-1012.154	-1224.222	212.0681	2.291284	0.3429995	1.224965
12318	-1018.954	-1230.715	211.7602	2.126103	0.3524337	1.578196
12324	-1017.378	-1229.296	211.9183	2.005175	0.3524337	1.550872
12330	-1024.653	-1236.667	212.0137	2.034683	0.5007005	1.238418
12336	-1017.682	-1229.914	212.2322	2.270857	0.2384596	1.312459
12342	-1005.981	-1218.056	212.0747	2.223265	0.2384596	1.472584
12348	-1037.604	-1249.616	212.0122	2.10169	0.3289798	1.445717
12354	-1014.904	-1226.123	211.2186	1.912444	0.6624134	1.749056
12360	-1021.373	-1232.777	211.4047	2.142884	0.499502	1.625933
12366	-1010.071	-1221.173	211.1021	1.998391	0.4326152	2.014838
12372	-1014.965	-1226.282	211.3163	1.875769	0.4033716	1.990218
12378	-1016.245	-1227.937	211.6926	2.167504	0.4307565	1.483717
12384	-1003.104	-1214.86	211.7562	2.066096	0.4517102	1.483717
12390	-1016.144	-1228.1	211.9556	1.967803	0.4973524	1.344924
12396	-1035.996	-1247.82	211.8236	1.964916	0.3704383	1.622311
12402	-1043.017	-1253.494	210.4776	1.615403	0.7644118	2.350277
12408	-1029.312	-1240.865	211.5523	1.792691	0.4242094	1.860416
12414	-1013.225	-1223.49	210.265	1.599078	0.7286861	2.522243
12420	-1013.27	-1224.608	211.3378	1.925034	0.7844418	1.542851
12426	-1002.168	-1213.859	211.6908	2.028337	0.7844418	1.181111
12432	-1019.807	-1231.658	211.8513	2.014011	0.6140508	1.246017
12438	-1012.722	-1224.259	211.5368	1.977198	0.9243569	1.221814
12444	-1012.75	-1224.664	211.9135	2.003206	0.6489424	1.160149
12450	-1016.416	-1228.397	211.9809	2.337939	0.4619053	1.056916
12456	-1008.865	-1220.877	212.0116	2.280212	0.4914335	1.034405
12462	-1000.899	-1212.707	211.8082	2.290439	0.4508793	1.267616
12468	-1006.014	-1217.777	211.7638	2.233942	0.5101693	1.267616
12474	-1030.17	-1241.858	211.6883	2.002852	0.4003683	1.649774
12480	-1018.998	-1230.289	211.2907	1.944286	0.4786233	1.869601
12486	-1005.553	-1216.818	211.2653	1.950973	0.8726638	1.501869
12492	-1032.953	-1244.752	211.7987	2.043898	0.8338123	1.014323
12498	-1030.176	-1242.165	211.9895	2.311036	0.4132312	1.154222
12504	-1031.601	-1242.367	210.7652	1.708114	0.3843159	2.477721
12510	-1033.193	-1244.172	210.9787	1.662533	0.3843159	2.37194
12516	-1032.895	-1242.138	209.2432	1.643701	0.4805879	3.330692
12522	-1022.131	-1232.782	210.6511	1.794627	0.3844091	2.494874
12528	-1032.768	-1243.953	211.1855	2.041616	0.4656665	1.890124
12534	-1023.983	-1235.277	211.2941	1.893468	0.6837692	1.689093
12540	-1021.939	-1232.865	210.926	1.788813	0.4417326	2.255865
12546	-1014.422	-1225.293	210.8714	1.831641	0.6170554	2.081588
12552	-1027.862	-1239.789	211.9267	2.119857	0.4658326	1.288798
12558	-1030.071	-1241.57	211.4987	2.108148	0.8552687	1.207052
12564	-1041.895	-1253.601	211.7054	2.341682	0.9105858	0.6368095
12570	-1034.76	-1245.811	211.0511	2.503079	1.384468	0.7485558
12576	-1029.708	-1241.051	211.3435	2.434449	1.126518	0.7391535
12582	-1037.891	-1250.404	212.5128	2.202772	0.28484	1.022306
12588	-1024.226	-1236.102	211.8766	2.422832	0.4282055	1.130403
12594	-1022.645	-1234.325	211.6805	2.172459	0.9550453	0.8617078
12600	-1032.82	-1243.901	211.081	2.245787	1.370377	1.024815
12606	-1025.536	-1237.075	211.5392	1.909274	1.043227	1.174707
12612	-1013.623	-1225.007	211.3842	1.760434	0.9909038	1.461776
12618	-997.3838	-1208.815	211.4308	1.919453	0.801876	1.461776
12624	-1011.484	-1223.787	212.3026	1.927871	0.4985572	1.081304
12630	-1005.942	-1217.472	211.5294	2.092411	0.9450405	1.108299
12636	-1020.374	-1232.008	211.6341	2.292763	0.8889879	0.8573034
12642	-1016.653	-1228.286	211.6326	2.12324	0.9339778	0.9913085
12648	-1006.556	-1218.164	211.6078	2.035598	0.9339778	1.099163
12654	-1006.726	-1218.02	211.2937	2.03992	1.265098	1.099163
12660	-1012.473	-1224.333	211.8601	1.961913	0.7346508	1.144411
12666	-1021.228	-1232.957	211.7295	2.026365	0.8049498	1.127233
12672	-1014.346	-1224.947	210.6016	1.548271	0.3865606	2.675652
12678	-1024.059	-1234.7	210.6406	1.464029	0.40999	2.675652
12684	-1025.087	-1235.875	210.7881	1.56683	0.7296422	2.21018
12690	-1032.27	-1243.577	211.3068	1.769916	0.8874495	1.592975
12696	-1014.276	-1225.729	211.4531	2.118856	0.7639275	1.324271
12702	-1029.955	-1241.26	211.3048	2.026749	0.5682879	1.702646
12708	-1019.817	-1231.241	211.4241	2.012245	0.5682879	1.627729
12714	-1016.247	-1227.581	211.3349	1.838888	0.5682879	1.812863
12720	-1016.28	-1227.703	211.4233	2.03732	0.8425321	1.339365
12726	-989.2843	-1200.889	211.6049	2.016566	0.8878327	1.163153
12732	-1009.281	-1220.116	210.8347	1.94699	1.07834	1.666044
12738	-1019.685	-1230.563	210.8778	2.000639	1.209471	1.508777
12744	-1010.691	-1221.25	210.5586	2.112855	1.36046	1.569576
12750	-1009.879	-1221.318	211.4395	1.97146	0.905056	1.323708
12756	-1011.205	-1222.409	211.2044	1.795264	0.6340731	1.866816
12762	-1013.006	-1223.993	210.9873	1.795264	0.8107622	1.861222
12768	-1013.8	-1225.092	211.292	1.837594	0.9912292	1.472984
12774	-1008.678	-1220.131	211.4528	1.952609	0.781565	1.438153
12780	-1010.974	-1222.707	211.7329	2.339842	0.8062761	0.7906798
12786	-1009.375	-1220.82	211.4441	2.506685	0.9612244	0.7191336
12792	-1025.502	-1237.55	212.0477	2.409195	0.5425385	0.7494325
12798	-1022.576	-1234.323	211.7463	2.331117	0.7907671	0.8089691
12804	-1014.542	-1225.822	211.2802	2.403286	1.168028	0.8188952
12810	-1008.685	-1220.502	211.8165	2.352726	0.759253	0.7323071
12816	-1020.454	-1232.03	211.5754	2.290183	0.9739254	0.8222803
12822	-1021.235	-1232.749	211.5145	2.319756	1.013288	0.8115641
12828	-1006.949	-1218.738	211.7884	1.847867	0.673768	1.364757
12834	-1019.898	-1230.805	210.9072	1.766023	0.86194	1.895817
12840	-1025.333	-1236.494	211.1616	1.923773	1.059302	1.455805
12846	-1019.319	-1230.144	210.8257	2.045539	0.9735841	1.675531
12852	-1020.476	-1231.574	211.098	2.168166	0.9750047	1.380456
12858	-1026.558	-1238.169	211.6115	2.172851	0.864558	1.037312
12864	-1016.908	-1228.78	211.8728	2.105479	0.7411562	0.9894455
12870	-1008.05	-1219.753	211.7026	2.269732	0.7996272	0.921222
12876	-1011.568	-1222.769	211.2014	2.445444	1.323597	0.6737895
12882	-1000.265	-1211.166	210.9015	2.633163	1.523517	0.567964
12888	-1011.12	-1222.637	211.5173	2.550425	0.8828272	0.6576651
12894	-1026.439	-1238.021	211.5828	1.969716	0.7325084	1.370718
12900	-1021.061	-1232.492	211.4309	2.082203	0.9444903	1.204571
12906	-1026.81	-1238.376	211.5662	2.232412	0.9444903	0.9353753
12912	-1021.361	-1232.949	211.5878	2.105069	1.049884	0.9353753
12918	-1025.084	-1236.343	211.2582	2.207024	1.049884	1.154447
12924	-1027.57	-1239.387	211.8171	1.955439	0.8575461	1.056075
12930	-1020.969	-1232.58	211.611	1.64983	0.6428077	1.676355
12936	-1007.745	-1219.546	211.801	1.705477	0.7372963	1.402047
12942	-1005.892	-1217.423	211.5311	1.796114	0.6559588	1.615735
12948	-1005.632	-1217.236	211.6033	1.954268	0.8078358	1.293423
12954	-1018.094	-1229.922	211.8284	2.051338	0.7817121	1.037713
12960	-996.0665	-1207.708	211.6419	2.137718	0.8683965	1.037713
12966	-1008.821	-1220.18	211.3591	2.192288	1.01999	1.103236
12972	-1012.868	-1224.542	211.6735	2.129047	0.8939768	0.9873356
12978	-1013.08	-1224.941	211.861	2.111424	0.6515319	1.107166
12984	-1015.22	-1227.033	211.8124	2.199787	0.6836891	1.02899
12990	-1018.456	-1230.305	211.8492	2.127976	0.7318512	1.002235
12996	-1024.597	-1236.036	211.439	2.13937	0.9322903	1.159104
13002	-1028.97	-1240.221	211.2508	2.318269	1.160704	0.957663
13008	-1028.053	-1239.713	211.6606	2.42761	0.8912971	0.5798155
13014	-1018.007	-1229.58	211.5727	2.429	0.8871815	0.7617829
13020	-1015.265	-1226.994	211.7287	2.429	0.8110164	0.6386213
13026	-1021.953	-1234.022	212.0689	2.429172	0.5557663	0.6386213
13032	-1043.609	-1254.378	210.769	3.019735	0.9857376	0.2409357
13038	-1030.465	-1241.268	210.8028	3.005427	1.059348	0.2932911
13044	-1047.307	-1258.285	210.9778	2.915901	1.01441	0.327341
13050	-1028.903	-1240.123	211.2203	2.82925	0.8990938	0.3691944
13056	-1042.901	-1253.25	210.3491	3.065072	1.545172	0.2981055
13062	-1035.338	-1246.048	210.7099	2.979962	1.158816	0.2759441
13068	-1019.637	-1230.323	210.686	2.994105	1.229826	0.3133485
13074	-1028.571	-1239.678	211.1071	2.848324	1.020556	0.4311371
13080	-1017.688	-1228.771	211.0832	2.85869	1.020556	0.3983169
13086	-1032.324	-1243.582	211.2578	2.786877	0.932024	0.4281925
13092	-1048.151	-1259.736	211.585	2.231948	0.7839533	1.094312
13098	-1034.393	-1245.905	211.5119	2.081272	0.7839533	1.287511
13104	-1032.773	-1243.87	211.0966	1.98676	0.7839533	1.67349
13110	-1015.913	-1226.462	210.5497	1.954676	0.7952085	2.060246
13116	-1018.785	-1229.421	210.6356	1.83033	0.7632603	2.110813
13122	-1030.691	-1242.121	211.4303	2.528014	0.9605011	0.7079031
13128	-1037.598	-1248.856	211.2585	2.35368	1.356371	0.6895038
13134	-1033.413	-1244.595	211.1826	2.245675	1.524511	0.7783277
13140	-1027.086	-1238.31	211.2238	2.290539	1.207548	0.9716341
13146	-1007.785	-1219.776	211.9913	2.352966	0.6758634	0.5905024
13152	-1004.787	-1216.876	212.0891	2.200338	0.6758634	0.7100862
13158	-1021.86	-1233.28	211.4197	2.206445	1.033943	1.019568
13164	-1017.193	-1228.307	211.1135	2.101936	1.327689	1.159041
13170	-1016.014	-1228.029	212.0147	2.015611	0.5708408	1.159041
13176	-1012.784	-1224.298	211.514	2.167035	0.9683918	1.029922
13182	-1015.095	-1226.324	211.2288	2.214733	1.276179	0.9845349
13188	-1015.542	-1226.372	210.8297	2.279369	1.729998	0.9845349
13194	-1011.679	-1223.373	211.6936	2.140185	0.8680785	0.9845349
13200	-1003.84	-1215.542	211.7014	2.352632	0.8680785	0.7131757
13206	-1007.959	-1219.047	211.0889	2.369675	1.488791	0.7724527
13212	-1020.925	-1231.927	211.001	2.395007	1.550725	0.7966403
13218	-1021.789	-1233.368	211.5789	2.329962	0.9990756	0.7248803
13224	-1034.474	-1246.155	211.6814	2.308528	0.9160573	0.7324133
13230	-1021.976	-1233.515	211.5388	2.45988	0.9560139	0.638159
13236	-1022.528	-1234.152	211.6248	2.331154	0.9560139	0.7195227
13242	-1015.338	-1227.026	211.6886	2.46795	0.7722557	0.7271766
13248	-1020.333	-1231.903	211.5701	2.34261	0.9581286	0.7811282
13254	-1012.156	-1223.808	211.652	2.495246	0.8124459	0.6578393
13260	-1017.044	-1228.392	211.3478	2.513288	1.107661	0.6112732
13266	-1029.38	-1240.979	211.5991	2.466689	0.9120453	0.5797759
13272	-1012.318	-1223.467	211.149	2.324949	1.444058	0.7972916
13278	-1010.597	-1222.19	211.5932	2.326417	1.002143	0.7017052
13284	-1015.825	-1227.302	211.4766	2.347639	1.002143	0.8383773
13290	-1006.277	-1217.825	211.548	2.276273	1.002143	0.8383773
13296	-1010.569	-1222.095	211.526	2.276273	1.008483	0.8574395
13302	-1024.992	-1236.528	211.5363	2.303715	0.9580853	0.8731787
13308	-1015.376	-1226.972	211.5961	2.197325	0.6874747	1.221726
13314	-1030.273	-1241.739	211.4652	2.122213	0.745533	1.330095
13320	-1013.18	-1225.313	212.1324	2.140255	0.3584387	1.270163
13326	-1011.225	-1223.149	211.9234	1.960625	0.4168967	1.485055
13332	-1019.199	-1230.744	211.5451	1.99847	0.8153271	1.297709
13338	-1009.912	-1221.431	211.5188	2.295571	0.8153271	1.06214
13344	-1009.552	-1220.585	211.0325	2.162602	1.49233	1.06214
13350	-1000.059	-1211.399	211.3395	2.106498	1.124349	1.109024
13356	-1015.645	-1227.235	211.5898	2.005678	0.9058851	1.168763
13362	-1021.209	-1232.926	211.7177	2.005678	0.9265897	1.031085
13368	-1005.096	-1216.692	211.5961	2.266788	0.8278669	1.00104
13374	-1034.617	-1246.646	212.029	2.266701	0.5542287	0.9276681
13380	-1021.901	-1233.669	211.7678	2.287562	0.8351628	0.7683205
13386	-1022.318	-1233.865	211.5476	2.261842	1.085513	0.7490964
13392	-1010.73	-1222.154	211.4244	2.385058	1.085513	0.7490964
13398	-1015.658	-1227.042	211.3833	2.511656	1.085513	0.5676933
13404	-1020.621	-1231.671	211.0502	2.655915	1.276447	0.6295148
13410	-1028.057	-1239.457	211.4003	2.536547	1.007487	0.6592476
13416	-1017.218	-1228.664	211.4459	2.490951	1.007487	0.6592476
13422	-1022.72	-1234.266	211.5458	2.354578	1.029053	0.68866
13428	-1025.667	-1237.177	211.5097	2.425404	0.9940366	0.68866
13434	-1036.296	-1247.653	211.3564	2.630104	0.9940366	0.555847
13440	-1017.668	-1229.029	211.3613	2.5045	1.11174	0.5856943
13446	-1028.938	-1240.242	211.3036	2.438999	1.224277	0.6468746
13452	-1039.895	-1251.649	211.7538	2.346554	0.8541974	0.6560178
13458	-1035.323	-1246.879	211.5562	2.440456	0.949137	0.6582051
13464	-1010.664	-1221.673	211.0089	2.633746	1.381426	0.563859
13470	-1026.477	-1237.784	211.3074	2.633746	1.03817	0.563859
13476	-1004.335	-1215.75	211.415	2.642137	0.9310042	0.5032737
13482	-1007.643	-1218.85	211.2067	2.643585	1.143127	0.5032737
13488	-1019.136	-1230.329	211.1933	2.656974	1.143127	0.5032737
13494	-1009.23	-1220.647	211.4168	2.607186	0.9622155	0.5175267
13500	-1030.208	-1241.629	211.4206	2.355752	1.113973	0.758996
13506	-1024.471	-1235.949	211.4784	2.215739	1.095889	0.8856496
13512	-1023.987	-1235.36	211.373	2.331268	1.140695	0.8237288
13518	-1018.709	-1229.978	211.2689	2.49002	1.181311	0.6887827
13524	-1027.587	-1238.453	210.8662	2.482298	1.751234	0.6513998
13530	-1024.004	-1235.026	211.0225	2.459731	1.569009	0.6283812
13536	-1010.896	-1222.058	211.1622	2.512235	1.332155	0.5910285
13542	-997.7194	-1209.121	211.4018	2.512235	1.039237	0.6409841
13548	-1022.451	-1233.782	211.3311	2.613184	1.039237	0.5422058
13554	-1010.816	-1221.707	210.8908	2.587928	1.607293	0.5510494
13560	-1027.462	-1238.259	210.7974	2.492643	1.717224	0.7851028
13566	-1024.873	-1236.404	211.5315	2.492643	0.9464114	0.597355
13572	-1009.574	-1220.78	211.206	1.886734	0.4489196	2.000369
13578	-1032.029	-1242.034	210.0053	1.686614	0.7627276	2.602902
13584	-1014.515	-1225.571	211.0556	1.801556	0.4984688	2.099913
13590	-1028.485	-1239.406	210.9213	2.737157	1.37015	0.5161358
13596	-1024.966	-1236.467	211.5008	2.404318	1.037879	0.6630086
13602	-1013.031	-1223.657	210.6257	1.680598	0.7930449	2.191436
13608	-1018.12	-1229.525	211.4047	1.747604	0.5103886	1.889815
13614	-1014.71	-1226.243	211.5334	1.722725	0.5103886	1.818768
13620	-1012.137	-1223.923	211.7854	2.539463	0.6922759	0.5825129
13626	-1010.234	-1221.643	211.4087	2.534034	1.04343	0.4803065
13632	-1005.932	-1217.686	211.7539	2.546069	0.7147808	0.4392112
13638	-990.9716	-1202.616	211.644	2.493563	0.8569707	0.5064747
13644	-1008.996	-1220.672	211.676	2.512416	0.8091137	0.4559806
13650	-1002.67	-1214.103	211.4323	2.395605	1.084328	0.7220433
13656	-1017.642	-1229.056	211.4132	2.37382	1.084328	0.7830803
13662	-1031.001	-1242.232	211.2318	2.24457	1.454758	0.7830803
13668	-1019.742	-1231.724	211.9821	2.061717	0.6884848	0.9914891
13674	-1005.643	-1217.423	211.7805	1.940718	0.7816487	1.182137
13680	-1007.751	-1218.908	211.1564	2.120816	1.450029	1.013276
13686	-1008.585	-1219.66	211.0752	2.120816	1.450029	1.090685
13692	-1003.603	-1214.9	211.2971	2.120816	1.450029	0.8622533
13698	-997.9084	-1209.337	211.4282	2.325025	1.190127	0.6849975
13704	-1006.379	-1217.669	211.29	2.436741	1.257591	0.617262
13710	-1012.727	-1223.897	211.1707	2.428352	1.314138	0.7650136
13716	-1017.011	-1228.433	211.4225	2.380897	1.116279	0.7133827
13722	-1021.665	-1232.788	211.123	2.426535	1.415631	0.7179767
13728	-1014.332	-1225.567	211.2356	2.405196	1.322645	0.68676
13734	-1004.112	-1215.226	211.1143	2.454137	1.445808	0.6378814
13740	-1013.826	-1224.376	210.5502	1.811144	1.168166	1.900986
13746	-1017.65	-1228.725	211.0747	1.770957	0.6675084	1.940184
13752	-1018.345	-1229.566	211.221	2.620216	1.151735	0.526485
13758	-1018.306	-1229.499	211.1926	2.623517	1.162448	0.4137716
13764	-997.9252	-1209.104	211.179	2.642999	1.162448	0.4296683
13770	-1015.505	-1226.599	211.0937	2.840571	0.9672781	0.3210435
13776	-1000.288	-1211.216	210.9275	2.840571	1.179851	0.3588487
13782	-999.5374	-1210.508	210.9701	2.812599	1.179851	0.3794798
13788	-1014.659	-1225.478	210.8189	2.928272	1.179851	0.3351749
13794	-1008.947	-1219.598	210.651	2.918635	1.349987	0.3042418
13800	-1005.509	-1216.325	210.816	2.791063	1.401359	0.3916169
13806	-1030.118	-1240.914	210.7963	2.888875	1.303204	0.3916169
13812	-1031.125	-1241.532	210.4076	3.082566	1.4028	0.2777983
13818	-1024.11	-1234.558	210.4485	3.041719	1.4028	0.2777983
13824	-1004.602	-1214.818	210.2166	3.056332	1.768993	0.306582
13830	-1007.672	-1217.654	209.9818	3.185769	1.732828	0.2323088
13836	-1008.508	-1218.48	209.9725	3.178754	1.757822	0.2323088
13842	-1014.256	-1224.411	210.1541	3.18755	1.657167	0.3024336
13848	-1036.325	-1246.592	210.2667	3.101162	1.645726	0.3174401
13854	-1039.204	-1249.341	210.1363	3.199586	1.645726	0.292449
13860	-1039.712	-1250.01	210.2984	3.151679	1.468474	0.2840635
13866	-1056.433	-1266.939	210.5054	3.213141	1.144254	0.2859422
13872	-1022.516	-1233.889	211.3727	1.742181	0.5624254	1.859484
13878	-1019.978	-1231.042	211.0635	1.428822	0.632743	2.20456
13884	-1024.335	-1234.683	210.3476	1.508994	0.534786	2.695748
13890	-1013.041	-1224.361	211.32	1.680735	0.3765261	2.151099
13896	-1016.473	-1227.534	211.0608	1.760862	0.4731075	2.151099
13902	-1011.428	-1221.533	210.1044	1.339399	0.4475685	3.034415
13908	-1021.741	-1232.629	210.8883	1.356748	0.4998491	2.490002
13914	-1008.58	-1218.642	210.0627	1.475544	0.6132669	2.818206
13920	-1007.4	-1218.645	211.2452	1.730247	0.9342055	1.630034
13926	-1015.455	-1226.649	211.1943	1.701016	0.6375258	1.934405
13932	-1027.04	-1238.316	211.276	1.743217	0.5528568	1.934405
13938	-1013.004	-1224.184	211.1807	1.934494	0.9330087	1.528724
13944	-1018.403	-1230.031	211.6279	2.223415	0.8988337	0.9308349
13950	-1014.762	-1226.539	211.7776	2.103557	0.8058991	1.008239
13956	-998.7565	-1210.47	211.7132	2.072325	0.8904323	1.008239
13962	-996.882	-1208.308	211.4258	2.123789	1.104804	1.028509
13968	-1020.884	-1232.595	211.7102	2.123789	0.7696362	1.094492
13974	-1018.965	-1230.866	211.9012	2.045695	0.6807261	1.094492
13980	-1018.883	-1230.648	211.7654	1.948242	0.6801936	1.295949
13986	-1013.318	-1224.815	211.4966	1.9828	0.8802235	1.290229
13992	-1020.979	-1232.585	211.6065	2.193253	0.6952731	1.207642
13998	-1025.978	-1236.72	210.7413	1.835462	0.6952731	2.094455
14004	-1026.641	-1237.421	210.7801	1.667116	0.4377688	2.430535
14010	-1010.55	-1221.079	210.5298	1.803279	0.5039617	2.430535
14016	-1007.349	-1218.783	211.4341	1.913722	0.8699847	1.403855
14022	-1012.668	-1224.438	211.7707	1.714853	0.6514619	1.503716
14028	-1030.887	-1242.437	211.55	1.655104	0.5879866	1.770747
14034	-1030.517	-1241.609	211.0916	1.657958	0.4379343	2.237962
14040	-1008.032	-1218.845	210.8127	1.725258	0.5658334	2.237962
14046	-1013.151	-1223.514	210.3633	1.717865	0.4706557	2.622551
14052	-1021.709	-1231.732	210.0229	1.523658	0.5614287	2.859608
14058	-1017.28	-1227.472	210.192	1.631109	0.4306663	2.824148
14064	-1011.274	-1221.614	210.3404	1.54332	0.4358295	2.7815
14070	-1013.414	-1224.019	210.6057	1.531171	0.5409958	2.516276
14076	-1014.213	-1225.327	211.1147	1.719955	0.4914607	2.122276
14082	-1000.752	-1212.046	211.2942	1.771059	0.4895834	1.971804
14088	-1011.158	-1221.941	210.7827	1.953131	0.572126	2.103239
14094	-1015.606	-1226.616	211.01	1.752241	0.572126	2.085909
14100	-1014.839	-1226.745	211.9063	2.009714	0.3513368	1.558081
14106	-1009.192	-1221.031	211.839	1.996553	0.3513368	1.616783
14112	-1022.921	-1235.044	212.1231	2.134042	0.3697243	1.263838
14118	-1014.436	-1226.275	211.8384	2.09028	0.5464166	1.276981
14124	-1017.528	-1229.623	212.0948	1.845787	0.3997298	1.46697
14130	-1003.122	-1214.388	211.2661	1.807371	0.4149099	2.05448
14136	-998.4571	-1209.368	210.9107	1.921084	0.4726985	2.14492
14142	-1001.822	-1213.481	211.6588	1.881827	0.3563301	1.81753
14148	-1017.538	-1229.219	211.6811	1.801768	0.3642553	1.84599
14154	-1019.715	-1230.492	210.7773	1.820425	0.5689012	2.196438
14160	-1021.838	-1233.452	211.6144	2.00893	0.3916543	1.710134
14166	-1031.156	-1243.061	211.9051	1.966705	0.254663	1.750819
14172	-1041.484	-1252.844	211.3593	2.160246	0.6463895	1.483389
14178	-1038.12	-1249.644	211.5237	2.167912	0.7415842	1.248972
14184	-1032.221	-1244.48	212.2598	2.327143	0.2874364	1.136389
14190	-1039.283	-1250.948	211.6646	2.455566	0.4497987	1.251286
14196	-1039.202	-1250.181	210.9791	2.347369	0.8115414	1.471242
14202	-1014.601	-1225.108	210.5071	2.217943	1.056181	1.721176
14208	-1033.09	-1243.925	210.835	2.216825	0.9208384	1.584902
14214	-1015.977	-1228.303	212.3265	2.162547	0.4993212	0.8019769
14220	-1036.232	-1247.427	211.1947	2.156779	0.6489998	1.605044
14226	-1028.546	-1239.896	211.3507	2.05924	0.3637854	1.896452
14232	-1037.469	-1249.062	211.5931	1.894662	0.4228254	1.763587
14238	-1031.003	-1242.125	211.122	2.042316	0.4981471	1.895329
14244	-1016.207	-1227.86	211.6531	1.982811	0.6442473	1.396492
14250	-1015.944	-1227.227	211.2828	2.028675	0.6442473	1.638722
14256	-1021.295	-1232.954	211.6597	1.965155	0.6237451	1.42728
14262	-1016.725	-1228.54	211.8152	2.093901	0.6584318	1.155456
14268	-1018.879	-1229.816	210.9376	1.946126	1.254508	1.475947
14274	-1035.503	-1246.24	210.7368	1.592296	0.9482665	2.063815
14280	-1031.659	-1243.143	211.4838	2.110255	0.7866232	1.284148
14286	-1021.657	-1232.817	211.16	2.122264	1.185661	1.204757
14292	-1026.201	-1236.54	210.3385	2.076898	1.568441	1.642409
14298	-1025.847	-1235.975	210.1278	1.974715	2.026406	1.65655
14304	-1025.123	-1236.054	210.9305	2.057179	1.35379	1.332044
14310	-1014.736	-1226.671	211.9348	2.025103	0.6402574	1.132544
14316	-1011.83	-1222.953	211.1231	2.155876	1.261817	1.150824
14322	-1011.599	-1222.957	211.3581	1.902081	0.7605995	1.566093
14328	-1004.645	-1216.729	212.0842	1.919394	0.5831624	1.166343
14334	-1014.278	-1226	211.7222	1.812629	0.7355104	1.381653
14340	-1045.661	-1257.353	211.6911	1.98839	0.6251979	1.383266
14346	-1027.082	-1238.897	211.815	2.017723	0.8597657	0.9949572
14352	-1010.193	-1221.049	210.856	1.85289	0.6063382	2.087842
14358	-1031.009	-1242.469	211.4606	2.089948	0.3715959	1.789021
14364	-1018.639	-1230.761	212.1219	1.9276	0.5974948	1.106501
14370	-1018.448	-1230.228	211.7806	2.033048	0.7756186	1.106501
14376	-1024.681	-1235.65	210.9681	1.921582	0.9578384	1.673872
14382	-1042.061	-1253.137	211.0768	1.672914	0.2749825	2.455376
14388	-1036.889	-1248.475	211.5866	1.929826	0.5570484	1.58202
14394	-1021.191	-1232.836	211.645	2.093531	0.9948996	0.9444209
14400	-1017.631	-1229.623	211.9923	2.305665	0.5886367	0.8665815
14406	-1012.108	-1223.07	210.9617	2.260767	1.518546	1.017264
14412	-1026.115	-1237.624	211.5084	2.196417	1.031899	0.9412605
14418	-1023.272	-1234.957	211.6849	2.069054	0.9574829	0.9682235
14424	-1028.048	-1239.863	211.8158	1.90184	0.7471143	1.221338
14430	-1017.564	-1229.151	211.587	1.939395	0.8775947	1.253818
14436	-1021.545	-1233.51	211.9641	2.118365	0.7434181	0.8737981
14442	-1016.437	-1227.993	211.5552	2.407916	0.9572085	0.7053932
14448	-1021.716	-1232.913	211.1972	2.461935	1.311914	0.6683677
14454	-1014.062	-1225.411	211.3492	2.461935	1.127815	0.6811385
14460	-1017.922	-1229.605	211.6822	1.882409	0.9444891	1.159948
14466	-1020.239	-1231.506	211.267	1.917527	1.114757	1.337975
14472	-1009.619	-1221.139	211.52	2.106245	0.6452969	1.402876
14478	-1003.571	-1215.078	211.5072	2.136136	0.4093508	1.67168
14484	-1020.892	-1232.305	211.4135	1.744208	0.5803733	1.811495
14490	-1006.266	-1217.875	211.6096	1.901205	0.4227301	1.747629
14496	-1010.083	-1221.366	211.2831	1.782113	0.3837607	2.099476
14502	-1007.945	-1219.122	211.1773	1.781388	0.4401374	2.099476
14508	-1010.224	-1219.995	209.771	1.645084	0.621026	2.885522
14514	-1022.418	-1233.439	211.0207	1.594032	0.4405639	2.321273
14520	-1023.736	-1233.511	209.7757	1.664044	0.5325272	2.951222
14526	-1022.292	-1232.149	209.8565	1.662458	0.5325272	2.903461
14532	-1021.245	-1232.126	210.8806	1.785121	0.4112063	2.323324
14538	-1018.693	-1229.789	211.0963	1.792606	0.4665184	2.114622
14544	-1028.815	-1239.493	210.6776	1.623793	0.4926244	2.462241
14550	-1017.198	-1228.347	211.1484	1.689256	0.6331107	1.977238
14556	-1025.09	-1236.49	211.3996	1.833339	0.5569278	1.783904
14562	-1032.659	-1243.502	210.8424	1.92137	0.5650389	2.091963
14568	-1031.616	-1242.844	211.2275	1.993169	0.3156036	2.091963
14574	-1018.743	-1230.457	211.7144	1.96006	0.3959146	1.667891
14580	-1013.221	-1224.447	211.2263	1.725783	0.3806759	2.17735
14586	-1015.903	-1227.396	211.4927	1.897095	0.5940932	1.633677
14592	-1021.795	-1233.621	211.8263	2.299455	0.471841	1.214137
14598	-1020.982	-1232.959	211.9766	2.343828	0.3770848	1.198089
14604	-1016.204	-1228.157	211.9523	2.188509	0.4740339	1.198089
14610	-1021.501	-1233.464	211.9633	1.98255	0.4740339	1.358333
14616	-1026.325	-1238.53	212.2049	1.921856	0.4276082	1.279103
14622	-1026.952	-1238.786	211.8345	1.92769	0.8350145	1.08972
14628	-1034.175	-1245.357	211.1821	1.930861	0.9540988	1.513971
14634	-1032.218	-1244.026	211.8081	2.04255	0.4862917	1.416476
14640	-1022.345	-1233.957	211.6115	1.991685	0.4862917	1.601649
14646	-1027.203	-1239.051	211.8482	2.032934	0.4862917	1.392782
14652	-1012.818	-1224.826	212.0078	1.849218	0.3700789	1.572937
14658	-1018.584	-1230.254	211.6706	1.757188	0.4499287	1.771115
14664	-1021.117	-1231.76	210.6438	1.707236	0.5551664	2.367757
14670	-1023.891	-1235.09	211.1992	1.783818	0.6589086	1.85482
14676	-1016.739	-1228.549	211.8101	2.171502	0.3760076	1.471236
14682	-1019.646	-1231.491	211.8453	2.331291	0.4333974	1.228798
14688	-1013.928	-1225.944	212.0159	2.396772	0.3522515	1.16225
14694	-1011.156	-1222.069	210.9133	2.142693	0.6274609	1.834575
14700	-1024.465	-1236.332	211.8674	2.094233	0.5245951	1.278148
14706	-1024.859	-1236.792	211.9334	2.193328	0.3193533	1.452224
14712	-1027.799	-1239.347	211.5482	2.02449	0.6846642	1.40323
14718	-1019.507	-1231.303	211.7961	1.980727	0.3989427	1.589822
14724	-1010.702	-1222.277	211.5759	1.868591	0.3989427	1.824955
14730	-1003.555	-1215.467	211.912	1.868591	0.5299115	1.415507
14736	-1010.654	-1221.563	210.9094	1.531726	0.505642	2.360466
14742	-1020.841	-1232.988	212.1468	2.045046	0.4805029	1.143906
14748	-1017.453	-1229.741	212.2879	2.179628	0.4170226	0.9908628
14754	-1020.717	-1232.361	211.6449	2.006336	0.5102934	1.537205
14760	-1021.95	-1233.335	211.3846	2.040228	0.5102934	1.700988
14766	-1027.689	-1238.688	210.9993	2.075073	0.4514952	2.009578
14772	-1020.009	-1231.704	211.6952	1.788276	0.3941007	1.804533
14778	-1025.9	-1237.491	211.591	1.497175	0.5958671	1.843592
14784	-1023.129	-1233.998	210.8689	1.746737	0.4342706	2.327939
14790	-1016.816	-1228.455	211.6383	1.947098	0.3203119	1.840178
14796	-1010.117	-1221.15	211.0329	1.642815	0.6808243	2.041727
14802	-1012.975	-1223.768	210.7921	1.542825	0.5719735	2.361766
14808	-1016.149	-1226.571	210.4214	1.694947	0.3986337	2.681757
14814	-1010.42	-1221.53	211.1101	1.604677	0.5551097	2.133963
14820	-1014.093	-1225.027	210.9345	1.797086	0.4415372	2.245325
14826	-1012.056	-1223.888	211.8317	1.949768	0.6015555	1.329302
14832	-1017.712	-1229.449	211.7369	1.861986	0.7922614	1.274654
14838	-1008.404	-1219.804	211.3998	2.036953	0.9254541	1.285108
14844	-1024.469	-1235.724	211.2558	1.776787	0.3845759	2.119812
14850	-1015.815	-1226.355	210.5404	1.748416	0.6688763	2.303532
14856	-1018.199	-1228.607	210.4081	1.480927	0.4776447	2.73326
14862	-1031.78	-1241.586	209.8056	1.539821	0.6422719	2.910255
14868	-1020.556	-1231.929	211.373	1.745692	0.4783459	1.948681
14874	-1019.992	-1231.376	211.3844	1.734272	0.4783459	1.948681
14880	-1032.563	-1243.264	210.701	1.586614	0.5375111	2.42518
14886	-1030.038	-1238.626	208.5872	1.498379	0.6567962	3.64238
14892	-1021.556	-1232.017	210.46	1.641759	0.4474584	2.634926
14898	-1019.832	-1230.561	210.7293	1.727539	0.725711	2.147291
14904	-1032.269	-1241.783	209.5146	1.585314	0.725711	2.991513
14910	-1017.785	-1227.534	209.7488	1.540675	0.7440899	2.863309
14916	-1009.846	-1220.482	210.6368	1.712896	0.5545546	2.36925
14922	-1004.961	-1216.255	211.2939	1.683553	0.3639263	2.182844
14928	-1013.867	-1225.345	211.478	1.887083	0.3324791	1.971351
14934	-1002.059	-1213.203	211.1433	1.721189	0.6202853	1.971351
14940	-1017.058	-1228.211	211.1522	1.857216	0.5240485	1.971351
14946	-1027.063	-1238.197	211.1333	1.630845	0.7551164	1.919069
14952	-1029.415	-1240.978	211.5632	1.739662	0.4008502	1.919069
14958	-1039.821	-1251.051	211.2291	1.885929	0.8937977	1.559836
14964	-1023.881	-1235.004	211.1226	1.84123	0.76062	1.777569
14970	-1013.518	-1224.968	211.4501	2.027134	0.6300571	1.53202
14976	-1017.859	-1229.054	211.195	1.922179	0.6568152	1.764063
14982	-1031.144	-1242.465	211.3209	1.987642	0.4055439	1.909144
14988	-1025.772	-1236.316	210.5441	1.764991	0.8550192	2.143087
14994	-1013.84	-1224.99	211.15	1.824738	0.7655218	1.765756
15000	-1016.233	-1227.112	210.8788	2.045801	1.033779	1.593825
15006	-1017.716	-1228.918	211.2016	1.971246	0.7439482	1.64443
15012	-1016.244	-1227.011	210.7668	1.634477	1.035307	1.957507
15018	-1011.876	-1223.045	211.1695	1.766649	0.7549764	1.801606
15024	-1013.086	-1224.101	211.0154	1.670221	0.6406704	2.071231
15030	-1008.359	-1220.077	211.7179	1.639505	0.4264675	1.849115
15036	-1008.339	-1217.961	209.6219	1.76093	0.9601491	2.657162
15042	-1007.13	-1218.545	211.4153	1.804057	0.4027739	1.972737
15048	-1022.191	-1232.671	210.4793	2.221635	1.04048	1.748801
15054	-1024.947	-1235.113	210.1659	2.230012	1.876016	1.507741
15060	-1038.303	-1248.23	209.9268	1.53347	0.8882942	2.656418
15066	-1031.422	-1242.028	210.6059	1.712986	0.7353253	2.22883
15072	-1025.94	-1236.75	210.8099	1.728167	0.8406224	2.002882
15078	-1042.002	-1252.416	210.4139	1.874691	1.293853	1.877395
15084	-1007.003	-1219.118	212.1149	2.491002	0.5073922	0.5258511
15090	-1010.101	-1222.212	212.1104	2.506102	0.4823823	0.6383092
15096	-1016.394	-1228.895	212.5007	2.225105	0.4078683	0.6879321
15102	-1008.141	-1220.015	211.874	2.426955	0.6390067	0.7697916
15108	-1010.892	-1222.844	211.9526	2.604234	0.5249003	0.6125131
15114	-1004.696	-1216.038	211.3418	2.637721	1.006683	0.5073984
15120	-1012.632	-1224.204	211.5717	2.799702	0.6082948	0.3247238
15126	-1019.286	-1230.739	211.4527	2.711396	0.813801	0.4003921
15132	-1012.975	-1224.521	211.5454	2.612803	0.8304367	0.4340456
15138	-1014.49	-1226.236	211.7467	2.56379	0.7128095	0.4960315
15144	-1025.364	-1237.182	211.818	2.480667	0.7128095	0.5809718
15150	-1034.266	-1245.95	211.6835	2.59225	0.7358151	0.4492092
15156	-1023.984	-1235.934	211.9504	2.496017	0.6043952	0.4273399
15162	-1013.082	-1224.384	211.3019	2.637955	1.035215	0.4273399
15168	-1032.228	-1243.215	210.9863	2.740832	1.28105	0.4577911
15174	-1020.799	-1231.645	210.8453	2.740832	1.460043	0.4577911
15180	-1034.789	-1245.693	210.904	2.71451	1.422115	0.5092394
15186	-1015.008	-1225.798	210.79	2.743989	1.523512	0.5705574
15192	-1011.054	-1222.01	210.9567	2.694964	1.367907	0.5705574
15198	-1008.978	-1220.14	211.1618	2.478767	1.367907	0.6074102
15204	-1006.609	-1217.738	211.1293	2.525679	1.367907	0.5558916
15210	-1000.037	-1211.357	211.3196	2.416723	1.26036	0.5810746
15216	-997.5719	-1208.869	211.2975	2.452188	1.244732	0.5803419
15222	-1010.069	-1221.046	210.9773	2.722082	1.319603	0.496983
15228	-1017.375	-1228.243	210.8675	2.684834	1.510842	0.496983
15234	-1006.499	-1217.873	211.3733	2.602795	1.002115	0.4391382
15240	-1018.808	-1229.796	210.9882	2.668143	1.361237	0.5726117
15246	-1015.361	-1226.215	210.8544	2.664366	1.542361	0.5769015
15252	-1026.627	-1237.584	210.9567	2.571737	1.542361	0.5238372
15258	-1019.592	-1231.822	212.2309	2.413552	0.4816161	0.4485203
15264	-1031.281	-1243.131	211.85	2.426406	0.735218	0.4485203
15270	-1046.314	-1256.597	210.2836	1.898389	1.412021	1.885992
15276	-1037.142	-1248.275	211.1329	1.817781	0.6941664	1.844716
15282	-1018.103	-1230.067	211.9643	2.474622	0.615881	0.4641241
15288	-1038.499	-1250.414	211.9148	2.422835	0.690828	0.527583
15294	-1011.697	-1223.019	211.3219	2.466959	1.20776	0.5476141
15300	-1018.981	-1230.183	211.2018	2.648364	1.137145	0.4489371
15306	-1026.743	-1238.661	211.9181	2.554336	0.5808442	0.406096
15312	-1023.563	-1235.124	211.5601	2.81979	0.6075697	0.3317914
15318	-1020.06	-1231.169	211.1096	2.941503	0.8684987	0.3317914
15324	-1007.405	-1218.181	210.7761	3.022499	1.10589	0.3204572
15330	-1015.303	-1226.58	211.2767	2.906737	0.6999311	0.2775528
15336	-1021.689	-1232.955	211.266	2.935398	0.6951382	0.2850878
15342	-1014.928	-1226.236	211.3082	2.825444	0.7914027	0.3259565
15348	-1020.582	-1231.021	210.4387	2.870107	1.777205	0.344929
15354	-1012.598	-1223	210.4025	3.029597	1.581167	0.3357242
15360	-1017.963	-1229.454	211.4912	2.404273	0.9851421	0.7664599
15366	-1020.412	-1231.501	211.0895	2.466751	1.34945	0.7852323
15372	-1009.138	-1220.051	210.9136	2.269215	1.803437	0.8512008
15378	-1009.724	-1220.944	211.2199	2.327859	1.254708	0.8920706
15384	-1013.345	-1225.205	211.8606	2.353462	0.6126692	0.9221382
15390	-1032.602	-1244.526	211.9242	2.208149	0.6271931	0.9863182
15396	-1036.844	-1248.58	211.7358	2.334723	0.8047299	0.7961986
15402	-1021.783	-1232.904	211.1207	2.434229	1.238115	0.8998405
15408	-1016.439	-1227.852	211.4134	2.307031	1.19419	0.7346249
15414	-1012.997	-1225.017	212.0196	2.069925	0.6438315	1.006011
15420	-1008.385	-1220.308	211.9227	2.163717	0.6581926	0.989389
15426	-1010.405	-1222.246	211.8409	2.009867	0.640749	1.226635
15432	-1027.919	-1239.183	211.2636	1.785086	0.4758902	1.998394
15438	-1041.451	-1252.332	210.881	1.588284	0.4088198	2.450432
15444	-1032.939	-1244.776	211.8364	2.081748	0.4305641	1.439852
15450	-1018.691	-1230.52	211.8288	2.158166	0.4305641	1.38665
15456	-1014.957	-1226.389	211.4324	2.23497	0.6291118	1.388415
15462	-1012.767	-1224.482	211.7149	2.217286	0.5646496	1.250948
15468	-1031.257	-1242.817	211.56	1.961788	0.4410203	1.716418
15474	-1046.127	-1257.469	211.342	1.976751	0.8602032	1.434736
15480	-1039.222	-1250.505	211.283	2.116341	1.106281	1.165494
15486	-1037.804	-1249.388	211.5844	2.262324	0.895606	0.9395835
15492	-1031.02	-1242.465	211.4457	2.209302	0.895606	1.125904
15498	-1015.521	-1227.183	211.6616	2.272443	0.8516565	0.8970874
15504	-1025.858	-1237.362	211.5039	2.20569	0.821565	1.151154
15510	-1023.106	-1234.582	211.4758	2.325498	0.9782109	0.8941214
15516	-1026.033	-1237.694	211.6614	2.265159	0.8858672	0.8616933
15522	-1010.462	-1220.793	210.3303	1.726432	0.4978356	2.609226
15528	-1005.358	-1216.864	211.5063	1.777633	0.3595232	1.987227
15534	-1019.377	-1229.388	210.0101	1.771985	0.7277917	2.57399
15540	-1026.395	-1238.317	211.9222	2.103442	0.8138006	0.8402165
15546	-1030.998	-1242.771	211.7722	2.316652	0.6936163	0.9376549
15552	-1016.47	-1227.662	211.1918	2.454983	1.320146	0.6793635
15558	-1008.054	-1219.751	211.6966	2.446065	0.7988325	0.6972639
15564	-1017.402	-1229.156	211.7542	2.375498	0.809866	0.6972639
15570	-1009.153	-1220.797	211.6443	2.375498	0.8005738	0.8659728
15576	-1017.992	-1229.909	211.9164	2.274335	0.665007	0.8659728
15582	-1012.222	-1224.206	211.9833	2.175499	0.5217687	1.112435
15588	-1024.369	-1236.283	211.914	2.166229	0.6417459	1.017988
15594	-1032.746	-1244.295	211.5483	2.142789	0.9705873	1.017988
15600	-1033.229	-1244.757	211.5275	1.878632	0.8174951	1.404867
15606	-1037.276	-1248.438	211.1623	1.973003	0.5997341	1.807273
15612	-1020.534	-1231.986	211.4517	2.003112	0.5997341	1.58051
15618	-1021.011	-1231.843	210.8319	1.984304	0.4957152	2.129697
15624	-1029.54	-1240.517	210.9776	2.014367	0.8331275	1.697526
15630	-1024.538	-1235.125	210.5874	1.808804	0.6644121	2.238502
15636	-1023.88	-1235.552	211.6724	1.997365	0.6747059	1.337199
15642	-1014.462	-1225.952	211.4907	2.145186	0.7003785	1.337199
15648	-1016.766	-1227.998	211.2318	2.333821	1.134617	0.9854095
15654	-1014.868	-1225.904	211.0357	2.277254	1.387053	1.025615
15660	-1030.407	-1241.387	210.9798	1.824162	0.7454534	1.900212
15666	-1043.247	-1254.281	211.0345	1.863464	0.4772752	2.096546
15672	-1009.904	-1221.497	211.5932	2.232154	1.037938	0.7912829
15678	-1012.055	-1223.62	211.565	2.164866	0.9935379	0.9550197
15684	-1017.774	-1229.517	211.7425	2.153785	0.9019149	0.8767346
15690	-1023.963	-1235.66	211.6978	2.259133	0.9025752	0.80078
15696	-1020.981	-1232.481	211.5002	2.090574	0.9094541	1.169542
15702	-1036.402	-1248.663	212.2611	1.956114	0.6133184	0.9175974
15708	-1028.059	-1239.591	211.5328	1.945321	0.8188182	1.347094
15714	-1012.322	-1223.985	211.6628	2.162728	0.8248895	1.041004
15720	-1026.699	-1238.795	212.0961	2.058044	0.3467186	1.384961
15726	-1037.205	-1249.124	211.9186	2.03205	0.5074324	1.309759
15732	-1012.874	-1224.7	211.8261	2.140737	0.6823366	1.073945
15738	-1012.573	-1224.464	211.8908	2.271219	0.6823366	0.872539
15744	-1024.626	-1236.403	211.777	2.075836	0.9449115	0.8742721
15750	-1015.672	-1227.182	211.5101	2.085634	0.9449115	1.131922
15756	-1024.743	-1237.087	212.3434	2.0468	0.4477228	1.012052
15762	-1028.056	-1239.704	211.6485	2.0468	0.8330117	1.152156
15768	-1030.341	-1242.034	211.6928	1.908614	0.7332195	1.33119
15774	-1029.813	-1240.685	210.8717	1.621126	0.562742	2.270032
15780	-1015.487	-1226.905	211.4179	1.663806	0.4009756	2.066552
15786	-1017.282	-1229.149	211.8671	1.726544	0.56121	1.52033
15792	-1026.694	-1237.816	211.1222	1.520294	0.9095963	1.881251
15798	-1018.097	-1230.075	211.9782	1.674571	0.5363721	1.504906
15804	-1007.099	-1218.176	211.0768	1.624406	0.5950508	2.103657
15810	-1004.845	-1216.027	211.1824	1.808935	0.7400707	1.776083
15816	-1014.183	-1225.729	211.546	1.865629	0.5612479	1.653204
15822	-1023.763	-1234.968	211.2056	2.08749	0.9266233	1.398674
15828	-1019.04	-1230.717	211.6771	2.204863	0.6571769	1.180641
15834	-1034.674	-1246.241	211.5662	2.204863	0.7423123	1.180641
15840	-1030.202	-1241.843	211.6407	2.035034	0.4968888	1.535386
15846	-1019.379	-1231.245	211.8666	2.027046	0.3772012	1.535386
15852	-1021.031	-1232.902	211.8711	2.186323	0.4525098	1.298995
15858	-1020.703	-1232.42	211.7168	2.084975	0.3295723	1.674595
15864	-1018.855	-1230.559	211.7037	2.110358	0.4868511	1.443854
15870	-1017.721	-1228.991	211.2705	1.842641	0.4689044	1.963274
15876	-1017.87	-1228.604	210.7336	1.600122	0.6238331	2.314464
15882	-1017.006	-1228.138	211.1313	1.60874	0.4510889	2.22887
15888	-1004.754	-1216.084	211.3296	2.003008	0.7112954	1.55829
15894	-1011.261	-1221.914	210.6524	1.858078	0.9365179	1.951209
15900	-1004.65	-1216.246	211.5962	1.948583	0.5126358	1.612391
15906	-1006.433	-1218.208	211.7746	2.336829	0.4298318	1.288298
15912	-1009.984	-1221.468	211.4837	2.123706	0.4863906	1.598432
15918	-1025.676	-1236.627	210.9516	1.754285	0.6756674	2.026335
15924	-1030.091	-1241.528	211.4363	2.74183	0.7878409	0.3723113
15930	-1022.564	-1233.452	210.8879	2.634555	1.547762	0.4614317
15936	-1029.398	-1240.771	211.3729	2.723183	0.884611	0.4296704
15942	-1013.669	-1225.53	211.8609	2.583998	0.6039231	0.421085
15948	-1029.866	-1241.289	211.4228	2.669571	0.8980456	0.5001166
15954	-1016.79	-1228.005	211.2156	2.726496	1.039014	0.4484326
15960	-1026.9	-1238.231	211.331	2.621387	1.034079	0.4879944
15966	-1013.95	-1225.733	211.7836	2.532626	0.708085	0.4859993
15972	-1025.219	-1236.958	211.739	2.440148	0.8084601	0.5887739
15978	-1022.03	-1233.815	211.7851	2.510067	0.7232565	0.4690846
15984	-1020.128	-1231.906	211.7774	2.58038	0.6762089	0.4829832
15990	-1027.156	-1238.458	211.3027	2.691828	0.9875868	0.455221
15996	-1028.633	-1240.1	211.467	2.870846	0.6803734	0.4181915
16002	-1030.125	-1240.989	210.8641	2.870846	1.240123	0.3866539
16008	-1014.526	-1225.732	211.206	2.635	1.130984	0.4059064
16014	-1010.387	-1221.474	211.0865	2.76969	1.127113	0.4369616
16020	-1008.466	-1219.675	211.2088	2.707289	1.062981	0.4369616
16026	-1028.86	-1240.208	211.3476	2.501028	1.135345	0.4369616
16032	-1030.441	-1241.493	211.0517	2.705085	1.239957	0.4369616
16038	-1033.972	-1245.185	211.213	2.705085	1.038541	0.3870192
16044	-1018.503	-1229.624	211.121	2.684716	1.18559	0.4440779
16050	-1013.595	-1224.5	210.905	2.65243	1.494614	0.4440779
16056	-1007.98	-1219.518	211.5387	2.45151	0.9927002	0.5425874
16062	-999.6567	-1210.92	211.2633	2.499266	1.239958	0.538843
16068	-1020.102	-1231.213	211.1111	2.556847	1.355151	0.538843
16074	-1018.996	-1230.034	211.0381	2.664274	1.315199	0.4842582
16080	-1020.829	-1231.91	211.0806	2.659503	1.269445	0.4842582
16086	-1019.105	-1230.095	210.9891	2.691301	1.343104	0.4990633
16092	-1039.264	-1250.896	211.6325	2.089234	0.7226173	1.243766
16098	-1029.125	-1241.068	211.943	2.093579	0.7226173	0.9533807
16104	-1043.642	-1255.231	211.5895	2.752755	0.6556961	0.3661534
16110	-1035.294	-1246.242	210.9478	2.853963	1.088625	0.3094584
16116	-1028.814	-1239.531	210.7166	2.94746	1.203273	0.2845018
16122	-1030.969	-1241.961	210.9926	2.985745	0.8511947	0.2644421
16128	-1032.118	-1242.955	210.8372	2.766194	1.401959	0.3859643
16134	-1031.04	-1242.63	211.5901	2.797261	0.6324849	0.3859643
16140	-1032.309	-1243.144	210.835	2.956662	1.173021	0.3840914
16146	-1031.004	-1242.101	211.0976	2.932675	0.9451513	0.4263355
16152	-1039.012	-1250.34	211.3279	2.411345	1.122888	0.7993535
16158	-1029.04	-1240.397	211.3563	2.411525	1.19401	0.6490771
16164	-1020.215	-1230.982	210.7674	2.629916	1.651558	0.686185
16170	-1024.622	-1236.037	211.4145	2.294874	0.9862682	0.9837283
16176	-1033.002	-1244.125	211.1225	2.298834	1.532077	0.7804276
16182	-1025.165	-1236.601	211.4361	2.385449	1.147996	0.6185936
16188	-1015.085	-1226.562	211.4765	2.260481	1.021446	0.9176034
16194	-1038.423	-1249.994	211.5703	2.536614	0.8253901	0.7054213
16200	-1035.747	-1246.816	211.0692	2.721531	1.201564	0.4402326
16206	-1050.414	-1261.995	211.5814	2.634782	0.7888761	0.4903358
16212	-1022.475	-1234.609	212.1334	2.185858	0.4754918	1.033982
16218	-999.2289	-1210.898	211.6691	2.115893	0.8346861	1.068849
16224	-1003.927	-1215.326	211.3994	2.196947	1.080162	1.005244
16230	-1009.287	-1220.846	211.5596	2.250781	1.001038	0.8565974
16236	-1017.724	-1229.135	211.4112	2.191358	1.245641	0.8360596
16242	-1004.15	-1215.5	211.3506	2.351361	1.111659	0.8592671
16248	-1015.076	-1226.533	211.4569	2.292279	1.061449	0.8592671
16254	-1022.27	-1233.777	211.5067	2.360455	1.061449	0.6920613
16260	-1031.325	-1242.743	211.4183	2.578026	0.9486581	0.659825
16266	-1030.506	-1241.862	211.356	2.279513	1.02915	1.01494
16272	-1021.4	-1232.75	211.3508	2.009515	0.7953589	1.459999
16278	-1026.473	-1237.685	211.2118	1.88642	0.7060763	1.73155
16284	-1022.509	-1234.039	211.5304	1.732546	0.7060763	1.614075
16290	-1029.932	-1240.325	210.3929	1.83799	0.7060763	2.309153
16296	-1034.381	-1245.875	211.4942	1.769819	0.8362598	1.496784
16302	-1021.043	-1232.955	211.9115	1.937269	0.509057	1.388573
16308	-1028.161	-1239.236	211.0755	1.899246	0.9346571	1.630205
16314	-1025.327	-1237.164	211.8363	2.151234	0.8566232	0.8266978
16320	-1022.612	-1234.121	211.509	1.961624	0.7223387	1.444186
16326	-1013.246	-1224.111	210.8657	2.015053	1.237381	1.489131
16332	-1015.913	-1227.094	211.1803	2.075362	0.8125675	1.52349
16338	-1014.143	-1224.849	210.7064	1.679961	1.041857	1.963245
16344	-1015.79	-1225.926	210.1352	1.877177	0.6753582	2.472833
16350	-1023.992	-1234.1	210.108	1.639873	0.6753582	2.637281
16356	-1030.853	-1239.95	209.0973	1.449319	0.6863497	3.350269
16362	-1016.946	-1226.728	209.7819	1.373797	0.594186	3.065303
16368	-1004.421	-1213.676	209.2552	1.242744	0.5997123	3.449135
16374	-1008.964	-1218.217	209.2535	1.588284	0.823793	3.075076
16380	-1025.295	-1235.379	210.084	1.467855	0.5513564	2.865758
16386	-1024.432	-1232.898	208.466	1.269808	0.5513564	3.931928
16392	-1014.453	-1224.369	209.9164	1.517544	0.5513564	2.936996
16398	-1013.134	-1224.573	211.439	1.640448	0.295605	2.213883
16404	-1014.628	-1226.509	211.8805	1.807863	0.4210838	1.623529
16410	-1013.277	-1225.093	211.8157	1.880216	0.6437343	1.349868
16416	-1013.364	-1224.959	211.5947	1.863281	0.7667291	1.411433
16422	-1008.94	-1220.307	211.3667	1.802431	0.9783163	1.452829
16428	-1024.914	-1236.27	211.3562	1.993341	0.9942442	1.298385
16434	-1015.787	-1226.882	211.0949	1.971884	0.7816381	1.687251
16440	-1011.638	-1222.073	210.4349	1.783311	1.093234	2.042664
16446	-1022.129	-1233.322	211.1927	1.945299	0.8952794	1.541749
16452	-1024.895	-1235.174	210.2789	1.613176	0.6005516	2.612539
16458	-1025.354	-1235.771	210.4163	1.420366	0.6005516	2.646752
16464	-1035.923	-1245.887	209.9644	1.607978	0.8032075	2.646752
16470	-1035.826	-1247.495	211.6693	2.136172	0.9681498	0.9009098
16476	-1035.667	-1247.332	211.6655	2.139974	0.9681498	0.9009098
16482	-1036.358	-1248.376	212.0177	2.222477	0.6897322	0.7585231
16488	-1036.667	-1248.895	212.2285	2.15674	0.5041907	0.9166927
16494	-1017.945	-1229.79	211.8444	1.979085	0.4744327	1.452765
16500	-1028.108	-1239.519	211.4109	2.626427	0.9445921	0.5547848
16506	-1027.646	-1238.97	211.3238	2.769688	0.8929672	0.4542286
16512	-1017.191	-1228.095	210.9038	2.769688	1.350726	0.5211328
16518	-1022.433	-1233.889	211.4562	2.556422	0.9654747	0.5688549
16524	-1022.721	-1234.166	211.445	2.531577	0.9889836	0.6090478
16530	-1005.26	-1217.174	211.914	2.506621	0.6289453	0.4653546
16536	-1015.924	-1227.778	211.8534	2.521578	0.6628265	0.4734817
16542	-1011.625	-1223.383	211.7576	2.489082	0.7575445	0.5644735
16548	-1006.653	-1218.31	211.6574	2.489082	0.8458277	0.5444845
16554	-1006.699	-1217.976	211.2778	2.643432	1.055047	0.5783544
16560	-1021.65	-1232.679	211.0291	2.49604	1.455813	0.7075996
16566	-1019.133	-1230.069	210.9355	2.586011	1.495094	0.6600778
16572	-1014.21	-1225.113	210.9025	2.526753	1.624532	0.6600778
16578	-1015.26	-1226.235	210.9748	2.431778	1.624532	0.702762
16584	-1019.064	-1230.901	211.8367	2.226364	0.7568649	0.877048
16590	-1015.518	-1226.832	211.3144	2.293859	1.208248	0.8680138
16596	-1028.553	-1240.116	211.5635	2.231541	1.045328	0.8218191
16602	-1013.909	-1225.061	211.1517	2.088364	1.43319	1.061507
16608	-1013.591	-1224.828	211.2377	2.046277	1.224866	1.173906
16614	-1013.625	-1225.154	211.5291	2.03534	1.074724	1.041456
16620	-1008.211	-1219.353	211.1427	2.047891	1.200667	1.270636
16626	-1008.416	-1219.76	211.3442	1.940519	1.143869	1.234261
16632	-1021.447	-1233.097	211.6502	2.085545	0.7205105	1.234261
16638	-1028.137	-1240.369	212.2315	2.077617	0.5539141	0.9134329
16644	-1023.158	-1234.539	211.3806	2.159942	0.9878198	1.141936
16650	-1021.051	-1232.353	211.3021	1.948734	0.8200095	1.520638
16656	-1032.064	-1243.334	211.2696	2.062015	0.7594232	1.51422
16662	-1017.882	-1228.982	211.1004	1.941193	0.8080983	1.682869
16668	-1027.397	-1239.246	211.8492	1.797234	0.5557168	1.487108
16674	-1019.998	-1231.611	211.6133	1.765472	0.4289268	1.83127
16680	-1011.041	-1222.732	211.6908	1.63497	0.4848913	1.799856
16686	-1009.642	-1220.967	211.3253	1.646153	0.6881249	1.835937
16692	-1003.94	-1214.644	210.7049	1.604981	0.7511662	2.221915
16698	-1014.105	-1226.243	212.1372	1.68505	0.500722	1.419827
16704	-1029.654	-1241.993	212.3391	2.002313	0.500722	0.969411
16710	-1019.295	-1230.349	211.0538	2.002313	1.369006	1.266665
16716	-1012.977	-1224.654	211.6768	1.974079	1.085135	0.9443965
16722	-1019.093	-1230.917	211.8242	2.181893	0.8326869	0.8373881
16728	-1010.884	-1222.287	211.4035	2.156461	1.024519	1.09127
16734	-1016.503	-1228.458	211.955	2.138622	0.6568629	0.9839092
16740	-1017.829	-1229.611	211.782	2.088079	0.8261809	0.9957543
16746	-1026.338	-1238.219	211.8806	2.029474	0.8947455	0.869688
16752	-1022.714	-1234.554	211.8404	1.887163	0.6010287	1.372677
16758	-1026.34	-1238.333	211.9931	2.019406	0.5381717	1.217787
16764	-1022.353	-1233.721	211.368	1.810292	0.7220234	1.660268
16770	-1014.587	-1225.851	211.2637	1.927378	0.7001598	1.671242
16776	-996.077	-1207.713	211.6357	1.90694	0.805132	1.308128
16782	-1002.146	-1213.682	211.5362	1.812833	0.9528782	1.332853
16788	-994.829	-1206.312	211.4835	2.010984	0.5613776	1.593199
16794	-993.7355	-1205.225	211.4894	2.029093	0.9074433	1.23327
16800	-1015.235	-1226.681	211.4455	2.178585	0.9628396	1.089289
16806	-1011.099	-1223.082	211.9835	1.922475	0.6200236	1.204474
16812	-1018.513	-1230.762	212.249	2.02158	0.5087919	1.027106
16818	-1018.812	-1231.127	212.3158	1.871726	0.5300118	1.073835
16824	-1038.029	-1249.834	211.8049	1.577944	0.7381183	1.495605
16830	-1027.741	-1237.697	209.9561	1.34856	0.814426	2.802695
16836	-1027.876	-1237.686	209.8099	1.286229	1.008566	2.802695
16842	-1030.339	-1239.308	208.9687	1.321907	0.3843653	3.780285
16848	-1025.973	-1236.214	210.24	1.47646	0.7199367	2.620746
16854	-1014.852	-1226.451	211.599	1.63306	0.723646	1.620156
16860	-1012.892	-1223.554	210.6616	1.818652	0.8890175	2.005469
16866	-1013.06	-1223.842	210.7825	1.710177	0.9933884	1.923854
16872	-1010.541	-1221.721	211.1802	1.451345	0.5091554	2.235141
16878	-1022.459	-1232.301	209.8421	1.413957	0.6518669	2.956159
16884	-1027.855	-1239.653	211.7977	1.828276	0.499155	1.569298
16890	-1030.612	-1241.086	210.4737	1.687743	0.5827986	2.461
16896	-1026.394	-1237.744	211.3501	1.678294	0.4527519	2.038625
16902	-1022.255	-1233.649	211.3944	1.671443	0.4979179	1.962098
16908	-1013.343	-1224.686	211.3425	1.761697	0.5082021	1.924859
16914	-1031.051	-1242.583	211.5318	1.651505	0.5407618	1.835506
16920	-1016.387	-1227.781	211.3944	1.668468	0.6780671	1.781942
16926	-1025.758	-1236.798	211.0401	1.563848	0.3261714	2.472008
16932	-1038.497	-1249.86	211.3627	1.645304	0.6724079	1.825186
16938	-1023.434	-1234.507	211.0733	1.655694	0.6724079	2.013877
16944	-1012.525	-1223.938	211.4127	2.146267	0.7103368	1.387763
16950	-1012.969	-1224.649	211.6801	2.044655	0.7798594	1.18098
16956	-1034.099	-1245.072	210.9735	2.46775	1.271317	0.9908701
16962	-1019.19	-1230.83	211.64	2.442607	0.8311479	0.7344919
16968	-1015.491	-1227.072	211.5815	2.363371	0.9688694	0.7160339
16974	-1039.913	-1251.2	211.2869	2.347293	1.137774	0.9098042
16980	-1032.526	-1243.435	210.909	2.606188	1.423074	0.7621488
16986	-1036.803	-1247.76	210.9572	2.396034	1.56863	0.835465
16992	-1019.733	-1231.275	211.5425	2.175679	0.9459775	1.016305
16998	-1014.623	-1225.775	211.1526	2.189622	1.301862	1.062803
17004	-1006.939	-1218.621	211.6812	2.190607	0.8844829	0.9255521
17010	-1009.766	-1220.87	211.1038	2.15985	1.479785	1.004702
17016	-998.4637	-1209.88	211.4161	2.105656	1.241551	0.9331412
17022	-1010.251	-1221.835	211.584	2.20452	0.7795042	1.125001
17028	-1008.421	-1219.846	211.4252	1.935304	0.9216952	1.349841
17034	-1009.032	-1219.857	210.8248	1.888208	1.137249	1.676149
17040	-1014.366	-1225.508	211.1412	1.930413	0.7906568	1.676149
17046	-1026.397	-1238.204	211.807	2.376166	0.2839872	1.471757
17052	-1046.655	-1258.279	211.6241	2.383303	0.9768626	0.5343544
17058	-1039.419	-1250.681	211.2621	2.361176	1.294385	0.7531663
17064	-1016.335	-1227.248	210.9126	1.611682	0.3133487	2.539639
17070	-1021.176	-1231.249	210.0732	1.489556	0.3900446	3.027595
17076	-1026.783	-1237.807	211.0247	1.523896	0.638038	2.163329
17082	-1018.224	-1229.019	210.7955	1.685439	0.8644134	2.023109
17088	-1021.662	-1231.401	209.7382	1.665906	0.7431795	2.794375
17094	-1019.512	-1228.973	209.4614	1.796051	0.4139542	3.182142
17100	-1015.78	-1226.851	211.0709	1.802447	0.6358813	1.950695
17106	-1025.049	-1235.615	210.5665	1.853684	1.0263	1.950695
17112	-1028.496	-1239.756	211.2604	1.826158	0.6281666	1.812882
17118	-1035.433	-1246.819	211.3863	1.718111	0.6155736	1.812882
17124	-1026.006	-1236.626	210.6194	1.963227	1.028137	1.839141
17130	-1001.815	-1213.002	211.1863	1.78832	0.7524699	1.777016
17136	-1007.929	-1219.298	211.3696	1.813288	0.7220345	1.656993
17142	-1020.605	-1231.814	211.2087	1.821715	0.3938155	2.109374
17148	-1012.113	-1223.568	211.455	2.032868	0.5639948	1.595121
17154	-1011.796	-1223.663	211.8676	2.006495	0.7546139	1.074334
17160	-1011.061	-1223.309	212.2483	2.089182	0.5157727	0.9478723
17166	-1017.647	-1229.668	212.0219	2.067005	0.697369	0.932335
17172	-1010.327	-1222.057	211.7301	2.065509	0.8943542	0.9939292
17178	-1010.91	-1221.895	210.9847	1.841423	1.366519	1.450346
17184	-1004.454	-1216.078	211.6236	1.79298	0.8903018	1.332042
17190	-1008.324	-1220.37	212.0457	1.760921	0.6445676	1.259148
17196	-1014.603	-1226.199	211.596	1.791112	0.818645	1.418491
17202	-1006.425	-1218.508	212.0823	1.871751	0.5875148	1.203573
17208	-1016.48	-1227.407	210.9274	1.674944	1.221554	1.701844
17214	-1018.235	-1229.043	210.8081	1.715397	0.5239615	2.28912
17220	-1013.004	-1224.022	211.0176	1.764689	0.3578537	2.316419
17226	-1010.11	-1221.288	211.1774	1.804254	0.8406453	1.698737
17232	-1005.513	-1216.948	211.4347	1.705486	0.6523333	1.752276
17238	-1015.279	-1225.453	210.1737	1.581443	0.9092994	2.458985
17244	-1019.979	-1230.087	210.1073	1.61733	0.4235643	2.891755
17250	-1022.472	-1233.324	210.8518	1.531388	0.9494438	2.027222
17256	-1027.441	-1238.966	211.5255	1.74587	0.6069783	1.704802
17262	-1018.494	-1230.286	211.7922	1.800445	0.6222516	1.453569
17268	-1025.548	-1236.582	211.034	1.743698	0.4141078	2.248145
17274	-1016.638	-1228.245	211.6071	1.647598	0.7309187	1.597035
17280	-1018.976	-1230.973	211.9969	1.608754	0.5438254	1.531361
17286	-1012.755	-1224.371	211.6159	1.886178	0.7704392	1.373543
17292	-1003.348	-1214.995	211.647	1.925681	0.6514167	1.437726
17298	-1019.205	-1230.284	211.0788	1.832874	1.059689	1.584955
17304	-1010.33	-1220.25	209.92	1.4319	0.6407465	2.907605
17310	-1017.675	-1225.497	207.8218	1.355048	0.5934512	4.214434
17316	-1019.277	-1226.514	207.2371	1.589288	0.3245936	4.681816
17322	-1033.75	-1242.034	208.2842	1.786815	0.3245936	3.978098
17328	-1034.271	-1244.725	210.455	1.752839	0.3546277	2.679885
17334	-1001.137	-1212.312	211.1745	1.764387	0.3874622	2.177156
17340	-1016.87	-1227.1	210.2293	1.631874	1.074511	2.286367
17346	-1028.785	-1239.027	210.242	1.784269	1.496993	1.948129
17352	-1026.016	-1236.215	210.1985	1.975528	1.473125	1.859871
17358	-1012.941	-1223.31	210.3691	1.685276	1.137728	2.123524
17364	-994.4162	-1205.257	210.8409	1.858347	1.314937	1.575953
17370	-1000.919	-1211.669	210.7505	1.948767	1.314937	1.575953
17376	-1005.993	-1217.135	211.1426	1.810172	1.004194	1.594533
17382	-1007.219	-1218.223	211.0039	1.796909	1.165628	1.594533
17388	-1007.677	-1218.723	211.0459	1.73733	0.8666756	1.816958
17394	-1013.321	-1224.153	210.832	1.522741	0.9253221	2.062816
17400	-1024.945	-1234.67	209.725	1.497104	1.150587	2.643304
17406	-1012.673	-1222.951	210.2778	1.590848	0.8303194	2.442757
17412	-1006.123	-1217.088	210.9647	1.620541	0.4780381	2.298134
17418	-1002.753	-1212.288	209.5355	1.622005	0.528105	3.124343
17424	-1009.82	-1220.115	210.295	1.79176	0.6179408	2.475856
17430	-1011.02	-1222.626	211.6059	2.000252	0.846434	1.216054
17436	-1008.921	-1220.141	211.2198	2.201629	0.9876463	1.244615
17442	-1039.788	-1249.726	209.938	1.932895	0.5236499	2.69782
17448	-1020.345	-1231.738	211.3928	1.595065	0.3743858	2.162266
17454	-1027.7	-1239.285	211.585	1.73777	0.4574595	1.83451
17460	-1022.752	-1234.353	211.6016	1.693314	0.4734947	1.83451
17466	-1018.532	-1229.961	211.4294	1.738563	0.6352708	1.749376
17472	-1028.157	-1240.34	212.1832	1.999868	0.5047911	1.11541
17478	-1002.73	-1214.187	211.4568	1.817924	0.658528	1.651009
17484	-1005.27	-1216.524	211.2539	2.00273	0.6038533	1.718437
17490	-1003.036	-1213.952	210.9154	2.040516	0.9543998	1.62892
17496	-1007.355	-1219.211	211.8554	1.998951	0.6274283	1.239333
17502	-1018.114	-1229.367	211.2532	1.892481	0.5630267	1.837738
17508	-1036.612	-1248.022	211.4102	2.052947	0.3470888	1.883957
17514	-1018.517	-1229.745	211.2279	1.794282	0.6887466	1.80037
17520	-1016.062	-1226.768	210.7064	1.860875	0.6534939	2.137248
17526	-1020.498	-1231.541	211.0428	1.708907	0.4064803	2.274111
17532	-1016.661	-1228.079	211.4177	1.912196	0.4676709	1.817345
17538	-1022.862	-1233.696	210.8337	1.913056	0.6542067	2.018433
17544	-1050.187	-1260.469	210.2824	1.65672	0.5498261	2.630468
17550	-1012.971	-1224.432	211.4611	1.654419	0.697079	1.727602
17556	-1016.662	-1228.01	211.3479	1.984019	0.5275396	1.746878
17562	-1011.869	-1222.237	210.3687	1.717531	0.6389102	2.457644
17568	-1019.19	-1229.294	210.1049	1.564001	0.630423	2.723657
17574	-1030.487	-1240.574	210.0868	1.481458	0.7050915	2.723657
17580	-1021.882	-1232.265	210.3825	1.519574	0.7050915	2.517387
17586	-1019.558	-1230.391	210.8335	1.928638	0.5850142	2.073307
17592	-1020.705	-1232.471	211.7663	1.906274	0.7045467	1.303314
17598	-1036.373	-1248.035	211.662	2.03822	0.7544608	1.22833
17604	-1040.016	-1251.745	211.7283	1.868831	0.5929768	1.482093
17610	-1050.814	-1262.472	211.6576	1.925884	0.633253	1.44869
17616	-1037.688	-1249.197	211.5098	1.91414	0.6750004	1.525881
17622	-1034.611	-1246.722	212.1112	2.116542	0.4285782	1.192801
17628	-1046.73	-1258.39	211.6592	1.873262	0.4495476	1.69803
17634	-1032.786	-1243.746	210.9596	1.872496	0.7753972	1.856034
17640	-1041.04	-1251.408	210.3685	1.622199	0.4861803	2.662022
17646	-1024.847	-1236.012	211.1648	1.711837	0.3771684	2.230665
17652	-1029.673	-1240.74	211.0665	1.810166	0.3771684	2.230665
17658	-1022.727	-1233.106	210.3787	1.66114	0.6960544	2.438454
17664	-1006.961	-1218.182	211.2211	1.916476	0.3414036	2.109234
17670	-1017.213	-1228.133	210.9204	1.82132	0.5621827	2.109234
17676	-1023.151	-1233.607	210.4561	1.527387	0.4092608	2.750733
17682	-1026.087	-1237.604	211.517	2.046992	0.4187914	1.715408
17688	-1035.362	-1246.006	210.6441	2.046992	0.76234	1.962337
17694	-1034.101	-1244.883	210.7824	1.72409	0.5786852	2.245792
17700	-1024.501	-1235.666	211.1651	1.79713	0.3330082	2.234957
17706	-1030.182	-1240.698	210.5156	1.522575	0.3244172	2.823222
17712	-1023.218	-1233.225	210.0069	1.578327	0.4973706	2.897798
17718	-1016.181	-1226.551	210.3699	1.819012	0.6338733	2.397449
17724	-1022.478	-1229.795	207.3169	1.341203	0.4448353	4.642279
17730	-1031.22	-1238.621	207.4015	1.129013	0.4905267	4.669425
17736	-1016.383	-1225.596	209.2127	1.295057	0.631201	3.417056
17742	-1029.301	-1239.924	210.6226	1.916966	1.112518	1.813569
17748	-1020.551	-1231.757	211.2066	1.769341	0.7110359	1.812323
17754	-1014.053	-1224.678	210.625	1.825277	0.8304691	2.068818
17760	-1033.177	-1243.275	210.0978	1.771715	1.068006	2.284988
17766	-1010.654	-1221.849	211.1947	1.893908	0.3013071	2.199369
17772	-1014.746	-1226.114	211.3676	1.86519	0.4252716	1.935265
17778	-1015.665	-1226.345	210.68	1.70591	0.4626903	2.441275
17784	-1033.909	-1245.155	211.2456	1.598435	0.4698429	2.140187
17790	-1014.887	-1226.908	212.021	2.264087	0.590218	0.878902
17796	-1023.237	-1234.776	211.5385	2.034548	0.9870849	1.113361
17802	-1022.2	-1233.648	211.4482	2.061259	0.7716943	1.366532
17808	-1026.855	-1238.243	211.3887	1.985206	0.7089588	1.529982
17814	-1024.721	-1236.444	211.723	2.252725	0.7482307	0.9830817
17820	-1025.865	-1236.937	211.0722	2.069021	1.391486	1.179796
17826	-1019.974	-1230.723	210.7489	2.254833	1.75778	1.069603
17832	-1022.47	-1232.625	210.1558	2.128119	2.049761	1.514124
17838	-1020.866	-1231.706	210.8406	1.942858	1.066968	1.672501
17844	-1006.479	-1216.012	209.5331	1.578084	0.9337756	2.840017
17850	-996.348	-1207.482	211.1337	1.614215	0.5496291	2.117834
17856	-992.3365	-1203.179	210.8427	1.76416	0.7715825	2.011069
17862	-1004.89	-1216.776	211.8858	1.875756	0.3938102	1.608161
17868	-1019.892	-1230.535	210.6432	1.765919	0.6612836	2.232924
17874	-1022.658	-1234.05	211.3921	1.843437	0.5462536	1.793536
17880	-1042.721	-1253.442	210.7215	1.633771	0.5854372	2.336128
17886	-1025.306	-1236.24	210.9343	1.660606	0.4386425	2.336128
17892	-1022.936	-1234.272	211.3359	1.790918	0.7593629	1.663736
17898	-1017.484	-1227.798	210.3134	1.806841	0.4525924	2.617863
17904	-1012.631	-1222.808	210.177	1.641905	0.6746031	2.594033
17910	-1008.98	-1219.279	210.2988	1.489392	0.4074456	2.871623
17916	-1031.977	-1240.685	208.7079	1.509312	0.7505697	3.495143
17922	-1045.272	-1255.922	210.6499	1.317284	0.7189981	2.465483
17928	-1031.843	-1242.291	210.4473	1.497602	0.6145045	2.567338
17934	-1027.794	-1238.471	210.6768	1.586397	1.021779	2.058242
17940	-1022.24	-1233.701	211.4606	1.843479	0.8245467	1.476712
17946	-1044.362	-1254.972	210.6103	1.752965	0.8672632	2.098668
17952	-1036.579	-1248.199	211.6196	1.667817	0.5427281	1.761239
17958	-1037.469	-1248.692	211.2232	1.681014	0.3851415	2.202582
17964	-1021.646	-1232.559	210.9128	1.617902	0.6160909	2.194992
17970	-1025.241	-1236.472	211.2313	1.567708	0.5958644	2.038408
17976	-1027.638	-1238.494	210.8552	1.559253	0.9039574	2.038408
17982	-1029.94	-1241.217	211.277	1.798907	0.9344226	1.556671
17988	-1020.417	-1232.555	212.1378	1.909806	0.3602735	1.4454
17994	-1021.516	-1233.16	211.6434	2.061268	0.4493849	1.574205
18000	-1005.766	-1217.643	211.8772	1.75792	0.2669722	1.892393
18006	-1007.573	-1219.068	211.4952	1.841769	0.3507404	1.963946
18012	-1019.69	-1230.374	210.6842	1.629464	0.4785871	2.469405
18018	-1006.494	-1217.948	211.4541	1.799667	0.4285954	1.916948
18024	-1011.483	-1222.875	211.392	1.73944	0.4339748	1.992507
18030	-1003.218	-1214.599	211.3805	1.692346	0.4764265	1.981642
18036	-1021.392	-1232.094	210.7025	1.820115	0.7201133	2.10896
18042	-1037.334	-1248.827	211.493	1.85663	0.7567628	1.503196
18048	-1031.363	-1242.457	211.0948	1.87359	0.6318998	1.890209
18054	-1020.323	-1231.147	210.824	1.951007	0.5548064	2.094826
18060	-1021.926	-1233.003	211.0772	1.861221	0.5938209	1.947367
18066	-1021.27	-1232.646	211.3754	1.764436	0.4671761	1.947367
18072	-1008.291	-1219.979	211.6878	1.973529	0.5450528	1.488311
18078	-1003.371	-1215.227	211.8561	1.887503	0.4939776	1.488311
18084	-1017.573	-1228.299	210.7262	1.846641	0.6608357	2.127047
18090	-1016.216	-1226.58	210.3641	1.984313	0.6779032	2.257613
18096	-1021.565	-1232.225	210.66	1.817567	0.7265327	2.133087
18102	-1022.237	-1233.326	211.0885	1.97269	0.5044424	1.957932
18108	-1022.682	-1234.499	211.8164	2.032288	0.5044424	1.394515
18114	-1006.976	-1217.866	210.8901	1.84629	0.6184868	2.05824
18120	-1014.065	-1224.457	210.3917	1.744013	0.7545288	2.330855
18126	-1019.297	-1230.203	210.9052	1.708129	0.7545288	2.020625
18132	-1023.616	-1235.297	211.681	1.834028	0.5522657	1.588399
18138	-1026.426	-1237.715	211.2887	1.975025	0.9481451	1.403973
18144	-1035.804	-1247.057	211.2534	1.901398	0.7521733	1.650071
18150	-1012.827	-1223.033	210.2066	1.941638	0.474489	2.576896
18156	-1030.079	-1242.075	211.9956	2.182921	0.2588345	1.522161
18162	-1030.073	-1242.178	212.1047	2.301409	0.2236153	1.421097
18168	-1033.628	-1245.464	211.8357	2.062787	0.3456242	1.579769
18174	-1012.532	-1224.131	211.5991	1.971839	0.3541636	1.799726
18180	-1039.48	-1250.02	210.5399	1.943802	0.7548395	2.105937
18186	-1037.881	-1248.802	210.921	1.926086	0.5867263	2.015436
18192	-1016.728	-1227.155	210.427	1.809682	0.4186642	2.583994
18198	-1012.673	-1223.8	211.1274	1.826581	0.4586848	2.08087
18204	-1028.799	-1239.133	210.3342	1.746449	0.4784975	2.614562
18210	-1027.905	-1239.783	211.8787	1.830431	0.4815889	1.529665
18216	-1036.112	-1247.421	211.3089	1.902882	0.5283774	1.829349
18222	-1035.04	-1246.472	211.4319	1.782686	0.3203554	2.088918
18228	-1028.108	-1239.185	211.0769	1.782686	0.3570944	2.268007
18234	-1022.68	-1233.821	211.1406	1.626325	0.4035009	2.268007
18240	-1019.961	-1231.712	211.7509	1.825638	0.7109002	1.373419
18246	-1027.472	-1239.381	211.9088	2.051212	0.622655	1.154314
18252	-1011.765	-1223.851	212.0863	1.99743	0.4689091	1.253782
18258	-1010.734	-1222.536	211.8024	2.026771	0.5533328	1.348734
18264	-1023.48	-1234.486	211.0058	1.891447	0.6166011	1.952919
18270	-1008.776	-1219.737	210.9603	1.680542	0.7046922	2.044129
18276	-1018.768	-1229.671	210.9029	1.691871	0.3385495	2.460835
18282	-1020.945	-1232.237	211.2918	1.784647	0.3385495	2.153222
18288	-1017.702	-1228.839	211.1372	1.518782	0.3452111	2.413304
18294	-1018.479	-1229.229	210.75	1.594221	0.3304191	2.627712
18300	-1034.335	-1246.002	211.6673	2.387291	0.405485	1.370361
18306	-1034.797	-1246.356	211.5589	2.387291	0.5257704	1.289292
18312	-1028.163	-1239.691	211.5277	2.39059	0.4560385	1.404426
18318	-1057.849	-1269.402	211.5527	2.363623	0.3416375	1.572911
18324	-1026.936	-1238.943	212.0067	2.119331	0.3416375	1.415267
18330	-1029.663	-1241.59	211.9268	2.110502	0.3847578	1.415267
18336	-1036.089	-1247.705	211.6159	2.006085	0.3432796	1.780296
18342	-1034.588	-1246.46	211.8723	2.004188	0.3826394	1.54004
18348	-1037.543	-1249.026	211.4821	2.012439	0.6102723	1.54004
18354	-1024.253	-1235	210.7467	1.8813	0.9387065	1.870072
18360	-1013.59	-1224.511	210.9211	1.805921	0.5096663	2.172805
18366	-1005.977	-1217.537	211.5598	1.982952	0.7292202	1.381609
18372	-1013.766	-1225.542	211.7761	1.956005	0.7292202	1.228002
18378	-1006.395	-1218.448	212.0529	2.104782	0.5366376	1.091774
18384	-1022.478	-1234.294	211.8165	2.089912	0.7588449	1.038737
18390	-1004.601	-1216.342	211.7406	2.089912	0.5966578	1.29544
18396	-996.9126	-1208.583	211.67	2.106405	0.730624	1.188712
18402	-998.4803	-1209.981	211.5007	2.193756	0.8607651	1.124867
18408	-1005.398	-1216.987	211.5895	1.943822	0.8607651	1.263586
18414	-1019.54	-1231.311	211.7703	1.935331	0.6372056	1.34937
18420	-1013.188	-1224.377	211.1893	1.805294	0.6276009	1.876464
18426	-1025.486	-1236.441	210.9545	1.993501	0.8188489	1.740154
18432	-1011.772	-1223.887	212.1148	1.818811	0.4051353	1.464343
18438	-1004.103	-1215.347	211.2441	1.574724	0.673951	1.952395
18444	-1017.904	-1228.119	210.2149	1.603932	0.7234004	2.554581
18450	-1014.616	-1225.526	210.9102	1.611706	0.4977093	2.317429
18456	-1010.361	-1221.311	210.9499	1.664678	0.5788664	2.175802
18462	-997.8183	-1208.314	210.4959	1.821041	0.7791458	2.195276
18468	-1013.6	-1224.488	210.8885	1.727988	0.5577032	2.195276
18474	-1027.289	-1238.419	211.1303	2.012638	1.067689	1.405387
18480	-1041.178	-1252.842	211.6632	2.148288	0.6928977	1.200261
18486	-1014.614	-1226.347	211.7332	2.086659	0.8649934	1.001974
18492	-1011.331	-1223.045	211.7141	2.217506	0.7441219	1.032012
18498	-1021.074	-1232.767	211.6928	2.246085	0.9605447	0.7391929
18504	-1026.483	-1237.917	211.4336	1.8111	0.5810853	1.750281
18510	-1037.154	-1249.021	211.8672	2.025206	0.7478122	1.06507
18516	-1023.443	-1235.076	211.633	2.008791	0.7478122	1.28371
18522	-1006.586	-1218.203	211.6166	1.780445	0.6043684	1.617593
18528	-1022.513	-1234.154	211.6409	1.933135	0.5996763	1.492178
18534	-1011.507	-1222.802	211.2951	1.867818	0.4316096	1.974387
18540	-1010.799	-1222.409	211.6101	1.76951	0.3999532	1.868102
18546	-1018.235	-1229.865	211.6294	2.038707	0.3999532	1.666873
18552	-1031.393	-1242.312	210.9184	1.894272	0.757713	1.88402
18558	-1032.677	-1243.866	211.189	1.70987	0.7008271	1.874222
18564	-1019.58	-1231.102	211.5221	1.8659	0.3909847	1.874222
18570	-1031.133	-1241.786	210.6535	1.839448	0.7008044	2.144559
18576	-1039.61	-1250.658	211.048	1.950718	0.3825805	2.144559
18582	-1033.043	-1244.996	211.9524	2.39895	0.3970763	1.136549
18588	-1026.681	-1237.873	211.1922	1.790915	0.4890256	2.02718
18594	-1034.903	-1246.082	211.1791	1.818498	0.4242941	2.092903
18600	-1024.844	-1236.351	211.5065	2.05033	0.4564148	1.672076
18606	-1041.499	-1253.222	211.7232	2.14569	0.3176963	1.645453
18612	-1027.019	-1237.373	210.3548	1.879713	0.569557	2.427569
18618	-1023.233	-1234.497	211.264	1.683476	0.517546	2.019698
18624	-1032.673	-1243.481	210.8088	1.658523	0.6229873	2.22958
18630	-1031.951	-1242.879	210.9281	1.912071	0.3965445	2.22958
18636	-1047.168	-1258.201	211.0333	1.917971	0.4987563	2.037558
18642	-1033.964	-1245.093	211.1295	2.079281	0.4987563	1.86439
18648	-1024.554	-1235.923	211.3691	1.861035	0.4859848	1.86439
18654	-1026.698	-1237.251	210.5531	1.894956	0.6289961	2.236512
18660	-1028.437	-1239.365	210.9275	1.808548	0.9483665	1.788808
18666	-1020.866	-1232.265	211.3989	1.782791	0.9483665	1.466705
18672	-1010.226	-1221.313	211.0869	1.847247	1.046329	1.577951
18678	-1020.386	-1231.853	211.4667	1.792006	0.6443057	1.676427
18684	-1021.907	-1233.817	211.9099	1.822489	0.6080247	1.360864
18690	-1039.371	-1251.669	212.2983	2.147357	0.3511185	1.135076
18696	-1031.18	-1243.334	212.1535	2.332026	0.4059891	0.9937912
18702	-1016.009	-1227.989	211.9796	2.14754	0.4965833	1.177019
18708	-1025.086	-1237.017	211.9316	2.090129	0.6502849	1.063052
18714	-1029.006	-1241.288	212.2821	2.061625	0.6459941	0.6859722
18720	-1023.198	-1235.132	211.9337	2.306374	0.6705163	0.7945538
18726	-1016.778	-1228.314	211.5362	2.494479	0.9253166	0.6384129
18732	-1016.079	-1227.586	211.5071	2.420734	1.040327	0.6030693
18738	-1019.709	-1231.53	211.8208	2.485042	0.7161846	0.5126033
18744	-1047.542	-1259.151	211.609	2.452749	0.8984944	0.6330216
18750	-1052.57	-1264.495	211.9256	2.257702	0.7582313	0.7115076
18756	-1030.797	-1241.98	211.1824	2.314791	1.422453	0.7881957
18762	-1025.426	-1237.118	211.6916	2.314791	0.9230162	0.6922734
18768	-1034.469	-1246.03	211.5605	2.289175	0.9519955	0.8693296
18774	-1026.461	-1238.506	212.0449	2.261774	0.5704344	0.8879229
18780	-1028.627	-1240.848	212.2202	2.202649	0.3448459	1.167027
18786	-1032.293	-1244.059	211.7659	1.941903	0.8076449	1.167027
18792	-1033.128	-1244.464	211.3359	1.944376	0.6596982	1.645906
18798	-1027.883	-1238.799	210.9155	1.871335	0.6144759	2.028652
18804	-1013.575	-1224.398	210.8229	1.813734	0.6037883	2.137598
18810	-1019.007	-1229.726	210.7196	1.855296	0.6475607	2.137598
18816	-1006.864	-1218.408	211.5444	1.953063	0.419527	1.761148
18822	-1023.865	-1235.475	211.6102	1.942898	0.3903841	1.761148
18828	-1018.726	-1230.438	211.7113	1.886057	0.442111	1.661297
18834	-1033.504	-1245.413	211.9087	1.742856	0.6705213	1.356156
18840	-1022.018	-1233.905	211.8875	1.764007	0.6705213	1.356156
18846	-1021.757	-1233.611	211.8536	1.738866	0.6944741	1.377714
18852	-1021.502	-1233.641	212.1386	1.900278	0.6944741	0.9885195
18858	-1019.282	-1231.016	211.7341	1.997096	0.9602674	0.9885195
18864	-1028.678	-1240.125	211.4471	2.095727	1.102013	1.03763
18870	-1011.15	-1223.259	212.1093	2.005313	0.6509573	0.9706308
18876	-1011.134	-1223.076	211.9418	2.071508	0.7279213	0.9706308
18882	-1013.118	-1225.151	212.0329	2.168975	0.5895281	0.9706308
18888	-1016.934	-1229.264	212.3304	2.072064	0.4944131	0.9155991
18894	-1019.22	-1231.204	211.9844	2.200872	0.6372436	0.9155991
18900	-1014.624	-1226.532	211.9084	2.212172	0.7787015	0.7697925
18906	-1004.778	-1216.657	211.8789	2.217024	0.8195419	0.734595
18912	-1038.629	-1249.587	210.9586	2.433529	1.704316	0.6215985
18918	-1016.254	-1227.461	211.2067	2.655757	1.129477	0.4900453
18924	-1023.009	-1234.279	211.2699	2.590568	1.129477	0.4675206
18930	-1026.823	-1238.979	212.1562	2.234213	0.6182072	0.671133
18936	-1025.312	-1236.994	211.6821	2.358588	0.9368792	0.5750633
18942	-1029.933	-1241.513	211.5798	2.449006	0.9401954	0.6029085
18948	-1020.399	-1231.642	211.2436	2.56587	1.178416	0.5713497
18954	-1016.69	-1228.231	211.5409	2.431166	0.9974769	0.5973275
18960	-1033.784	-1245.606	211.8228	2.35476	0.7618152	0.7136423
18966	-1027.491	-1239.288	211.7967	2.35476	0.8263176	0.6097304
18972	-1025.628	-1237.496	211.8681	2.057434	0.5580498	1.264793
18978	-1036.006	-1247.92	211.9134	2.089541	0.5371466	1.22723
18984	-1032.587	-1244.168	211.581	2.045543	0.7510424	1.292899
18990	-1016.551	-1227.959	211.4076	1.951394	0.6300688	1.618678
18996	-1029.776	-1241.512	211.736	1.960758	0.4381338	1.594777
19002	-1026.946	-1238.435	211.489	1.926904	0.5229646	1.6928
19008	-1036.184	-1247.36	211.1759	1.853388	0.8572941	1.651399
19014	-1035.268	-1247.247	211.9791	1.934542	0.5633823	1.2679
19020	-1030.666	-1242.639	211.9733	2.188188	0.5684888	1.041967
19026	-1023.037	-1234.955	211.9182	2.164104	0.7337252	0.8879668
19032	-1038.831	-1250.382	211.551	1.967804	0.8429112	1.292044
19038	-1036.351	-1247.899	211.5477	1.747034	0.661345	1.633911
19044	-1028.611	-1239.848	211.2364	1.98955	0.8082597	1.549266
19050	-1027.691	-1239.56	211.869	2.169212	0.6073394	1.103765
19056	-1040.324	-1252.311	211.987	2.261941	0.3526533	1.299439
19062	-1040.752	-1252.967	212.2152	2.131399	0.3187959	1.279653
19068	-1015.314	-1227.315	212.001	1.858569	0.4029805	1.523104
19074	-1016.341	-1228.284	211.9429	2.037328	0.2893257	1.612434
19080	-1011.193	-1222.631	211.438	2.05069	0.5906163	1.565402
19086	-1001.456	-1212.75	211.2931	2.025702	0.586152	1.692771
19092	-1017.247	-1227.394	210.147	1.60889	0.7568272	2.567757
19098	-1014.268	-1224.671	210.403	1.570074	0.7719881	2.420361
19104	-1029.561	-1240.695	211.1346	2.721406	1.086782	0.3629713
19110	-1014.634	-1225.721	211.0872	2.782689	1.086782	0.3833618
19116	-1015.708	-1226.8	211.0922	2.838093	0.9938067	0.343742
19122	-1012.853	-1223.77	210.9161	1.637287	1.040866	1.85068
19128	-1014.312	-1226.038	211.7261	1.884132	0.5929474	1.472249
19134	-1013.394	-1225.402	212.0077	1.920668	0.3895633	1.491115
19140	-1019.009	-1230.296	211.2874	1.708773	0.7856507	1.733761
19146	-1022.687	-1234.32	211.6329	1.869099	0.4383029	1.733761
19152	-1031.615	-1242.821	211.2061	2.16651	0.7274792	1.513297
19158	-1032.928	-1243.986	211.0578	1.927069	0.946279	1.614092
19164	-1031.423	-1243.068	211.6454	2.265501	0.9855842	0.7430064
19170	-1025.693	-1236.763	211.0696	2.398777	1.426649	0.8219027
19176	-1033.751	-1244.675	210.9238	2.480619	1.634392	0.6944731
19182	-1014.552	-1225.809	211.2567	2.502347	1.226641	0.6001196
19188	-1029.602	-1241.134	211.5324	2.367217	1.032631	0.683613
19194	-1024.519	-1236.128	211.6089	2.17405	0.43037	1.541889
19200	-1012.745	-1224.341	211.5959	1.79835	0.430884	1.818193
19206	-1015.491	-1226.901	211.4093	1.807299	0.3971731	1.981858
19212	-998.442	-1210.167	211.7252	1.988978	0.3893045	1.648734
19218	-1008.099	-1219.625	211.526	2.012278	0.6300482	1.486376
19224	-1012.377	-1224.083	211.7066	2.034935	0.5278864	1.447935
19230	-1013.03	-1224.607	211.5769	1.999044	0.4592639	1.654813
19236	-1029.666	-1240.037	210.3707	1.70152	0.7768524	2.353933
19242	-1020.752	-1232.031	211.279	1.884772	0.4638763	1.935082
19248	-1007.085	-1218.087	211.002	1.872735	0.6516499	1.935082
19254	-1034.6	-1245.29	210.6906	1.699821	0.7344808	2.183236
19260	-1015.59	-1226.607	211.0175	1.998312	0.7804749	1.724331
19266	-1020.637	-1231.405	210.7683	1.99098	1.205385	1.599277
19272	-1013.691	-1225.026	211.3352	1.880231	0.7602041	1.599147
19278	-1030.831	-1242.211	211.3801	1.999535	0.4842966	1.763113
19284	-1034.184	-1244.679	210.4954	1.669371	0.6979753	2.357965
19290	-1020.859	-1231.399	210.5398	1.750717	0.5598169	2.401562
19296	-1021.905	-1233.012	211.1067	1.77767	0.2987861	2.334201
19302	-1030.194	-1240.797	210.6036	1.626428	0.3148755	2.719186
19308	-1021.497	-1232.49	210.9936	1.498393	0.5287427	2.304365
19314	-1026.164	-1237.133	210.9694	1.743223	0.4535317	2.24379
19320	-1028.767	-1240.065	211.298	1.782092	0.4640438	1.991072
19326	-1033.108	-1243.437	210.3288	1.868876	0.6594954	2.369553
19332	-1039.319	-1249.688	210.3699	1.833942	0.3327379	2.710948
19338	-1031.364	-1240.939	209.575	1.591612	0.7955297	2.899846
19344	-1027.839	-1238.73	210.8903	1.818011	0.3794063	2.335586
19350	-1041.034	-1251.41	210.3766	1.624734	0.7844016	2.393067
19356	-1015.127	-1226.784	211.6572	1.874183	0.6940707	1.425565
19362	-1014.48	-1226.379	211.8987	2.080522	0.5088352	1.284644
19368	-1013.335	-1224.697	211.3618	1.918497	0.6869614	1.619573
19374	-1009.625	-1221.069	211.4435	2.057385	0.6869614	1.456052
19380	-1007.313	-1218.875	211.5618	2.057385	0.6930691	1.358088
19386	-1006.748	-1218.519	211.7717	2.010138	0.7728338	1.138217
19392	-1020.667	-1232.314	211.6462	2.165697	0.7728338	1.111182
19398	-1016.674	-1228.246	211.572	2.219512	0.7723645	1.130138
19404	-1006.241	-1217.621	211.3796	2.235154	0.9287507	1.130138
19410	-1009.02	-1220.774	211.7545	2.353507	0.8087865	0.7352145
19416	-1038.267	-1249.933	211.6661	2.348836	0.8864186	0.7432839
19422	-1024.347	-1234.627	210.2803	1.543652	0.6145967	2.642139
19428	-1050.821	-1261.274	210.4528	1.524642	0.4658007	2.69158
19434	-1014.987	-1226.499	211.5122	2.183229	0.7781185	1.207991
19440	-1032.403	-1243.687	211.2846	2.04606	0.6380523	1.631088
19446	-1007.907	-1219.371	211.464	1.859853	0.444834	1.84921
19452	-1016.57	-1228.055	211.485	1.633697	0.5698306	1.84921
19458	-1021.964	-1233.208	211.2444	1.670026	0.4409532	2.127497
19464	-1025.173	-1236.436	211.2627	1.80325	0.3052266	2.208195
19470	-1028.975	-1240.27	211.2949	1.854578	0.3309122	2.116334
19476	-1021.872	-1232.82	210.9483	1.725008	0.6009227	2.116334
19482	-1005.079	-1216.781	211.7015	1.762539	0.6778581	1.493115
19488	-1011.232	-1222.636	211.4045	1.872296	0.7174006	1.593422
19494	-1009.08	-1220.16	211.0797	1.770466	0.9185128	1.731066
19500	-1010.315	-1221.27	210.9551	2.080829	0.9185128	1.598231
19506	-1004.907	-1215.934	211.0273	2.007825	1.277324	1.343788
19512	-1013.526	-1224.733	211.2074	1.913796	1.097031	1.400788
19518	-1008.561	-1220.041	211.4798	2.056936	0.9751257	1.156674
19524	-1018.773	-1230.917	212.1434	2.232661	0.5370859	0.8669816
19530	-1016.846	-1228.769	211.9231	2.291183	0.7151069	0.7481174
19536	-1023.687	-1235.263	211.5755	2.380416	0.9426096	0.7416322
19542	-1005.265	-1216.715	211.4509	2.269448	1.141542	0.8018572
19548	-1019.182	-1230.612	211.4296	2.317984	1.141542	0.7641024
19554	-1022.32	-1234.128	211.808	2.152251	0.882181	0.8252547
19560	-1013.402	-1224.801	211.3995	2.291641	1.138303	0.842848
19566	-1018.899	-1229.96	211.0614	2.356806	1.470992	0.842848
19572	-1031.003	-1242.388	211.3848	1.678927	0.4719073	1.992901
19578	-1030.531	-1241.876	211.3451	1.732746	0.5834783	1.863193
19584	-1047.614	-1259.563	211.949	1.891239	0.641725	1.234415
19590	-1026.032	-1237.51	211.4775	1.797416	0.8772781	1.453688
19596	-1032.483	-1243.968	211.4848	1.84968	1.025193	1.285606
19602	-1028.11	-1239.653	211.5427	1.9062	0.7995054	1.387966
19608	-1031.525	-1243.287	211.762	2.113283	0.6435244	1.202564
19614	-1026.763	-1238.669	211.9055	2.241138	0.7210953	0.8301223
19620	-1023.001	-1234.447	211.4466	2.168132	1.236946	0.8301223
19626	-1013.961	-1225.613	211.6518	2.168132	0.9770306	0.8740618
19632	-1018.992	-1230.4	211.4073	2.268489	1.305789	0.6438717
19638	-1019.573	-1230.776	211.203	2.387635	1.443324	0.5810163
19644	-1020.277	-1231.675	211.3986	2.438151	1.144967	0.5810163
19650	-1028.347	-1239.216	210.8693	2.544406	1.601166	0.718053
19656	-1023.622	-1234.992	211.37	2.431795	1.164416	0.6312698
19662	-1019.471	-1230.548	211.0773	2.275903	1.549791	0.8519289
19668	-1022.06	-1233.56	211.5001	2.255732	1.153164	0.7360169
19674	-1022.364	-1234.036	211.672	2.270999	0.9813275	0.6974127
19680	-1024.666	-1236.002	211.3362	2.369576	1.197951	0.7520079
19686	-1033.766	-1245.19	211.4244	2.369612	1.134211	0.7014037
19692	-1027.762	-1238.868	211.1062	2.370939	1.508249	0.7229187
19698	-1024.065	-1235.424	211.359	2.416679	1.165394	0.6840456
19704	-1015.664	-1226.531	210.8665	2.436116	1.635206	0.8406302
19710	-1007.822	-1218.946	211.1245	2.556216	1.336141	0.5530474
19716	-1004.35	-1215.467	211.117	2.629007	1.262876	0.4916381
19722	-1014.256	-1225.259	211.003	2.739468	1.262876	0.4586129
19728	-1004.212	-1215.309	211.0969	2.64557	1.262876	0.4586129
19734	-1007.643	-1218.798	211.1552	2.587278	1.262876	0.4586129
19740	-1018.849	-1230.506	211.6569	2.350581	0.9519251	0.6273558
19746	-1009.924	-1221.821	211.897	2.293579	0.7976883	0.5928505
19752	-1015.761	-1227.399	211.6379	2.414824	0.9263676	0.5715645
19758	-1014.757	-1226.324	211.5669	2.50563	0.9136287	0.5401278
19764	-1024.922	-1236.88	211.9576	2.430602	0.6421295	0.5966164
19770	-1025.282	-1236.338	211.0559	2.34457	1.418696	0.9096191
19776	-1023.982	-1235.087	211.1053	2.087208	1.453049	1.091866
19782	-1008.527	-1220.262	211.7354	2.166118	0.9036653	0.8684632
19788	-1018.773	-1229.898	211.1249	2.402218	1.484707	0.6642634
19794	-1003.824	-1214.797	210.9734	2.400277	1.541342	0.8342646
19800	-1003.485	-1215	211.5146	2.339781	1.065458	0.7077716
19806	-1013.494	-1225.116	211.6223	2.290661	1.03001	0.6625945
19812	-1032.215	-1242.734	210.5188	2.663538	1.974497	0.703905
19818	-1017.764	-1229.068	211.304	2.296022	1.258617	0.8255674
19824	-1013.94	-1225.603	211.6633	2.181243	0.9921226	0.8255674
19830	-1025.288	-1237.444	212.1558	2.199589	0.5934311	0.7847427
19836	-1020.889	-1231.703	210.8141	2.457568	1.828803	0.7032949
19842	-1015.724	-1226.949	211.2247	2.4337	1.295032	0.6955843
19848	-1031.621	-1243.327	211.7052	2.362743	0.8636236	0.6978284
19854	-1026.898	-1238.724	211.8267	2.281262	0.8342781	0.6854889
19860	-1018.427	-1230.35	211.9232	2.276201	0.6759711	0.8377348
19866	-1024.409	-1236.583	212.1741	2.276201	0.5286806	0.7899607
19872	-1049.045	-1260.983	211.9385	2.351904	0.6920005	0.6696257
19878	-1021.348	-1232.971	211.6227	2.33971	0.9729849	0.6774399
19884	-1024.853	-1236.929	212.0767	2.321875	0.6215146	0.6442725
19890	-1026.961	-1238.527	211.566	2.487281	0.9004453	0.6474802
19896	-1021.207	-1232.828	211.6206	2.432716	0.9004453	0.6474802
19902	-1018.714	-1230.096	211.3819	2.537844	1.030755	0.6466931
19908	-1006.08	-1218.049	211.9695	2.193659	0.7452797	0.7673741
19914	-1009.419	-1221.266	211.8469	2.139721	0.7470613	0.9734316
19920	-1007.232	-1219.046	211.8139	2.094769	0.8933479	0.8731911
19926	-1024.854	-1236.249	211.3949	2.29696	1.109907	0.8731911
19932	-1029.058	-1240.036	210.9784	2.359784	1.534484	0.8826656
19938	-1029.08	-1239.951	210.8711	2.403716	1.625723	0.8815711
19944	-1031.245	-1242.08	210.8348	2.713176	1.499544	0.5838524
19950	-1037.793	-1248.093	210.3005	1.611421	0.8139109	2.427506
19956	-1037.142	-1247.474	210.3319	1.720869	0.4256856	2.689415
19962	-1032.442	-1242.505	210.0631	1.522113	0.4418031	2.955722
19968	-1033.01	-1242.89	209.88	1.448818	0.5885512	2.966477
19974	-1027.83	-1238.762	210.9321	2.682806	1.42278	0.4607309
19980	-1019.565	-1231.145	211.5804	2.409355	0.9934764	0.5400481
19986	-1024.267	-1236.157	211.8902	2.338463	0.7675835	0.5864882
19992	-1007.668	-1219.204	211.5357	2.40611	1.040473	0.5493427
19998	-1005.09	-1216.517	211.4271	2.505583	1.043716	0.5765455
20004	-1016.821	-1228.476	211.6556	2.442318	0.8834821	0.5755782
20010	-1019.287	-1231.065	211.7785	2.29032	0.8951313	0.6247797
20016	-1008.033	-1219.76	211.7272	2.334714	0.867603	0.7006962
20022	-1007.608	-1219.23	211.6224	2.441169	0.867603	0.6976516
20028	-1022.346	-1234.179	211.8329	2.197115	0.7920472	0.8658903
20034	-1026.251	-1237.613	211.3618	2.678081	0.9465673	0.4789617
20040	-1031.545	-1242.791	211.2457	2.601382	1.145709	0.4789617
20046	-1025.242	-1236.51	211.2681	2.629872	1.09037	0.4789617
20052	-1025.706	-1236.408	210.7027	2.824824	1.54389	0.4789617
20058	-1013.715	-1224.518	210.8034	2.756095	1.501083	0.497322
20064	-1031.116	-1242.155	211.0389	2.495712	1.501083	0.62005
20070	-1027.018	-1238.47	211.4527	2.506504	1.002173	0.62005
20076	-1028.498	-1240	211.5015	2.638213	0.8530303	0.5355336
20082	-1029.123	-1241.005	211.8818	2.286818	0.8164339	0.592641
20088	-1030.649	-1241.865	211.2156	2.189098	1.488158	0.8438243
20094	-1031.645	-1242.952	211.3071	1.802503	1.067104	1.431559
20100	-1026.906	-1238.328	211.4223	1.806219	0.9894524	1.398397
20106	-1026.786	-1238.473	211.6869	1.799445	0.8042864	1.354021
20112	-1034.931	-1246.305	211.374	1.838836	0.9300919	1.457613
20118	-1018.163	-1229.657	211.4939	1.812286	1.129974	1.226842
20124	-1011.092	-1223.146	212.054	1.79895	0.6390133	1.226842
20130	-1012.551	-1224.719	212.1674	1.941154	0.5225125	1.156304
20136	-1009.298	-1220.589	211.2907	2.017522	1.220087	1.156304
20142	-1024.891	-1236.871	211.9807	2.123022	0.7036296	0.9072202
20148	-1022.985	-1234.928	211.9424	2.070172	0.7579257	0.9320153
20154	-1011.777	-1223.469	211.6911	2.053406	0.7579257	1.186923
20160	-1021.149	-1232.807	211.6581	2.099875	0.7470237	1.186923
20166	-1017.403	-1229.216	211.8126	2.05645	0.7221273	1.116435
20172	-1016.256	-1227.929	211.673	1.977022	0.9226795	1.104011
20178	-1017.668	-1229.26	211.5924	2.02759	0.849704	1.201097
20184	-1029.83	-1241.22	211.3901	1.839771	1.063395	1.340274
20190	-1026.866	-1238.425	211.5592	1.909485	0.9381037	1.24771
20196	-1032.185	-1243.557	211.3719	1.874021	0.9381037	1.425864
20202	-1028.341	-1239.932	211.5912	1.958829	0.796046	1.310805
20208	-1032.286	-1243.216	210.9298	1.904037	0.8273486	1.812763
20214	-1034.544	-1246.039	211.4951	2.132004	0.7368562	1.306822
20220	-1032.9	-1244.115	211.2157	2.030173	0.6835107	1.647686
20226	-1019.037	-1229.453	210.4162	1.755133	0.5212423	2.514286
20232	-1013.295	-1224.893	211.598	1.915075	0.5383435	1.605576
20238	-1015.377	-1226.7	211.3228	1.690743	0.5375831	1.954171
20244	-1023.249	-1234.121	210.8718	1.606651	0.4900489	2.353237
20250	-1014.413	-1225.534	211.1212	1.860553	0.5541251	1.958271
20256	-1020.479	-1230.606	210.1278	1.702659	0.751193	2.525674
20262	-1028.12	-1239.685	211.5645	1.749773	0.5656587	1.717646
20268	-1037.566	-1248.978	211.4115	1.651015	0.5656587	1.891806
20274	-1041.151	-1252.267	211.1155	1.775825	0.4189973	2.168791
20280	-1025.762	-1236.73	210.9681	1.706469	0.4838637	2.234457
20286	-1012.149	-1223.125	210.9759	1.64301	0.5445921	2.206848
20292	-1005.174	-1216.277	211.1034	1.609646	0.3547946	2.364472
20298	-1005.402	-1216.303	210.9017	1.669773	0.4270314	2.364472
20304	-1008.819	-1220.134	211.315	1.680364	0.4892218	2.018825
20310	-1017.615	-1229.125	211.5092	1.680364	0.4892218	1.888289
20316	-1023.031	-1234.713	211.6825	1.742489	0.4926268	1.721491
20322	-1025.643	-1237.298	211.6543	2.425814	0.7251081	0.9027431
20328	-1019.543	-1231.708	212.1649	2.240314	0.4648239	0.9663391
20334	-1025.466	-1236.674	211.2081	1.951516	0.9070661	1.516186
20340	-1014.123	-1226.01	211.887	2.029261	0.5751365	1.25103
20346	-1006.145	-1217.752	211.6072	2.013739	0.5575708	1.504093
20352	-1009.86	-1221.114	211.2538	1.746272	0.7015887	1.804034
20358	-1009.658	-1220.878	211.2197	1.93571	0.5806404	1.812775
20364	-1010.145	-1221.396	211.2513	1.719527	0.5597176	1.959863
20370	-1021.375	-1232.469	211.0943	1.709133	0.3900488	2.261344
20376	-1028.959	-1240.225	211.266	1.75555	0.3399457	2.186921
20382	-1008.554	-1218.682	210.1279	1.634589	0.4370504	2.853832
20388	-1003.227	-1214.489	211.2612	1.743033	0.6090474	1.887893
20394	-1020.524	-1231.878	211.3538	1.871802	0.4684497	1.887893
20400	-1007.906	-1218.974	211.068	1.598792	0.4845784	2.238688
20406	-1019.307	-1230.262	210.9548	2.137796	0.2273025	2.317145
20412	-1014.443	-1225.654	211.211	1.859484	0.4591761	2.003148
20418	-1034.276	-1245.842	211.5663	2.033775	0.6352677	1.433875
20424	-1029.491	-1240.8	211.309	2.150689	1.380615	0.8758297
20430	-1029.645	-1240.847	211.2015	1.882421	0.6752768	1.769875
20436	-1039.608	-1251.154	211.5457	1.71821	0.5498845	1.769875
20442	-1008.235	-1219.592	211.3574	1.858508	0.7629738	1.596289
20448	-1010.787	-1222.345	211.558	1.954545	0.6013773	1.536184
20454	-1001.631	-1213.06	211.4288	2.138141	0.8518018	1.244019
20460	-1005.61	-1216.998	211.3882	2.271412	1.174591	0.8416477
20466	-1019.705	-1230.969	211.2643	2.459866	1.174591	0.7551799
20472	-1019.477	-1231.017	211.5397	2.41338	0.9677277	0.704137
20478	-1004.474	-1215.913	211.4389	2.549045	0.9677277	0.6350337
20484	-1012.122	-1223.365	211.2437	2.413608	1.21128	0.8036135
20490	-1012.172	-1223.839	211.6672	2.465704	0.8328836	0.6374618
20496	-1017.341	-1228.682	211.3408	2.413508	1.147321	0.746493
20502	-1024.913	-1236.419	211.5065	2.169135	1.024501	0.9792755
20508	-1019.849	-1231.486	211.6362	2.038075	0.8545307	1.149153
20514	-1011.249	-1222.643	211.3936	2.573638	0.9776006	0.658415
20520	-1016.074	-1227.121	211.0469	2.599296	1.253781	0.7690043
20526	-998.8532	-1210.295	211.4418	2.599296	0.9377601	0.5698897
20532	-1003.674	-1214.361	210.687	3.015182	1.289286	0.402358
20538	-1002.897	-1213.441	210.5442	3.030164	1.406684	0.3506309
20544	-1010.818	-1221.924	211.1058	2.905569	0.9067221	0.3338209
20550	-1031.493	-1242.532	211.0394	2.909607	0.9945048	0.3676701
20556	-1015.152	-1226.123	210.9712	2.909607	1.025816	0.3257962
20562	-1010.539	-1221.347	210.8082	2.769928	1.470061	0.4551572
20568	-1027.993	-1239.167	211.174	2.769928	1.04263	0.4862803
20574	-1025.959	-1237.409	211.45	1.879583	0.8275861	1.454726
20580	-1021.48	-1233.022	211.542	2.606186	0.8418947	0.5591645
20586	-1025.61	-1237.23	211.6204	2.575299	0.8062177	0.4888725
20592	-1023.393	-1234.449	211.0552	2.752375	1.189582	0.4745252
20598	-1033.003	-1244.261	211.2582	2.758426	0.9687463	0.4745252
20604	-1019.361	-1230.861	211.4991	2.68817	0.8124859	0.4745252
20610	-1019.164	-1230.669	211.5045	2.592425	0.8938638	0.5021608
20616	-1023.092	-1234.948	211.8561	2.237022	0.7663941	0.8265242
20622	-1007.914	-1219.692	211.7777	2.06122	0.9546464	0.8786138
20628	-1003.196	-1215.079	211.8833	2.131306	0.7006373	1.004784
20634	-1013.123	-1224.655	211.5321	1.954506	0.7290497	1.425427
20640	-1019.594	-1231.411	211.8175	1.988437	0.3420195	1.652354
20646	-997.4675	-1208.991	211.5233	1.932081	0.6181049	1.560659
20652	-1014.503	-1224.591	210.0871	1.774343	0.4972357	2.729956
20658	-1014.826	-1225.736	210.91	1.917195	0.5038356	2.113751
20664	-1021.317	-1233.443	212.1258	2.412573	0.5242335	0.6583874
20670	-1019.345	-1230.782	211.4364	1.882918	0.4662377	1.826363
20676	-1025.151	-1236.996	211.8448	2.006722	0.4136349	1.513997
20682	-1013.764	-1225.581	211.8169	1.718722	0.4023279	1.757228
20688	-1024.149	-1235.457	211.3077	1.801433	0.5878348	1.837325
20694	-1007.326	-1218.32	210.9946	1.660988	0.677358	2.058118
20700	-1023.844	-1234.639	210.7953	1.939778	0.678231	2.004639
20706	-1019.652	-1231	211.3472	1.820028	0.3619292	2.061427
20712	-1025.648	-1237.869	212.2211	2.251311	0.5487384	0.7094756
20718	-1012.254	-1223.985	211.7308	2.265992	0.9047761	0.7405967
20724	-1019.142	-1231.172	212.0301	2.162082	0.7364433	0.7405967
20730	-1005.605	-1217.145	211.5399	2.214731	0.9034182	1.024811
20736	-994.6747	-1206.455	211.7802	2.214023	0.8246438	0.8630656
20742	-989.5976	-1201.198	211.6007	2.151652	0.8246438	1.109635
20748	-1003.955	-1215.73	211.7748	1.974346	0.8274156	1.109635
20754	-1006.583	-1217.887	211.3036	1.846572	0.8274156	1.588508
20760	-1025.141	-1236.135	210.9945	1.930863	0.7680591	1.797995
20766	-1030.079	-1241.834	211.7549	2.034689	0.7352375	1.172238
20772	-1028.684	-1240.161	211.4767	1.98414	1.015224	1.187799
20778	-1008.927	-1220.311	211.3833	1.735209	0.643421	1.77596
20784	-1012.89	-1224.455	211.5652	1.697293	0.406262	1.939308
20790	-1011.126	-1221.793	210.6679	1.493199	0.4748438	2.568544
20796	-996.3526	-1207.396	211.0435	1.595533	0.6179289	2.122792
20802	-1021.239	-1232.698	211.459	1.799554	0.7051302	1.61811
20808	-1015.063	-1225.252	210.1892	1.598495	0.7681881	2.539346
20814	-1017.6	-1228.71	211.1094	1.784417	0.8757995	1.73296
20820	-1026.8	-1238.29	211.4891	1.961239	0.6699254	1.511274
20826	-1029.452	-1241.019	211.567	1.829683	0.7107452	1.511274
20832	-1017.34	-1229.123	211.7829	1.912136	0.5425287	1.465819
20838	-1017.559	-1229.219	211.6604	2.140549	0.5345663	1.393975
20844	-1027.698	-1239.223	211.5248	2.271487	0.7488274	1.151498
20850	-1035.85	-1247.31	211.4598	1.80955	0.5994886	1.713893
20856	-1016.581	-1227.664	211.0834	1.818569	0.285595	2.342882
20862	-1016.864	-1228.779	211.9151	2.217443	0.5378682	1.113031
20868	-1015.353	-1227.049	211.6961	2.303827	0.6028174	1.144127
20874	-1023.026	-1234.579	211.5528	2.062684	0.6028174	1.457315
20880	-1021.148	-1232.733	211.5853	1.831291	0.5672385	1.643139
20886	-1028.79	-1239.079	210.2892	1.704057	0.9726982	2.265865
20892	-1030.445	-1241.4	210.9545	1.838109	0.4366601	2.211709
20898	-1023.633	-1233.289	209.6556	1.490352	0.3800027	3.28704
20904	-1025.864	-1234.028	208.1639	1.463509	0.3202545	4.236151
20910	-1023.111	-1232.307	209.1962	1.511676	0.4752087	3.441093
20916	-1022.596	-1233.027	210.4311	1.336026	0.3262105	2.984567
20922	-1024.889	-1235.757	210.8679	1.34103	0.6072276	2.408679
20928	-1013.126	-1223.744	210.6182	1.824532	0.472428	2.394801
20934	-1011.033	-1221.59	210.5569	1.70247	0.950308	2.108328
20940	-1012.839	-1223.957	211.1179	1.930878	0.5215545	1.947654
20946	-1003.834	-1215.14	211.3057	1.85243	0.5352424	1.858707
20952	-1014.546	-1225.577	211.0303	1.806184	0.4251988	2.196893
20958	-1020.348	-1231.464	211.1158	1.993541	0.6121632	1.812801
20964	-1015.177	-1227.053	211.8761	2.187788	0.4481587	1.299986
20970	-1026.738	-1238.81	212.0721	2.107747	0.4038205	1.272156
20976	-1044.182	-1255.823	211.6412	2.039219	0.3997601	1.658284
20982	-1030.999	-1242.303	211.3038	1.954182	0.5373782	1.787619
20988	-1029.603	-1239.998	210.3956	1.918392	0.5451097	2.401084
20994	-1012.006	-1222.339	210.3327	1.863857	0.7552869	2.29141
21000	-1013.579	-1224.244	210.6647	1.779157	0.5730517	2.29141
21006	-1020.142	-1231.038	210.8959	1.835073	0.5328409	2.146053
21012	-1019.912	-1230.658	210.7461	1.710643	0.4280872	2.435704
21018	-1017.495	-1228.197	210.7019	1.559837	0.5102281	2.4689
21024	-1039.46	-1249.531	210.0712	1.505422	0.6360148	2.775226
21030	-1025.48	-1236.815	211.3352	2.000869	0.5659697	1.701938
21036	-1012.602	-1224.289	211.6867	1.922022	0.5010956	1.579583
21042	-1006.656	-1218.081	211.4255	1.84956	0.2095056	2.232594
21048	-1030.438	-1241.465	211.0265	1.794591	0.7393761	1.893755
21054	-1005.836	-1217.2	211.3641	1.572947	0.6507823	1.893755
21060	-1014.809	-1226.262	211.4535	1.847975	0.5524327	1.740879
21066	-1009.924	-1221.072	211.1479	2.019678	0.5833175	1.801644
21072	-1014.945	-1226.404	211.4592	2.077911	0.3800452	1.78653
21078	-1003.095	-1214.116	211.0217	1.908855	0.3664331	2.209896
21084	-1004.365	-1215.476	211.1111	1.983854	0.4058087	2.051668
21090	-1028.352	-1239.356	211.0043	1.940103	0.3750077	2.189671
21096	-1011.473	-1222.535	211.0622	2.016167	0.3373751	2.153602
21102	-1004.21	-1214.961	210.7515	1.785117	0.4935009	2.312543
21108	-1011.7	-1222.996	211.2953	1.907274	0.3603349	2.040177
21114	-1010.424	-1221.737	211.3128	1.889788	0.3603349	2.040177
21120	-1023.459	-1234.647	211.1876	1.826289	0.4596501	2.040177
21126	-1010.938	-1220.715	209.7776	1.750576	0.4596501	2.970934
21132	-1020.895	-1232.211	211.3158	1.78033	0.301263	2.194583
21138	-1040.636	-1252.056	211.4202	1.839515	0.2667463	2.142446
21144	-1010.979	-1221.98	211.0007	1.868101	0.4536568	2.142446
21150	-1031.896	-1242.981	211.0849	1.932021	0.4797405	2.015134
21156	-1004.891	-1216.415	211.5236	1.988084	0.3993223	1.777965
21162	-1030.421	-1241.528	211.1068	1.827083	0.8431097	1.730468
21168	-1029.902	-1241.353	211.4515	2.010857	0.5864466	1.589227
21174	-1032.165	-1243.556	211.3908	1.915052	0.3382383	2.002598
21180	-1018.831	-1230.478	211.6464	2.176699	0.5376153	1.372847
21186	-1014.634	-1226.235	211.6006	2.148718	0.3841753	1.630675
21192	-1029.512	-1241.095	211.5833	1.950782	0.6123257	1.508441
21198	-1028.592	-1239.93	211.3378	2.10512	0.4048821	1.818175
21204	-1019.446	-1231.422	211.9756	1.915603	0.5526716	1.299718
21210	-1036.692	-1247.412	210.7197	1.505587	0.4626449	2.541792
21216	-1030.701	-1241.183	210.4824	1.559538	0.5080277	2.607995
21222	-1027.193	-1238.621	211.4278	1.441159	0.9143302	1.720949
21228	-1033.27	-1244.274	211.0038	1.677197	1.004906	1.787089
21234	-1023.953	-1235.26	211.3065	1.923854	1.032351	1.363611
21240	-1023.57	-1234.252	210.6816	1.886295	0.6597781	2.131224
21246	-1033.96	-1244.325	210.3653	1.594493	0.9730989	2.287071
21252	-1013.703	-1223.564	209.8614	1.543104	0.9730989	2.635637
21258	-1013.092	-1223.297	210.2047	1.770855	0.5423648	2.615104
21264	-1018.207	-1228.634	210.4268	1.432315	0.6623617	2.579262
21270	-1014.07	-1225.347	211.2765	1.704555	0.5979447	1.914541
21276	-1031.331	-1241.519	210.1888	1.742393	0.7075215	2.497214
21282	-1022.501	-1233.107	210.6056	1.696931	0.6045955	2.351843
21288	-1021.701	-1231.975	210.274	1.902018	0.6966837	2.351843
21294	-1023.691	-1233.326	209.6352	1.561353	0.3487471	3.295021
21300	-1029.647	-1238.369	208.7218	1.451778	0.4009571	3.829008
21306	-1002.433	-1213.063	210.6295	1.609011	0.3247761	2.70046
21312	-1002.338	-1213.838	211.5001	1.911469	0.2994276	1.990059
21318	-1016.572	-1227.259	210.6868	1.78094	0.6520886	2.203136
21324	-1012.274	-1223.597	211.3229	1.613858	0.3458572	2.233552
21330	-1025.318	-1236.04	210.7221	1.840723	0.4126214	2.386962
21336	-1023.22	-1233.905	210.6854	1.906192	0.397544	2.386962
21342	-1015.329	-1226.552	211.2234	1.95417	0.5658219	1.812832
21348	-1010.441	-1222.018	211.5774	2.067689	0.4625287	1.600781
21354	-1021.497	-1232.83	211.3336	2.03882	0.5774234	1.663777
21360	-1021.725	-1233.399	211.6747	1.94797	0.4874604	1.586032
21366	-1027.467	-1238.731	211.2638	1.943471	0.4904875	1.874815
21372	-1009.716	-1220.483	210.7676	1.90104	0.7754265	1.96668
21378	-1006.202	-1217.399	211.1968	1.91486	0.7591536	1.67473
21384	-1003.313	-1214.559	211.2454	1.891337	0.7389614	1.67473
21390	-1013.159	-1224.017	210.8577	1.860121	0.4401016	2.255859
21396	-1011.466	-1222.109	210.643	1.758836	0.5182818	2.372364
21402	-1022.105	-1233.652	211.5472	1.832397	0.6498247	1.583694
21408	-1040.086	-1251.853	211.7665	1.987879	0.7408534	1.196668
21414	-1001.122	-1212.207	211.0853	1.867338	0.6760903	1.859737
21420	-1013.4	-1225.651	212.2514	2.094238	0.4378815	1.071894
21426	-1023.396	-1235.138	211.7422	2.086204	0.4918659	1.426436
21432	-1023.048	-1234.744	211.6964	2.027917	0.9104396	1.046824
21438	-1013.677	-1225.872	212.1953	1.916323	0.5711582	1.085249
21444	-1014.41	-1226.243	211.8333	2.050739	0.8185882	0.9905339
21450	-1005.413	-1216.636	211.2233	1.887359	1.121009	1.391725
21456	-996.5587	-1208.399	211.8399	2.391961	0.7347655	0.6767312
21462	-1006.562	-1218.432	211.8697	2.328873	0.7347655	0.733882
21468	-1004.481	-1215.827	211.3464	2.445373	1.1152	0.733882
21474	-1015.79	-1227.511	211.7211	2.460575	0.7444634	0.7413033
21480	-1014.114	-1225.736	211.6219	2.137825	0.9087973	1.014142
21486	-1025.681	-1236.95	211.2687	2.352116	1.097514	0.9638793
21492	-1021.422	-1232.618	211.1961	2.361065	1.195734	0.9375351
21498	-1023.957	-1234.861	210.9035	2.39388	1.308642	1.099387
21504	-1011.804	-1223.655	211.8513	2.305503	0.5749252	1.037203
21510	-1011.815	-1223.484	211.6688	2.28018	0.8684167	0.8578428
21516	-995.574	-1206.785	211.2106	2.341209	1.284978	0.8578428
21522	-1001.721	-1213.422	211.7011	2.252843	0.9088128	0.7956944
21528	-1011.233	-1222.595	211.3619	2.475962	1.143137	0.5831584
21534	-1015.886	-1227.812	211.9261	2.280754	0.728095	0.7340581
21540	-1028.234	-1239.724	211.49	2.353928	1.000752	0.815307
21546	-1008.038	-1219.927	211.8898	2.299505	0.6664789	0.8653059
21552	-1012.275	-1223.986	211.7114	2.18078	0.7617705	1.048998
21558	-1004.672	-1216.352	211.68	2.097278	0.9268207	0.9771287
21564	-996.3545	-1207.766	211.4113	2.038411	1.063759	1.156381
21570	-1001.957	-1213.379	211.4221	2.216833	1.063759	0.9779472
21576	-1002.216	-1213.646	211.4295	2.34987	1.063759	0.8191496
21582	-1021.895	-1233.454	211.5588	2.386266	0.8430219	0.8955869
21588	-1013.772	-1225.046	211.2738	2.102013	1.050091	1.231215
21594	-1000.582	-1212.548	211.9664	1.949906	0.7719042	1.013546
21600	-996.4979	-1208.191	211.6927	1.929701	0.7719042	1.275436
21606	-1001.786	-1213.51	211.7237	2.01836	0.9065225	1.033763
21612	-1008.542	-1220.27	211.7274	1.906327	0.8055036	1.232679
21618	-1008.701	-1219.886	211.1854	1.86435	1.204927	1.380804
21624	-1001.234	-1213.145	211.9117	1.706191	0.6722658	1.380804
21630	-1003.194	-1214.045	210.8513	1.977317	1.480818	1.380804
21636	-998.6182	-1209.661	211.0433	2.161779	1.332117	1.165075
21642	-999.089	-1210.024	210.9346	2.175804	1.645975	1.038888
21648	-1004.827	-1216.09	211.2624	2.176472	1.258443	1.004043
21654	-1014.35	-1225.113	210.7625	2.289396	1.788343	1.004043
21660	-1010.075	-1221.878	211.8035	1.828895	0.6752093	1.36627
21666	-998.213	-1209.656	211.4429	1.956899	0.8664347	1.36627
21672	-1026.449	-1237.63	211.1812	1.887818	0.8959517	1.591833
21678	-1024.387	-1236.144	211.7566	1.966569	0.6329833	1.340087
21684	-1008.952	-1220.54	211.5883	1.923024	0.7979531	1.340065
21690	-1001.729	-1213.308	211.5791	1.956858	0.7773962	1.340065
21696	-1004.006	-1214.506	210.4995	1.91142	1.349799	1.761842
21702	-1006.077	-1217.014	210.9373	1.775378	1.277934	1.588363
21708	-1018.211	-1229.353	211.1426	1.736941	1.082374	1.592704
21714	-1027.463	-1238.348	210.8844	1.63744	0.8784089	1.985487
21720	-1027.822	-1239	211.1779	1.92295	0.7042634	1.731409
21726	-1028.602	-1239.565	210.9635	1.688622	0.8074307	1.952218
21732	-1029.406	-1240.941	211.5354	1.718217	0.8081414	1.528879
21738	-1011.682	-1223.803	212.1208	1.782768	0.5669756	1.271679
21744	-1006.276	-1217.06	210.7841	1.73873	0.500645	2.313782
21750	-1006.983	-1218.521	211.5382	1.838303	0.3707804	1.909419
21756	-1012.146	-1223.399	211.2533	1.76506	0.5341011	1.954661
21762	-1029.026	-1239.87	210.844	1.558646	0.5779122	2.313065
21768	-1027.336	-1237.516	210.1799	1.586497	0.5296744	2.755889
21774	-1004.269	-1214.875	210.6062	1.748808	0.5447395	2.375483
21780	-1004.687	-1216.215	211.5283	1.846164	0.7506675	1.490212
21786	-1014.087	-1225.814	211.7266	1.712356	0.7506675	1.44124
21792	-1041.688	-1252.896	211.2078	1.943908	0.6565075	1.740195
21798	-1016.442	-1227.305	210.8638	1.593265	0.7760553	2.106433
21804	-1004.16	-1215.464	211.3042	1.884369	0.8034194	1.580881
21810	-1020.595	-1231.339	210.7444	2.017899	1.437596	1.4571
21816	-1006.664	-1217.271	210.6076	1.962621	1.314417	1.669541
21822	-1010.578	-1221.909	211.3317	1.962621	1.031901	1.312922
21828	-1016.866	-1228.247	211.3811	1.97588	0.9692244	1.312922
21834	-1004.003	-1215.342	211.3393	2.003268	0.9833721	1.312922
21840	-1011.559	-1223.177	211.618	1.909135	0.6111369	1.514907
21846	-1004.884	-1216.057	211.1729	1.946839	1.305464	1.256166
21852	-1008.76	-1220.191	211.4303	1.947184	0.8494057	1.398679
21858	-1000.873	-1212.387	211.5138	1.95366	0.7724904	1.398679
21864	-1018.347	-1230.164	211.8175	1.961825	0.7724904	1.140855
21870	-1001.721	-1212.939	211.2182	2.175759	1.333375	0.9873505
21876	-1004.852	-1217.051	212.1989	2.231391	0.5539621	0.7625754
21882	-1011.341	-1223.112	211.7713	2.244735	0.8796938	0.7528322
21888	-1000.465	-1212.341	211.8764	2.275324	0.7796003	0.7206912
21894	-1000.874	-1212.423	211.5493	2.337515	0.922659	0.8617309
21900	-995.1244	-1207.087	211.9622	2.382086	0.6602099	0.6456145
21906	-1017.143	-1229.098	211.9556	2.323798	0.6420873	0.7938705
21912	-1018.297	-1230.415	212.1175	2.305171	0.5340494	0.8153525
21918	-1011.387	-1223.531	212.1439	2.164764	0.6097566	0.8153525
21924	-1025.247	-1237.142	211.8949	2.31803	0.7151724	0.749998
21930	-1011.631	-1223.216	211.5842	2.319908	0.9579363	0.793242
21936	-1010.991	-1222.833	211.8419	2.300075	0.7002221	0.8685179
21942	-1012.238	-1224.032	211.7944	2.300075	0.8242499	0.7282044
21948	-1013.953	-1225.291	211.3383	2.255786	1.350557	0.7282044
21954	-1003.726	-1215.438	211.7114	2.467432	0.8156465	0.5571114
21960	-1012.857	-1224.694	211.8373	2.317155	0.8156465	0.6337724
21966	-1017.425	-1229.273	211.8477	2.225645	0.8875705	0.6337724
21972	-1031.721	-1243.109	211.3883	2.1021	1.266146	0.9445308
21978	-1003.167	-1214.908	211.7413	1.991581	0.8762348	1.073942
21984	-1013.866	-1225.436	211.5691	1.986475	1.048162	1.073942
21990	-1007.441	-1218.998	211.5573	2.015723	1.030218	1.073942
21996	-1007.961	-1219.778	211.8178	2.015723	0.771888	1.09248
22002	-1001.962	-1213.254	211.292	2.217102	1.286423	0.9057682
22008	-999.4572	-1211.102	211.6448	2.343789	0.9453164	0.6819367
22014	-996.4147	-1208.136	211.721	2.401489	0.8429302	0.6352183
22020	-999.5984	-1211.562	211.9632	2.32178	0.6857223	0.6952342
22026	-1004.596	-1216.125	211.5286	2.353741	1.059485	0.6669288
22032	-1007.393	-1218.886	211.4927	2.243798	1.088663	0.8434223
22038	-1012.548	-1224.271	211.723	2.318489	0.8415366	0.7775683
22044	-1025.429	-1236.626	211.1978	2.413881	1.295928	0.7681759
22050	-1001.408	-1212.668	211.26	2.41859	1.25432	0.7188848
22056	-1012.937	-1223.894	210.9575	2.381533	1.725344	0.7020384
22062	-1004.593	-1215.449	210.8559	2.591102	1.658764	0.5246268
22068	-1010.66	-1221.564	210.9041	2.615108	1.555067	0.5246268
22074	-1007.921	-1219.089	211.1687	2.645853	1.152003	0.3912755
22080	-1003.215	-1214.823	211.6079	2.561205	0.8183686	0.4248512
22086	-1003.577	-1214.642	211.0648	2.54144	1.437057	0.5226891
22092	-1019.56	-1230.984	211.4236	2.568909	0.9935033	0.4886235
22098	-1022.343	-1233.526	211.183	2.510645	1.313361	0.5771836
22104	-1020.251	-1231.537	211.2861	2.56852	1.12645	0.5771836
22110	-1016.61	-1227.508	210.8988	2.527157	1.572932	0.7303114
22116	-1019.659	-1231.189	211.5294	2.426157	1.014692	0.5951281
22122	-1009.576	-1220.764	211.188	2.550015	1.267818	0.5458132
22128	-1010.945	-1222.161	211.2155	2.823807	0.9442232	0.5458132
22134	-1025.501	-1237.307	211.8059	1.872198	0.5695312	1.447105
22140	-1016.993	-1228.489	211.4965	2.015412	0.4860617	1.667663
22146	-1033.272	-1244.956	211.6839	2.018695	0.5789643	1.417475
22152	-998.6709	-1209.955	211.2842	2.00594	0.5323487	1.77074
22158	-1004.432	-1215.851	211.4189	2.18582	0.4884267	1.597905
22164	-995.7396	-1207.436	211.6967	1.998968	0.3440765	1.727528
22170	-1009.067	-1220.256	211.1891	1.754164	0.4355997	2.114951
22176	-1011.123	-1221.954	210.8311	1.887838	0.5479207	2.138521
22182	-998.9373	-1209.924	210.987	1.862146	0.4779268	2.127769
22188	-1008.367	-1218.671	210.3038	1.629319	0.5394548	2.644095
22194	-1009.079	-1220.225	211.1464	1.649394	0.3022868	2.385184
22200	-1008.748	-1218.136	209.3885	1.514905	0.6037837	3.207058
22206	-1006.571	-1216.038	209.4667	1.34188	0.5175512	3.340762
22212	-1014.823	-1225.268	210.4455	1.520728	0.4219198	2.746761
22218	-1020.74	-1231.694	210.9542	1.441657	0.4248262	2.477666
22224	-1017.365	-1227.855	210.4895	1.577795	0.5660001	2.535618
22230	-1007.702	-1217.278	209.5755	1.5087	0.7894351	2.953895
22236	-1017.574	-1227.005	209.4311	1.499093	0.6434889	3.157859
22242	-1016.039	-1227.501	211.4616	2.485607	1.004801	0.6426237
22248	-1013.773	-1225.369	211.5956	2.47125	0.9156764	0.5594511
22254	-1010.861	-1222.116	211.255	2.549375	1.187264	0.5594511
22260	-1008.377	-1219.67	211.2931	2.549375	1.144517	0.5594511
22266	-1010.467	-1221.939	211.4725	2.471747	1.007597	0.6430637
22272	-1005.955	-1217.666	211.7107	2.376194	0.8443281	0.7027173
22278	-1010.112	-1221.195	211.0826	2.589525	1.335244	0.5902977
22284	-1008.913	-1220.019	211.1062	2.54412	1.314468	0.6812995
22290	-1008.696	-1219.74	211.0445	2.489426	1.469752	0.6727746
22296	-1014.485	-1225.466	210.9813	2.467394	1.551753	0.7178529
22302	-1033.885	-1245.36	211.4749	2.39937	1.038552	0.7178529
22308	-1030.944	-1242.495	211.5509	2.47301	0.9310976	0.6399468
22314	-1026.452	-1238.032	211.5793	1.893464	0.4052316	1.797099
22320	-1022.986	-1234.058	211.0725	1.827155	0.7904871	1.797099
22326	-1003.528	-1214.304	210.7755	1.74634	0.6807057	2.142967
22332	-1007.944	-1219.792	211.8479	2.365105	0.6850281	0.8049343
22338	-1020.458	-1232.24	211.7817	2.420021	0.6397876	0.8933046
22344	-1008.969	-1220.326	211.3565	1.697491	0.9585153	1.554327
22350	-1013.416	-1225.214	211.7978	1.752723	0.4383466	1.699492
22356	-1010.84	-1222.679	211.8389	1.936491	0.6689978	1.257432
22362	-1010.59	-1221.818	211.2279	1.964762	0.880715	1.512935
22368	-1004.927	-1215.964	211.0372	2.063708	0.6681917	1.764684
22374	-1013.729	-1224.944	211.2144	2.286886	1.316716	0.8865474
22380	-1034.036	-1244.987	210.9501	2.314859	1.402144	1.060461
22386	-1013.337	-1224.751	211.4132	2.330655	1.165712	0.7371879
22392	-1031.012	-1242.493	211.4815	2.315189	1.068226	0.7906669
22398	-1032.423	-1244.182	211.7584	2.20813	0.7774924	0.9557121
22404	-1018.282	-1230.17	211.8886	2.285169	0.7561984	0.7310756
22410	-1016.696	-1228.082	211.3856	2.367287	1.18696	0.6908555
22416	-1034.761	-1246.281	211.5196	2.305673	1.106678	0.6908555
22422	-1044.882	-1256.146	211.2639	2.408663	1.342328	0.5680499
22428	-1037.352	-1248.573	211.2209	2.394915	1.342328	0.7030728
22434	-1013.374	-1224.732	211.3584	2.430589	1.181899	0.6246425
22440	-1017.543	-1228.538	210.9946	2.757649	1.253537	0.4715297
22446	-1013.645	-1225.293	211.6484	2.679971	0.6989959	0.5012446
22452	-1023.026	-1234.557	211.5307	2.155967	1.030241	0.9621426
22458	-1041.035	-1253.046	212.0112	2.196439	0.5930023	0.959379
22464	-1028.021	-1239.907	211.8866	2.190607	0.8401022	0.7267018
22470	-1034.401	-1245.96	211.5593	2.684851	0.7618116	0.451712
22476	-1019.684	-1231.228	211.5445	2.589537	0.8546285	0.4459116
22482	-1016.105	-1227.331	211.2257	2.660901	1.090523	0.4263222
22488	-1015.293	-1226.766	211.4737	2.59761	0.91516	0.5374796
22494	-1041.665	-1252.699	211.0339	2.738065	1.216716	0.4226121
22500	-1026.712	-1238.331	211.6195	2.507779	0.8654559	0.5221755
22506	-1031.955	-1243.592	211.6374	2.48713	0.8654559	0.5442638
22512	-1028.665	-1240.122	211.4578	2.362606	1.138823	0.6415242
22518	-1027.71	-1239.608	211.8977	2.355123	0.5695891	0.9484423
22524	-1032.765	-1244.321	211.5552	2.199154	1.011213	0.9095218
22530	-1027.503	-1239.395	211.8918	2.226109	0.5746591	1.074467
22536	-1013.508	-1225.445	211.9374	2.215969	0.502025	1.146083
22542	-1012.324	-1224.264	211.9406	2.042453	0.6520372	1.096746
22548	-1016.045	-1227.376	211.331	1.858244	0.605134	1.764379
22554	-1016.671	-1227.576	210.9056	1.691604	0.5730018	2.192762
22560	-1038.78	-1249.75	210.9706	2.341526	1.670224	0.7977398
22566	-1039.151	-1250.168	211.0172	2.341526	1.621635	0.7794942
22572	-1041.204	-1252.154	210.9505	2.445947	1.571064	0.7761532
22578	-1026.399	-1237.513	211.1134	2.269541	1.411466	0.9347629
22584	-1025.657	-1236.902	211.245	2.209505	1.350554	0.908723
22590	-1020.992	-1232.577	211.5847	1.992807	1.052211	1.049513
22596	-1028.986	-1240.588	211.602	1.992807	0.9424101	1.135142
22602	-1007.604	-1218.634	211.0293	2.076254	1.227116	1.321304
22608	-1017.226	-1228.46	211.2338	2.220852	1.227116	1.014804
22614	-1018.647	-1230.279	211.632	2.005514	0.7876225	1.247243
22620	-1016.449	-1227.76	211.311	1.98998	0.8714191	1.438731
22626	-1021.631	-1233.343	211.7125	1.98998	0.5759287	1.421001
22632	-1012.031	-1224.294	212.2633	1.87491	0.4518706	1.233179
22638	-1013.944	-1225.895	211.9511	1.87491	0.7063513	1.172554
22644	-1014.229	-1226.387	212.1579	1.824453	0.319029	1.560776
22650	-1004.558	-1216.391	211.833	1.963116	0.4095906	1.560776
22656	-1015.008	-1226.672	211.664	2.143065	0.6553602	1.246443
22662	-1019.548	-1231.841	212.2931	2.260646	0.421154	0.8905053
22668	-1011.086	-1223.352	212.2662	2.263175	0.3948012	0.9710839
22674	-1012.512	-1224.572	212.0591	2.38691	0.5011979	0.8524546
22680	-999.5012	-1211.317	211.8162	2.042703	0.6691265	1.186628
22686	-1016.47	-1228.557	212.0867	1.970446	0.4167849	1.351436
22692	-1012.028	-1224.014	211.9852	1.990786	0.402424	1.436001
22698	-1017.041	-1228.023	210.9815	1.932421	0.5703585	1.987174
22704	-1017.902	-1229.531	211.6291	2.244262	0.5130631	1.364153
22710	-1009.427	-1220.593	211.1667	2.314025	0.617788	1.542292
22716	-1019.024	-1230.719	211.6952	2.314025	0.4577363	1.330448
22722	-1014.022	-1224.967	210.9452	2.227773	0.4985302	1.88904
22728	-1005.021	-1215.691	210.6708	1.818213	0.5109261	2.324587
22734	-1014.183	-1225.423	211.2399	1.760768	0.5134102	1.988663
22740	-1014.326	-1225.854	211.5278	1.935115	0.4854611	1.703213
22746	-1031.198	-1242.565	211.367	1.928273	0.3181319	2.039005
22752	-1016.563	-1227.016	210.453	1.621789	0.409397	2.694676
22758	-1019.997	-1229.66	209.6632	1.76461	0.8613449	2.694676
22764	-1023.287	-1233.502	210.2152	1.662041	0.5278217	2.689804
22770	-1019.095	-1228.984	209.8891	1.641719	0.6335086	2.805278
22776	-1011.799	-1221.552	209.7532	1.575917	0.7305796	2.849543
22782	-1025.497	-1233.201	207.7034	1.678274	0.5676543	4.119907
22788	-1025.357	-1234.797	209.4399	1.845781	0.5147957	3.060621
22794	-1029.767	-1237.541	207.7743	1.462681	0.9635913	3.923119
22800	-1029.033	-1237.688	208.6544	1.430719	0.3630038	3.923119
22806	-1031.241	-1242.242	211.0015	2.038523	0.331521	2.186797
22812	-1023.325	-1235.276	211.9512	1.999351	0.3124191	1.595021
22818	-1017.949	-1228.961	211.0114	1.83795	0.4279692	2.18523
22824	-1020.742	-1231.743	211.002	1.913496	0.5507192	2.006103
22830	-1032.492	-1243.232	210.7409	1.885106	0.5355366	2.211394
22836	-1034.003	-1244.803	210.8003	1.882482	0.4808295	2.232533
22842	-1027.914	-1239.522	211.6078	1.898165	0.4808295	1.678201
22848	-1045.955	-1256.952	210.9973	2.092235	0.4364217	2.01747
22854	-1043.487	-1253.669	210.182	1.528631	0.6007303	2.724029
22860	-1051.073	-1260.03	208.9566	1.483047	0.6657326	3.429165
22866	-1028.242	-1237.612	209.3699	1.685023	0.5056695	3.206746
22872	-1024.285	-1233.688	209.403	1.709752	0.471289	3.206746
22878	-1016.735	-1226.891	210.156	1.726043	0.8322166	2.432999
22884	-1017.09	-1227.564	210.4737	1.947467	0.4501001	2.432999
22890	-1021.714	-1233.593	211.8787	2.155771	0.3732876	1.435113
22896	-1032.791	-1244.028	211.2365	2.255745	0.6902456	1.459337
22902	-1007.624	-1219.172	211.5479	2.361617	0.6777829	1.13195
22908	-1016.67	-1228.586	211.9157	2.299658	0.6697281	0.8281499
22914	-1030.759	-1241.87	211.1102	1.965807	1.021686	1.490526
22920	-1036.28	-1247.825	211.5451	2.331945	0.5916204	1.263312
22926	-1047.055	-1258.687	211.6323	2.030686	0.3389112	1.75823
22932	-1023.565	-1235.43	211.8654	2.355908	0.6594343	0.8381165
22938	-1024.224	-1235.583	211.3593	2.338484	1.068021	0.9110929
22944	-1016.57	-1228.399	211.8297	2.312898	0.6714954	0.9110929
22950	-1005.546	-1217.698	212.1519	2.211291	0.4153827	1.094174
22956	-1007.114	-1219.063	211.9485	2.328483	0.3553029	1.271965
22962	-1017.508	-1229.039	211.5305	2.24157	0.5718763	1.371562
22968	-1034.377	-1245.589	211.212	2.071055	0.8924697	1.434765
22974	-1016.242	-1227.282	211.0397	1.96737	0.9770103	1.574838
22980	-1010.346	-1222.002	211.6562	2.105262	0.5926246	1.355631
22986	-1019.664	-1230.665	211.0019	2.081201	0.5781615	1.864982
22992	-1027.429	-1237.948	210.5193	1.55424	0.3393427	2.7819
22998	-1030.529	-1240.614	210.0847	1.642768	0.4248511	2.888582
23004	-1054.608	-1265.957	211.3498	2.195818	0.5844294	1.530081
23010	-1042.714	-1253.799	211.0851	1.902049	0.5480926	1.960906
23016	-1048.423	-1258.932	210.5089	1.999258	0.7104573	2.1265
23022	-1029.248	-1241.022	211.7734	1.68108	0.4284047	1.77959
23028	-1039.612	-1251.097	211.4849	1.712327	0.4835894	1.889555
23034	-1031.416	-1242.685	211.2692	1.880502	0.6294305	1.767814
23040	-1030.231	-1241.375	211.1442	2.023986	0.8980081	1.517063
23046	-1014.258	-1225.53	211.272	2.062619	0.6472425	1.61903
23052	-1027.576	-1238.953	211.3777	1.88477	0.4507017	1.883926
23058	-1022.718	-1234.091	211.3729	2.01891	0.4267843	1.825071
23064	-1021.802	-1232.892	211.0897	1.865057	0.5805119	1.949624
23070	-1017.714	-1229.36	211.646	2.066282	0.7306759	1.24312
23076	-1025.897	-1237.406	211.5092	2.045803	1.000131	1.117865
23082	-1006.68	-1218.127	211.4474	1.995495	0.5876255	1.602079
23088	-1011.903	-1223.145	211.2419	2.006136	0.7307394	1.602079
23094	-1024.783	-1236.189	211.4063	1.905494	0.4774537	1.818255
23100	-1026.367	-1237.602	211.2349	2.024386	0.5088969	1.818255
23106	-1024.177	-1235.56	211.3824	2.095022	0.4724029	1.708693
23112	-1014.17	-1225.814	211.6439	2.282022	0.6334981	1.170893
23118	-1034.052	-1246.327	212.2748	2.301847	0.4321014	0.8394728
23124	-1016.807	-1228.396	211.5897	1.880564	0.532392	1.643326
23130	-1013.653	-1225.657	212.0041	1.984938	0.4093222	1.415825
23136	-1016.646	-1228.453	211.8063	2.359208	0.3921763	1.302285
23142	-1023.447	-1234.528	211.0808	1.894786	0.4395784	2.089003
23148	-1024.91	-1235.627	210.7172	1.729522	0.4731618	2.391456
23154	-1034.353	-1245.023	210.6694	1.809282	0.6137222	2.230784
23160	-1032.659	-1243.147	210.4877	1.789141	0.6792067	2.302332
23166	-1026.124	-1237.072	210.9476	1.57087	0.4965564	2.320865
23172	-1015.38	-1225.9	210.5197	1.637417	0.4485609	2.599515
23178	-1033.166	-1244.024	210.8585	1.696277	0.5551211	2.237676
23184	-1020.152	-1231.39	211.2388	1.975883	0.3643146	2.026748
23190	-1027.553	-1238.862	211.3092	2.131564	0.9530223	1.258055
23196	-1025.748	-1237.733	211.9846	1.832658	0.4719121	1.460805
23202	-1025.517	-1237.2	211.6831	2.022446	0.4961392	1.514132
23208	-1037.328	-1249.423	212.0943	2.161372	0.4315678	1.163779
23214	-1021.87	-1233.443	211.5729	1.84785	0.4605528	1.762961
23220	-1027.138	-1238.968	211.8302	2.046557	0.5986221	1.255054
23226	-1028.368	-1239.778	211.41	1.986155	0.5502085	1.676371
23232	-1039.896	-1251.259	211.3629	2.020785	0.4101887	1.851949
23238	-1031.657	-1242.497	210.8393	1.766112	0.4691714	2.294962
23244	-1027.303	-1237.686	210.3831	1.667284	0.5235212	2.587249
23250	-1031.891	-1241.926	210.0345	1.667284	0.7009514	2.644923
23256	-1021.927	-1232.603	210.6755	1.671438	0.4041502	2.532576
23262	-1033.258	-1243.893	210.6354	1.852091	0.8113329	2.058833
23268	-1029.92	-1240.43	210.5102	1.941451	0.9318549	1.993908
23274	-1024.271	-1235.51	211.2392	2.028417	0.7442578	1.575403
23280	-1005.685	-1217.356	211.6708	2.104467	0.7442578	1.17494
23286	-1020.212	-1231.705	211.493	2.164259	0.8435936	1.17494
23292	-1020.7	-1232.064	211.3637	1.986182	0.8318073	1.435492
23298	-1034.062	-1245.594	211.5317	1.973544	0.8447799	1.301381
23304	-1022.454	-1233.96	211.5059	1.904547	0.6710345	1.539891
23310	-1038.047	-1249.291	211.2442	2.016563	0.789528	1.539891
23316	-1020.627	-1231.924	211.2969	2.060316	0.7777483	1.478257
23322	-1013.3	-1224.609	211.3085	2.031386	0.8663729	1.413128
23328	-1005.971	-1217.702	211.7306	2.218928	0.8663729	0.8599222
23334	-1011.448	-1223.322	211.8742	2.145406	0.7499472	0.9350506
23340	-1017.465	-1228.992	211.5272	2.175373	0.8408124	1.137818
23346	-1019.072	-1230.424	211.3529	2.030645	0.6917265	1.539423
23352	-1019.633	-1231.45	211.8167	2.076215	0.7479955	1.064332
23358	-1018.466	-1230.384	211.9176	2.26822	0.5543987	1.039241
23364	-1022.258	-1233.473	211.2144	1.882191	0.3828445	2.080057
23370	-1026.034	-1237.405	211.3705	2.300277	1.167535	0.8355992
23376	-1021.711	-1233.422	211.7112	2.31487	0.8391657	0.8023512
23382	-1016.242	-1227.821	211.5792	2.502796	0.8643435	0.6702372
23388	-1026.243	-1237.02	210.7764	2.592759	1.698576	0.6795568
23394	-1014.668	-1225.969	211.3016	2.476431	1.179144	0.6553155
23400	-1009.47	-1220.967	211.4964	2.507555	0.9685423	0.5890906
23406	-1014.42	-1226.038	211.6186	2.34497	0.9617501	0.6965804
23412	-1021.933	-1233.75	211.8178	2.34497	0.7653136	0.7307384
23418	-1038.626	-1250.004	211.378	2.345483	1.279386	0.5696687
23424	-1033.864	-1245.55	211.6857	2.415651	0.8390164	0.6876959
23430	-1016.002	-1227.44	211.4377	2.392524	1.126297	0.6449516
23436	-1033.906	-1245.59	211.6841	2.701969	0.64413	0.4160087
23442	-1031.047	-1242.12	211.0735	2.764927	1.155272	0.4784558
23448	-1034.869	-1246.078	211.2081	2.750022	1.026087	0.4662286
23454	-1029.929	-1240.905	210.9765	2.782032	1.238479	0.4389599
23460	-1040.363	-1251.526	211.1622	1.662079	0.7703968	1.865522
23466	-1024.967	-1236.462	211.4953	1.595464	0.4550006	1.994488
23472	-1021.784	-1232.697	210.9132	1.766011	0.7331288	1.994488
23478	-1015.796	-1226.376	210.5805	1.904074	0.7331288	2.123082
23484	-1011.158	-1221.776	210.6176	1.973179	0.8209615	1.982782
23490	-1009.976	-1221.329	211.3529	1.818515	0.516961	1.86952
23496	-1017.302	-1228.513	211.2118	1.882305	0.6618448	1.77538
23502	-1037.251	-1247.985	210.7339	2.569409	1.870398	0.5653756
23508	-1011.081	-1221.706	210.6255	2.628041	1.870398	0.6893799
23514	-1013.257	-1224.522	211.2652	2.441746	1.188133	0.7628884
23520	-1021.374	-1232.806	211.4322	2.358553	0.9971651	0.8842243
23526	-1023.865	-1235.494	211.6292	2.361119	0.8442871	0.840538
23532	-1025.689	-1237.191	211.5022	2.324797	1.061736	0.7566111
23538	-1013.682	-1225.076	211.3939	2.380628	1.195129	0.6314995
23544	-1011.685	-1223.019	211.3342	2.157352	1.195129	1.005623
23550	-1003.538	-1214.69	211.1516	2.19684	1.355378	1.015278
23556	-1018.866	-1230.291	211.4243	2.19684	1.191233	0.8702693
23562	-1013.012	-1224.955	211.9422	1.926192	0.7767332	1.05431
23568	-1021.342	-1231.468	210.1263	1.866713	1.569268	1.935399
23574	-1019.955	-1231.287	211.3325	1.619171	0.7862647	1.764447
23580	-1016.883	-1228.518	211.6346	1.701776	0.7717263	1.499413
23586	-1016.473	-1228.062	211.5887	1.701776	0.9261082	1.401131
23592	-1026.121	-1237.5	211.3798	1.734117	1.10436	1.401131
23598	-1021.625	-1233.409	211.7843	1.815478	0.6744131	1.392711
23604	-1013.76	-1225.707	211.9473	2.168847	0.755726	0.8136621
23610	-1025.216	-1237.142	211.9268	2.191198	0.7761258	0.7778099
23616	-1019.899	-1231.528	211.6292	2.203344	0.9096833	0.9384557
23622	-1020.278	-1230.612	210.3343	1.450647	0.5744674	2.702234
23628	-1014.309	-1225.772	211.4628	1.788063	0.3781715	1.983967
23634	-1006.558	-1218.225	211.6676	1.861506	0.7837582	1.339417
23640	-1013.685	-1224.999	211.3138	1.861506	0.7837582	1.607569
23646	-1011.82	-1223.503	211.6832	2.08455	0.7837582	1.139095
23652	-1006.89	-1218.503	211.613	1.886042	0.7688958	1.377397
23658	-1025.655	-1237.482	211.8261	1.907274	0.5714732	1.402271
23664	-1032.136	-1244.192	212.0563	1.913832	0.7026872	1.045602
23670	-1040.534	-1251.378	210.844	1.806819	0.5972841	2.134506
23676	-1029.994	-1240.39	210.3958	1.853999	0.5276456	2.458788
23682	-1025.183	-1236.593	211.41	2.138993	0.5276456	1.591762
23688	-1015.137	-1226.278	211.1409	1.997046	0.5569805	1.849349
23694	-1009.551	-1220.567	211.016	1.919184	0.6398404	1.90527
23700	-1009.64	-1221.114	211.4744	1.977991	0.4190405	1.793112
23706	-1001.248	-1212.901	211.6537	1.692386	0.5181697	1.747488
23712	-998.2788	-1209.327	211.0477	1.680529	0.3684203	2.337008
23718	-1003.751	-1213.548	209.7967	1.451878	0.2743343	3.364164
23724	-1015.472	-1225.265	209.7929	1.257189	0.6295585	3.09807
23730	-1011.712	-1221.868	210.1565	1.595641	0.4300836	2.867789
23736	-1002.453	-1213.639	211.1854	1.892384	0.7072975	1.744808
23742	-1019.336	-1230.383	211.047	1.874255	0.8842432	1.707052
23748	-1021.241	-1232.43	211.1892	1.894461	0.7450081	1.707052
23754	-1018.248	-1230.075	211.8273	1.92581	0.4101491	1.591441
23760	-1022.364	-1234.3	211.936	2.044357	0.6499341	1.101883
23766	-1028.685	-1240.62	211.9348	2.118899	0.5748923	1.132915
23772	-1019.776	-1231.706	211.9307	2.0662	0.411543	1.406439
23778	-1027.311	-1239.278	211.967	2.042348	0.616025	1.118685
23784	-1012.985	-1225.397	212.4121	2.10752	0.4326304	0.9051582
23790	-1035.89	-1248.061	212.1706	2.273185	0.5971218	0.6201739
23796	-1018.025	-1229.884	211.8591	2.432327	0.7233665	0.5548507
23802	-1008.625	-1220.102	211.4772	2.61458	0.894906	0.546398
23808	-1013.522	-1225.085	211.5632	2.495365	0.9164337	0.5884976
23814	-1009.311	-1221.187	211.8754	2.343008	0.7579069	0.6453664
23820	-1016.54	-1228.353	211.8133	2.369836	0.7579069	0.7123074
23826	-1019.999	-1231.358	211.3582	2.274114	1.107251	0.9421833
23832	-1032.062	-1244.076	212.0137	2.061965	0.7004775	0.9421833
23838	-1038.302	-1250.47	212.1677	2.038829	0.582252	0.9768885
23844	-1034.764	-1247.306	212.5418	2.004717	0.3678782	1.007926
23850	-1010.925	-1222.866	211.9412	1.848364	0.5977484	1.32723
23856	-1024.571	-1235.127	210.556	1.663007	0.8168542	2.229758
23862	-1029.586	-1240.623	211.0375	1.69496	0.4927147	2.187483
23868	-1002.118	-1213.224	211.1061	1.787867	0.8026492	1.791001
23874	-1019.423	-1230.08	210.6569	1.665238	0.659695	2.290124
23880	-1005.718	-1216.68	210.9623	1.653672	0.7710154	2.005505
23886	-1004.377	-1215.543	211.1657	1.917977	1.112315	1.41888
23892	-1024.198	-1236.06	211.8624	2.135707	0.5896979	1.162657
23898	-1013.141	-1224.873	211.7315	2.096365	0.7310008	1.143305
23904	-1035.287	-1246.569	211.2821	1.953987	1.003263	1.381729
23910	-1017.951	-1229.959	212.0078	1.953987	0.7145364	1.038958
23916	-1030.598	-1242.209	211.6106	2.153987	0.8692271	1.051297
23922	-1018.309	-1229.893	211.5839	2.117411	0.9823981	0.9958549
23928	-1014.796	-1226.779	211.9828	2.50603	0.5553275	0.6600318
23934	-1019.479	-1231.419	211.9391	2.330197	0.7118828	0.6600318
23940	-1007.803	-1219.177	211.3741	2.325456	1.097051	0.8781289
23946	-1006.638	-1218.44	211.8024	2.102664	0.7700352	1.026814
23952	-1005.702	-1217.467	211.7651	2.157984	0.8643559	0.8933517
23958	-1011.133	-1223.122	211.9889	2.157984	0.6801273	0.8933517
23964	-1004.315	-1216.033	211.7173	2.318369	0.8261377	0.8092975
23970	-1008.058	-1219.824	211.7662	2.218146	0.8121191	0.8914014
23976	-1006.174	-1217.62	211.4468	2.420476	1.052653	0.7065793
23982	-1020.258	-1231.851	211.5935	2.347452	0.9814053	0.7009096
23988	-1015.301	-1226.966	211.6653	2.513384	0.8152749	0.5598732
23994	-1016.339	-1227.951	211.6115	2.610426	0.7698127	0.5991564
24000	-1014.522	-1225.996	211.4745	2.614084	0.8989407	0.5386797
24006	-1002.954	-1214.262	211.308	2.60572	1.057848	0.5947578
24012	-993.6053	-1205.446	211.8405	2.431196	0.7042132	0.6750379
24018	-1001.437	-1212.762	211.325	2.409245	1.140738	0.78396
24024	-1008.449	-1220.054	211.6052	2.303613	0.9909021	0.7378783
24030	-1025.133	-1236.615	211.4822	2.404519	0.9979595	0.7604762
24036	-1020.557	-1232.171	211.6136	2.252234	1.019013	0.7604762
24042	-1021.952	-1233.969	212.0176	2.360156	0.6275366	0.6701287
24048	-1031.539	-1243.346	211.807	2.318218	0.8640344	0.5494802
24054	-1034.906	-1246.674	211.7674	2.011471	0.6945842	1.226116
24060	-1021.687	-1233.339	211.6527	2.096641	0.7979138	1.140494
24066	-1030.805	-1242.197	211.3924	2.118548	1.014686	1.14437
24072	-1015.488	-1227.186	211.6974	2.198239	0.9501901	0.8149796
24078	-1019.93	-1231.718	211.7879	2.198239	0.8399582	0.8516844
24084	-1025.788	-1237.479	211.6905	2.204623	0.8447512	0.9480416
24090	-1028.109	-1239.739	211.6296	1.950139	0.8181071	1.265453
24096	-1038.293	-1250.103	211.8098	1.934255	0.8181071	1.123994
24102	-1020.806	-1232.543	211.7367	1.910267	0.8429713	1.184458
24108	-1036.566	-1247.121	210.5549	2.210606	1.863548	1.221606
24114	-1024.569	-1235.323	210.7544	2.08601	1.745766	1.221606
24120	-1016.271	-1228.136	211.8649	1.941252	0.7368925	1.155916
24126	-1020.74	-1232.265	211.5243	2.037844	0.8388487	1.26023
24132	-1003.338	-1214.166	210.8282	1.655046	0.9752813	1.942577
24138	-1009.633	-1221.2	211.5677	2.098746	1.074383	0.9386936
24144	-1016.648	-1227.967	211.319	2.158716	1.180761	1.031668
24150	-1012.462	-1223.976	211.514	2.274838	0.9868881	0.8982204
24156	-1014.508	-1226.687	212.1784	2.2842	0.4995537	0.8354539
24162	-1005.911	-1218.193	212.2814	2.26002	0.4995537	0.725451
24168	-1010.958	-1222.746	211.788	2.345663	0.7542075	0.7929331
24174	-1007.262	-1218.738	211.4762	2.345663	1.074225	0.7464037
24180	-1011.445	-1223.218	211.7735	2.418218	0.7927562	0.6071294
24186	-1011.388	-1222.965	211.5773	2.418218	0.9701813	0.6093486
24192	-1002.24	-1214.299	212.0589	2.4289	0.5832206	0.5267016
24198	-1019.053	-1230.917	211.8639	2.611144	0.577801	0.4019014
24204	-1031.867	-1243.693	211.8264	2.575458	0.6246119	0.391944
24210	-1026.354	-1238.236	211.8822	2.522308	0.6312737	0.4175226
24216	-1026.254	-1238.249	211.9955	2.49533	0.5797725	0.5427593
24222	-1020.092	-1231.833	211.7412	2.434086	0.8229173	0.5240823
24228	-1013.788	-1225.673	211.8855	2.502161	0.6543159	0.5135712
24234	-1019.087	-1230.796	211.7092	2.502161	0.790179	0.4592582
24240	-1021.73	-1233.596	211.8655	2.502161	0.6666653	0.4592582
24246	-1029.562	-1241.347	211.7847	2.433287	0.7745859	0.5936062
24252	-1030.235	-1242.016	211.7813	2.379027	0.8100931	0.6351961
24258	-1023.446	-1235.18	211.7344	2.366474	0.8641429	0.6298169
24264	-1026.304	-1237.679	211.3753	2.382554	1.179052	0.6943062
24270	-1017.075	-1228.817	211.7427	2.415874	0.8286221	0.5790632
24276	-1014.14	-1225.774	211.6344	2.566892	0.8013535	0.5120318
24282	-1010.242	-1221.851	211.6091	2.617625	0.7788003	0.4710451
24288	-1021.777	-1232.831	211.054	2.697284	1.256643	0.5000732
24294	-1021.651	-1232.615	210.9638	2.719069	1.339164	0.5192546
24300	-1027.047	-1238.295	211.2484	2.519116	1.177043	0.6799118
24306	-1032.447	-1244.06	211.6121	2.438754	0.8893659	0.6769793
24312	-1036.739	-1248.334	211.5945	2.459544	0.9240616	0.5756922
24318	-1036.039	-1247.874	211.8348	2.37264	0.7876658	0.5756922
24324	-1033.301	-1245.041	211.7402	2.448088	0.8107029	0.534928
24330	-1047.346	-1258.525	211.1792	1.628845	0.6147399	2.014337
24336	-1030.097	-1241.063	210.9663	1.627641	0.4951035	2.274183
24342	-1017.448	-1227.653	210.204	1.650879	0.5379628	2.693687
24348	-1013.138	-1224.275	211.1373	1.737276	0.4580879	2.133626
24354	-1017.787	-1228.331	210.5448	1.605815	0.438943	2.614204
24360	-1014.701	-1225.772	211.071	1.518351	0.4017737	2.383229
24366	-1022.296	-1233.164	210.8681	2.004068	0.6572597	1.931629
24372	-1026.488	-1237.888	211.3998	1.939234	0.5020775	1.770732
24378	-1039.496	-1250.752	211.2557	1.728356	0.5657748	1.944782
24384	-1016.543	-1227.388	210.8451	1.650382	0.6478739	2.188956
24390	-1033.237	-1242.813	209.5762	1.68108	0.4586627	3.133971
24396	-1044.42	-1253.867	209.4464	1.675532	0.3442963	3.344479
24402	-1037.834	-1248.197	210.3629	1.716594	0.9009542	2.258883
24408	-1044.389	-1254.313	209.924	1.558324	0.8284189	2.684152
24414	-1032.667	-1243.977	211.31	1.959998	0.5474438	1.768271
24420	-1050.234	-1261.345	211.1109	2.01304	0.3130115	2.159049
24426	-1029.305	-1240.881	211.5761	1.864033	0.3173416	1.943451
24432	-1026.929	-1237.31	210.3815	1.561593	0.6013235	2.580265
24438	-1024.942	-1234.821	209.8798	1.498945	0.7727063	2.787747
24444	-1015.394	-1226.629	211.2345	1.754113	0.7247175	1.791409
24450	-1024.263	-1233.593	209.3305	1.626298	1.01281	2.884633
24456	-1018.054	-1228.299	210.2455	1.612765	0.8732242	2.418901
24462	-1023.295	-1234.37	211.074	1.980067	0.7514172	1.722285
24468	-1014.375	-1225.692	211.3172	1.926238	0.6423929	1.689161
24474	-1013.477	-1224.794	211.3165	1.799189	0.5867192	1.833928
24480	-1026.425	-1237.759	211.3344	1.824789	0.5578045	1.833928
24486	-1025.009	-1236.196	211.1867	1.830559	0.6561248	1.833928
24492	-1028.746	-1240.033	211.287	1.730414	0.4234216	2.080993
24498	-1019.569	-1231.1	211.5309	1.716222	0.5184093	1.815964
24504	-1013.896	-1225.248	211.3517	1.830267	0.5599592	1.815964
24510	-1026.487	-1238.545	212.058	1.699989	0.4325127	1.557419
24516	-1030.275	-1241.54	211.2649	1.619364	0.6495159	1.930623
24522	-1018.517	-1230.042	211.5251	1.57669	0.5084285	1.9262
24528	-1023.498	-1234.379	210.881	1.586416	0.6350835	2.218567
24534	-1021.632	-1232.574	210.9415	1.610869	0.7048305	2.102277
24540	-1020.204	-1231.523	211.3189	1.588158	0.7225962	1.849536
24546	-1018.722	-1230.282	211.5595	1.783083	0.7665924	1.499467
24552	-1023.963	-1235.545	211.5818	1.825629	0.8442944	1.379846
24558	-1020.45	-1229.929	209.4785	1.426965	0.5543863	3.249411
24564	-1021.044	-1232.266	211.2221	1.759593	0.7073244	1.811637
24570	-1012.918	-1223.448	210.53	1.942225	1.059661	1.89371
24576	-1011.727	-1223.408	211.681	2.187289	0.7682646	1.064097
24582	-1007.576	-1219.152	211.5764	2.129659	0.9828993	0.990507
24588	-1000.046	-1211.486	211.4403	2.13466	0.9828993	1.115488
24594	-1005.154	-1216.769	211.6153	2.111052	0.9257745	1.029052
24600	-1008.552	-1219.94	211.3881	2.36589	1.06657	0.8475847
24606	-1021.872	-1233.315	211.4431	2.472455	1.028519	0.6603564
24612	-1028.086	-1239.541	211.4544	2.472455	1.028519	0.635684
24618	-1035.841	-1247.747	211.9061	2.502073	0.6289887	0.5914595
24624	-1024.647	-1235.834	211.1875	2.502073	1.202435	0.7699319
24630	-1026.687	-1238.083	211.3965	2.382014	1.001373	0.893442
24636	-1025.16	-1236.44	211.2806	2.344472	1.295896	0.7485701
24642	-1022.743	-1234.094	211.3514	2.413406	1.113744	0.7758484
24648	-1019.088	-1230.969	211.8809	2.080433	0.8016019	0.9305942
24654	-1025.032	-1236.697	211.6648	2.151867	0.8499742	1.021822
24660	-1012.771	-1224.722	211.9507	2.028503	0.7467276	0.9814191
24666	-1015.392	-1227.123	211.731	2.077233	0.6818394	1.215538
24672	-1008.77	-1220.3	211.5295	2.022579	0.8173048	1.288878
24678	-1019.525	-1231.059	211.5346	2.149925	0.998114	0.9968216
24684	-1037.619	-1247.599	209.9802	1.547606	0.4821944	2.947812
24690	-1025.673	-1236.728	211.0543	1.705238	0.8562148	1.841296
24696	-1040.518	-1251.008	210.4897	1.732597	0.6341297	2.37608
24702	-1031.48	-1242.791	211.3108	2.229893	1.111493	1.031159
24708	-1032.572	-1244.189	211.6171	2.009418	0.7832826	1.260667
24714	-1015.05	-1226.917	211.8669	2.172512	0.7133686	0.9628674
24720	-1032.596	-1243.472	210.8763	1.862629	0.5658095	2.107493
24726	-1027.969	-1238.89	210.9217	1.874437	0.5681197	2.067575
24732	-1017.275	-1228.717	211.442	1.739439	0.7353792	1.645934
24738	-1020.146	-1231.539	211.393	1.907158	0.5533572	1.740831
24744	-1026.933	-1238.257	211.3245	1.992037	0.641805	1.637478
24750	-1017.697	-1229.549	211.8517	2.216043	0.5512966	1.152303
24756	-1020.474	-1232.479	212.0049	1.958043	0.4370257	1.39614
24762	-1002.917	-1214.29	211.3733	1.916508	0.4088009	1.917635
24768	-1000.95	-1212.04	211.0894	1.884421	0.5021283	2.018876
24774	-1017.357	-1229.02	211.6631	1.953096	0.9228912	1.134429
24780	-1016.258	-1228.22	211.9619	1.906996	0.7066026	1.134429
24786	-1021.482	-1233.454	211.9715	1.891869	0.462913	1.437504
24792	-1027.614	-1239.649	212.0355	2.105674	0.3370219	1.411264
24798	-1019.892	-1231.502	211.6095	1.824855	0.8983795	1.310664
24804	-1045.577	-1257.846	212.2695	2.100292	0.4204142	1.079301
24810	-1021.091	-1233.017	211.926	2.109835	0.5772812	1.145633
24816	-1024.003	-1235.2	211.1973	2.166205	1.214924	1.110827
24822	-1015.628	-1227.167	211.5384	2.274748	0.7721272	1.110827
24828	-1023.717	-1235.344	211.6264	2.152689	0.7721272	1.141408
24834	-1023.555	-1234.346	210.7909	1.890675	0.9736499	1.808501
24840	-1017.952	-1229.265	211.313	2.076041	0.9283501	1.321342
24846	-1002.888	-1214.509	211.6208	1.940962	0.7325276	1.363373
24852	-1003.803	-1215.952	212.1485	1.891638	0.4152264	1.367246
24858	-1015.7	-1226.16	210.461	1.712912	0.3430253	2.715745
24864	-1024.476	-1235.681	211.205	1.852112	0.2492691	2.302089
24870	-1018.648	-1230.266	211.6183	1.673287	0.3035975	2.063315
24876	-1007.653	-1218.912	211.2595	1.876395	0.5326416	1.876694
24882	-1018.849	-1230.345	211.4961	2.066055	0.438601	1.690923
24888	-1015.312	-1226.388	211.0762	1.954232	0.5291631	1.951781
24894	-1015.086	-1226.478	211.3923	1.780007	0.4235687	1.977982
24900	-1016.145	-1226.776	210.6313	1.597831	0.6247039	2.380142
24906	-1014.457	-1224.787	210.33	1.750535	0.3043026	2.825112
24912	-1019.554	-1231.428	211.8738	2.401857	0.6998408	0.6782999
24918	-1009.726	-1221.257	211.5305	2.389277	0.9753695	0.7452378
24924	-1033.127	-1244.225	211.0986	1.736247	0.6796029	1.936582
24930	-1020.491	-1232.047	211.5564	1.783434	0.4289134	1.858005
24936	-1025.421	-1237.251	211.8292	1.927589	0.6957998	1.243354
24942	-1039	-1251.257	212.2577	2.067519	0.3128358	1.308014
24948	-1027.864	-1239.615	211.751	2.18582	0.5185774	1.306296
24954	-1011.476	-1222.438	210.9622	1.725777	0.4300665	2.286725
24960	-994.829	-1206.223	211.3937	1.799129	0.607679	1.759337
24966	-1008.464	-1219.531	211.0666	1.782615	0.4423337	2.168395
24972	-1018.807	-1228.34	209.5333	1.647131	0.1603875	3.595047
24978	-1013.056	-1222.916	209.8608	1.543498	0.2459623	3.315189
24984	-1004.625	-1215.218	210.5924	1.57259	0.2484868	2.857155
24990	-995.1811	-1205.383	210.2024	1.50089	0.4273738	2.900406
24996	-1002.28	-1212.721	210.4406	1.509083	0.5482511	2.625421
25002	-1005.787	-1215.332	209.5453	1.408085	0.5922463	3.187381
25008	-1012.376	-1222.558	210.1815	1.559894	0.5134017	2.787075
25014	-1019.298	-1229.459	210.1607	1.514358	0.6587275	2.695875
25020	-1018.039	-1228.896	210.8571	1.806711	0.6587275	2.069267
25026	-1012.955	-1225.109	212.1543	1.944802	0.490386	1.210078
25032	-1015.67	-1227.082	211.4119	2.047783	1.098643	1.118085
25038	-1002.211	-1213.759	211.5484	2.14153	0.7940463	1.196391
25044	-1009.363	-1220.739	211.3759	2.298365	1.066593	0.9382305
25050	-1003.674	-1215.496	211.8226	2.173936	0.7662753	0.9382305
25056	-1024.47	-1236.103	211.633	2.287436	0.7202634	1.071228
25062	-1018.698	-1230.759	212.0612	2.233881	0.661681	0.7320225
25068	-1030.341	-1241.897	211.5565	2.297201	1.01093	0.7888521
25074	-1028.238	-1239.796	211.5588	2.281894	1.060265	0.7380344
25080	-1025.006	-1236.291	211.2847	2.516865	1.170394	0.6184382
25086	-1012.28	-1224.182	211.9019	2.404365	0.7049772	0.5894929
25092	-1021.852	-1233.609	211.7569	2.277147	0.7291944	0.9472581
25098	-1026.843	-1238.763	211.9201	2.224243	0.7886482	0.7150947
25104	-1021.787	-1232.718	210.9306	1.701927	0.859053	1.92563
25110	-1014.32	-1225.833	211.5123	2.199104	1.170658	0.7785426
25116	-996.1291	-1207.844	211.7151	2.151107	0.9564319	0.843925
25122	-1012.736	-1224.367	211.6308	2.190431	0.9564319	0.8967965
25128	-1011.292	-1222.779	211.4873	2.193809	1.099379	0.8967965
25134	-1018.194	-1229.865	211.6703	2.11837	0.8562334	1.042123
25140	-1017.317	-1228.762	211.4447	1.972138	1.158553	1.107371
25146	-1014.837	-1226.356	211.519	2.120176	0.9114673	1.124695
25152	-1012.481	-1224.149	211.6682	2.320213	0.9114673	0.7423644
25158	-1018.046	-1229.384	211.3383	2.317328	1.17268	0.8485601
25164	-1030.383	-1242.087	211.7035	2.359529	0.7765705	0.8485601
25170	-1031.259	-1243.395	212.1363	1.874015	0.5981112	1.141033
25176	-1021.904	-1234.244	212.3402	2.040839	0.3975783	1.108908
25182	-1024.81	-1236.503	211.6931	2.303826	0.7203607	0.9970875
25188	-1020.987	-1232.859	211.8717	2.066947	0.6737516	1.110465
25194	-1021.232	-1232.72	211.4883	2.079386	0.9955699	1.110465
25200	-1015.578	-1227.142	211.5636	2.271362	0.9669372	0.8684594
25206	-1019.577	-1231.278	211.7012	2.166277	0.900754	0.9109458
25212	-1024.739	-1236.482	211.7436	2.287902	0.8740393	0.7387805
25218	-1021.588	-1233.179	211.5913	1.92005	0.7941572	1.343647
25224	-1013.138	-1224.761	211.6226	1.840813	0.5114633	1.672248
25230	-1009.63	-1221.067	211.4372	1.765969	0.738176	1.627756
25236	-1030.081	-1242.289	212.2081	1.954353	0.3690089	1.341916
25242	-1050.748	-1262.428	211.6797	2.209365	0.8845811	0.9064596
25248	-1040.92	-1252.907	211.9871	1.977084	0.7200111	1.029861
25254	-1042.874	-1254.923	212.0491	1.715535	0.445201	1.535504
25260	-1043.862	-1254.761	210.8991	2.012265	0.7485974	1.824162
25266	-1045.142	-1256.152	211.0095	1.773512	0.6111482	2.03434
25272	-1013.804	-1225.563	211.7592	2.115896	0.6524335	1.192242
25278	-1025.06	-1236.863	211.8033	1.708487	0.3518272	1.843859
25284	-1014.467	-1225.889	211.4222	1.900499	0.4498568	1.843859
25290	-1029.504	-1241.166	211.662	2.14175	0.4668545	1.477718
25296	-1027.612	-1239.239	211.6271	1.991559	0.3586706	1.760042
25302	-1020.459	-1231.437	210.9784	1.934007	0.5885017	1.970108
25308	-1019.179	-1230.696	211.5169	1.92641	0.4933243	1.707776
25314	-1017.257	-1228.446	211.1889	2.044163	0.5426098	1.799155
25320	-1016.176	-1227.374	211.1975	2.101496	0.5015674	1.799155
25326	-1013.93	-1225.463	211.5336	1.878996	0.3927446	1.855134
25332	-1012.778	-1224.243	211.4648	1.917893	0.3927446	1.87553
25338	-1003.538	-1214.741	211.203	1.911736	0.5208403	1.903859
25344	-1003.271	-1214.381	211.11	2.128395	0.4477456	1.903859
25350	-1019.484	-1230.692	211.2086	1.992288	0.5579226	1.805092
25356	-1025.467	-1237.26	211.7932	2.291633	0.6717967	0.9722665
25362	-1025.21	-1236.881	211.6708	2.291633	0.8837979	0.820296
25368	-1019.927	-1231.433	211.5066	2.512417	0.8837979	0.7415113
25374	-1018.963	-1230.74	211.7776	2.371912	0.7705313	0.7415113
25380	-1015.701	-1226.985	211.2841	2.610547	1.088436	0.5569568
25386	-1015.541	-1227.009	211.4685	2.582227	0.9349528	0.5347155
25392	-1002.503	-1213.819	211.3155	2.735225	0.9349528	0.5347155
25398	-1016.014	-1226.755	210.7413	2.682371	1.691786	0.5347155
25404	-1020.079	-1231.448	211.3689	2.607378	1.00754	0.5360197
25410	-1028.733	-1239.928	211.1947	2.181711	1.039736	1.239162
25416	-1016.926	-1227.701	210.7751	1.675646	0.4457159	2.419312
25422	-1013.632	-1224.623	210.9914	1.844112	0.4285587	2.19349
25428	-1003.462	-1214.395	210.9331	1.71412	0.5940097	2.139979
25434	-1013.392	-1224.284	210.8916	1.684021	0.5340039	2.245466
25440	-1006.762	-1217.344	210.5818	1.763228	0.7485877	2.20128
25446	-1010.983	-1222.401	211.4175	1.81794	0.5129928	1.830111
25452	-1005.655	-1216.622	210.9673	1.773613	0.7057612	1.976633
25458	-1006.131	-1217.074	210.943	1.937618	0.5573973	2.022447
25464	-1004.903	-1216.047	211.1439	1.735309	0.4785449	2.107397
25470	-994.025	-1205.658	211.6331	1.787744	0.5186395	1.694269
25476	-1010.125	-1221.965	211.8399	1.989068	0.458391	1.4698
25482	-1006.747	-1218.068	211.3212	1.896697	0.458391	1.905027
25488	-1013.305	-1224.257	210.9518	1.805744	0.4071437	2.26958
25494	-1003.561	-1214.638	211.0774	1.724533	0.4326387	2.210388
25500	-992.1908	-1203.137	210.9465	1.755524	0.4326387	2.274662
25506	-1005.07	-1216.786	211.7165	2.101698	0.3932069	1.5677
25512	-1016.965	-1228.483	211.5172	2.11774	0.4043161	1.684487
25518	-1008.757	-1219.709	210.9525	1.916242	0.4930952	2.09814
25524	-1005.455	-1216.405	210.9496	1.715134	0.5033323	2.219905
25530	-1019.428	-1230.126	210.6975	1.759467	0.3408955	2.543764
25536	-1031.744	-1242.717	210.9725	1.668802	0.6187348	2.120546
25542	-1024.754	-1235.166	210.4122	1.66939	0.455422	2.638648
25548	-1023.959	-1234.859	210.9005	1.689551	0.3973869	2.388168
25554	-1019.859	-1230.59	210.7307	1.753589	0.4345284	2.410918
25560	-1016.912	-1227.587	210.6748	1.753589	0.4459726	2.43308
25566	-1021.779	-1232.488	210.7091	1.512113	0.4352159	2.574676
25572	-1030.165	-1240.7	210.5349	1.762683	0.3945995	2.574676
25578	-1030.557	-1241.286	210.7286	1.782424	0.2626543	2.623152
25584	-1035.495	-1246.67	211.1757	1.861445	0.2902932	2.249289
25590	-1020.313	-1231.607	211.2932	1.908801	0.3477775	2.057942
25596	-1021.075	-1232.752	211.677	2.013799	0.5138533	1.503389
25602	-1042.745	-1254.201	211.4558	1.8111	0.4917976	1.832473
25608	-1018.98	-1229.072	210.0919	1.615933	0.5553307	2.767184
25614	-1017.948	-1229.405	211.4566	2.022998	0.5619773	1.603335
25620	-1004.027	-1215.072	211.0446	1.880456	0.5155673	2.036657
25626	-1016.409	-1227.147	210.738	1.875273	0.4808517	2.277148
25632	-1019.026	-1230.108	211.0812	1.944219	0.331937	2.195656
25638	-1015.609	-1226.65	211.0408	1.980824	0.4922102	1.99801
25644	-1022.661	-1233.536	210.8743	1.954981	0.6913732	1.929799
25650	-1023.528	-1234.857	211.3291	2.430748	0.3907124	1.613817
25656	-1030.585	-1242.307	211.722	2.430748	0.3907124	1.314898
25662	-1041.651	-1253.658	212.0069	2.39316	0.4577208	0.9844029
25668	-1043.67	-1255.609	211.939	2.453005	0.5245511	0.8716181
25674	-1040.679	-1252.295	211.6164	2.453005	0.8313347	0.7541324
25680	-1018.754	-1230.708	211.9537	2.341244	0.4867634	1.038943
25686	-1020.739	-1232.624	211.8843	2.183473	0.7873563	0.8265923
25692	-1022.638	-1234.465	211.8263	2.157765	0.8520211	0.8374562
25698	-1028.534	-1240.182	211.6476	2.411317	0.8810305	0.6791791
25704	-1026.039	-1236.554	210.5151	2.067688	1.549442	1.530011
25710	-1025.014	-1236.524	211.5104	1.762651	0.7409567	1.574429
25716	-1009.387	-1221.142	211.7542	1.6123	0.6687828	1.574429
25722	-1022.175	-1233.401	211.2257	1.554267	0.7840786	1.884491
25728	-1021.951	-1232.238	210.2863	1.538436	0.5782498	2.674306
25734	-1022.498	-1232.829	210.3303	1.621038	0.497737	2.674306
25740	-1007.488	-1218.747	211.2595	1.711251	0.7538954	1.77852
25746	-1008.623	-1219.826	211.2036	1.798201	0.6313213	1.868012
25752	-1010.534	-1220.708	210.1737	1.437401	0.5593289	2.822394
25758	-1010.864	-1220.935	210.0702	1.460438	0.6456151	2.795138
25764	-1018.002	-1228.137	210.1351	1.492933	0.5281998	2.841553
25770	-1021.062	-1230.801	209.7391	1.317445	0.6138651	3.107485
25776	-1024.83	-1235.138	210.3077	1.338319	0.5547345	2.805422
25782	-1031.631	-1242.23	210.5991	1.735422	0.4304242	2.509578
25788	-1028.514	-1240.054	211.5397	1.648247	0.3703673	2.03625
25794	-1027.437	-1237.299	209.8621	1.737691	0.9979075	2.498805
25800	-1023.201	-1234.342	211.1418	1.806607	0.8196634	1.73921
25806	-1026.345	-1236.377	210.0324	1.595143	0.4090892	2.966621
25812	-1016.038	-1225.116	209.0775	1.521938	0.9180246	3.157164
25818	-1029.545	-1238.245	208.7	1.613282	0.5182419	3.629249
25824	-1022.396	-1233.227	210.8309	1.895683	0.7998361	1.908038
25830	-1026.83	-1237.658	210.8278	1.697013	0.6045252	2.209534
25836	-1027.271	-1238.771	211.5004	1.843386	0.6045252	1.655804
25842	-1028.156	-1239.599	211.4429	1.965026	0.4647924	1.76671
25848	-1021.354	-1233.47	212.1158	1.990882	0.4109761	1.320628
25854	-1006.984	-1218.757	211.7733	1.932579	0.7696461	1.207821
25860	-1024.585	-1236.394	211.8086	1.836926	0.571499	1.469657
25866	-1028.894	-1240.493	211.5988	2.066958	0.7898834	1.221197
25872	-1029.278	-1241.558	212.2801	1.798234	0.4325104	1.311155
25878	-1039.185	-1250.931	211.7464	1.84553	0.5988522	1.479577
25884	-1016.987	-1228.44	211.453	2.27074	1.092747	0.8542463
25890	-1017.9	-1229.272	211.3716	2.25173	1.212393	0.8456049
25896	-1014.702	-1226.414	211.7122	1.822751	0.5576791	1.567768
25902	-1021.826	-1233.01	211.1836	1.685613	0.6322018	1.956932
25908	-1018.023	-1228.999	210.9765	1.6103	0.5368712	2.23537
25914	-1013.017	-1224.78	211.7626	1.926831	0.5539938	1.456575
25920	-1025.042	-1236.478	211.4368	1.818956	0.5539938	1.771141
25926	-1035.461	-1245.162	209.7008	1.812486	0.7149052	2.749557
25932	-1031.386	-1243.028	211.6428	1.779847	0.5228094	1.688191
25938	-1028.687	-1239.856	211.1698	1.808224	0.4584198	2.065297
25944	-1016.124	-1227.633	211.5093	1.632817	0.4082771	2.017268
25950	-1008.867	-1219.115	210.2476	1.659209	0.3777122	2.834856
25956	-1018.587	-1229.157	210.5695	1.493632	0.6274937	2.482154
25962	-1024.26	-1234.779	210.5188	1.634732	0.4022571	2.654633
25968	-1012.012	-1223.176	211.1646	1.804858	0.4152537	2.122435
25974	-1007.956	-1218.663	210.7072	1.606107	0.335692	2.639732
25980	-1042.047	-1252.412	210.3655	1.594968	0.4787304	2.688342
25986	-1032.873	-1243.431	210.5574	1.637162	0.3543552	2.688342
25992	-1042.134	-1253.228	211.0942	1.645581	0.3381103	2.369969
25998	-1033.346	-1244.049	210.7036	1.612336	0.6239135	2.325753
26004	-1026.002	-1236.874	210.8721	1.575544	0.4087576	2.464137
26010	-1026.263	-1236.169	209.9059	1.501606	0.5908462	2.917051
26016	-1015.474	-1225.793	210.3187	1.584362	0.3155355	2.917051
26022	-1030.128	-1241.424	211.2965	1.90209	0.3469671	2.061312
26028	-1029.739	-1240.998	211.259	1.655589	0.4857281	2.07618
26034	-1030.721	-1242.06	211.3394	1.924993	0.4774539	1.850831
26040	-1019.903	-1231.786	211.8827	2.021425	0.4555389	1.416122
26046	-1012.609	-1223.402	210.7928	1.732493	0.4555389	2.361172
26052	-1010.812	-1221.696	210.8842	1.752597	0.4941831	2.247658
26058	-1016.523	-1227.699	211.1761	1.937377	0.2272939	2.303828
26064	-1019.997	-1230.879	210.8828	1.780733	0.4287935	2.303828
26070	-1022.368	-1234.152	211.784	1.635584	0.3029869	1.979207
26076	-1012.81	-1223.79	210.9806	1.7175	0.4948846	2.207361
26082	-1027.469	-1238.701	211.2314	1.670386	0.3083702	2.308942
26088	-1019.432	-1229.937	210.5048	1.681513	0.3364158	2.716804
26094	-1024.201	-1235.549	211.3481	2.189705	0.6258323	1.49125
26100	-1037.031	-1248.541	211.5102	2.174028	0.5065595	1.517178
26106	-1041.097	-1252.817	211.7198	2.245476	0.4208212	1.417451
26112	-1027.319	-1238.901	211.5813	2.093041	0.4208212	1.634004
26118	-1027.146	-1238.951	211.8045	2.102861	0.5858737	1.245076
26124	-1030.355	-1242.275	211.9198	1.864842	0.4658238	1.493427
26130	-1013.8	-1224.929	211.1297	1.864842	0.837725	1.691986
26136	-1023.541	-1233.912	210.3711	1.871201	1.277029	1.918287
26142	-1038.418	-1247.872	209.4535	1.334361	0.4889216	3.380604
26148	-1028.731	-1239.818	211.0871	1.497108	0.5706012	2.203515
26154	-1030.223	-1241.468	211.245	2.044991	0.479479	1.830859
26160	-1028.316	-1238.167	209.8507	1.678536	1.03387	2.52061
26166	-1030.325	-1241.267	210.9423	1.833105	0.5525511	2.096853
26172	-1029.338	-1240.2	210.8629	1.493894	0.5080948	2.411313
26178	-1032.939	-1243.418	210.4786	1.74322	0.8201604	2.225489
26184	-1035.998	-1247.846	211.848	1.841747	0.5940398	1.410171
26190	-1026.121	-1237.154	211.0328	1.961425	0.5562241	1.947698
26196	-1025.498	-1236.099	210.6019	1.876452	1.109791	1.857387
26202	-1015.402	-1225.574	210.1729	1.71724	0.8034709	2.448895
26208	-1027.569	-1237.781	210.2122	1.718033	0.9454171	2.324149
26214	-1023.472	-1232.594	209.1212	1.718033	0.9443903	2.997391
26220	-1025.019	-1234.919	209.9001	1.557986	0.5322874	2.940406
26226	-1015.494	-1224.644	209.15	1.396532	0.8106118	3.259462
26232	-1032.591	-1242.174	209.5826	1.687226	0.3767996	3.217587
26238	-1039.712	-1249.606	209.8941	1.819855	0.7976066	2.563259
26244	-1025.999	-1237.166	211.1667	1.761539	0.9590543	1.645381
26250	-1018.629	-1229.772	211.1427	1.903921	0.4993704	1.973324
26256	-1005.597	-1216.875	211.2784	1.727608	0.4664623	2.037531
26262	-1013.619	-1224.107	210.4882	1.692386	0.5396219	2.490284
26268	-1010.024	-1220.873	210.8491	1.528186	0.5396219	2.366426
26274	-1020.368	-1231.44	211.0724	1.688974	0.4531097	2.212826
26280	-1021.244	-1232.998	211.7543	1.834699	0.5180365	1.573785
26286	-1020.714	-1232.635	211.9214	1.767613	0.4419649	1.595388
26292	-1027.242	-1238.363	211.1208	1.465622	0.4853686	2.289431
26298	-1019.589	-1230.476	210.887	1.492268	0.6193603	2.289431
26304	-1016.301	-1228.005	211.704	2.050302	0.8167953	1.116102
26310	-1013.966	-1225.582	211.6166	2.028263	0.8783155	1.151793
26316	-1004.561	-1216.424	211.8626	2.033959	0.9042046	0.8735444
26322	-1014.703	-1226.582	211.8789	2.059339	0.6440122	1.147144
26328	-1020.974	-1232.355	211.3803	1.845436	1.067572	1.340388
26334	-1023.756	-1233.374	209.6176	1.631216	0.3431378	3.271219
26340	-1012.218	-1223.094	210.8757	1.830901	0.3279229	2.40497
26346	-1017.603	-1229.269	211.666	1.789849	0.3655141	1.862733
26352	-1047.33	-1258.738	211.4079	2.045697	0.9263008	1.270585
26358	-1022.794	-1234.177	211.3836	2.066506	1.096958	1.128183
26364	-1034.556	-1246.286	211.7298	2.083201	0.7354737	1.151418
26370	-1020.672	-1232.211	211.5381	2.043111	0.5757641	1.513198
26376	-1016.671	-1228.289	211.6175	2.192266	0.4083986	1.55237
26382	-1002.237	-1213.992	211.7553	2.060974	0.4049831	1.55237
26388	-1002.062	-1213.303	211.2406	1.831983	0.6358881	1.815039
26394	-1013.899	-1223.825	209.9265	1.710199	0.5218039	2.842489
26400	-1012.401	-1222.454	210.0531	1.516688	0.5218039	2.883055
26406	-1018.961	-1228.973	210.012	1.492114	0.5040709	2.940069
26412	-1017.597	-1227.477	209.8798	1.546339	0.553057	2.940069
26418	-1024.86	-1235.201	210.3403	1.630083	0.4393158	2.724698
26424	-1028.73	-1239.457	210.727	1.618176	0.5583997	2.368353
26430	-1026.026	-1237.13	211.1036	1.671277	0.3857014	2.285087
26436	-1027.009	-1237.59	210.581	1.825251	0.5448813	2.342845
26442	-1013.171	-1224.254	211.0829	1.701673	0.2600616	2.456969
26448	-1017.396	-1228.477	211.0808	1.909446	0.4764763	2.036523
26454	-1003.925	-1215.911	211.9856	2.02619	0.2717094	1.620644
26460	-1015.148	-1226.307	211.1588	1.887616	0.3421657	2.167714
26466	-1017.212	-1228.775	211.5633	1.912416	0.4786225	1.702342
26472	-1014.552	-1225.777	211.2254	1.782811	0.4170527	2.094828
26478	-1021.105	-1231.829	210.7243	1.806109	0.7564288	2.073918
26484	-1022.151	-1233.147	210.9962	1.726789	0.5538015	2.129936
26490	-1019.173	-1230.401	211.2276	1.773035	0.3929578	2.129936
26496	-1021.904	-1233.293	211.3892	1.83464	0.3796043	2.000096
26502	-1023.138	-1234.53	211.3926	1.862711	0.5933112	1.73015
26508	-1015.036	-1226.273	211.2376	2.123045	0.3647274	1.928501
26514	-1019.354	-1231.206	211.8519	1.975584	0.5616793	1.339884
26520	-1031.162	-1242.481	211.3181	1.913344	0.637924	1.702053
26526	-1040.789	-1252.07	211.2818	1.737167	0.6395594	1.848387
26532	-1023.657	-1234.95	211.2926	1.574489	0.4932692	2.099032
26538	-1034.272	-1245.4	211.1279	1.56148	0.5470282	2.158632
26544	-1013.895	-1225.358	211.4633	1.898239	0.5599233	1.690385
26550	-1020.37	-1230.521	210.1516	1.786684	0.4092847	2.778311
26556	-1029.835	-1240.453	210.6183	1.944077	0.4575261	2.335352
26562	-1020.013	-1231.634	211.6215	2.107558	0.3796847	1.651691
26568	-1041.519	-1253.503	211.9834	1.990871	0.453527	1.364141
26574	-1033.578	-1244.558	210.9801	1.708272	0.4993529	2.208863
26580	-1024.772	-1234.712	209.94	1.708272	0.4940914	2.862974
26586	-1017.286	-1227.51	210.224	1.874583	0.8905832	2.253872
26592	-1019.583	-1229.312	209.728	1.622871	0.700494	2.859687
26598	-1024.705	-1234.771	210.0667	1.759173	0.6407105	2.61824
26604	-1020.659	-1231.439	210.7793	1.752809	0.6995842	2.120042
26610	-1029.609	-1238.966	209.3573	1.767963	0.7363173	2.968258
26616	-1023.342	-1233.964	210.6225	1.65373	0.6121914	2.3616
26622	-1012.048	-1223.556	211.508	1.838534	0.5890183	1.670001
26628	-1023.733	-1235.451	211.7185	1.960148	0.4957456	1.53464
26634	-1044.947	-1256.573	211.6258	2.102558	0.5174808	1.470686
26640	-1041.452	-1252.375	210.9232	1.89524	0.5174808	2.104924
26646	-1015.977	-1227.298	211.3205	1.857097	0.437302	1.957594
26652	-1024.085	-1235.256	211.1705	2.06345	0.7362321	1.607284
26658	-1030.462	-1241.277	210.815	1.762487	0.5603784	2.217833
26664	-1024.37	-1234.68	210.3095	1.77196	0.5603784	2.532159
26670	-1012.632	-1224.551	211.9188	2.024178	0.4110842	1.448666
26676	-1028.622	-1239.671	211.0488	2.024092	0.396001	2.078701
26682	-1022.882	-1234.13	211.2486	1.824228	0.396001	2.078701
26688	-1020.587	-1231.747	211.1605	1.758704	0.4320802	2.134863
26694	-1033.574	-1245.303	211.729	1.847871	0.3885161	1.747131
26700	-1016.552	-1227.352	210.8002	1.753352	0.6524664	2.147117
26706	-1018.916	-1229.15	210.2335	1.669394	0.544026	2.658315
26712	-1044.089	-1254.806	210.7171	1.879849	0.836733	1.966491
26718	-1030.07	-1240.418	210.3473	1.675091	0.5633558	2.566031
26724	-1024.765	-1236.504	211.7391	1.963906	0.2863481	1.813325
26730	-1012.706	-1222.959	210.2528	1.647682	0.6018826	2.60615
26736	-1005.626	-1216.759	211.1333	1.742838	0.4295094	2.166011
26742	-1014.301	-1224.802	210.5011	1.770562	0.52319	2.449525
26748	-1018.93	-1230.559	211.6287	2.075672	0.4414132	1.584909
26754	-1019.69	-1230.848	211.1579	1.970336	0.5828407	1.829256
26760	-1020.009	-1231.432	211.4229	1.909366	0.8041263	1.473398
26766	-1009.721	-1220.932	211.2116	1.882485	0.4769366	1.966793
26772	-1001.456	-1212.855	211.3988	1.990562	0.386991	1.87865
26778	-1005.319	-1217.333	212.0137	1.95167	0.6810927	1.076916
26784	-1008.713	-1220.432	211.7187	2.110464	0.6810927	1.198466
26790	-1012.637	-1224.196	211.5593	2.281702	0.8739197	0.9705182
26796	-1006.109	-1217.895	211.7862	2.163723	0.7140521	1.050863
26802	-1022.727	-1234.663	211.9368	2.197322	0.5538501	1.088864
26808	-1015.552	-1227.585	212.0336	2.244	0.5538501	0.947667
26814	-1030.318	-1242.324	212.0053	2.21408	0.693311	0.7816051
26820	-1019.989	-1231.143	211.154	1.857396	0.4210754	2.087815
26826	-1023.297	-1234.776	211.4793	1.642893	0.4968297	1.925387
26832	-1015.553	-1226.377	210.8239	1.747067	0.4968297	2.28706
26838	-1021.721	-1232.538	210.8161	1.834789	0.5250259	2.206074
26844	-1034.236	-1244.316	210.0792	1.553932	0.7510182	2.648091
26850	-1023.025	-1233.163	210.1378	1.550656	0.6108467	2.728691
26856	-1033.505	-1241.943	208.4381	1.389116	0.4344783	3.991599
26862	-1028.611	-1238.942	210.3312	1.402808	0.4551115	2.851502
26868	-1014.355	-1223.908	209.5533	1.476623	0.4369974	3.291547
26874	-1009.256	-1219.322	210.0657	1.571993	0.5574156	2.807983
26880	-1013.38	-1223.887	210.5074	1.60743	0.4581124	2.615232
26886	-1029.54	-1240.197	210.6566	1.60743	0.3784327	2.615232
26892	-1027.093	-1238.008	210.9145	1.656972	0.3510015	2.458815
26898	-1026.588	-1237.275	210.6865	1.731976	0.4608772	2.422729
26904	-1028.201	-1237.827	209.6262	1.665069	0.6243497	2.95799
26910	-1037.626	-1247.873	210.2469	1.740278	0.6031737	2.551204
26916	-1035.418	-1245.401	209.983	1.610473	1.118675	2.430112
26922	-1004.027	-1213.69	209.6627	1.833761	0.8315508	2.673247
26928	-1013.201	-1223.196	209.9948	1.732207	0.8104993	2.545697
26934	-1018.007	-1229.465	211.458	1.856955	0.771312	1.51583
26940	-1022.046	-1233.33	211.2837	1.853356	0.4886512	1.924574
26946	-1010.31	-1221.068	210.7581	1.700483	0.5927992	2.263205
26952	-1013.041	-1224.457	211.4162	1.825374	0.5604475	1.774158
26958	-1003.894	-1215.02	211.1255	1.832198	0.7696768	1.774158
26964	-1012.363	-1224.081	211.7186	1.991919	0.4757365	1.535994
26970	-1023.748	-1234.654	210.9052	1.912135	0.4532209	2.176418
26976	-1002.752	-1213.561	210.809	1.883049	0.5279476	2.176418
26982	-1010.173	-1221.47	211.2976	1.77635	0.6214859	1.828077
26988	-1021.206	-1232.769	211.563	1.91802	0.3905396	1.811002
26994	-1010.001	-1221.605	211.6041	1.729281	0.4709838	1.811002
27000	-1001.653	-1213.161	211.5075	1.817401	0.4876001	1.7973
27006	-1014.485	-1225.87	211.3852	1.869445	0.3803209	1.978547
27012	-998.6079	-1210.157	211.5493	1.954526	0.5522381	1.596569
27018	-1016.019	-1227.625	211.6057	1.97638	0.5031619	1.596569
27024	-1014.138	-1225.599	211.4611	1.962359	0.5809177	1.623388
27030	-1021.229	-1233.336	212.1069	2.00737	0.5264918	1.145557
27036	-1012.333	-1223.987	211.6536	2.148511	0.6025554	1.31152
27042	-1008.828	-1220.651	211.823	2.061858	0.8048135	1.005804
27048	-1017.689	-1229.543	211.8538	2.307017	0.4686203	1.188902
27054	-1023.851	-1235.191	211.3397	2.151254	0.6658004	1.484967
27060	-1029	-1239.511	210.5109	1.804709	0.7951044	2.183827
27066	-1038.52	-1248.914	210.3938	1.904759	0.8095526	2.183827
27072	-1035.088	-1246.399	211.3109	1.771041	0.4216721	2.040501
27078	-1035.317	-1247.168	211.8505	1.969967	0.5533179	1.355679
27084	-1015.367	-1226.991	211.6248	2.028316	0.5263379	1.516522
27090	-1018.044	-1229.796	211.7525	2.167431	0.4438588	1.419933
27096	-1018.935	-1230.799	211.864	2.115501	0.3524729	1.509166
27102	-1009.656	-1220.787	211.1307	2.011	0.425247	1.996357
27108	-1014.663	-1226.029	211.3661	1.843936	0.389386	1.996357
27114	-1011.389	-1222.325	210.9358	1.708255	0.4793602	2.259035
27120	-1009.202	-1219.113	209.9107	1.988048	1.296335	2.135802
27126	-1010.822	-1221.434	210.6127	1.683064	0.5718494	2.386694
27132	-1006.93	-1217.525	210.5952	1.744073	0.6332319	2.302521
27138	-1020.531	-1231.705	211.1738	1.660215	0.5271186	2.084493
27144	-1044.08	-1255.158	211.0785	1.603202	0.550074	2.160602
27150	-1017.621	-1228.556	210.9354	1.697672	0.550074	2.192128
27156	-1009.903	-1219.672	209.7695	1.585591	0.8564896	2.742557
27162	-1004.255	-1215.154	210.8992	1.689652	0.6299989	2.144428
27168	-1010.609	-1221.567	210.9578	1.951703	0.5687008	1.991762
27174	-1003.217	-1213.97	210.753	1.881741	0.8904879	1.900587
27180	-1017.751	-1229.349	211.5977	1.949059	0.7886583	1.320537
27186	-1026.06	-1237.727	211.6671	2.190875	0.8227274	1.011775
27192	-1023.815	-1235.329	211.5143	2.190875	1.076232	0.8940929
27198	-1026.957	-1238.13	211.1727	2.325856	1.317917	0.888596
27204	-1021.528	-1232.174	210.6453	1.621606	0.6275706	2.353617
27210	-1008.523	-1219.423	210.9005	1.661451	0.7751303	2.03802
27216	-1014.598	-1225.599	211.0005	1.834546	0.6839274	1.932564
27222	-1022.157	-1233.952	211.7952	2.273766	0.7603903	0.8650094
27228	-1020.919	-1232.717	211.7987	2.255017	0.8678925	0.7141177
27234	-1026.432	-1238.118	211.6855	1.799267	0.343672	1.874143
27240	-1024.77	-1236.065	211.2951	2.536621	1.120919	0.6524934
27246	-1020.996	-1232.794	211.7985	2.385092	0.8047705	0.5883313
27252	-1007.568	-1219.337	211.7689	2.434664	0.7950827	0.5540797
27258	-1013.503	-1225.19	211.6878	2.509957	0.7950827	0.5788745
27264	-1028.034	-1237.99	209.9557	1.780436	0.4440647	2.862117
27270	-1009.927	-1219.932	210.0047	1.680061	0.4733804	2.862117
27276	-1019.492	-1229.591	210.0992	1.56917	0.4829919	2.862117
27282	-1041.48	-1253.043	211.5632	2.543388	0.8841132	0.5227466
27288	-1036.728	-1248.571	211.8433	2.540576	0.6568321	0.5188367
27294	-1023.435	-1235.009	211.5738	1.843748	0.4437495	1.785911
27300	-1022.183	-1233.802	211.6184	2.439795	0.8921048	0.6564303
27306	-1020.624	-1232.209	211.5844	2.375224	1.009299	0.5993307
27312	-1018.496	-1229.545	211.0493	2.594426	1.388483	0.4789517
27318	-1017.619	-1228.381	210.7619	2.629107	1.742159	0.5289754
27324	-1009.956	-1221.425	211.4694	2.580538	0.9363453	0.5289754
27330	-1013.506	-1225.198	211.6921	2.464353	0.8389301	0.5289754
27336	-1005.089	-1216.462	211.373	2.600953	1.012375	0.5009948
27342	-1009.81	-1220.486	210.6761	2.761126	1.674952	0.5009948
27348	-1007.69	-1218.972	211.2817	2.587086	1.119818	0.4639932
27354	-1005.038	-1216.858	211.8196	2.49357	0.7071111	0.5501669
27360	-1028.266	-1240.156	211.8901	2.410476	0.7168598	0.5501669
27366	-1014.208	-1225.755	211.5461	2.468777	0.9671009	0.5501669
27372	-999.9167	-1211.392	211.4756	2.379411	1.101199	0.6413498
27378	-1004.749	-1216.004	211.255	2.335429	1.196425	0.9002872
27384	-1009.122	-1220.757	211.6354	2.173419	0.9654624	0.9002872
27390	-1012.886	-1224.392	211.5057	2.327953	0.9373455	0.9051924
27396	-1007.626	-1219.654	212.0281	2.265517	0.5281705	0.9728288
27402	-1008.308	-1219.595	211.2874	1.804947	0.6040674	1.832539
27408	-1014.777	-1224.204	209.4274	1.503465	0.8173285	3.026247
27414	-1018.91	-1228.812	209.9023	1.634293	0.5817215	2.847097
27420	-1002.544	-1213.072	210.5285	1.74941	0.5511979	2.417861
27426	-1019.635	-1230.765	211.1301	1.807274	0.6095434	1.932683
27432	-1019.971	-1231.016	211.0459	1.890821	0.875624	1.702823
27438	-1008.656	-1220.249	211.5935	1.963451	0.8103625	1.291518
27444	-1008.111	-1218.914	210.8029	1.71708	1.046759	1.869627
27450	-1014.048	-1223.994	209.9458	1.679506	0.8031171	2.614138
27456	-1034.923	-1245.133	210.2104	1.553584	0.6260951	2.669028
27462	-1017.332	-1228.001	210.6698	1.790361	0.7170881	2.15228
27468	-1007.422	-1218.795	211.3738	1.727127	0.7523823	1.688333
27474	-1010.072	-1220.323	210.2511	1.801717	1.237438	2.066999
27480	-1018.134	-1228.938	210.8041	1.696752	0.8151575	2.047113
27486	-1025.307	-1236.438	211.131	2.01546	0.6152223	1.784055
27492	-1042.934	-1254.668	211.7346	1.737115	0.4156913	1.784055
27498	-1052.634	-1264.169	211.5353	1.872937	0.5306638	1.68956
27504	-1025.85	-1237.009	211.1583	1.709948	0.6564039	1.935058
27510	-1020.416	-1232.125	211.7089	1.729452	0.4318408	1.786422
27516	-1021.761	-1233.206	211.4457	1.918943	0.6955747	1.549707
27522	-1025.971	-1237.568	211.5969	1.943167	0.418948	1.732025
27528	-1022.055	-1232.899	210.8439	1.690002	0.5186098	2.287967
27534	-1016.638	-1228.55	211.9119	2.016221	0.4537372	1.399962
27540	-1015.124	-1226.397	211.2727	2.049522	0.4819438	1.805792
27546	-1012.217	-1223.908	211.6915	2.032443	0.3161123	1.75067
27552	-1010.931	-1222.124	211.193	1.990281	0.3427556	2.077361
27558	-1015.533	-1227.261	211.7278	1.923568	0.3427556	1.760566
27564	-1004.744	-1215.412	210.6683	1.827333	0.8930301	1.99232
27570	-1028.733	-1240.204	211.4713	2.368676	0.678045	1.192695
27576	-1013.224	-1225.052	211.8273	2.384815	0.5407225	1.034331
27582	-1004.964	-1216.744	211.7801	1.884931	0.6128278	1.40824
27588	-1017.781	-1228.358	210.577	1.650393	0.5756388	2.426303
27594	-1025.517	-1237.559	212.0422	2.012565	0.7300245	0.9239483
27600	-1022.401	-1234.376	211.9752	1.939163	0.5817569	1.244366
27606	-1024.475	-1236.29	211.815	1.892692	0.7624257	1.213742
27612	-1013.205	-1224.706	211.5009	2.09981	0.7568284	1.308099
27618	-1010.001	-1221.673	211.6721	2.241012	0.8892724	0.8731265
27624	-1007.041	-1218.914	211.8727	2.12008	0.62097	1.127244
27630	-1028.243	-1239.109	210.8666	1.772467	0.8501307	1.927932
27636	-1022.527	-1233.539	211.0123	1.827218	0.9879602	1.687674
27642	-1026.7	-1238.592	211.8924	2.044121	0.6728275	1.113591
27648	-1016.452	-1228.088	211.636	1.9718	0.7532093	1.305968
27654	-1021.392	-1232.935	211.5431	2.014138	0.4187689	1.72019
27660	-1017.283	-1226.697	209.4132	1.346981	0.3714378	3.523194
27666	-1028.134	-1238.189	210.0552	1.500141	0.4687075	2.945116
27672	-1038.119	-1250.088	211.9692	1.947665	0.4171592	1.459808
27678	-1026.769	-1238.753	211.9835	1.806482	0.4171592	1.554797
27684	-1018.032	-1229.864	211.8321	1.964368	0.3507645	1.645817
27690	-1018.653	-1230.209	211.556	2.134116	0.5088483	1.509979
27696	-1004.254	-1215.663	211.4093	2.162565	0.681404	1.407222
27702	-1016.373	-1228.267	211.8939	2.165951	0.334932	1.476941
27708	-1015.09	-1226.182	211.092	1.749129	0.4121174	2.209723
27714	-1022.342	-1233.577	211.2342	1.889874	0.5559221	1.859994
27720	-1029.407	-1241.127	211.7201	2.036378	0.530632	1.433163
27726	-1016.551	-1228.246	211.6945	2.277313	0.530632	1.261853
27732	-1022.845	-1234.423	211.5774	2.01806	0.8082824	1.261853
27738	-1020.503	-1231.822	211.319	2.015954	0.9251813	1.367115
27744	-1032.7	-1244.039	211.3389	1.942628	0.9669807	1.374885
27750	-1027.342	-1239	211.6572	2.001114	0.6776243	1.343184
27756	-1026.594	-1238.065	211.4713	1.711402	0.6382287	1.736129
27762	-1006.538	-1217.817	211.2787	1.874178	1.000345	1.4483
27768	-1026.179	-1237.849	211.6699	1.809306	0.7114493	1.4483
27774	-1010.577	-1222.363	211.7864	2.325117	0.7778017	0.7839107
27780	-997.3464	-1208.83	211.4834	2.347046	1.018114	0.810372
27786	-1005.736	-1217.491	211.755	2.449577	0.7904931	0.5739034
27792	-1007.986	-1218.992	211.0057	2.524671	1.537828	0.5355812
27798	-1003.243	-1214.241	210.9974	2.530305	1.498731	0.6408875
27804	-1012.048	-1223.139	211.0914	2.562195	1.364345	0.5739531
27810	-1017.845	-1228.782	210.9377	2.45098	1.68628	0.6571602
27816	-1023.635	-1234.572	210.9371	2.45098	1.68628	0.6582755
27822	-1024.31	-1235.193	210.8835	2.504893	1.595669	0.7630079
27828	-1028.142	-1239.708	211.5661	2.257072	1.061118	0.7630079
27834	-1031.08	-1240.498	209.4177	1.314797	0.7041204	3.226951
27840	-1039.758	-1247.387	207.6284	1.31656	0.3378871	4.59913
27846	-1030.254	-1240.175	209.9207	1.574302	0.5037464	2.945877
27852	-1025.385	-1237.115	211.73	1.984685	0.5154389	1.483476
27858	-1019.854	-1231.802	211.9477	2.081648	0.480459	1.282342
27864	-1022.082	-1234.334	212.2516	2.326902	0.4448975	0.8075574
27870	-1023.338	-1235.205	211.8669	2.237842	0.5692172	1.094347
27876	-1015.84	-1228.13	212.2904	2.066699	0.3906077	1.142654
27882	-1033.956	-1245.713	211.7569	2.297448	0.5548254	1.159326
27888	-1015.731	-1227.134	211.4031	2.225237	0.9724174	1.076192
27894	-1021.09	-1232.687	211.5969	2.046751	0.6081614	1.429912
27900	-1026.798	-1238.815	212.0171	2.222773	0.7141377	0.709243
27906	-1026.078	-1237.855	211.777	2.451972	0.7723211	0.56298
27912	-1019.827	-1231.485	211.6587	2.451972	0.8524202	0.6376444
27918	-1027.466	-1239.036	211.5701	2.404062	1.00666	0.5540208
27924	-1018.383	-1229.456	211.0735	2.537162	1.378412	0.6589516
27930	-1046.448	-1258.765	212.3177	2.061373	0.5558454	0.8277914
27936	-1021.275	-1233.181	211.906	2.26074	0.7893901	0.673386
27942	-1009.348	-1221.253	211.9049	2.249359	0.7952359	0.6838689
27948	-1022.473	-1233.836	211.363	2.36274	1.205647	0.7097403
27954	-1025.741	-1237.521	211.7804	2.450463	0.7744775	0.5389608
27960	-1024.246	-1235.613	211.3668	2.528195	1.069196	0.6172218
27966	-1013.579	-1225.041	211.4621	2.399858	1.069196	0.6881097
27972	-1009.815	-1221.156	211.3408	2.297562	0.9994362	1.040825
27978	-1013.786	-1225.154	211.368	2.185216	1.087327	1.040825
27984	-1027.414	-1238.726	211.3118	2.195658	1.087327	1.084044
27990	-1026.86	-1238.539	211.6784	2.331992	0.8783766	0.7631946
27996	-1029.272	-1240.54	211.2683	2.352141	1.115893	0.9463804
28002	-1024.161	-1235.742	211.5812	2.352141	0.8129544	0.9463804
28008	-1022.43	-1234.533	212.1033	2.149673	0.59566	0.9063465
28014	-1023.79	-1236.026	212.2357	2.059707	0.6032081	0.8440184
28020	-1008.502	-1220.309	211.8065	2.156196	0.8229479	0.9017278
28026	-1016.63	-1228.14	211.5099	1.994602	0.8438015	1.302862
28032	-1016.076	-1227.681	211.6045	2.014231	0.8157073	1.235224
28038	-1011.282	-1222.792	211.5095	2.038697	0.8780746	1.235224
28044	-1020.874	-1232.63	211.7552	2.063293	0.8669137	1.0012
28050	-1027.217	-1238.496	211.2788	2.065757	1.290419	1.069461
28056	-1025.959	-1237.588	211.6282	2.175795	0.9568514	0.9155226
28062	-1010.014	-1221.583	211.5686	2.239488	1.018657	0.8381379
28068	-1007.994	-1219.333	211.339	2.628216	1.018657	0.4840978
28074	-1019.696	-1231.009	211.3136	2.554936	1.122693	0.4864171
28080	-1016.088	-1227.588	211.4996	2.321061	1.122693	0.6717598
28086	-1026.701	-1238.665	211.9635	2.321061	0.6956329	0.6717598
28092	-1032.949	-1244.206	211.2565	2.066296	0.9830038	1.329109
28098	-1035.167	-1246.478	211.3117	2.043491	0.5339661	1.723389
28104	-1006.173	-1217.953	211.7798	2.191986	0.7514238	0.9830818
28110	-1006.697	-1218.686	211.9885	2.19843	0.6315025	0.9226188
28116	-1010.056	-1221.173	211.1177	2.172023	1.264735	1.139106
28122	-1009.263	-1221.13	211.8674	2.012464	0.6062971	1.243172
28128	-1011.562	-1223.299	211.7369	2.112089	0.7738656	1.075884
28134	-1007.346	-1219.219	211.8732	2.159055	0.660944	1.03914
28140	-1013.236	-1224.412	211.1763	2.211319	1.040497	1.229078
28146	-1021.273	-1232.86	211.5873	2.452085	0.8287136	0.8004856
28152	-1019.925	-1231.822	211.8975	2.482234	0.6233457	0.6776392
28158	-1006.1	-1217.436	211.3353	2.740954	0.9127166	0.5126964
28164	-1013.714	-1224.706	210.9928	2.928523	1.053939	0.426181
28170	-1010.116	-1221.012	210.8961	2.949591	1.105533	0.3730689
28176	-1023.496	-1234.379	210.8829	2.926887	1.105533	0.3305411
28182	-1036.113	-1248.112	211.9981	2.098097	0.622632	1.028625
28188	-1052.612	-1264.31	211.698	2.250477	0.7333892	1.028625
28194	-1023.567	-1234.422	210.8551	2.944087	1.159862	0.377479
28200	-1020.362	-1231.536	211.1743	2.910468	0.8227494	0.3151195
28206	-1009.256	-1219.956	210.6992	3.068473	1.093797	0.2877762
28212	-1004.571	-1215.095	210.5239	3.07836	1.282306	0.2879736
28218	-1008.435	-1218.979	210.5436	2.945229	1.494354	0.3299541
28224	-1016.216	-1226.777	210.5617	2.950191	1.558379	0.4464216
28230	-1019.217	-1230.21	210.993	2.948741	1.016342	0.3902189
28236	-1008.279	-1219.312	211.0334	2.948741	0.8808686	0.2870672
28242	-1038.363	-1247.989	209.6253	1.262067	0.3772083	3.442148
28248	-1025.776	-1235.205	209.429	1.422874	0.4732242	3.358689
28254	-1014.279	-1225.241	210.9624	2.966669	0.9584042	0.3088336
28260	-1020.102	-1230.999	210.8978	2.893922	1.125661	0.3310112
28266	-1019.037	-1229.95	210.9133	2.879909	1.125661	0.3325275
28272	-1017.965	-1228.525	210.5608	2.937657	1.484972	0.3325275
28278	-1022.756	-1234.015	211.259	2.765705	0.9293083	0.3803249
28284	-1015.564	-1226.544	210.9798	2.746215	1.284481	0.4682582
28290	-1010.022	-1220.694	210.6725	2.792171	1.632904	0.4758592
28296	-1025.253	-1235.681	210.428	2.900048	1.829307	0.4368491
28302	-1019.46	-1230.304	210.844	2.742111	1.464845	0.4887873
28308	-1020.416	-1231.257	210.841	2.73842	1.464845	0.4432949
28314	-1006.863	-1217.731	210.868	2.743361	1.415679	0.4259732
28320	-1010.444	-1221.141	210.6965	2.833529	1.535013	0.4526373
28326	-1028.762	-1239.711	210.9489	2.867076	1.143466	0.3807392
28332	-1034.793	-1246.238	211.4452	2.731522	0.8198951	0.4609947
28338	-1037.925	-1249.392	211.4672	2.731522	0.79781	0.4428754
28344	-1019.973	-1231.197	211.2238	2.697933	1.062466	0.4593017
28350	-1019.969	-1231.248	211.2794	2.645693	1.062466	0.4924613
28356	-1025.467	-1236.511	211.0437	2.780314	1.144572	0.3963898
28362	-1030.381	-1241.657	211.2767	2.664433	1.03732	0.5673496
28368	-1019.109	-1230.63	211.5206	2.647711	0.8266264	0.5454712
28374	-1033.878	-1245.555	211.6775	2.593229	0.7423102	0.5358058
28380	-1019.766	-1231.412	211.6455	2.622236	0.7423102	0.4496599
28386	-1019.842	-1231.352	211.5098	2.484487	0.9848018	0.4420108
28392	-1012.563	-1223.759	211.1962	2.838701	0.9438142	0.4364708
28398	-1024.414	-1235.135	210.7211	2.862527	1.371076	0.3308642
28404	-1027.338	-1238.749	211.4113	1.954029	0.7082733	1.536973
28410	-1017.066	-1228.939	211.8734	2.047692	0.4910013	1.355161
28416	-1045.862	-1256.817	210.9551	1.812399	0.4069834	2.26336
28422	-1030.662	-1242.361	211.6991	1.985964	0.6943044	1.304053
28428	-1038.336	-1249.424	211.0875	2.024695	0.983353	1.492091
28434	-1036.87	-1247.261	210.3903	2.790798	2.075911	0.5662913
28440	-1026.053	-1238.1	212.0475	2.047799	0.5865057	1.079186
28446	-1030.611	-1242.371	211.7594	2.075533	0.7825663	1.079186
28452	-1008.516	-1218.77	210.2543	3.017562	1.817236	0.3329141
28458	-1022.069	-1232.88	210.8114	2.964199	1.06048	0.2727301
28464	-1013.707	-1224.48	210.7723	3.089653	1.053836	0.3339333
28470	-1011.47	-1222.34	210.8698	2.954632	1.093475	0.3339333
28476	-1010.707	-1221.518	210.8111	2.918938	1.197952	0.3339333
28482	-1020.58	-1231.366	210.7855	2.883194	1.356918	0.481174
28488	-1007.835	-1218.766	210.9309	2.761043	1.314439	0.5802575
28494	-1020.078	-1231.392	211.3141	2.832004	0.8494896	0.5021383
28500	-1018.327	-1229.85	211.5234	2.621223	0.8494896	0.5279157
28506	-1034.969	-1246.475	211.5062	2.438469	0.9922334	0.6740319
28512	-1015.148	-1226.856	211.7072	2.459131	0.7837268	0.6868588
28518	-1018.685	-1229.677	210.9925	2.459131	1.597137	0.6530755
28524	-1018.055	-1228.949	210.8942	2.547765	1.618031	0.6423214
28530	-1018.218	-1229.178	210.9602	2.511302	1.575868	0.6423214
28536	-1005.675	-1216.978	211.3037	2.350891	1.196265	0.8240811
28542	-1009.651	-1220.802	211.1509	2.361749	1.392819	0.7981627
28548	-999.0024	-1210.748	211.7459	2.156871	0.8135335	0.9775074
28554	-1007.623	-1219.194	211.5711	2.331583	0.8135335	0.9775074
28560	-1007.063	-1218.825	211.762	2.353779	0.8216845	0.6974828
28566	-1020.355	-1232.095	211.7399	2.21969	0.8216845	0.9068058
28572	-1018.866	-1230.295	211.4288	2.748454	0.8216845	0.5172644
28578	-1031.502	-1242.873	211.3714	2.602021	0.9764569	0.6477829
28584	-1040.075	-1251.378	211.303	2.602696	1.063533	0.602405
28590	-1047.126	-1258.378	211.2511	1.739812	0.5664067	1.93954
28596	-1034.588	-1245.159	210.5706	1.590219	0.8958193	2.210089
28602	-1033.962	-1245.725	211.7632	2.116428	0.6405617	1.202384
28608	-1037.073	-1248.621	211.5472	2.063751	0.7049734	1.352341
28614	-1037.818	-1249.095	211.2774	1.807321	0.3748403	2.098414
28620	-1026.259	-1237.085	210.8257	1.666268	0.4971656	2.337076
28626	-1030.832	-1242.116	211.284	1.613472	0.3537445	2.248142
28632	-1038.031	-1249.566	211.5353	1.877646	0.3747614	1.879179
28638	-1049.044	-1260.012	210.9682	1.993971	0.5138313	2.013909
28644	-1031.049	-1242.429	211.3797	1.892073	0.7273783	1.587824
28650	-1052.673	-1263.691	211.0179	1.752355	1.164748	1.61726
28656	-1041.393	-1251.08	209.6868	1.552827	0.708212	2.920916
28662	-1028.92	-1240.177	211.2575	1.782867	0.3662203	2.138882
28668	-1024.609	-1235.81	211.2009	1.56284	0.6282647	2.031011
28674	-1023.998	-1233.546	209.548	1.343103	0.4677434	3.341165
28680	-1025.986	-1236.57	210.584	1.513665	0.6825625	2.413216
28686	-1029.853	-1240.554	210.7014	1.732557	0.4348621	2.442225
28692	-1035.964	-1247.271	211.3068	1.773689	0.6024598	1.842302
28698	-1028.757	-1238.67	209.9131	1.770366	0.761306	2.609233
28704	-1035.64	-1245.631	209.9908	1.692648	0.761306	2.609233
28710	-1031.591	-1243.17	211.5793	2.225666	1.062422	0.7869573
28716	-1022.815	-1234.177	211.3621	2.263967	1.233521	0.819485
28722	-1021.055	-1232.41	211.3549	2.200428	1.284358	0.8543007
28728	-1017.751	-1229.683	211.9321	2.140143	0.7877281	0.8203426
28734	-1032.182	-1243.365	211.1831	2.31743	1.32698	0.8778947
28740	-1024.454	-1235.342	210.8885	2.31743	1.516267	1.035018
28746	-1017.115	-1228.338	211.223	2.265246	1.324409	0.894364
28752	-1021.474	-1233.07	211.5956	2.243149	0.7507428	1.111346
28758	-1025.218	-1236.912	211.6936	1.83458	0.8311335	1.29536
28764	-1017.011	-1229.062	212.0508	1.875569	0.5104841	1.325316
28770	-1012.228	-1224.395	212.1671	1.97953	0.4868883	1.174211
28776	-1024.246	-1236.162	211.916	1.833168	0.7324014	1.210162
28782	-1014.83	-1225.637	210.8067	1.995178	1.359842	1.472729
28788	-1034.1	-1245.319	211.2182	1.863065	0.9673253	1.527411
28794	-1021.201	-1232.114	210.9124	1.749786	0.781552	1.966105
28800	-1025.016	-1235.298	210.2825	1.565857	0.6562579	2.5911
28806	-1019.6	-1229.529	209.9294	1.299057	0.6174128	3.001629
28812	-1034.13	-1242.264	208.1339	1.47682	0.5701894	3.987087
28818	-1014.506	-1224.351	209.8451	1.317386	0.5701894	3.082513
28824	-1013.503	-1224.194	210.691	1.510248	0.470553	2.54817
28830	-1032.253	-1244.182	211.9292	1.914826	0.7236929	1.137127
28836	-1025.051	-1237.069	212.0178	2.004817	0.6848732	1.017331
28842	-1031.074	-1242.452	211.3784	1.981608	0.9541172	1.323051
28848	-1020.61	-1232.034	211.4238	1.721964	1.023528	1.436184
28854	-1027.657	-1239.52	211.8633	1.904006	0.5866447	1.357972
28860	-1022.44	-1234.633	212.1929	1.927587	0.396115	1.332423
28866	-1018.221	-1229.579	211.3579	1.873816	0.4972785	1.850324
28872	-1034.58	-1244.631	210.0511	1.586949	0.7723082	2.629024
28878	-1033.824	-1244.751	210.9267	1.683528	0.5997667	2.158634
28884	-1035.369	-1245.616	210.247	1.688133	0.8213539	2.407426
28890	-1030.885	-1242.274	211.3892	2.161467	1.008249	1.114479
28896	-1023.636	-1235.299	211.6638	2.095027	0.8053204	1.124177
28902	-1012.778	-1224.439	211.6611	2.204177	0.9517962	0.8509055
28908	-1010.5	-1222.187	211.6876	2.181221	0.8969096	0.9140444
28914	-1026.266	-1238.225	211.9591	2.143561	0.7059296	0.9050174
28920	-1023.573	-1235.12	211.5476	2.143561	0.9583944	1.030071
28926	-1026.919	-1238.132	211.213	2.170009	1.293906	1.030071
28932	-1007.531	-1218.832	211.3015	2.376818	1.202731	0.7853166
28938	-1012.549	-1224.236	211.6871	2.240329	0.9443752	0.7805619
28944	-1006.632	-1218.229	211.597	2.283459	0.9901633	0.7805619
28950	-1015.54	-1227.198	211.6584	2.369268	0.846848	0.7884715
28956	-1032.116	-1243.96	211.8441	2.2508	0.8487746	0.6789628
28962	-1029.523	-1241.107	211.584	2.28837	0.9497497	0.8447951
28968	-1019.987	-1231.847	211.8602	2.131057	0.8404745	0.8447951
28974	-1012.219	-1223.704	211.4851	1.96822	0.9352432	1.262985
28980	-1031.128	-1242.766	211.6377	1.648079	0.708249	1.595422
28986	-1037.015	-1247.981	210.9659	1.648079	0.708249	2.058857
28992	-1030.766	-1241.996	211.2292	1.803071	0.6019	1.875858
28998	-1037.638	-1248.658	211.0193	1.766944	0.6022151	2.040727
29004	-1008.696	-1219.612	210.9165	1.732281	0.6380794	2.097839
29010	-1013.026	-1224.085	211.059	1.704692	0.4400733	2.226351
29016	-1009.296	-1220.956	211.6595	2.013837	0.3896833	1.677361
29022	-1002.233	-1214.066	211.8327	1.912572	0.3896833	1.625793
29028	-1010.973	-1222.673	211.7	2.016871	0.326825	1.738902
29034	-1018.665	-1230.606	211.9416	2.069223	0.4073988	1.401726
29040	-1022.07	-1234.241	212.171	2.01161	0.4143197	1.253409
29046	-1028.443	-1240.521	212.0782	2.051589	0.5157362	1.147173
29052	-1013.726	-1224.353	210.6268	1.481133	0.6192578	2.461359
29058	-1011.489	-1223.349	211.8606	1.817105	0.2627128	1.870673
29064	-1014.971	-1226.662	211.6906	1.914933	0.4250633	1.677696
29070	-1015.587	-1227.514	211.9264	1.919269	0.4250633	1.502435
29076	-1015.216	-1226.55	211.3337	2.059499	0.8902735	1.350729
29082	-1016.318	-1228.077	211.7587	2.201621	0.4684708	1.354481
29088	-1007.695	-1219.54	211.8453	1.985968	0.7569424	1.111236
29094	-1000.732	-1212.648	211.9154	2.06625	0.6415927	1.111236
29100	-1010.676	-1222.38	211.7039	2.269036	0.7780798	0.9482247
29106	-1021.999	-1233.369	211.3701	2.276378	1.138096	0.8957107
29112	-1008.26	-1219.684	211.4244	2.065784	0.4895436	1.678944
29118	-1008.812	-1220.305	211.4929	2.270016	0.6254369	1.316721
29124	-1018.158	-1230.042	211.8836	2.126911	0.6480085	1.076469
29130	-1031.006	-1242.635	211.6281	2.567004	0.7996981	0.5678134
29136	-1045.357	-1256.571	211.2134	2.705887	1.041262	0.3937576
29142	-1024.381	-1236.051	211.6707	2.674562	0.6567096	0.3723848
29148	-1035.056	-1246.687	211.6312	2.767482	0.6148041	0.3652798
29154	-1034.273	-1245.5	211.2265	2.906269	0.7925723	0.3263947
29160	-1036.242	-1247.862	211.6208	2.175622	0.3276204	1.68149
29166	-1017.757	-1229.222	211.4647	2.065918	0.6245875	1.497972
29172	-1016.543	-1227.825	211.2818	1.834897	0.602408	1.817451
29178	-1029.637	-1239.772	210.1345	1.860267	0.4878416	2.657781
29184	-1009.985	-1221.65	211.6648	2.813223	0.5890594	0.4652143
29190	-1019.385	-1230.739	211.3541	2.639487	0.9911313	0.4720425
29196	-1023.318	-1235.147	211.829	2.472331	0.7110679	0.42821
29202	-1028.044	-1239.507	211.463	2.601631	0.9238257	0.5075611
29208	-1026.121	-1237.436	211.3153	2.649417	1.017589	0.4558555
29214	-1018.821	-1230.065	211.2441	2.547412	1.191688	0.5936519
29220	-1017.925	-1228.786	210.8606	2.565753	1.677441	0.5709829
29226	-1011.049	-1222.21	211.1606	2.628121	1.202754	0.5690072
29232	-1007.1	-1218.511	211.4102	2.590856	0.9733575	0.5819286
29238	-1003.454	-1215.087	211.6332	2.527688	0.769122	0.7263583
29244	-1006.029	-1217.259	211.2305	2.309555	1.202208	0.9496978
29250	-1010.748	-1222.313	211.5647	2.211941	0.8896854	1.01781
29256	-1013.731	-1225.313	211.5827	2.423861	0.8840674	0.7596834
29262	-1010.519	-1221.733	211.2144	2.10715	0.8785278	1.416908
29268	-1007.07	-1217.93	210.8602	1.806808	0.9241842	1.853911
29274	-1000.302	-1210.838	210.5366	1.864714	0.8377117	2.095534
29280	-1012.143	-1223.026	210.8837	1.812457	0.8420256	1.895513
29286	-1013.773	-1224.667	210.8944	1.837952	0.5200977	2.15841
29292	-1009.901	-1219.818	209.9177	1.771495	0.7182691	2.638908
29298	-1010.89	-1220.943	210.0528	1.430577	0.3814019	3.085226
29304	-1014.784	-1224.176	209.392	1.440017	0.6373254	3.221118
29310	-1009.31	-1218.522	209.2121	1.600447	0.4782829	3.376673
29316	-1003.964	-1213.265	209.3003	1.685671	0.6360353	3.130855
29322	-1008.788	-1219.508	210.72	1.611327	0.542462	2.392728
29328	-1024.023	-1234.809	210.7859	1.651636	0.5821257	2.286757
29334	-1034.75	-1245.376	210.6262	1.60986	0.4349979	2.565687
29340	-1054.112	-1266.155	212.0429	1.997386	0.3237075	1.510113
29346	-1045.729	-1257.208	211.4793	1.944345	0.3237075	1.944938
29352	-1021.198	-1232.511	211.3134	1.879092	0.3873108	2.010794
29358	-1028.898	-1240.172	211.274	1.754428	0.4767989	2.010794
29364	-1025.161	-1236.304	211.143	1.898677	0.5405345	1.932149
29370	-1025.378	-1237.199	211.8205	1.959614	0.4327501	1.540752
29376	-1017.921	-1228.861	210.9397	1.9832	0.8504528	1.732405
29382	-1019.772	-1231.126	211.3536	1.900411	0.5920069	1.732405
29388	-1014.603	-1226.439	211.8362	2.091084	0.4444742	1.413398
29394	-1007.384	-1218.487	211.1029	2.004546	0.7599955	1.676993
29400	-1009.02	-1220.512	211.4927	1.980668	0.587454	1.580091
29406	-1006.254	-1218.093	211.8389	2.017382	0.5237277	1.364073
29412	-1009.864	-1220.73	210.8664	1.891215	0.6524706	2.012805
29418	-1011.008	-1222.172	211.1643	1.872096	0.519595	1.95809
29424	-1006.285	-1217.267	210.9812	1.833332	0.6599531	1.967961
29430	-1000.64	-1211.291	210.6518	1.794372	0.5373508	2.324943
29436	-1023.468	-1234.381	210.9128	1.648695	0.3180561	2.509808
29442	-1009.049	-1220.134	211.0856	1.81916	0.4919229	2.075784
29448	-1016.114	-1227.857	211.7429	1.992725	0.3252024	1.72824
29454	-1042.098	-1253.919	211.8211	1.976662	0.4815156	1.463181
29460	-1014.247	-1225.641	211.3936	1.732441	0.4379342	1.991352
29466	-1017.724	-1228.553	210.829	1.801123	0.7439541	2.018177
29472	-1010.243	-1221.195	210.9523	1.712823	0.7439541	1.994856
29478	-1004.4	-1214.273	209.8724	1.547475	0.7439541	2.784173
29484	-1026.553	-1237.005	210.452	1.564004	0.7289676	2.426826
29490	-1036.703	-1248.546	211.8434	2.326465	0.4455592	1.215872
29496	-1038.807	-1249.854	211.0477	2.382818	0.7774604	1.422576
29502	-1038.168	-1250.467	212.299	2.299932	0.2869811	1.126636
29508	-1026.564	-1238.577	212.0131	2.66987	0.3137161	0.987714
29514	-1017.85	-1229.705	211.8547	2.372938	0.4151095	1.214235
29520	-1023.8	-1235.926	212.1259	2.597743	0.3644896	0.819088
29526	-1016.842	-1228.992	212.1497	2.371944	0.3644896	1.039
29532	-1026.982	-1238.84	211.8579	2.055844	0.5065645	1.340498
29538	-1032.267	-1244.029	211.7617	2.097451	0.4011856	1.525989
29544	-1019.251	-1230.059	210.8083	1.919681	0.8042052	1.903611
29550	-1022.646	-1234.12	211.4744	2.130137	0.4709192	1.619637
29556	-1012.932	-1224.652	211.7195	2.238575	0.6076546	1.174814
29562	-1026.737	-1238.676	211.9391	2.160665	0.6674908	0.9628013
29568	-1015.305	-1227.532	212.2278	1.961809	0.4789292	1.148234
29574	-1013.979	-1224.949	210.9702	1.897775	0.7151803	1.882665
29580	-1016.563	-1227.804	211.2416	1.884982	0.5225955	1.893908
29586	-1022.251	-1233.42	211.1685	1.847647	0.4602447	2.037999
29592	-1015.892	-1227.086	211.1938	1.680887	0.739135	1.857391
29598	-1018.917	-1230.658	211.7405	1.724193	0.6678411	1.502666
29604	-1025.593	-1237.409	211.816	2.240342	0.7077218	0.9527348
29610	-1021.454	-1232.906	211.4517	1.795743	0.4005138	1.956853
29616	-1034.809	-1245.487	210.678	1.513694	0.5710451	2.453095
29622	-1039.299	-1248.466	209.167	1.671183	0.3878229	3.458563
29628	-1027.613	-1237.865	210.252	1.524548	0.5056971	2.773352
29634	-1037.533	-1247.851	210.318	1.768352	0.2524468	2.898495
29640	-1034.31	-1245.301	210.9916	1.744762	0.5118895	2.164388
29646	-1018.209	-1229.4	211.1914	1.933717	0.8768298	1.566105
29652	-1007.36	-1219.342	211.9817	1.943445	0.4213614	1.447495
29658	-1026.791	-1238.231	211.4407	2.087381	0.4415787	1.71121
29664	-1019.885	-1230.561	210.6753	1.744254	0.437166	2.44865
29670	-1022.076	-1232.124	210.0484	1.596825	0.2886465	3.109044
29676	-1022.13	-1234.103	211.9727	2.014285	0.3149123	1.564236
29682	-1028.742	-1240.811	212.0686	2.014285	0.4239234	1.320234
29688	-1033.753	-1245.826	212.0735	2.032808	0.4114096	1.320234
29694	-1032.389	-1244.422	212.0331	2.130059	0.5482415	1.069817
29700	-1020.52	-1232.66	212.1398	2.119104	0.5139201	1.030418
29706	-1018.228	-1230.338	212.1101	2.139912	0.6415729	0.8329535
29712	-1022.277	-1234.633	212.3561	2.260956	0.4927567	0.589782
29718	-1027.739	-1239.865	212.1261	2.304396	0.6136049	0.589782
29724	-1036.928	-1248.973	212.0445	2.438371	0.5843835	0.5492769
29730	-1024.624	-1236.63	212.0067	2.363086	0.6469473	0.628561
29736	-1016.009	-1228.196	212.1874	2.334598	0.5430452	0.628561
29742	-1025.621	-1237.715	212.0937	2.440908	0.5430452	0.5937582
29748	-1023.951	-1235.513	211.5624	2.319775	1.046126	0.6914736
29754	-1011.809	-1223.132	211.3227	2.480099	1.127519	0.6966807
29760	-1020.008	-1231.473	211.4649	2.382587	1.050812	0.741474
29766	-1013.409	-1224.964	211.5558	2.42297	0.9567013	0.6781105
29772	-1022.86	-1234.833	211.9734	2.222765	0.7533826	0.6995301
29778	-1010.407	-1222.441	212.034	2.222765	0.6743386	0.7641617
29784	-1014.488	-1225.9	211.4116	2.467739	0.9162898	0.8785068
29790	-1014.526	-1226.256	211.7295	2.340024	0.8200952	0.7727654
29796	-1018.579	-1230.063	211.4843	2.452508	0.9949792	0.6837883
29802	-1012.554	-1224.013	211.4591	2.452508	1.02034	0.6837883
29808	-1014.352	-1226.206	211.8541	2.418387	0.7119921	0.6530967
29814	-1022.392	-1233.69	211.2975	2.594809	1.037003	0.6892022
29820	-1020.631	-1232.044	211.4133	2.495828	0.9521103	0.7946162
29826	-1011.078	-1223.265	212.1863	2.16861	0.420561	1.092849
29832	-1015.55	-1227.104	211.5538	1.99323	0.5131481	1.610109
29838	-1011.243	-1221.929	210.6863	1.83659	0.5580349	2.255341
29844	-1023.235	-1234.084	210.849	1.552692	0.7055418	2.199872
29850	-1014.152	-1223.333	209.1814	1.593646	0.4101454	3.47027
29856	-1033.05	-1243.954	210.9038	1.732721	0.6970037	2.053593
29862	-1028.055	-1237.939	209.8832	1.890042	1.074818	2.342244
29868	-1013.925	-1224.141	210.2157	1.621792	0.6648577	2.590621
29874	-1004.727	-1215	210.2733	1.755388	0.5866399	2.540468
29880	-1010.297	-1221.033	210.736	1.632475	0.436962	2.480892
29886	-1001.039	-1211.109	210.0701	1.50296	1.107686	2.449318
29892	-1014.109	-1224.602	210.4929	1.420814	0.7830482	2.449318
29898	-1030.732	-1241.396	210.6636	1.443703	0.5403576	2.535287
29904	-1021.776	-1232.699	210.9225	1.62231	0.4996495	2.300759
29910	-1015.947	-1227.532	211.5854	1.759433	0.3743042	1.926015
29916	-1017.833	-1228.327	210.4949	1.863506	0.5113012	2.406993
29922	-1015.931	-1227.566	211.635	2.08623	0.4183944	1.603387
29928	-1026.211	-1237.847	211.6361	2.017252	0.5759844	1.458589
29934	-1046.7	-1258.061	211.3608	1.864405	0.7563973	1.595387
29940	-1048.696	-1260.07	211.3739	2.101307	0.5331898	1.638812
29946	-1042.726	-1254.059	211.3329	1.717041	0.5763761	1.889423
29952	-1033.386	-1244.626	211.2393	1.829421	0.5638787	1.889423
29958	-1049.438	-1260.312	210.8746	1.687937	0.9678356	1.894113
29964	-1034.19	-1245.293	211.1032	1.777271	0.9168367	1.71094
29970	-1014.511	-1225.882	211.371	1.908223	0.4245788	1.904749
29976	-1027.09	-1238.632	211.5424	1.767416	0.6089226	1.675537
29982	-1034.918	-1245.746	210.8287	1.849632	0.7481567	1.982583
29988	-1041.987	-1252.807	210.8204	1.86432	0.6684375	2.04673
29994	-1015.175	-1226.334	211.1596	1.792682	0.7267342	1.8148
30000	-1028.883	-1240.736	211.8532	2.141235	0.5445976	1.22461
30006	-1016.523	-1228.47	211.9468	1.892688	0.6759507	1.195494
30012	-1020.161	-1231.962	211.8013	1.968346	0.5600035	1.387554
30018	-1020.85	-1232.335	211.4855	1.801819	0.8924123	1.431546
30024	-1028.793	-1240.912	212.1198	1.670226	0.5110918	1.431546
30030	-1018.716	-1229.639	210.9236	1.926559	0.3957266	2.224136
30036	-1025.992	-1236.676	210.6844	1.740659	0.3957266	2.493951
30042	-1038.094	-1249.026	210.9323	1.53753	0.5883875	2.260125
30048	-1033.119	-1243.777	210.6577	1.493654	0.612998	2.439728
30054	-1015.986	-1226.745	210.7585	1.805293	0.369393	2.439728
30060	-1024.023	-1234.32	210.2972	1.5359	0.3277269	2.942844
30066	-1026.289	-1236.347	210.0578	1.723244	0.6481689	2.639541
30072	-1004.603	-1216.042	211.4386	1.858417	0.4533844	1.857127
30078	-1018.111	-1228.8	210.6895	1.858417	0.5562323	2.240976
30084	-1020.226	-1231.491	211.2657	1.560269	0.3947334	2.240976
30090	-1027.901	-1238.532	210.6314	1.687599	0.3454614	2.623266
30096	-1013.177	-1225.053	211.8761	1.946226	0.4142089	1.534975
30102	-1030.901	-1242.797	211.8961	1.948893	0.2899596	1.708125
30108	-1029.553	-1240.726	211.173	1.989549	0.6081333	1.77999
30114	-1042.158	-1253.045	210.8868	2.144995	0.6248584	1.853727
30120	-1046.628	-1258.353	211.7248	1.827737	0.8536569	1.254304
30126	-1032.023	-1243.943	211.9193	1.869744	0.6714798	1.243339
30132	-1027.107	-1238.573	211.4662	1.906941	0.9304071	1.332388
30138	-1022.763	-1234.366	211.6033	1.867313	0.8414204	1.332388
30144	-1019.082	-1230.921	211.8391	1.765515	0.5725658	1.499329
30150	-1032.86	-1243.099	210.2396	1.775287	0.6603294	2.483926
30156	-1030.082	-1241.746	211.664	2.135871	0.5075286	1.428451
30162	-1033.257	-1245.267	212.0098	1.91095	0.7149965	1.077296
30168	-1027.011	-1238.843	211.8328	1.954216	0.7695918	1.13709
30174	-1030.603	-1242.261	211.6582	2.203257	1.083922	0.6622691
30180	-1014.514	-1225.916	211.4022	2.397753	1.164469	0.6354965
30186	-1032.436	-1243.095	210.6584	2.58065	1.861746	0.7234045
30192	-1015.7	-1227.341	211.6414	2.223828	0.9147122	0.8965925
30198	-1020.58	-1231.847	211.2674	2.16581	1.262419	1.006378
30204	-1012.343	-1224.328	211.9849	2.152984	0.7473635	0.7986465
30210	-1012.891	-1224.545	211.6541	2.037904	0.9578863	1.029762
30216	-1015.173	-1226.711	211.5375	2.170911	1.059852	0.9079771
30222	-1017.024	-1228.74	211.716	2.050881	0.8846734	1.032712
30228	-1011.203	-1222.646	211.4429	2.187879	1.141445	0.9098285
30234	-1003.91	-1216.093	212.1839	2.187879	0.5790931	0.7912913
30240	-1010.155	-1222.305	212.1507	2.310962	0.5856683	0.6174033
30246	-1023.61	-1235.563	211.9531	2.151882	0.7802353	0.7889759
30252	-1029.593	-1241.045	211.4523	2.263989	1.003377	0.9589409
30258	-1012.533	-1224.558	212.0249	2.04821	0.6100977	1.067783
30264	-1022.944	-1234.918	211.9735	2.047116	0.7716653	0.9048309
30270	-1036.094	-1246.819	210.7253	1.750866	0.5370379	2.306085
30276	-1028.427	-1238.475	210.0484	1.673705	0.477571	2.835105
30282	-1036.466	-1248.023	211.5561	1.675858	0.3602925	2.020796
30288	-1016.035	-1227.336	211.3003	1.690418	0.5832447	1.922602
30294	-1030.322	-1242.086	211.7637	2.249304	0.7816681	0.8998348
30300	-1017.415	-1228.224	210.8096	1.570039	0.4433221	2.466701
30306	-1009.665	-1220.157	210.4914	1.609461	0.6182632	2.466701
30312	-1011.047	-1221.741	210.6949	1.688017	0.3531978	2.573602
30318	-1034.014	-1244.646	210.6325	1.714232	0.6241857	2.305851
30324	-1022.437	-1233.998	211.561	1.956968	0.9036269	1.237218
30330	-1026.808	-1237.847	211.0398	1.974217	0.9441824	1.594524
30336	-1012.813	-1223.197	210.3845	1.719873	1.222058	2.041652
30342	-1018.798	-1230.708	211.91	1.910774	0.8034187	1.069227
30348	-1019.376	-1231.222	211.8459	2.035031	0.7535241	1.069227
30354	-1024.881	-1236.425	211.5435	1.886965	0.7535241	1.44506
30360	-1014.332	-1225.196	210.864	1.852615	0.9422709	1.806666
30366	-1016.268	-1227.991	211.7226	1.820496	0.6356795	1.476826
30372	-1019.317	-1230.631	211.3139	1.863496	0.6356795	1.742318
30378	-1027.32	-1238.64	211.3199	2.043641	0.8098732	1.444497
30384	-1030.875	-1242.716	211.841	1.963468	0.8098732	1.077422
30390	-1018.472	-1230.257	211.7849	1.944979	0.7964006	1.159302
30396	-1026.399	-1237.318	210.9187	1.888611	1.17965	1.580678
30402	-1016.424	-1228.103	211.6787	2.066821	0.8379617	1.101973
30408	-1014.047	-1225.57	211.5229	2.086954	1.007032	1.06082
30414	-1017.601	-1228.406	210.8047	1.580004	0.7592079	2.167072
30420	-1030.263	-1241.394	211.1315	1.701514	0.9789337	1.698777
30426	-1026.982	-1238.717	211.7349	1.997151	0.4971096	1.493063
30432	-1006.343	-1218.138	211.7958	1.956661	0.4612375	1.523508
30438	-1018.467	-1228.954	210.4871	2.068616	1.063328	1.834225
30444	-1033.091	-1244.91	211.8196	2.07715	0.7164063	1.097846
30450	-1035.467	-1246.969	211.5027	2.029181	1.11284	1.03852
30456	-1022.597	-1234.387	211.7896	2.065347	0.5662421	1.312246
30462	-1020.332	-1232.375	212.0432	2.111852	0.6333194	0.9539828
30468	-1022.284	-1234.001	211.7175	1.997453	0.7664938	1.20333
30474	-1012.784	-1223.252	210.4682	1.569864	0.5419131	2.576851
30480	-1024.768	-1236.23	211.462	1.854727	0.5021767	1.78611
30486	-1007.031	-1218.116	211.0851	1.589844	0.332899	2.418057
30492	-1024.549	-1234.516	209.9666	1.444138	0.5830872	2.922008
30498	-1037.847	-1247.25	209.4035	1.483381	0.5830872	3.234788
30504	-1019.314	-1228.862	209.5485	1.746223	0.9305252	2.730242
30510	-1010.617	-1220.786	210.1697	1.721197	0.9305252	2.359085
30516	-1025.972	-1236.697	210.7256	1.757779	0.7443473	2.114674
30522	-1022.385	-1233.625	211.2407	1.591181	0.5001082	2.114674
30528	-1026.136	-1235.894	209.7581	1.667569	0.73771	2.785406
30534	-1026.979	-1238.169	211.1894	1.643669	0.4079319	2.22005
30540	-1028.449	-1238.556	210.1067	1.65562	0.4997901	2.787951
30546	-1018.579	-1229.049	210.47	1.545636	0.4283852	2.709152
30552	-1019.587	-1230.535	210.9479	1.612247	0.5314499	2.25796
30558	-1023.031	-1233.413	210.3821	1.780078	0.8800567	2.220301
30564	-1014.272	-1226	211.728	2.209183	0.5420918	1.275513
30570	-1023.736	-1235.568	211.8322	2.086633	0.5539264	1.275513
30576	-1034.076	-1245.842	211.7664	2.250432	0.4927732	1.275513
30582	-1030.247	-1242.273	212.0254	2.092118	0.6010774	1.037878
30588	-1027.371	-1239.565	212.1944	1.992685	0.6010774	0.9685011
30594	-1024.886	-1235.631	210.7451	1.812969	0.5853369	2.206155
30600	-1024.16	-1234.782	210.6213	1.508837	0.729855	2.353943
30606	-1025.512	-1236.168	210.6566	1.772038	0.354899	2.542956
30612	-1014.801	-1224.673	209.8718	1.402745	0.4877019	3.093986
30618	-1029.103	-1239.784	210.6816	1.488323	0.4916545	2.54539
30624	-1031.307	-1241.864	210.5572	1.490486	0.5132011	2.599238
30630	-1032.24	-1242.377	210.1366	1.546266	0.6899457	2.665455
30636	-1043.148	-1254.306	211.1573	1.707448	0.4828139	2.112106
30642	-1020.925	-1231.292	210.3665	1.695741	0.6712446	2.444983
30648	-1002.732	-1213.387	210.6551	1.776433	0.6608682	2.218813
30654	-1019.787	-1230.391	210.604	1.807986	0.5971375	2.288938
30660	-1030.698	-1240.321	209.6229	1.685665	0.9221946	2.727156
30666	-1015.995	-1226.212	210.2166	1.598912	0.7260675	2.554559
30672	-1015.716	-1226.902	211.1852	1.642783	0.4177717	2.211325
30678	-1018.29	-1228.416	210.1266	1.475864	1.032941	2.475396
30684	-1029.167	-1239.528	210.3611	1.520875	0.7748565	2.475396
30690	-1013.944	-1224.338	210.3942	1.903514	0.3260663	2.662314
30696	-1011.702	-1222.715	211.0137	1.896627	0.4321196	2.140611
30702	-1014.682	-1225.29	210.6083	1.524876	0.4321196	2.632628
30708	-1020.462	-1231.518	211.0566	1.80549	0.6572793	1.938423
30714	-1006.596	-1217.888	211.2917	1.750744	0.6754761	1.798505
30720	-1021.872	-1233.917	212.0454	2.168392	0.4693339	1.141414
30726	-1023.406	-1235.225	211.8196	2.354174	0.4267225	1.241424
30732	-1009.453	-1219.876	210.4227	1.994509	0.5254281	2.355339
30738	-1008.275	-1219.815	211.54	1.672933	0.6001936	1.752869
30744	-1014.213	-1225.873	211.6592	1.725298	0.4901366	1.752869
30750	-1023.87	-1234.631	210.7601	1.675264	1.429839	1.700837
30756	-1015.458	-1226.849	211.3912	1.856867	0.9131934	1.44447
30762	-1026.527	-1237.343	210.8161	1.885649	0.5917012	2.106554
30768	-1025.027	-1235.906	210.8788	1.55832	0.4375076	2.43719
30774	-1036.478	-1245.072	208.5936	1.434453	0.571348	3.746407
30780	-1037.541	-1249.399	211.8586	1.769133	0.4460864	1.634359
30786	-1036.327	-1247.761	211.4335	1.973706	0.3713322	1.887804
30792	-1025.13	-1234.912	209.7819	1.454174	0.6463765	2.972691
30798	-1022.5	-1233.067	210.5677	1.511119	0.5918871	2.50439
30804	-1024.48	-1235.291	210.8103	1.619873	0.5000195	2.373282
30810	-1027.115	-1237.837	210.7222	1.642479	1.021834	1.990828
30816	-1025.344	-1235.453	210.1088	1.749074	0.460491	2.770461
30822	-1042.927	-1252.146	209.2187	1.597039	1.150002	2.89167
30828	-1036.559	-1247.415	210.856	1.532314	0.8567647	2.089943
30834	-1021.923	-1232.193	210.27	1.692315	1.127539	2.189481
30840	-1026.374	-1237.392	211.0173	1.755797	0.7867782	1.887
30846	-1010.583	-1221.155	210.5712	1.630192	0.4983045	2.518914
30852	-1016.347	-1227.567	211.2195	1.824791	0.6176829	1.852151
30858	-1014.405	-1225.564	211.1593	1.787586	0.5171669	2.020469
30864	-1026.282	-1236.387	210.1058	1.686927	0.8784423	2.456486
30870	-1040.911	-1250.654	209.7427	1.66049	0.8571566	2.71265
30876	-1039.228	-1250.097	210.8692	1.570499	0.8941077	2.028802
30882	-1043.238	-1254.353	211.1154	1.944331	0.8402315	1.64337
30888	-1024.79	-1236.278	211.488	1.890705	0.8547121	1.393083
30894	-1030.524	-1241.578	211.0532	1.893338	1.018562	1.588677
30900	-1038.749	-1250.322	211.5727	1.934682	0.6161971	1.524216
30906	-1039.175	-1250.491	211.3156	1.758953	0.7541448	1.705477
30912	-1039.658	-1250.772	211.1136	1.828224	0.4395693	2.111159
30918	-1032.414	-1242.925	210.5103	1.615846	0.6279004	2.442245
30924	-1037.005	-1247.705	210.7008	1.540848	0.4531614	2.541982
30930	-1036.415	-1247.841	211.4262	2.050085	0.4729255	1.708826
30936	-1030.592	-1242.038	211.446	2.030307	0.4729255	1.708826
30942	-1049.44	-1260.429	210.9889	1.979541	0.691027	1.835368
30948	-1035.382	-1246.478	211.0957	1.936865	0.691027	1.791112
30954	-1028.582	-1240.209	211.6262	1.906875	0.4702532	1.6718
30960	-1020.876	-1232.403	211.5276	2.013575	0.6107732	1.504746
30966	-1023.757	-1235.248	211.4906	2.105374	0.5528745	1.528086
30972	-1011.23	-1223.267	212.0369	1.954739	0.5950482	1.161485
30978	-1020.842	-1232.759	211.9177	2.073895	0.5950482	1.161485
30984	-1023.351	-1232.532	209.1809	1.385928	0.5359839	3.465189
30990	-1022.178	-1230.306	208.1279	1.494922	0.4646702	4.077545
30996	-1038.815	-1246.592	207.7774	1.711319	0.4622428	4.156305
31002	-1011.894	-1221.586	209.6917	1.561893	0.5306124	3.064681
31008	-1028.585	-1238.119	209.534	1.459674	0.4398829	3.309825
31014	-1026.221	-1236.243	210.0222	1.391507	0.4206244	3.081728
31020	-1019.794	-1230.188	210.394	1.398576	0.5510265	2.71943
31026	-1027.365	-1237.419	210.0537	1.287653	0.5931018	2.954922
31032	-1014.545	-1226.077	211.5319	2.164579	1.081054	0.8987703
31038	-1014.278	-1226.45	212.1729	2.061247	0.5742323	0.9607422
31044	-1028.482	-1239.496	211.0144	1.849708	0.5101682	2.082728
31050	-1016.617	-1228.089	211.4723	1.689963	0.3075734	2.142132
31056	-1005.852	-1217.029	211.1762	1.773677	0.4096647	2.142132
31062	-1013.042	-1223.598	210.5558	1.804261	0.5772723	2.340764
31068	-1014.982	-1226.354	211.372	2.015955	0.5955781	1.633418
31074	-1018.441	-1230.362	211.9218	2.012126	0.4183429	1.445138
31080	-1018.713	-1230.844	212.1316	2.116756	0.3980294	1.224302
31086	-1020.157	-1231.97	211.8125	2.039728	0.768276	1.079166
31092	-1029.816	-1241.425	211.609	1.667176	0.7340394	1.578483
31098	-1031.581	-1242.219	210.6386	1.667176	1.151998	1.948331
31104	-1019.857	-1231.446	211.5889	2.12662	0.9727209	0.9914822
31110	-1024.82	-1236.396	211.5759	2.28189	0.9686387	0.8387874
31116	-1030.579	-1242.581	212.0019	2.227357	0.5773682	0.9609389
31122	-1017.054	-1228.703	211.6496	2.148504	0.8321775	1.05917
31128	-1005.972	-1217.708	211.7356	2.157296	0.752447	1.05917
31134	-1017.609	-1229.223	211.614	1.955164	0.8149617	1.277141
31140	-1018.57	-1230.557	211.9874	1.850233	0.6884243	1.182811
31146	-1012.32	-1223.556	211.2363	1.909789	1.126968	1.359612
31152	-1022.793	-1234.576	211.7831	1.794128	0.7159127	1.367869
31158	-1014.433	-1225.871	211.4374	1.954054	0.5096838	1.725251
31164	-1012.325	-1223.859	211.5341	2.04426	0.3736364	1.766786
31170	-1015.965	-1227.217	211.2524	1.733182	0.573765	1.93563
31176	-1026.558	-1237.424	210.8663	1.510346	0.4825948	2.425568
31182	-1019.113	-1229.501	210.3881	1.57339	0.7832495	2.419073
31188	-1005.459	-1216.013	210.5537	1.660592	0.5922026	2.419073
31194	-1019.284	-1230.579	211.2949	1.534097	0.6834118	1.937079
31200	-1010.347	-1221.561	211.2146	1.770057	0.5729556	1.937079
31206	-1026.69	-1237.935	211.2453	1.705165	0.5960081	1.937079
31212	-1023.411	-1234.971	211.5594	2.47055	0.9407304	0.5977667
31218	-1020.441	-1232.147	211.7054	2.47055	0.7820211	0.6726699
31224	-1017.271	-1228.852	211.5802	2.379902	0.9371952	0.7439154
31230	-1031.013	-1242.438	211.4247	2.406673	1.104721	0.6830083
31236	-1041.396	-1252.68	211.2846	2.563406	1.104721	0.6497189
31242	-1023.023	-1234.508	211.4852	2.563406	0.9349352	0.5482762
31248	-1024.377	-1235.822	211.4456	2.486743	1.048594	0.5580627
31254	-1015.349	-1226.908	211.5589	2.34036	1.048594	0.6536008
31260	-1004.526	-1216.035	211.509	2.419067	1.048594	0.5759789
31266	-1015.862	-1227.322	211.46	2.444663	1.048594	0.6416881
31272	-1019.439	-1230.662	211.2227	2.70651	1.048594	0.4348384
31278	-1021.738	-1233.195	211.4565	2.531807	0.9976862	0.5115351
31284	-1021.88	-1233.47	211.5906	2.473791	0.9238782	0.5115351
31290	-1029.829	-1241.561	211.7321	2.317591	0.9238782	0.5916599
31296	-1032.984	-1244.282	211.2988	2.480428	1.206414	0.5916599
31302	-1044.139	-1255.373	211.2342	2.35169	1.206414	0.8956471
31308	-1038.241	-1249.525	211.2834	2.35169	1.272336	0.7626047
31314	-1040.234	-1251.859	211.6252	2.279095	0.9790457	0.7626047
31320	-1030.368	-1242.156	211.7881	1.917911	0.5029028	1.505408
31326	-1019.363	-1231.049	211.6863	2.246643	0.5718163	1.241227
31332	-1017.084	-1228.624	211.5399	1.955636	0.7163372	1.430958
31338	-1013.963	-1226.042	212.0791	1.977039	0.6118212	1.081334
31344	-1012.469	-1224.33	211.8611	2.390847	0.5634198	0.9592583
31350	-1019.031	-1230.793	211.7622	2.303753	0.4169458	1.344193
31356	-1024.102	-1235.425	211.3238	2.077861	0.6599905	1.557344
31362	-1049.238	-1260.495	211.2562	2.128393	0.7089997	1.52201
31368	-1045.206	-1256.746	211.5395	2.322475	0.9869985	0.8097435
31374	-1038.138	-1249.583	211.4454	2.010099	0.5949425	1.585064
31380	-1023.965	-1235.603	211.6384	2.1684	0.612113	1.296569
31386	-1039.69	-1251.718	212.0282	1.888038	0.5044028	1.341391
31392	-1036.419	-1248.175	211.7559	1.978872	0.453304	1.546925
31398	-1034.456	-1245.696	211.2402	2.084715	0.6942236	1.580232
31404	-1018.565	-1230.038	211.4735	2.062862	0.5794824	1.542433
31410	-1019.385	-1231.239	211.8541	2.011522	0.3864763	1.542433
31416	-1043.781	-1254.789	211.0072	1.910149	0.4457294	2.119933
31422	-1050.386	-1261.167	210.7803	1.601856	0.5391103	2.363831
31428	-1030.194	-1241.783	211.5884	1.781065	0.6353507	1.605694
31434	-1030.152	-1241.755	211.6032	1.96219	0.3393059	1.825304
31440	-1027.033	-1238.896	211.8635	1.963718	0.4670624	1.459602
31446	-1023.689	-1235.784	212.0951	1.935519	0.480652	1.280991
31452	-1022.393	-1234.688	212.2953	2.077174	0.3875984	1.13417
31458	-1010.965	-1223.18	212.2151	2.170158	0.4584677	0.9980048
31464	-1024.045	-1235.823	211.778	2.069509	0.6404475	1.229728
31470	-1031.666	-1243.066	211.4002	1.979287	0.8308411	1.413579
31476	-1045.267	-1256.705	211.4378	2.050075	0.7329935	1.420617
31482	-1022.755	-1234.586	211.8305	2.035926	0.818095	1.008752
31488	-1007.67	-1219.564	211.8943	1.875664	0.5156053	1.441303
31494	-1012.19	-1223.71	211.5198	1.786409	0.6684712	1.618646
31500	-1015.679	-1227.078	211.3993	2.001309	0.9936475	1.25695
31506	-1025.968	-1237.445	211.4762	2.03955	1.114139	1.052765
31512	-1009.042	-1219.482	210.4396	1.680622	0.5659554	2.50264
31518	-1006.041	-1216.969	210.9285	1.868396	0.7313938	1.916931
31524	-1003.659	-1213.972	210.3135	1.721386	0.4268002	2.699182
31530	-1008.923	-1219.789	210.8657	1.69197	1.09139	1.814601
31536	-1019.305	-1230.085	210.7801	1.716986	0.5383198	2.291469
31542	-1016.505	-1227.608	211.1025	1.699726	0.5946987	2.037453
31548	-1022.929	-1233.823	210.8931	1.796594	0.9313869	1.833123
31554	-1013.066	-1222.455	209.3889	1.756972	1.361911	2.580334
31560	-1019.281	-1230.07	210.7886	1.856354	0.9158126	1.875057
31566	-1029.334	-1240.601	211.2664	2.027934	0.5789918	1.717592
31572	-1016.381	-1227.29	210.9087	2.03381	0.8528581	1.71665
31578	-1025.622	-1236.643	211.0205	1.874048	0.5005988	2.072994
31584	-1012.54	-1223.931	211.3913	2.15463	0.9212286	1.197478
31590	-1013.579	-1224.665	211.086	2.084967	1.207283	1.282066
31596	-1018.435	-1229.781	211.3453	2.005723	0.9327038	1.348071
31602	-1013.362	-1224.889	211.527	2.093112	0.9327038	1.121563
31608	-1017.824	-1228.672	210.848	1.987461	1.66003	1.273317
31614	-1012.702	-1223.904	211.2021	1.894933	0.7901839	1.658407
31620	-1017.454	-1228.435	210.9806	1.860702	0.6209252	1.9863
31626	-1015.081	-1225.91	210.8295	2.175396	1.054611	1.519826
31632	-999.9162	-1210.754	210.8376	2.131654	0.9905528	1.592519
31638	-1013.959	-1225.269	211.3103	2.18322	0.9905528	1.180781
31644	-1015.763	-1226.947	211.184	1.991035	0.9905528	1.438849
31650	-1022.863	-1234.297	211.4342	2.019573	0.7412926	1.438849
31656	-1022.299	-1232.983	210.6844	1.865789	0.7247363	2.086971
31662	-1021.703	-1232.95	211.2471	1.733156	0.7307985	1.791878
31668	-1032.84	-1243.569	210.7296	1.702088	0.4010234	2.483391
31674	-1028.217	-1235.306	207.0893	1.578299	1.085002	4.179874
31680	-1013.033	-1221.358	208.3258	1.643015	1.085002	3.430482
31686	-1016.232	-1225.84	209.6075	1.590122	0.7855088	2.888318
31692	-1024.091	-1233.179	209.0874	1.51171	1.080914	3.060091
31698	-1024.431	-1233.866	209.4352	1.472055	0.5868787	3.219439
31704	-1015.29	-1225.746	210.4562	1.763039	0.7225738	2.303131
31710	-1015.947	-1227.394	211.4469	1.779288	0.4754298	1.879285
31716	-1020.855	-1232.374	211.5189	1.974826	0.4754298	1.693479
31722	-1024.506	-1236.378	211.8726	1.926775	0.4078648	1.560791
31728	-1018.977	-1230.587	211.6102	2.018679	0.4946648	1.572636
31734	-1020.197	-1230.87	210.6731	1.769833	0.6532257	2.218159
31740	-1025.737	-1236.076	210.3399	1.616098	0.883341	2.349994
31746	-1020.094	-1231.092	210.9979	1.6804	0.5994091	2.1145
31752	-1020.365	-1231.481	211.1155	1.81886	0.4345507	2.122035
31758	-1039.693	-1250.96	211.2662	1.928008	0.968176	1.44161
31764	-1035.74	-1246.245	210.505	1.87232	0.4049542	2.51264
31770	-1037.621	-1247.541	209.9205	1.524445	0.5780596	2.905905
31776	-1038.174	-1248.906	210.7329	1.811034	0.5371922	2.262585
31782	-1049.451	-1261.29	211.8386	2.223727	0.4930975	1.237269
31788	-1030.75	-1242.568	211.818	1.99903	0.4099978	1.544723
31794	-1036.647	-1247.935	211.2875	1.797398	0.4430417	2.012616
31800	-1035.233	-1246.366	211.1329	2.066995	0.4403208	1.938929
31806	-1044.771	-1256.659	211.8878	2.095284	0.5761225	1.193181
31812	-1020.757	-1232.032	211.2744	2.219037	0.6573758	1.491705
31818	-1032.391	-1243.527	211.1365	2.098271	1.171548	1.255323
31824	-1019.214	-1231.046	211.8317	1.928532	0.6797646	1.258074
31830	-1036.208	-1247.622	211.414	1.711555	0.6883266	1.72863
31836	-1032.671	-1242.459	209.7884	1.483507	0.6872225	2.91797
31842	-1023.522	-1233.936	210.4145	1.934121	0.3263783	2.630505
31848	-1026.913	-1238.517	211.6036	1.857937	0.2987796	1.957654
31854	-1017.007	-1228.262	211.2554	2.074253	0.6089387	1.661378
31860	-1007.663	-1219.275	211.6123	1.922533	0.4418031	1.706197
31866	-1011.979	-1223.32	211.3413	2.036843	0.4418031	1.815571
31872	-1007.628	-1218.981	211.3527	2.151196	0.5437793	1.606112
31878	-1026.238	-1237.179	210.9409	1.676042	0.5014409	2.252646
31884	-1028.965	-1239.152	210.1873	1.747062	0.4179667	2.770686
31890	-1029.001	-1239.393	210.3915	1.66003	0.3584649	2.770686
31896	-1024.099	-1234.463	210.3643	1.687264	0.3584649	2.770686
31902	-1041.048	-1253.019	211.9715	2.20728	0.5909833	0.9920515
31908	-1031.767	-1243.342	211.5747	2.141508	1.072042	0.8860657
31914	-1029.713	-1240.411	210.6981	1.721022	0.5932507	2.288019
31920	-1035.287	-1246.605	211.318	1.801297	0.4425559	1.990252
31926	-1022.792	-1233.346	210.5534	1.598211	0.4513173	2.599914
31932	-1024.477	-1235.51	211.0328	1.599697	0.5956667	2.147988
31938	-1024.703	-1236.037	211.3335	1.749205	0.5325927	1.912841
31944	-1017.094	-1228.53	211.4359	2.297497	0.5425944	1.436431
31950	-1019.916	-1231.289	211.3734	2.238338	0.4857896	1.596046
31956	-1026.568	-1238.463	211.8956	2.48055	0.4857896	0.9592524
31962	-999.1565	-1211.042	211.8853	2.204868	0.4857896	1.224173
31968	-1014.186	-1225.706	211.5202	2.029652	0.5338896	1.583883
31974	-1016.044	-1227.466	211.4217	1.813094	0.5767616	1.761687
31980	-1018.297	-1228.674	210.3775	1.993989	0.7947227	2.147787
31986	-1012.379	-1223.514	211.135	1.875989	0.9153526	1.618815
31992	-1016.496	-1226.501	210.0051	1.614441	0.443699	2.932995
31998	-1030.889	-1241.344	210.4541	1.62297	0.400112	2.704149
32004	-1019.211	-1230.476	211.2652	1.665778	0.4829571	2.068423
32010	-1032.786	-1244.133	211.3473	2.146473	0.7867959	1.364587
32016	-1029.978	-1241.976	211.9973	1.989691	0.4666597	1.33576
32022	-1023.283	-1235.055	211.7719	1.909574	0.5292908	1.491775
32028	-1019.395	-1231.309	211.9138	2.112364	0.5045387	1.251683
32034	-1026.046	-1237.98	211.9339	2.05461	0.4589607	1.345218
32040	-1012.871	-1224.772	211.9009	2.29298	0.4504273	1.187873
32046	-1018.819	-1230.608	211.789	2.187266	0.4158801	1.416093
32052	-1015.8	-1227.423	211.6229	2.125858	0.6015709	1.355297
32058	-1024.487	-1236.347	211.86	2.223968	0.5489479	1.141184
32064	-1014.812	-1226.392	211.5798	2.003545	0.8157105	1.264735
32070	-1019.085	-1230.183	211.0984	1.787991	1.030322	1.62399
32076	-1027.697	-1238.725	211.028	1.761593	0.8371328	1.835506
32082	-1018.748	-1230.099	211.3518	2.081361	0.5389415	1.662518
32088	-1017.363	-1228.544	211.1803	2.033913	0.4318646	1.939601
32094	-1027.699	-1238.849	211.1504	2.071779	0.427541	1.939601
32100	-1042.422	-1254.009	211.5869	1.911784	0.427541	1.7499
32106	-1027.173	-1238.197	211.0237	1.815519	0.3864784	2.242832
32112	-1030.682	-1242.585	211.9024	1.773463	0.4613637	1.579862
32118	-1024.616	-1236.353	211.7366	2.329549	0.5800643	1.114709
32124	-1021.304	-1233.397	212.0933	1.837754	0.5779719	1.235135
32130	-1006.803	-1218.759	211.9566	1.832875	0.503378	1.441659
32136	-1020.5	-1232.089	211.5887	2.124998	0.4983384	1.50526
32142	-1024.807	-1237.106	212.2992	2.241558	0.4658855	0.8084614
32148	-1005.311	-1216.734	211.4237	2.169138	0.9074126	1.169633
32154	-1002.848	-1214.062	211.2141	2.07893	1.198723	1.185663
32160	-1017.632	-1229.534	211.9027	1.997042	0.7496911	1.055962
32166	-1013.699	-1225.235	211.5361	1.802619	0.799388	1.472755
32172	-1034.963	-1246.462	211.4987	1.852346	0.3346565	1.977558
32178	-1031.228	-1242.663	211.4345	1.866084	0.3456186	1.99554
32184	-1025.96	-1236.968	211.0075	1.752959	0.4049234	2.270422
32190	-1023.273	-1233.516	210.2424	1.545911	0.4655043	2.807468
32196	-1016.88	-1228.291	211.411	1.855001	0.4655043	1.863816
32202	-1021.545	-1233.079	211.5335	1.872288	0.3965605	1.854681
32208	-1012.065	-1222.805	210.7399	1.883599	0.9434276	1.869824
32214	-1008.983	-1220.614	211.6307	1.571138	0.6268019	1.733926
32220	-1011.974	-1222.897	210.9226	1.625183	0.4617511	2.339944
32226	-1006.001	-1216.3	210.2988	1.829314	0.6439732	2.426906
32232	-1015.791	-1227.209	211.418	1.808403	0.3945511	1.97866
32238	-1021.768	-1233.106	211.338	1.872027	0.471474	1.894926
32244	-1027.628	-1239.266	211.638	2.04073	0.3591878	1.717096
32250	-1022.418	-1234.171	211.7527	1.890361	0.376693	1.717096
32256	-1023.524	-1234.748	211.2237	2.005107	0.5699317	1.773001
32262	-1020.744	-1232.551	211.807	2.128057	0.5291327	1.293987
32268	-1017.623	-1229.158	211.535	2.163813	0.6932142	1.293987
32274	-1019.803	-1231.353	211.5501	2.115862	0.7401196	1.271787
32280	-1030.001	-1241.395	211.394	1.904645	0.5621272	1.732416
32286	-1027.808	-1238.73	210.9221	1.732328	0.4496465	2.285541
32292	-1025.045	-1236.173	211.1276	1.760954	0.3306333	2.285541
32298	-1017.356	-1228.461	211.1051	1.65285	0.5513617	2.1095
32304	-1011.422	-1223.175	211.7532	1.665247	0.5464382	1.664668
32310	-1009.059	-1220.579	211.5197	1.951236	0.3759955	1.837833
32316	-1004.657	-1215.884	211.2274	1.829384	0.4091444	2.072656
32322	-1022.542	-1233.908	211.3661	1.794413	0.3406805	2.095203
32328	-1015.764	-1226.921	211.157	1.571015	0.5855894	2.095203
32334	-1020.056	-1231.094	211.0378	1.722623	0.2908078	2.424557
32340	-1011.419	-1221.822	210.4029	1.797587	0.5261011	2.491196
32346	-1010.696	-1221.885	211.1892	1.827655	0.5425159	1.946812
32352	-1021.141	-1233.408	212.2674	2.171441	0.4475239	0.9631201
32358	-1016.693	-1228.476	211.7832	1.903363	0.3072059	1.790851
32364	-1016.341	-1227.207	210.8666	1.992306	0.5787188	2.015489
32370	-1029.079	-1240.243	211.1637	1.61079	0.4760005	2.178557
32376	-1011.791	-1222.754	210.9632	1.686191	0.3389403	2.425932
32382	-1020.913	-1231.121	210.208	1.84207	0.3155656	2.828042
32388	-1020.378	-1231.376	210.998	1.639424	0.4029317	2.351387
32394	-1031.37	-1241.741	210.3705	1.702449	0.4029317	2.703358
32400	-1034.734	-1247.243	212.5092	2.131568	0.3587747	0.9297599
32406	-1038.538	-1250.206	211.6676	2.114572	0.5707814	1.364927
32412	-1024.708	-1235.741	211.0327	1.793898	0.3241856	2.33415
32418	-1034.615	-1245.25	210.635	1.615526	0.4800452	2.507322
32424	-1031.725	-1242.405	210.6807	1.92121	0.7862056	2.002676
32430	-1012.292	-1224.095	211.8027	2.176884	0.563915	1.211994
32436	-1021.348	-1232.883	211.5347	2.16013	0.8331814	1.152367
32442	-1030.981	-1241.752	210.7716	2.373673	1.090499	1.386835
32448	-1014.346	-1225.919	211.5722	2.080789	0.5638057	1.472813
32454	-1018.837	-1230.212	211.3746	1.976177	0.736832	1.520865
32460	-1007.093	-1217.173	210.0801	1.746884	0.6548525	2.605522
32466	-1012.405	-1222.918	210.5132	1.577543	0.7179484	2.388483
32472	-1040.767	-1251.861	211.0936	1.904721	0.4330161	2.081912
32478	-1025.3	-1235.808	210.5082	1.609346	0.8474053	2.272471
32484	-1012.523	-1222.049	209.5257	1.401854	0.504323	3.283371
32490	-1012.472	-1221.435	208.9634	1.262241	0.6639121	3.555463
32496	-1013.406	-1222.664	209.2575	1.245665	0.5878241	3.456239
32502	-1030.691	-1239.37	208.6794	1.407859	0.6149662	3.675196
32508	-1039.829	-1249.222	209.3926	1.433385	0.684801	3.186541
32514	-1029.635	-1239.497	209.8625	1.552051	0.6652997	2.849366
32520	-1032.726	-1243.243	210.5169	1.670912	0.5166498	2.508599
32526	-1024.049	-1234.21	210.1604	1.670912	0.5166498	2.728995
32532	-1016.623	-1227.275	210.6523	1.877283	0.7142456	2.109291
32538	-1008.432	-1219.478	211.046	2.00339	0.4867289	1.985622
32544	-1010.036	-1220.94	210.9039	1.634191	0.3556657	2.473602
32550	-1019.962	-1231.327	211.3653	1.993628	1.22632	1.105999
32556	-1027.624	-1238.841	211.217	2.142008	1.22632	1.105999
32562	-1038.877	-1251.104	212.227	1.977313	0.5681116	1.000593
32568	-1025.603	-1237.628	212.0246	2.117325	0.6712069	0.9122598
32574	-1012.247	-1224.046	211.7993	2.08896	0.7287145	1.091204
32580	-1022.435	-1233.793	211.3579	2.226388	1.198794	0.9048885
32586	-1033.09	-1244.992	211.9022	2.226388	0.721958	0.8510462
32592	-1032.163	-1243.046	210.8836	1.537936	0.3523958	2.550609
32598	-1040.504	-1248.696	208.192	1.536591	0.9842976	3.627617
32604	-1014.772	-1225.334	210.5622	1.508097	0.4636041	2.63676
32610	-1014.949	-1224.558	209.6091	1.768323	0.9000436	2.699501
32616	-1005.895	-1216.767	210.8721	1.690441	0.6993457	2.100324
32622	-1009.065	-1220.587	211.5223	1.889491	0.4163678	1.824643
32628	-1008.026	-1219.845	211.8189	2.160249	0.6195313	1.14132
32634	-1012.269	-1224.271	212.0022	2.175205	0.5211909	1.096254
32640	-1025.901	-1238.027	212.1255	2.070662	0.5368472	1.055493
32646	-1026.609	-1238.58	211.9711	1.961671	0.5724012	1.240698
32652	-1017.709	-1229.456	211.7462	1.995155	0.5090399	1.471208
32658	-1013.33	-1224.616	211.2863	2.088234	0.8109933	1.43508
32664	-1026.629	-1236.936	210.3076	1.782286	0.9190846	2.239716
32670	-1020.993	-1232.681	211.6881	1.983927	0.520756	1.509128
32676	-1025.864	-1237.335	211.4715	1.929249	0.3140139	1.974918
32682	-1021.573	-1233.191	211.6182	1.761588	0.3128263	1.990694
32688	-1025.19	-1236.317	211.1265	1.741452	0.5704356	2.017741
32694	-1024.224	-1234.894	210.6698	1.711653	0.9649352	2.017741
32700	-1014.308	-1225.281	210.9731	1.77922	0.6285075	2.038375
32706	-1038.57	-1249.5	210.9302	1.822102	0.6285075	2.038375
32712	-1025.654	-1237.106	211.4513	1.86885	0.4802147	1.809212
32718	-1024.852	-1235.763	210.9115	1.900563	0.6861663	1.946042
32724	-1020.645	-1230.854	210.2083	1.403933	0.6118337	2.774392
32730	-1027.848	-1238.683	210.835	1.753666	0.7278828	2.058996
32736	-1023.507	-1234.315	210.8085	1.851195	0.6732812	2.058996
32742	-1013.425	-1224.811	211.386	1.641636	0.5043001	1.980617
32748	-1032.627	-1244.069	211.4421	1.970125	0.5043001	1.716843
32754	-1012.314	-1223.109	210.7954	1.953646	1.032393	1.72052
32760	-1025.739	-1237.26	211.5204	2.072772	0.4710192	1.627725
32766	-1028.338	-1240.142	211.8047	1.899033	0.4710192	1.547044
32772	-1027.513	-1238.521	211.0072	1.985417	0.6142772	1.890671
32778	-1012.612	-1224.113	211.501	1.832621	0.6490219	1.617961
32784	-1027.106	-1238.462	211.3557	1.9775	0.6573169	1.610047
32790	-1003.945	-1215.773	211.8283	2.02427	0.5815527	1.295578
32796	-1014.106	-1226.284	212.1773	2.158149	0.5091934	0.9612142
32802	-1011.452	-1223.429	211.977	2.09241	0.6512019	1.015867
32808	-997.0856	-1209.031	211.9455	2.189431	0.6664999	0.9268163
32814	-1018.403	-1229.817	211.414	1.981932	0.5045493	1.728042
32820	-1012.336	-1223.815	211.4789	2.136299	0.8050355	1.248611
32826	-1015.689	-1227.242	211.5527	1.972437	0.4223357	1.73809
32832	-1010.522	-1221.896	211.374	1.861028	0.7496401	1.594317
32838	-1000.938	-1212.131	211.1934	1.79948	1.088982	1.504396
32844	-991.5273	-1203.234	211.7068	1.837952	0.987225	1.138754
32850	-1001.91	-1213.01	211.0998	1.958644	1.323522	1.294485
32856	-1010.187	-1221.323	211.1363	1.96239	1.131009	1.393943
32862	-1003.991	-1215.152	211.1604	1.869012	1.141632	1.440022
32868	-1002.351	-1213.237	210.8856	1.956865	1.305541	1.475087
32874	-1011.446	-1223.129	211.6832	1.788996	0.6666036	1.498321
32880	-1008.723	-1220.651	211.9272	1.999081	0.7098795	1.078238
32886	-1008.216	-1219.503	211.2864	2.080017	1.252989	1.078238
32892	-1020.739	-1232.483	211.7443	2.094877	0.7798545	1.078238
32898	-1017.386	-1228.786	211.4001	2.094877	1.134617	1.05478
32904	-1023.46	-1234.961	211.5003	2.203148	1.134617	0.8316916
32910	-1024.858	-1236.754	211.8964	2.183355	0.7527183	0.8633426
32916	-1002.9	-1214.535	211.6349	2.152065	1.01897	0.8633426
32922	-1002.663	-1214.001	211.3388	1.882758	1.059933	1.349475
32928	-1015.539	-1226.782	211.2435	2.048598	1.164572	1.212338
32934	-1022.046	-1233.458	211.4114	2.249269	1.045361	0.9737798
32940	-1020.248	-1231.932	211.6844	1.984702	0.8632504	1.145051
32946	-1003.879	-1214.78	210.9012	1.906925	0.949326	1.737827
32952	-1014.058	-1226.139	212.0814	1.862822	0.4592639	1.379795
32958	-1006.539	-1218.398	211.8589	1.824823	0.575217	1.436286
32964	-1014.076	-1226.353	212.2773	2.178363	0.4259245	0.9861345
32970	-1020.141	-1232.372	212.2305	2.145773	0.4603879	1.003617
32976	-1022.255	-1233.988	211.7331	2.317715	0.8299955	0.783037
32982	-1023.669	-1235.913	212.2437	2.243447	0.4984606	0.8063358
32988	-1015.107	-1227.17	212.0632	2.283901	0.5881551	0.8063358
32994	-1018.119	-1229.837	211.7178	2.213919	0.9354694	0.7874134
33000	-1026.545	-1238.513	211.9683	2.304594	0.6628803	0.763174
33006	-1026.525	-1238.105	211.5804	2.219878	1.08518	0.763174
33012	-1033.644	-1245.513	211.8687	2.446843	0.6319018	0.763174
33018	-1022.922	-1234.822	211.9001	2.257993	0.7516782	0.763174
33024	-1014.805	-1226.753	211.9485	2.257993	0.7059484	0.7766372
33030	-1011.335	-1223.046	211.7106	2.209493	0.9209992	0.8229708
33036	-1013.456	-1225.737	212.2815	2.000689	0.4673151	1.082465
33042	-1022.379	-1234.129	211.7501	2.043738	0.7501956	1.152158
33048	-1018.506	-1230.143	211.6364	2.049112	0.7501956	1.245103
33054	-1025.796	-1237.737	211.9408	1.98104	0.5869116	1.231683
33060	-1012.051	-1223.296	211.2457	2.089752	1.045315	1.268745
33066	-1028.36	-1239.88	211.52	2.094379	0.677384	1.378224
33072	-1027.881	-1239.609	211.7281	1.874941	0.4987028	1.586638
33078	-1037.369	-1247.826	210.4573	1.902552	1.037469	1.983811
33084	-1032.252	-1243.215	210.963	1.792062	0.4776271	2.189323
33090	-1033.584	-1243.577	209.9935	1.631271	0.4667346	2.905315
33096	-1033.197	-1244.059	210.8612	1.79724	0.7776355	1.971761
33102	-1030.194	-1240.58	210.3862	1.775029	0.6532461	2.397982
33108	-1025.703	-1236.048	210.3453	1.661427	0.7201562	2.439694
33114	-1023.931	-1235.18	211.2494	1.883066	0.7201562	1.694664
33120	-1020.74	-1231.171	210.4303	1.842121	0.7015223	2.286368
33126	-1025.853	-1235.793	209.94	1.810234	1.143514	2.316472
33132	-1027.282	-1237.903	210.6215	1.791679	0.7547635	2.152091
33138	-1014.77	-1224.533	209.7635	1.78692	0.7164748	2.725627
33144	-1025.518	-1234.483	208.965	1.64765	0.82387	3.211227
33150	-1042.868	-1253.216	210.3477	1.819784	0.3585431	2.699634
33156	-1025.214	-1236.704	211.4903	1.860625	0.4333165	1.844938
33162	-1024.24	-1235.405	211.1647	1.79209	0.5401897	1.9895
33168	-1030.057	-1240.907	210.8503	1.819455	0.5959429	2.123402
33174	-1036.164	-1246.27	210.1055	1.961853	1.105546	2.134314
33180	-1026.44	-1238.157	211.7173	1.867503	0.6046382	1.478603
33186	-1040.283	-1251.801	211.5184	2.153661	0.6046382	1.411886
33192	-1044.499	-1256.038	211.5389	2.030914	0.6783671	1.411886
33198	-1033.265	-1244.822	211.5575	2.03664	0.8315016	1.240614
33204	-1030.414	-1241.875	211.4607	2.000393	1.189767	1.040086
33210	-1012.543	-1224.547	212.0037	2.003614	0.4175651	1.389511
33216	-1014.605	-1225.401	210.796	1.980838	0.7247878	1.936084
33222	-1016.222	-1228.261	212.0398	2.256187	0.5759002	0.8908165
33228	-1020.999	-1232.898	211.8989	2.083436	0.5759002	1.194144
33234	-1013.814	-1225.781	211.9673	1.864093	0.3856899	1.568846
33240	-1015.327	-1227.195	211.867	2.110072	0.4569416	1.357112
33246	-1017.32	-1228.742	211.4221	2.227897	0.7845226	1.239911
33252	-1007.861	-1219.42	211.5593	1.867296	0.4050651	1.829161
33258	-1010.83	-1222.374	211.5436	1.86243	0.4607714	1.7729
33264	-1010.654	-1221.97	211.3155	2.134721	0.498923	1.696252
33270	-1030.076	-1241.773	211.6966	2.08715	0.528909	1.414255
33276	-1015.233	-1226.689	211.4566	2.124339	0.373678	1.764896
33282	-1030.059	-1241.368	211.3092	2.053506	0.3724722	1.916462
33288	-1027.855	-1238.887	211.0317	1.81716	0.3724722	2.254597
33294	-1028.644	-1240.192	211.5485	1.910757	0.5375357	1.645377
33300	-1022.724	-1234.784	212.0602	1.987867	0.3818163	1.411512
33306	-1012.753	-1223.545	210.7924	1.746336	0.4555353	2.352608
33312	-1029.626	-1240.351	210.7255	1.715312	0.6353513	2.235501
33318	-1018.164	-1229.362	211.1979	1.755243	0.6357119	1.896937
33324	-1012.671	-1223.253	210.5819	1.885547	1.378184	1.706341
33330	-1004.153	-1214.759	210.6063	1.980745	1.362124	1.629992
33336	-1004.525	-1216.009	211.4835	2.127798	0.9126836	1.148447
33342	-1002.506	-1213.721	211.2148	2.075926	1.192635	1.192272
33348	-1011.316	-1222.738	211.4226	2.109439	1.046152	1.097559
33354	-1036.883	-1248.541	211.6582	2.194441	0.7674519	1.079741
33360	-1042.545	-1254.32	211.7754	2.238441	0.773631	0.9096486
33366	-1028.653	-1240.146	211.4928	2.176045	1.100122	0.9096486
33372	-1033.988	-1245.579	211.5917	2.213116	0.9357334	0.9385503
33378	-1025.783	-1237.298	211.5149	2.505546	0.9357334	0.6368173
33384	-1006.733	-1217.966	211.2331	2.655503	1.093298	0.5639323
33390	-1013.744	-1225.636	211.8913	2.442019	0.6675821	0.6479848
33396	-1031.985	-1243.889	211.9031	2.365676	0.6675821	0.7598071
33402	-1028.41	-1239.069	210.6589	1.580671	0.8519827	2.190472
33408	-1028.94	-1239.992	211.0521	1.73186	0.6996047	1.953114
33414	-1035.46	-1246.006	210.5457	1.583389	0.6273495	2.440923
33420	-1019.2	-1228.897	209.6974	1.588987	0.6367798	2.950428
33426	-1020.722	-1231.547	210.8243	1.588987	0.2661897	2.677891
33432	-1019.494	-1229.325	209.8311	1.500706	0.6265897	2.931685
33438	-1013.666	-1223.649	209.9827	1.592516	0.6265897	2.784167
33444	-1029.937	-1240.691	210.7547	1.78495	0.6265897	2.179556
33450	-1017.218	-1228.955	211.7365	1.88379	0.6893671	1.361036
33456	-1008.996	-1220.088	211.0917	2.043882	0.6893671	1.720587
33462	-999.2993	-1210.215	210.9158	1.656742	0.6084446	2.174922
33468	-997.0576	-1208.247	211.1889	1.658537	0.3553877	2.278019
33474	-1005.616	-1216.173	210.5564	1.596065	0.688565	2.373577
33480	-1002.452	-1211.373	208.9211	1.423263	0.5805771	3.55511
33486	-1014.825	-1226.05	211.2247	1.588608	0.5206139	2.104978
33492	-1023.619	-1235.538	211.9199	1.815807	0.571392	1.40058
33498	-1011.117	-1222.241	211.1236	1.995898	0.603696	1.814193
33504	-1032.302	-1243.391	211.0892	2.061653	0.7924646	1.617715
33510	-1032.229	-1243.838	211.6095	1.99649	0.394376	1.718633
33516	-1021.582	-1233.281	211.6991	1.936506	0.6269588	1.415478
33522	-1035.003	-1244.969	209.9667	1.420415	0.5166379	2.998085
33528	-1032.115	-1241.916	209.8007	1.576532	0.5220425	2.998804
33534	-1027.349	-1239.028	211.6782	1.457168	0.3818809	2.055768
33540	-1033.919	-1244.706	210.7865	1.654974	0.6984895	2.180018
33546	-1019.786	-1230.318	210.5311	1.496349	0.5522115	2.57351
33552	-1010.659	-1220.905	210.2465	1.371313	0.8730332	2.56942
33558	-1006.786	-1217.612	210.8261	1.643455	0.9456204	1.972316
33564	-1010.323	-1220.796	210.4733	1.757979	1.195773	1.972316
33570	-1012.014	-1222.868	210.8544	1.790912	1.171	1.702658
33576	-1011.15	-1223.054	211.904	1.800736	0.4186423	1.615027
33582	-1008.093	-1217.868	209.7749	1.556901	1.17726	2.560729
33588	-1014.211	-1222.768	208.557	1.329468	0.9334597	3.566411
33594	-1012.996	-1223.581	210.5846	1.543045	0.4045372	2.667827
33600	-999.164	-1209.187	210.0234	1.59245	0.7391772	2.667827
33606	-994.9767	-1206.348	211.371	1.870236	0.6105747	1.722438
33612	-1007.981	-1219.96	211.9793	1.768234	0.5952418	1.363613
33618	-1015.518	-1226.217	210.6986	1.779927	0.8206087	2.057677
33624	-1020.094	-1231.776	211.6814	1.684579	0.5208281	1.730511
33630	-1018.862	-1230.599	211.7374	1.792769	0.2832904	1.936209
33636	-1003.44	-1214.656	211.2159	1.730928	0.4518272	2.093503
33642	-1011.172	-1222.67	211.4975	1.636449	0.4927675	1.921963
33648	-1010.477	-1220.788	210.3106	1.687347	0.5069987	2.636228
33654	-1012.257	-1222.938	210.6801	1.672655	0.7252697	2.215194
33660	-1010.109	-1220.466	210.3568	1.65639	0.5773018	2.558687
33666	-1004.981	-1216.037	211.056	1.4992	0.6349867	2.161798
33672	-1028.452	-1238.163	209.7108	1.732247	0.9974319	2.596594
33678	-1027.168	-1237.292	210.1242	1.526624	0.5561406	2.801168
33684	-1022.506	-1234.593	212.0875	2.150227	0.5573687	0.9833755
33690	-1015.18	-1226.824	211.6435	1.832605	0.4306382	1.761668
33696	-1031.6	-1242.447	210.8469	1.63103	0.4893064	2.35432
33702	-1008.232	-1219.783	211.5512	1.883335	0.5588355	1.639443
33708	-1018.833	-1230.463	211.6295	1.969015	0.4827453	1.609358
33714	-1006.013	-1217.594	211.5805	2.079567	0.5630108	1.468352
33720	-1013.202	-1225.119	211.9168	2.011828	0.5903213	1.221729
33726	-1008.091	-1219.813	211.7219	2.135367	0.4218894	1.498144
33732	-1017.782	-1229.533	211.7514	2.072949	0.562249	1.34169
33738	-1008.548	-1220.472	211.9239	2.125743	0.7502022	0.9016802
33744	-1018.896	-1230.067	211.1715	2.321091	1.323864	0.889964
33750	-1019.324	-1230.943	211.6188	2.183569	0.980814	0.8898888
33756	-1025.062	-1236.857	211.795	2.066394	0.8280343	1.002348
33762	-1042.769	-1253.955	211.1863	1.95796	1.016829	1.442359
33768	-1037.251	-1248.574	211.3234	1.828928	0.9646266	1.476237
33774	-1034.578	-1245.903	211.3259	1.682117	0.5667469	1.927651
33780	-1035.664	-1246.624	210.9597	1.690705	0.8051779	1.955181
33786	-1017.604	-1229.303	211.6994	1.815064	0.6915767	1.441078
33792	-1015.918	-1227.069	211.1512	1.955574	1.097783	1.411479
33798	-1019.642	-1231.111	211.4694	1.77598	0.5862553	1.744397
33804	-1032.055	-1243.569	211.5144	1.730433	0.3580219	2.015312
33810	-1021.499	-1232.874	211.3748	1.692153	0.727936	1.733875
33816	-1032.279	-1243.959	211.68	1.879832	0.6438548	1.455515
33822	-1018.785	-1230.386	211.6008	1.905931	0.3992454	1.781451
33828	-1013.587	-1225.067	211.4801	1.809963	0.7576798	1.546651
33834	-1021.343	-1232.147	210.8037	1.85213	0.7784623	1.972851
33840	-1031.536	-1242.997	211.4605	1.886345	0.5843564	1.674717
33846	-1032.096	-1243.635	211.5388	1.854552	0.5554895	1.672579
33852	-1032.929	-1244.945	212.0166	1.995545	0.5504043	1.201837
33858	-1032.883	-1244.418	211.535	1.98774	0.6250734	1.503329
33864	-1026.398	-1237.998	211.6	2.053499	0.8513552	1.170536
33870	-1024.955	-1236.799	211.8443	2.111552	0.6635257	1.107401
33876	-1029.573	-1241.543	211.9701	2.055576	0.7259562	0.9604422
33882	-1021.783	-1233.759	211.9764	2.06384	0.607259	1.102013
33888	-1015.608	-1227.345	211.737	1.89725	0.6189053	1.425276
33894	-1009.96	-1221.963	212.0031	1.975188	0.6678457	1.081313
33900	-1018.417	-1230.241	211.8242	2.205605	0.4449719	1.332097
33906	-1012.915	-1224.246	211.3305	1.820648	0.667009	1.730585
33912	-1015.812	-1227.379	211.5662	1.699493	0.5483532	1.770295
33918	-1020.927	-1231.454	210.5273	1.563975	0.5772307	2.510146
33924	-1015.262	-1226.348	211.0858	1.64223	0.5326082	2.148223
33930	-1024.523	-1234.923	210.3999	1.50048	0.8043014	2.441813
33936	-1023.683	-1234.799	211.1159	1.575	0.4024371	2.317922
33942	-1016.394	-1227.123	210.7289	1.532106	0.6266132	2.358256
33948	-1013.216	-1222.39	209.174	1.390163	0.6939513	3.334063
33954	-1037.291	-1249.023	211.7324	2.191375	0.7602451	1.020232
33960	-1041.423	-1253.156	211.7336	2.33056	0.7333354	0.9090333
33966	-1036.379	-1247.496	211.117	2.436747	1.433914	0.686263
33972	-1025.834	-1237.171	211.3374	1.987507	0.9679545	1.339738
33978	-1024.083	-1235.466	211.3835	1.973398	0.9623771	1.318707
33984	-1010.482	-1222.308	211.8262	2.277145	0.5974888	1.056461
33990	-1009.954	-1221.145	211.1914	2.239467	0.5966234	1.601227
33996	-1021.265	-1232.75	211.4849	2.233649	0.55603	1.431898
34002	-1025.423	-1237.435	212.0115	2.126997	0.7129329	0.8530457
34008	-1031.508	-1242.992	211.4833	2.278853	1.045794	0.861738
34014	-1029.512	-1240.886	211.3741	2.14135	1.202122	0.9753783
34020	-1031.64	-1243.728	212.0877	2.288665	0.6022807	0.7352203
34026	-1029.774	-1241.657	211.8832	2.184359	0.6022807	1.083506
34032	-1010.402	-1221.802	211.3998	2.052379	1.111194	1.114355
34038	-1013.886	-1225.887	212.0013	2.133893	0.4854398	1.186248
34044	-1014.814	-1226.842	212.0281	2.243198	0.5219995	1.005402
34050	-1035.787	-1247.242	211.4552	2.227917	0.5580318	1.456656
34056	-1031.964	-1243.769	211.8045	2.194324	0.3770279	1.456656
34062	-1013.146	-1224.788	211.6411	2.01283	0.3465393	1.75315
34068	-1021.352	-1231.621	210.269	1.853322	0.591271	2.477696
34074	-1025.528	-1236.905	211.377	1.791489	0.4542369	1.943314
34080	-1034.621	-1245.369	210.7486	1.699234	0.4564432	2.409134
34086	-1033.18	-1243.4	210.2199	1.506341	0.486542	2.823365
34092	-1020.661	-1231.423	210.7615	1.819819	0.486542	2.291459
34098	-1019.895	-1230.814	210.9188	1.855138	0.4844444	2.16957
34104	-1016.719	-1227.559	210.8402	1.835759	0.5448766	2.16957
34110	-1015.752	-1226.633	210.8809	1.937995	0.467944	2.158703
34116	-1014.534	-1225.495	210.9614	1.875618	0.4575657	2.158703
34122	-1007.301	-1218.777	211.4762	1.794973	0.4575657	1.869721
34128	-1027.994	-1239.445	211.4504	1.712856	0.3515949	2.078175
34134	-1045.771	-1256.72	210.9488	1.771946	0.7666178	1.938877
34140	-1030.396	-1241.492	211.0959	1.852393	0.8733954	1.696339
34146	-1018.07	-1229.506	211.4361	2.196387	0.6146082	1.431398
34152	-1029.534	-1240.46	210.9266	2.126	0.6201445	1.844052
34158	-1023.892	-1235.294	211.4021	1.98087	0.6575376	1.573578
34164	-1025.608	-1237.176	211.5681	1.924624	0.8678922	1.29044
34170	-1032.781	-1244.394	211.6121	1.945954	0.8809154	1.224235
34176	-1025.099	-1236.698	211.5989	1.813056	0.7244544	1.486685
34182	-1007.267	-1217.9	210.6324	1.636566	0.2577658	2.779352
34188	-1013.722	-1223.937	210.2154	1.616303	0.4671162	2.779352
34194	-1016.957	-1228.409	211.452	2.070838	1.056145	1.097182
34200	-1022.78	-1234.374	211.5943	2.158507	1.068686	0.8465305
34206	-1031.301	-1243.305	212.0035	2.154062	0.7022971	0.8465305
34212	-1042.196	-1253.769	211.5733	2.119995	0.8508173	1.13593
34218	-1041.866	-1252.899	211.0335	1.887125	0.9926706	1.626238
34224	-1034.025	-1245.273	211.2485	1.582473	0.7332877	1.892212
34230	-1011.262	-1221.237	209.9754	1.348081	0.8441266	2.770417
34236	-1017.858	-1229.076	211.2178	1.501348	0.6518043	2.038903
34242	-1029.69	-1240.344	210.6542	1.635451	0.9068869	2.118558
34248	-1026.437	-1237.391	210.9535	1.836409	0.5566277	2.083222
34254	-1034.374	-1245.804	211.4307	1.877379	0.8466296	1.454512
34260	-1034.44	-1246.073	211.6324	1.990568	0.8305161	1.217212
34266	-1034.797	-1246.437	211.6392	1.988863	0.6145744	1.434823
34272	-1020.38	-1232.338	211.9586	2.17772	0.7696387	0.7628633
34278	-1010.189	-1221.035	210.8459	2.619053	1.633321	0.5184617
34284	-1017.856	-1229.068	211.2119	2.635416	1.136617	0.5696633
34290	-1006.688	-1217.779	211.0918	2.573449	1.337321	0.6062222
34296	-1023.194	-1234.276	211.0825	2.444758	1.488025	0.658897
34302	-1011.265	-1222.404	211.1389	2.470579	1.307256	0.7579583
34308	-1000.447	-1211.743	211.2961	2.456669	1.152393	0.7419215
34314	-1012.083	-1223.683	211.6001	2.161536	1.050573	0.8567989
34320	-1018.371	-1230.059	211.6881	2.202912	1.050573	0.6666855
34326	-1011.78	-1223.473	211.6924	2.202912	1.041296	0.6758965
34332	-1019.785	-1231.67	211.8851	1.856829	0.7869539	1.158554
34338	-1021.142	-1232.534	211.3918	1.749241	0.899117	1.536362
34344	-1005.133	-1217.115	211.9826	1.782391	0.6352967	1.303861
34350	-1021.817	-1233.173	211.3559	2.107629	1.104019	1.110045
34356	-1017.508	-1229.106	211.5984	2.241235	0.9368363	0.8990928
34362	-1014.176	-1225.102	210.9257	2.174111	1.501893	1.142914
34368	-1025.144	-1235.523	210.3796	2.0563	1.970807	1.434048
34374	-1021.511	-1232.004	210.4939	2.066368	1.726455	1.455618
34380	-1019.81	-1229.954	210.1444	1.741792	1.493025	2.043543
34386	-1006.131	-1217.566	211.4356	1.741792	0.8186741	1.576006
34392	-1005.83	-1217.773	211.9434	1.850388	0.5462291	1.38525
34398	-1011.282	-1223.284	212.0019	2.071967	0.6346103	1.033902
34404	-1015.906	-1227.579	211.6731	1.879712	0.8354882	1.271114
34410	-1042.53	-1253.83	211.3006	1.993033	1.086124	1.271114
34416	-1015.767	-1227.038	211.2707	1.935996	1.164926	1.283279
34422	-1017.485	-1228.939	211.4537	2.149478	1.132385	0.948653
34428	-1014.125	-1225.646	211.5214	2.270619	1.030475	0.8436767
34434	-1008.814	-1220.182	211.3686	2.271872	1.257513	0.7727336
34440	-1010.816	-1222.032	211.2158	2.309564	1.25999	0.9121998
34446	-1003.164	-1214.589	211.4254	2.277194	1.089435	0.8827995
34452	-1028.323	-1239.898	211.5747	2.178702	0.9217442	1.006652
34458	-1029.048	-1240.618	211.5705	2.128155	0.4507082	1.576908
34464	-1032.241	-1243.713	211.4726	1.693705	0.5974629	1.788095
34470	-1047.403	-1258.931	211.5282	1.623084	0.6182111	1.777795
34476	-1041.986	-1251.768	209.7821	1.346354	0.4154913	3.256783
34482	-1038.314	-1248.146	209.8326	1.547536	0.5164602	3.002474
34488	-1037.033	-1248.894	211.8612	1.774451	0.5753785	1.472746
34494	-1017.25	-1229.189	211.9396	2.080871	0.4482364	1.334879
34500	-1009.113	-1221.071	211.9581	2.07167	0.4430403	1.334879
34506	-1015.42	-1226.842	211.4225	1.774213	0.5098609	1.860162
34512	-1020.186	-1231.101	210.9143	1.558071	0.4115839	2.445252
34518	-1021.745	-1233.898	212.1525	1.833152	0.4115839	1.415127
34524	-1010.195	-1221.632	211.4372	1.870318	0.3661253	1.962321
34530	-1021.824	-1233.073	211.2487	1.912268	0.5614968	1.828803
34536	-1010.723	-1221.964	211.241	1.820102	0.4359684	2.036893
34542	-1014.446	-1225.153	210.7067	1.752021	0.5226026	2.331845
34548	-1010.37	-1220.91	210.5405	1.736945	0.4262136	2.549989
34554	-1010.134	-1221.312	211.1781	1.668954	0.6689657	1.937888
34560	-1012.161	-1223.723	211.5622	1.771821	0.3999003	1.899214
34566	-1015.586	-1225.223	209.6366	1.408298	0.5947734	3.130838
34572	-1010.751	-1221.824	211.073	1.627893	0.3937797	2.322263
34578	-1022.517	-1234.035	211.5178	1.664548	0.3620086	2.051273
34584	-1015	-1226.584	211.5846	2.029029	0.6133454	1.447218
34590	-1029.097	-1241.121	212.0232	2.123968	0.7282754	0.8179195
34596	-1023.214	-1235.181	211.967	2.197644	0.7058636	0.8320942
34602	-1016.485	-1228.558	212.073	2.23378	0.684258	0.6570863
34608	-1022.185	-1233.338	211.153	2.316546	1.464356	0.7825652
34614	-1017.189	-1228.64	211.4515	2.413408	1.004222	0.7825652
34620	-1009.564	-1221.103	211.5398	2.346002	1.02251	0.7246112
34626	-1023.801	-1235.344	211.5426	2.378793	1.004587	0.6944215
34632	-1026.858	-1238.368	211.5099	2.432622	0.9491301	0.7516607
34638	-1018.421	-1230.203	211.7817	2.429586	0.7687412	0.6310769
34644	-999.567	-1211.224	211.657	2.50444	0.8107809	0.630664
34650	-1009.633	-1221.135	211.5019	2.517129	0.9395561	0.630664
34656	-1009.433	-1220.655	211.222	2.706009	1.058077	0.5271461
34662	-1009.67	-1220.982	211.3116	2.613691	1.058077	0.5468452
34668	-1014.086	-1225.4	211.3137	2.613691	1.058077	0.5326599
34674	-1007.567	-1219.1	211.5331	2.732483	0.7483909	0.501709
34680	-1003.295	-1214.923	211.6284	2.545294	0.8252103	0.5071836
34686	-1013.583	-1225.121	211.5372	2.666569	0.7994598	0.5071836
34692	-1011.681	-1223.488	211.8063	2.60435	0.6265076	0.4161466
34698	-1021.938	-1233.396	211.4581	2.658847	0.858118	0.4077372
34704	-1024.546	-1236.927	212.381	2.371991	0.4235973	0.5006119
34710	-1032.923	-1244.818	211.8944	2.489645	0.6572151	0.5014979
34716	-1024.965	-1237.156	212.191	2.355795	0.5054806	0.7000909
34722	-1022.345	-1234.35	212.005	1.952788	0.6194631	1.160295
34728	-1017.239	-1228.813	211.5738	1.838038	0.7774685	1.436968
34734	-1031.205	-1242.836	211.6307	1.580095	0.4345845	1.938593
34740	-1023.558	-1235.445	211.8867	1.87461	0.3895345	1.614384
34746	-1028.428	-1240.213	211.7848	2.044718	0.3558236	1.614384
34752	-1031.84	-1243.244	211.4041	2.604023	0.9689635	0.5723072
34758	-1036.553	-1248.259	211.706	2.505688	0.7841675	0.5753345
34764	-1007.783	-1219.65	211.8675	2.505688	0.6364339	0.6538678
34770	-1010.467	-1221.881	211.4137	2.558171	0.9649587	0.6751346
34776	-1010.986	-1222.412	211.4254	2.450661	1.08455	0.6285197
34782	-1003.385	-1214.734	211.3489	2.488329	1.033822	0.7804948
34788	-1009.342	-1220.856	211.5139	2.277281	1.089822	0.7699574
34794	-1008.504	-1220.472	211.968	2.123817	0.6034302	1.059194
34800	-1019.426	-1230.726	211.3002	2.06682	1.019064	1.26378
34806	-1021.776	-1233.275	211.4993	2.084221	0.8645815	1.218028
34812	-1022.958	-1234.339	211.3804	2.086774	0.7805414	1.391297
34818	-1012.831	-1224.481	211.6501	1.949505	0.8128456	1.254061
34824	-1016.567	-1228.598	212.0307	1.962258	0.5232876	1.254061
34830	-1026.073	-1237.447	211.3739	1.752068	0.6667537	1.748491
34836	-1023.236	-1234.429	211.1931	1.62817	0.7170682	1.912728
34842	-1016.458	-1228.075	211.6163	1.777628	0.4721237	1.7676
34848	-1025.935	-1236.361	210.4263	1.780983	0.8899206	2.184153
34854	-1019.641	-1231.286	211.6458	1.935331	0.8489005	1.234858
34860	-1005.887	-1217.809	211.9218	2.259266	0.7282636	0.7722525
34866	-1020.606	-1232.423	211.8162	2.250189	0.856299	0.7144512
34872	-1022.984	-1234.442	211.4585	2.141411	0.9725115	1.10239
34878	-1010.175	-1221.412	211.2365	2.053921	1.235821	1.160098
34884	-1016.173	-1228.167	211.994	1.975745	0.3707685	1.48817
34890	-1014.417	-1225.733	211.3159	1.989289	0.6980754	1.590936
34896	-1026.483	-1238.378	211.8953	1.852585	0.3775304	1.641285
34902	-1008.505	-1219.031	210.5261	1.739836	0.6572059	2.32819
34908	-1005.164	-1216.572	211.4084	1.717964	0.8399854	1.595409
34914	-1024.235	-1235.027	210.7924	1.807462	1.161341	1.740763
34920	-1007.891	-1219.427	211.536	2.220689	0.5974231	1.353808
34926	-1017.156	-1228.777	211.6203	2.010996	0.5974231	1.451241
34932	-1013.168	-1224.226	211.058	1.865356	0.7763667	1.79235
34938	-1023.773	-1235.329	211.5566	1.86656	0.6774454	1.524081
34944	-1017.228	-1228.507	211.2782	1.879797	0.9931657	1.449872
34950	-1010.807	-1221.818	211.0115	1.879797	0.9647027	1.667672
34956	-1022.728	-1234.132	211.404	1.845506	0.3997087	1.956509
34962	-1029.872	-1240.947	211.0751	1.881048	0.5435257	1.986449
34968	-1031.736	-1242.966	211.2304	1.797073	0.5983977	1.882557
34974	-1015.933	-1226.87	210.9371	2.757637	1.309284	0.4237676
34980	-1004.685	-1215.74	211.0553	2.649336	1.309284	0.4618485
34986	-1002.547	-1214.071	211.5246	2.575572	0.8880471	0.4618485
34992	-1005.61	-1216.857	211.2464	2.751167	0.9870304	0.5298721
34998	-1016.81	-1228.12	211.3101	2.677386	0.9946988	0.4558969
35004	-1024.857	-1235.469	210.6118	2.824813	1.672814	0.4685595
35010	-1016.424	-1227.082	210.6583	2.808681	1.617213	0.4333434
35016	-1008.84	-1219.758	210.9185	2.787009	1.285545	0.4028632
35022	-1009.486	-1220.558	211.072	2.654999	1.285545	0.4903054
35028	-1007.743	-1219.159	211.4155	2.513275	1.057411	0.5258749
35034	-1017.406	-1229.39	211.9841	2.457453	0.5982551	0.6214483
35040	-1022.316	-1233.9	211.5843	2.548343	0.8596878	0.531895
35046	-1031.015	-1242.156	211.1409	2.70899	1.142948	0.4833217
35052	-1022.468	-1233.415	210.9465	2.821763	1.235119	0.4752952
35058	-1026.316	-1237.35	211.0335	2.736001	1.235119	0.4954069
35064	-1028.168	-1239.33	211.1612	2.736001	1.085886	0.5561028
35070	-1025.066	-1236.504	211.4373	2.569175	0.9790898	0.5211543
35076	-1031.393	-1242.423	211.0305	2.602208	1.403712	0.5049723
35082	-1026.643	-1237.594	210.9506	2.557973	1.543293	0.6074947
35088	-1009.982	-1221.077	211.0947	2.555187	1.362712	0.5916719
35094	-1010.842	-1222.421	211.5799	2.431272	0.9640848	0.5798374
35100	-1015.17	-1226.662	211.4914	2.403875	0.9640848	0.7966319
35106	-1031.232	-1242.409	211.1778	2.149658	1.127008	1.211106
35112	-1030.132	-1242.097	211.9649	1.897997	0.6265803	1.233112
35118	-1029.646	-1240.688	211.0412	1.859611	1.251902	1.464614
35124	-1020.63	-1231.959	211.3293	1.757702	1.013071	1.48864
35130	-1040.924	-1252.656	211.732	2.117339	0.6249531	1.246395
35136	-1039.283	-1251.036	211.7531	2.117339	0.741226	1.093125
35142	-1020.698	-1232.553	211.8555	2.029348	0.6759212	1.156022
35148	-1024.867	-1236.928	212.0611	1.843994	0.6609339	1.156022
35154	-1017.912	-1229.296	211.3848	1.890232	0.8772561	1.453631
35160	-1019.05	-1230.46	211.4098	1.79249	0.9709107	1.433273
35166	-1010.203	-1221.82	211.6168	2.296695	0.7926602	0.9915018
35172	-1022.076	-1233.919	211.8431	2.253627	0.7926602	0.7797919
35178	-1016.484	-1228.614	212.13	2.253627	0.5099636	0.9080569
35184	-1016.33	-1228.198	211.8676	2.18628	0.6791623	0.9937267
35190	-1016.929	-1228.9	211.9712	2.218366	0.7175022	0.7795308
35196	-1014.273	-1226.195	211.9218	2.292974	0.7173641	0.7429486
35202	-1017.496	-1228.996	211.5003	2.487755	0.9835866	0.5909002
35208	-1008.692	-1220.149	211.4569	2.519092	0.9966383	0.5874547
35214	-1009.861	-1221.536	211.6746	2.47581	0.8113676	0.653898
35220	-1020.143	-1231.797	211.6535	2.49825	0.8113676	0.6510527
35226	-1009.345	-1221.1	211.7554	2.344813	0.7849248	0.7877565
35232	-1033.809	-1245.196	211.3872	2.313184	1.116519	0.8557914
35238	-1013.907	-1225.689	211.7826	2.20146	0.4464464	1.366356
35244	-1016.317	-1228.253	211.9364	2.049068	0.4456407	1.366356
35250	-1024.908	-1236.346	211.438	2.121956	0.5169059	1.596308
35256	-1043.765	-1255.503	211.7382	2.225277	0.3742042	1.487656
35262	-1030.558	-1241.554	210.9967	1.890083	0.8555729	1.753663
35268	-1024.702	-1236.207	211.5056	2.004375	0.7836608	1.354686
35274	-1013.752	-1225.376	211.6244	2.084883	0.7836608	1.190381
35280	-1029.459	-1241.458	211.9991	2.130111	0.5807566	1.055255
35286	-1015.699	-1227.819	212.1196	2.208617	0.4575179	1.055255
35292	-1008.94	-1221.046	212.106	2.243327	0.5817509	0.8158161
35298	-1011.081	-1222.999	211.9184	2.429969	0.6685564	0.6075879
35304	-1013.157	-1224.891	211.7336	2.389712	0.8267525	0.6726402
35310	-1007.016	-1218.698	211.6814	2.430079	0.8267525	0.6948041
35316	-1008.933	-1220.892	211.9595	2.338903	0.6757564	0.6948041
35322	-1014.117	-1225.586	211.4685	2.399876	0.9776042	0.8138487
35328	-1012.297	-1223.794	211.4968	2.304086	0.9776042	0.8952142
35334	-1021.204	-1232.809	211.6056	2.166415	0.9346712	0.9741119
35340	-1024.522	-1236.439	211.9172	2.116438	0.7340772	0.9411813
35346	-1014.834	-1227.001	212.1671	2.116438	0.6101962	0.8461784
35352	-1017.842	-1229.569	211.7267	2.311448	0.7989831	0.8461784
35358	-1018.224	-1229.649	211.4254	2.425415	1.096693	0.6595811
35364	-1017.064	-1228.906	211.8422	2.369319	0.7201536	0.7425145
35370	-1008.134	-1219.924	211.7898	2.125983	0.8274074	0.9471894
35376	-1015.743	-1227.246	211.5035	2.277584	0.8340707	1.073159
35382	-1015.917	-1227.499	211.5824	2.144441	0.8340707	1.122948
35388	-1008.649	-1220.077	211.4278	2.189016	0.6554444	1.39937
35394	-1010.742	-1222.116	211.3734	1.949694	0.5762911	1.700095
35400	-1015.518	-1226.536	211.0178	1.888263	0.848095	1.746066
35406	-1017.311	-1228.498	211.1875	1.953738	0.4976097	1.911623
35412	-1024.173	-1235.558	211.3843	1.953738	0.7669337	1.502595
35418	-1016.797	-1228.065	211.2683	1.730425	0.7253156	1.783888
35424	-1015.072	-1225.79	210.718	1.586086	0.5852269	2.36883
35430	-1017.097	-1228.607	211.5098	1.878134	0.563454	1.667751
35436	-1008.315	-1219.699	211.384	1.9209	0.563454	1.726638
35442	-1014.736	-1226.394	211.6579	2.217021	0.529537	1.341931
35448	-1010.269	-1222.101	211.8316	2.192936	0.4960773	1.264627
35454	-1017.257	-1229.021	211.7637	2.215753	0.5877331	1.181416
35460	-1015.953	-1227.787	211.8342	2.176439	0.5574682	1.193797
35466	-1043.162	-1254.91	211.7486	2.415268	0.5574682	1.055708
35472	-1026.017	-1238.044	212.0267	2.210914	0.4520839	1.147056
35478	-1022.763	-1234.331	211.5685	1.699948	0.5592572	1.75669
35484	-1046.788	-1257.824	211.0359	1.64185	0.6094706	2.105357
35490	-1033.811	-1245.654	211.8435	1.987744	0.6217338	1.265232
35496	-1008.829	-1220.358	211.5289	2.017663	0.9281668	1.190634
35502	-1020.939	-1231.659	210.7199	2.017663	1.400818	1.497033
35508	-1022.422	-1233.422	211.0004	1.714652	0.8657605	1.864484
35514	-1020.563	-1231.514	210.9507	1.806059	0.9365408	1.782994
35520	-1025.75	-1236.864	211.1133	1.835339	0.7889342	1.764308
35526	-1030.461	-1240.534	210.0732	1.655988	0.7889342	2.560171
35532	-1022.532	-1233.187	210.6542	1.7245	0.4973728	2.408594
35538	-1031.285	-1242.259	210.9747	1.953025	0.4131831	2.152211
35544	-1035.677	-1246.399	210.7215	1.985629	0.4059321	2.303325
35550	-1034.691	-1245.965	211.2736	1.970355	0.308469	2.087268
35556	-1029.939	-1240.963	211.0235	2.078937	0.5037315	1.931001
35562	-1016.247	-1227.337	211.0904	2.004659	0.5037315	1.935986
35568	-1029.066	-1239.906	210.8404	1.999141	0.550604	2.056611
35574	-1027.337	-1238.633	211.2963	1.924407	0.4399523	1.92535
35580	-1022.228	-1233.313	211.0846	1.872922	0.3583752	2.203203
35586	-1036.636	-1247.934	211.2981	2.017002	0.483681	1.808642
35592	-1035.241	-1245.935	210.6935	2.013979	0.8968731	1.846262
35598	-1030.465	-1241.341	210.8762	2.012435	0.8282077	1.774081
35604	-1025.298	-1235.963	210.6649	1.720246	0.6650144	2.245066
35610	-1033.182	-1243.834	210.6516	2.11173	0.834504	1.855541
35616	-1023.183	-1234.087	210.9035	1.937771	0.768408	1.855541
35622	-1004.77	-1216.486	211.7156	1.983751	0.7229806	1.262039
35628	-1004.861	-1216.145	211.2845	2.111674	0.5227663	1.707056
35634	-1010.777	-1222.225	211.4476	1.933638	0.4955438	1.748815
35640	-1011.167	-1222.522	211.3558	1.975741	0.4791739	1.802596
35646	-1002.138	-1213.372	211.2343	1.916625	0.3954348	2.027854
35652	-1018.114	-1229.393	211.2796	1.852582	0.395952	2.039605
35658	-1013.702	-1224.566	210.8641	1.717462	0.391358	2.40096
35664	-1004.675	-1215.727	211.0522	1.810053	0.3490813	2.277017
35670	-1011.415	-1223.345	211.9298	1.998564	0.3999254	1.475947
35676	-1018.027	-1229.677	211.6501	2.206037	0.7245052	1.125354
35682	-1007.664	-1219.764	212.1007	2.150914	0.4579244	1.125354
35688	-1012.694	-1224.327	211.6329	2.278004	0.6104186	1.211941
35694	-1019.188	-1230.491	211.3033	1.790208	0.6730825	1.765269
35700	-1003.604	-1213.736	210.1315	1.638288	1.183712	2.281041
35706	-1014.577	-1224.645	210.068	1.589812	0.6714369	2.695941
35712	-1010.686	-1221.364	210.6789	1.471317	0.4973857	2.551699
35718	-1019.39	-1230.272	210.8829	1.749935	0.3731697	2.391392
35724	-1020.912	-1232.412	211.5	1.745324	0.3602126	2.012019
35730	-1019.789	-1230.782	210.9932	1.655511	0.5218892	2.210739
35736	-1029.037	-1239.151	210.1138	1.568339	0.5954588	2.746169
35742	-1026.818	-1236.932	210.114	1.597334	0.8937318	2.497003
35748	-1028.901	-1237.574	208.6729	1.54103	1.195708	3.227225
35754	-1022.255	-1231.835	209.5799	1.425586	0.6826538	3.081435
35760	-1009.03	-1219.921	210.8905	1.778541	0.4494489	2.276406
35766	-1024.172	-1235.947	211.7744	1.748646	0.4494489	1.704791
35772	-1011.438	-1223.237	211.7983	1.790697	0.6552889	1.421113
35778	-1014.153	-1226.284	212.1314	1.933749	0.4953386	1.23179
35784	-1014.976	-1226.52	211.5442	1.836078	0.9538758	1.306901
35790	-1026.085	-1237.468	211.3833	1.681733	0.6483426	1.808354
35796	-1010.492	-1221.616	211.1242	1.658995	0.6372494	2.009765
35802	-1015.576	-1224.73	209.1543	1.432365	0.6372494	3.36584
35808	-1019.74	-1229.552	209.8122	1.366385	0.6047367	3.042402
35814	-1012.706	-1223.058	210.3526	1.786111	0.5564898	2.500135
35820	-1002.439	-1213.579	211.1394	1.66364	0.5204019	2.111927
35826	-1010.443	-1221.624	211.1812	2.014742	0.982455	1.429087
35832	-1016.642	-1228.295	211.6531	2.182226	0.9960261	0.8322688
35838	-1019.874	-1231.612	211.7377	2.062368	0.8663315	1.02007
35844	-1007.274	-1219.24	211.9658	2.189762	0.7145499	0.8293658
35850	-1008.464	-1219.874	211.4109	2.248284	1.186199	0.8293658
35856	-1015.979	-1227.677	211.6975	2.200087	0.9459197	0.8182314
35862	-1027.739	-1239.47	211.7306	2.167007	0.9459197	0.8182314
35868	-1018.165	-1229.837	211.6723	2.203332	0.9459197	0.8457031
35874	-1040.39	-1251.934	211.5439	2.094979	0.8730101	1.162151
35880	-1025.074	-1237.098	212.0248	2.246213	0.7192696	0.6356573
35886	-1025.346	-1236.909	211.5637	2.61926	0.8172761	0.5042472
35892	-1036.106	-1247.707	211.6006	2.580135	0.8172761	0.5340955
35898	-1031.901	-1243.093	211.1914	2.54035	1.264634	0.5845879
35904	-1053.276	-1262.751	209.4753	1.704269	0.6365522	3.014779
35910	-1024.207	-1235.307	211.1005	2.49961	1.43492	0.5694221
35916	-1024.617	-1236.182	211.5646	2.435271	0.9755512	0.5783111
35922	-1030.186	-1241.834	211.6474	2.434021	0.8978701	0.5783111
35928	-1012.777	-1224.097	211.3198	2.406178	1.197935	0.7204207
35934	-1013.118	-1224.977	211.8591	2.410329	0.7436973	0.5325286
35940	-1021.664	-1233.259	211.5957	2.503626	0.869353	0.6191046
35946	-1019.243	-1230.708	211.4646	2.482553	1.038847	0.5203132
35952	-1036.6	-1248.143	211.5435	2.509513	0.9231452	0.5832936
35958	-1035.524	-1246.928	211.4039	2.429657	1.09573	0.6943265
35964	-1029.178	-1240.777	211.5982	2.429657	0.8725788	0.7467704
35970	-1010.818	-1222.396	211.5778	2.30945	1.013846	0.7358873
35976	-1020.248	-1232.007	211.7598	2.276306	0.8535803	0.7659851
35982	-1004.912	-1216.758	211.8466	2.28381	0.7745219	0.7627749
35988	-1009.917	-1221.301	211.384	2.637884	0.963412	0.4727753
35994	-1023.06	-1234.759	211.6988	2.519088	0.785829	0.5335851
36000	-1018.58	-1229.986	211.4062	2.509289	1.0704	0.5335851
36006	-1029.353	-1240.683	211.3297	2.627942	1.0213	0.4410282
36012	-1031.039	-1242.307	211.2689	2.548888	1.177719	0.5290914
36018	-1043.421	-1254.997	211.576	2.552812	0.8613857	0.5455739
36024	-1051.714	-1263.209	211.495	2.637109	0.8613857	0.5180812
36030	-1049.856	-1261.545	211.6893	2.037737	0.7501255	1.210216
36036	-1025.898	-1238.368	212.4697	2.183395	0.3911756	0.8406179
36042	-1026.772	-1238.835	212.0623	2.301665	0.4711681	0.9972175
36048	-1028.507	-1240.436	211.9285	2.258605	0.7161446	0.7852639
36054	-1028.03	-1239	210.9699	2.463041	1.501553	0.7948596
36060	-1000.242	-1211.564	211.322	2.33598	1.182259	0.8352657
36066	-1025.102	-1236.527	211.4255	2.340012	1.182259	0.6749162
36072	-1010.046	-1221.523	211.477	2.378758	1.089106	0.6639018
36078	-1010.914	-1222.393	211.4791	2.370772	1.089106	0.6754449
36084	-1014.722	-1226.243	211.5205	2.309523	1.089106	0.7111943
36090	-1023.113	-1234.558	211.4447	2.378732	1.035119	0.7975809
36096	-1014.134	-1225.279	211.1441	2.449635	1.373776	0.6980556
36102	-1021.913	-1232.836	210.9229	2.43158	1.64614	0.7615897
36108	-1022.274	-1233.993	211.719	2.216566	0.8975181	0.8352637
36114	-1018.835	-1230.253	211.4184	2.148446	1.056761	1.055495
36120	-1003.868	-1215.646	211.778	1.992283	0.8482028	1.068181
36126	-1012.755	-1223.867	211.1113	2.222133	1.264508	1.099795
36132	-1016.225	-1227.544	211.3194	1.930683	0.5075301	1.826116
36138	-1004.699	-1216.223	211.5242	2.044376	0.5075301	1.601161
36144	-1016.959	-1228.63	211.6709	1.987559	0.4278108	1.636175
36150	-1019.709	-1231.464	211.7552	2.129117	0.3918808	1.520712
36156	-1009.946	-1221.702	211.7557	2.205749	0.5167827	1.288579
36162	-1017.943	-1229.689	211.7465	2.16312	0.4689919	1.393639
36168	-1017.458	-1228.86	211.4022	2.083757	0.6325521	1.522962
36174	-1035.857	-1247.621	211.7639	1.826023	0.4726257	1.628091
36180	-1032.713	-1244.496	211.7837	2.190541	0.3544315	1.510017
36186	-1031.292	-1241.661	210.369	1.884809	0.3977222	2.598079
36192	-1019.7	-1230.545	210.8448	1.836257	0.7282009	1.997437
36198	-1019.474	-1230.522	211.0477	1.859553	0.3803938	2.206734
36204	-1010.63	-1222.002	211.3712	1.957305	0.7433451	1.531371
36210	-1015.814	-1226.996	211.182	1.796155	0.4150542	2.117011
36216	-1012.903	-1223.951	211.0476	1.462885	0.4954635	2.327107
36222	-1004.583	-1214.881	210.2974	1.528588	0.622808	2.63366
36228	-1007.365	-1218.489	211.1236	1.680003	0.3527643	2.309548
36234	-1010.581	-1221.28	210.699	1.615283	0.446283	2.504317
36240	-1014.754	-1225.201	210.4463	1.368899	0.3709166	2.898647
36246	-1019.165	-1230.1	210.9351	1.730365	0.6887846	2.041594
36252	-1009.291	-1220.367	211.0754	1.708638	0.8467121	1.831836
36258	-1018.987	-1230.367	211.3798	1.891076	0.4899618	1.831836
36264	-1023.078	-1234.976	211.8985	1.863473	0.2990718	1.751419
36270	-1008.2	-1218.889	210.6886	1.790981	0.7423783	2.118779
36276	-1021.888	-1232.672	210.7835	1.769063	0.3704684	2.445403
36282	-1004.977	-1216.243	211.2669	1.680627	0.521665	2.015244
36288	-1001.18	-1212.485	211.3054	1.78674	0.4707997	1.975175
36294	-1007.842	-1218.758	210.9163	1.580063	0.7820197	2.075903
36300	-1011.066	-1221.746	210.6797	1.756043	0.8337299	2.075903
36306	-1001.378	-1212.814	211.4362	1.824307	0.4822241	1.847914
36312	-1029.626	-1240.679	211.053	2.021028	0.6728138	1.779119
36318	-1019.299	-1230.601	211.3026	1.753428	0.4726424	1.997166
36324	-1006.36	-1218.369	212.0091	2.310103	0.6392044	0.7424913
36330	-1017.498	-1229.308	211.8095	2.336726	0.7696698	0.7481133
36336	-1023.509	-1235.406	211.8967	2.068351	0.7696698	0.967081
36342	-1021.238	-1232.55	211.312	2.123261	1.193619	1.061445
36348	-1028.252	-1239.598	211.3455	2.099931	1.150575	1.087672
36354	-1020.13	-1232.127	211.9975	2.01777	0.6007101	1.133182
36360	-1013.6	-1224.458	210.8588	1.523771	0.4394986	2.469178
36366	-1021.576	-1231.78	210.2041	1.740696	0.60868	2.57262
36372	-1026.1	-1237.535	211.4352	2.145399	0.9951303	1.099115
36378	-1019.921	-1231.084	211.1635	2.10165	1.183598	1.220877
36384	-1014.674	-1226.025	211.3518	2.205292	0.9372171	1.173197
36390	-1013.912	-1225.466	211.5543	2.204399	0.8041017	1.125531
36396	-1031.632	-1242.955	211.3225	2.152762	0.8972629	1.27838
36402	-1018.171	-1229.91	211.7389	2.012325	0.6533395	1.294785
36408	-1014.575	-1226.193	211.6175	1.929303	0.8126258	1.297674
36414	-1016.771	-1228.077	211.3066	1.916913	0.9281412	1.451031
36420	-1005.759	-1216.677	210.9186	1.881826	1.198483	1.573657
36426	-1006.753	-1218.575	211.822	2.039969	0.6598237	1.194806
36432	-1006.281	-1218.193	211.9114	2.137612	0.3671486	1.433537
36438	-1018.514	-1230.452	211.938	1.771155	0.560758	1.433537
36444	-1004.866	-1216.013	211.1478	1.962962	1.05951	1.436244
36450	-1013.68	-1224.613	210.9336	1.952898	0.9609309	1.673838
36456	-1016.1	-1227.326	211.2262	1.823262	0.6561653	1.811691
36462	-1022.71	-1234.705	211.9949	1.925804	0.5630681	1.26244
36468	-1023.458	-1235.458	211.9999	1.990642	0.5022477	1.284208
36474	-1003.045	-1214.435	211.3902	2.029577	0.8421391	1.372073
36480	-1010.604	-1221.853	211.249	2.178258	1.166908	1.090951
36486	-999.88	-1211.496	211.6157	2.196798	0.8683684	1.005591
36492	-1016.077	-1227.9	211.8223	2.196798	0.6428649	1.075039
36498	-1012.632	-1224.307	211.6755	2.346019	0.5996806	1.128938
36504	-1014.285	-1225.907	211.6227	2.441159	0.7826377	0.8385017
36510	-1035.389	-1247.37	211.9813	2.546481	0.4827443	0.7871729
36516	-1020.628	-1232.457	211.8291	2.335739	0.7524504	0.7518154
36522	-1021.503	-1232.93	211.4277	2.543242	0.9885112	0.6250344
36528	-1049.111	-1261.092	211.9815	2.381431	0.6266645	0.6998518
36534	-1025.297	-1235.632	210.3353	1.851577	0.6600058	2.375941
36540	-1020.017	-1231.738	211.721	1.924075	0.7307325	1.298457
36546	-1008.252	-1219.495	211.243	1.856821	1.016217	1.47667
36552	-1006.135	-1218.163	212.028	2.081453	0.6654633	0.955522
36558	-1005.101	-1216.787	211.6857	2.108331	0.9726209	0.9085943
36564	-1006.836	-1218.368	211.5317	2.296863	0.9392506	0.9085943
36570	-1005.747	-1217.327	211.5801	2.361717	0.9123651	0.8067639
36576	-1001.408	-1212.917	211.5088	2.324734	1.016474	0.8084118
36582	-1012.255	-1223.872	211.6175	2.216101	1.016474	0.8084118
36588	-1004.496	-1215.816	211.3201	2.295654	1.090025	0.9762543
36594	-1006.025	-1217.248	211.2231	2.341938	1.219412	0.9064779
36600	-1020.079	-1231.294	211.2146	2.304798	1.219412	0.955727
36606	-1011.543	-1222.887	211.3439	2.088189	1.219412	1.043179
36612	-1019.709	-1230.821	211.1119	2.12128	1.407659	1.086214
36618	-1017.854	-1229.725	211.8711	2.022992	0.7536957	1.05659
36624	-1025.116	-1236.814	211.6979	2.386325	0.8187353	0.7538025
36630	-1034.478	-1245.619	211.141	2.650965	1.175714	0.6307657
36636	-1021.634	-1233.226	211.592	2.261002	0.9749256	0.8367474
36642	-1030.572	-1242.496	211.924	2.099804	0.5774249	1.156067
36648	-1026.929	-1238.476	211.5477	2.246854	0.9796497	0.9000209
36654	-1021.217	-1232.518	211.3011	2.177048	1.265001	0.9584669
36660	-1015.904	-1227.196	211.2917	2.251537	1.371082	0.7795869
36666	-1016.129	-1227.214	211.0846	2.483597	1.396774	0.7110148
36672	-1027.881	-1239.343	211.4622	2.162145	1.012882	1.041483
36678	-1029.966	-1241.611	211.6455	2.023347	0.8998156	1.109193
36684	-1020.651	-1232.364	211.7126	2.02326	0.8724868	1.074969
36690	-1022.73	-1234.739	212.0093	1.918686	0.7112985	1.074969
36696	-1003.899	-1215.846	211.9468	2.158519	0.6562767	0.9727306
36702	-1030.053	-1242.164	212.1112	2.06124	0.5679292	1.032197
36708	-1026.43	-1238.191	211.7606	2.079951	0.766344	1.092126
36714	-1013.353	-1225.661	212.3085	2.183528	0.4267665	0.946854
36720	-1017.688	-1229.437	211.7489	2.203781	0.8395326	0.891539
36726	-1020.259	-1232.009	211.7499	2.23048	0.8554812	0.8371677
36732	-1018.513	-1230.039	211.5254	2.163389	1.020126	0.9702506
36738	-1014.861	-1226.377	211.5156	2.173167	1.020126	0.9702506
36744	-1014.166	-1225.968	211.8029	2.118327	0.8037887	0.9702506
36750	-999.1285	-1211.011	211.8823	2.20119	0.6742251	0.9702506
36756	-1008.643	-1220.279	211.636	2.160937	0.8570485	1.033222
36762	-1003.494	-1215.49	211.9966	2.199447	0.6821482	0.8316596
36768	-1017.38	-1228.971	211.591	2.111444	0.8857655	1.092482
36774	-1015.298	-1226.798	211.5007	2.100989	1.026904	1.049951
36780	-1004.957	-1216.152	211.195	2.131586	1.135059	1.205553
36786	-1001.746	-1213.413	211.6665	2.05755	0.7569134	1.205553
36792	-992.476	-1204.065	211.5891	2.166014	0.8969836	1.031059
36798	-1005.007	-1216.847	211.8396	2.236628	0.6506073	1.009874
36804	-1006.414	-1218.347	211.9325	2.189354	0.6603521	0.9497437
36810	-1003.855	-1215.378	211.5234	2.494182	0.8556388	0.7886617
36816	-1003.62	-1215.035	211.4148	2.461281	0.9800258	0.8004314
36822	-1021.691	-1233.521	211.8302	2.458091	0.6717823	0.7211603
36828	-1009.889	-1221.293	211.4037	2.495855	1.048805	0.6525989
36834	-1023.435	-1234.701	211.2664	2.169782	1.302499	0.9698122
36840	-1026.038	-1237.382	211.3444	2.06879	1.158024	1.11113
36846	-1021.618	-1233.329	211.7108	1.936458	0.9179538	1.11113
36852	-1022.663	-1234.668	212.0042	1.978115	0.7166847	1.016283
36858	-1015.768	-1227.856	212.0885	1.953139	0.6713875	1.016283
36864	-1015.334	-1227.363	212.0292	1.977659	0.6105221	1.127991
36870	-1015.098	-1226.223	211.1255	1.872576	1.158345	1.452484
36876	-1017.439	-1229.448	212.0094	1.971019	0.7041442	1.033842
36882	-1021.647	-1233.092	211.4455	1.969855	1.166046	1.102627
36888	-1030.911	-1243.096	212.1848	1.793722	0.6479268	1.106106
36894	-1033.095	-1245.043	211.9482	1.975668	0.6698546	1.128562
36900	-1029.653	-1240.631	210.978	2.057455	1.377858	1.277923
36906	-1029.669	-1241.372	211.7036	2.070993	0.815766	1.098721
36912	-1026.935	-1238.073	211.1376	2.052258	1.109925	1.337305
36918	-1029.741	-1241.452	211.7114	1.911893	0.4408128	1.644425
36924	-1019.64	-1230.907	211.2677	1.98228	0.6168441	1.709924
36930	-1014.447	-1225.656	211.2086	1.724176	0.6939761	1.857192
36936	-998.6355	-1209.296	210.6602	1.857177	0.9310434	1.950498
36942	-1006.554	-1217.663	211.1091	1.933071	0.6090069	1.862064
36948	-1011.87	-1221.415	209.5449	1.588235	0.7001761	2.991252
36954	-1017.535	-1226.971	209.437	1.675589	1.096048	2.741274
36960	-1026.35	-1236.325	209.9751	1.631935	0.815049	2.616819
36966	-1023.517	-1234.298	210.781	1.624327	0.4671347	2.424181
36972	-1032.959	-1242.918	209.9587	1.602868	0.9046068	2.582884
36978	-1022.002	-1232.325	210.3228	1.605754	0.461945	2.725703
36984	-999.5715	-1209.305	209.7333	1.736646	0.4849286	2.979832
36990	-1014.313	-1225.177	210.8647	1.482452	0.4329706	2.498787
36996	-1020.05	-1230.462	210.4114	1.512463	0.4745368	2.715178
37002	-1026.705	-1237.46	210.7551	1.504229	0.3565385	2.645713
37008	-1032.261	-1243.541	211.2795	1.686477	0.561473	1.961285
37014	-1032.787	-1243.649	210.8617	1.850855	0.8118772	1.907917
37020	-1032.92	-1244.643	211.7229	1.836532	0.6967329	1.40119
37026	-1026.466	-1237.677	211.2109	1.937959	0.6654492	1.733692
37032	-1011.026	-1221.896	210.8702	1.828751	0.7011627	2.008624
37038	-1018.737	-1230.54	211.8031	1.987469	0.5074628	1.43562
37044	-1023.15	-1234.868	211.7177	2.020423	0.5074628	1.475592
37050	-1011.926	-1223.105	211.1794	1.74123	0.8134842	1.763675
37056	-1021.967	-1233.057	211.0895	1.95213	1.014814	1.521369
37062	-1033.34	-1244.88	211.5399	1.860309	0.7838361	1.440033
37068	-1037.079	-1248.103	211.0233	1.854938	0.5013361	2.082935
37074	-1030.979	-1242.274	211.2957	1.917623	0.7333107	1.624837
37080	-1050.426	-1261.801	211.3747	1.65431	0.5252394	1.95692
37086	-1036.104	-1247.084	210.9801	1.60544	0.4699475	2.306794
37092	-1037.427	-1248.933	211.5064	1.922589	0.504995	1.704183
37098	-1029.768	-1241.444	211.6756	2.062398	0.4907078	1.496583
37104	-1039.338	-1250.334	210.9959	2.139042	0.7994141	1.623249
37110	-1040.774	-1252.013	211.239	1.96815	0.5916728	1.765562
37116	-1031.321	-1241.958	210.6366	1.860364	0.4913821	2.340027
37122	-1017.988	-1229.334	211.3459	1.872866	0.3948332	1.98344
37128	-1020.733	-1231.942	211.209	2.044043	0.4819794	1.8533
37134	-1018.757	-1230.182	211.4249	2.075182	0.4011285	1.783593
37140	-1016.738	-1227.936	211.1986	1.880976	0.344415	2.142947
37146	-1007.399	-1218.75	211.3503	1.794737	0.3992364	2.026859
37152	-1006.671	-1217.964	211.2933	1.843267	0.6371134	1.769453
37158	-1024.6	-1236.242	211.642	1.802211	0.4420564	1.769453
37164	-1025.024	-1236.847	211.8234	1.771632	0.3635799	1.769453
37170	-1018.821	-1230.226	211.4042	1.573708	0.3407819	2.213992
37176	-1021.002	-1232.001	210.999	1.598163	0.407464	2.371415
37182	-1021.93	-1232.869	210.9384	1.441136	0.3144495	2.627858
37188	-1018.209	-1228.298	210.0897	1.40711	0.5649928	2.886405
37194	-1005.302	-1215.35	210.0476	1.65701	0.5764536	2.749596
37200	-1001.816	-1212.44	210.6236	1.799677	0.4646931	2.415526
37206	-1000.205	-1210.913	210.708	1.660461	0.5453718	2.366313
37212	-1014.704	-1225.112	210.4083	1.761404	0.4779511	2.559899
37218	-1036.631	-1246.298	209.6672	1.458003	0.8215097	2.906477
37224	-1031.855	-1241.907	210.0518	1.618708	0.5126507	2.830978
37230	-1024.746	-1235.66	210.9142	1.803612	0.5861779	2.101369
37236	-1023.404	-1234.004	210.6002	1.631346	1.116889	2.01928
37242	-1019.005	-1230.079	211.0738	1.82409	0.9239096	1.693317
37248	-1024.63	-1235.748	211.1178	1.975459	1.14407	1.388926
37254	-1029.463	-1240.525	211.0628	1.692007	0.3909901	2.291319
37260	-1021.382	-1231.788	210.4062	1.692007	0.414224	2.674651
37266	-1016.559	-1227.741	211.1816	1.817048	0.414224	2.104606
37272	-1027.793	-1238.071	210.2784	1.806018	0.5650821	2.525834
37278	-1014.645	-1224.416	209.771	1.63841	0.5650821	2.939075
37284	-1009.909	-1221.03	211.1207	1.79618	0.3852656	2.194284
37290	-1020.327	-1232.109	211.7818	1.769005	0.4821617	1.64453
37296	-1022.131	-1232.726	210.5954	1.735628	0.4690148	2.468826
37302	-1025.718	-1237.459	211.7402	1.833508	0.5915649	1.501321
37308	-1019.597	-1231.756	212.1582	1.928793	0.3667086	1.404875
37314	-1021.812	-1233.134	211.3217	1.881989	0.7024932	1.66006
37320	-1019.49	-1231.646	212.1555	1.768255	0.3251041	1.593838
37326	-1026.596	-1238.196	211.5998	1.792921	0.422285	1.830146
37332	-1014.25	-1224.666	210.4164	1.56521	0.4784336	2.675661
37338	-1024.158	-1234.643	210.4856	1.455964	0.5023337	2.675661
37344	-1032.151	-1243.56	211.4092	1.57474	0.4286724	2.096591
37350	-1017.915	-1228.987	211.0719	1.59595	0.4126306	2.320298
37356	-1015.463	-1226.905	211.4417	1.671828	0.4425837	1.994082
37362	-1013.44	-1224.167	210.7275	1.783332	0.684783	2.146638
37368	-1013.219	-1224.391	211.1728	1.689864	0.4629493	2.135798
37374	-1025.065	-1236.766	211.7013	1.883316	0.4128168	1.708762
37380	-1034.294	-1245.847	211.5532	1.948942	0.3019033	1.925395
37386	-1026.462	-1237.864	211.4023	1.627353	0.5274088	1.954202
37392	-1022.427	-1233.254	210.8277	1.854081	0.6020226	2.10973
37398	-1024.143	-1235.09	210.9468	1.652519	0.3145316	2.491167
37404	-1029.499	-1240.332	210.8331	1.863756	0.2880605	2.468607
37410	-1023.424	-1235.236	211.8127	1.850216	0.6094835	1.413595
37416	-1026.099	-1237.675	211.5764	1.942242	0.674788	1.454886
37422	-1032.616	-1243.981	211.3651	1.987784	0.4633114	1.806698
37428	-1019.958	-1231.536	211.5781	1.887856	0.3232017	1.917174
37434	-1019.52	-1231.081	211.5609	1.938044	0.4264164	1.751187
37440	-1020.097	-1231.654	211.5572	2.129569	0.4264164	1.61753
37446	-1003.946	-1215.869	211.923	2.091541	0.4750102	1.301979
37452	-1009.675	-1221.304	211.6289	2.001634	0.339336	1.780173
37458	-1025.407	-1237.216	211.8085	2.227692	0.4097411	1.378445
37464	-1027.1	-1238.826	211.7257	2.185689	0.3961707	1.494177
37470	-1033.599	-1245.197	211.5984	2.185866	0.46546	1.494177
37476	-1014.668	-1226.46	211.7922	2.067733	0.3901827	1.541247
37482	-1023.376	-1235.345	211.9694	2.0955	0.4387679	1.31283
37488	-1038.926	-1251.011	212.0851	2.14069	0.4387679	1.178334
37494	-1044.116	-1254.486	210.3694	1.610681	0.5385512	2.616023
37500	-1022.623	-1233.776	211.1534	1.901598	0.6302234	1.832645
37506	-1037.884	-1248.993	211.1084	1.946487	0.8251709	1.659257
37512	-1037.637	-1248.943	211.3057	2.12852	0.6474249	1.546031
37518	-1036.485	-1247.609	211.1242	2.021983	0.6537691	1.746686
37524	-1039.315	-1250.244	210.9285	2.117102	0.8333201	1.659159
37530	-1035.875	-1246.298	210.4228	2.089982	0.9382011	1.948481
37536	-1027.934	-1239.586	211.6517	2.05442	0.7580414	1.219669
37542	-1030.937	-1242.739	211.8011	2.312809	0.7741931	0.7867051
37548	-1041.55	-1253.818	212.2682	2.036178	0.4252861	1.130785
37554	-1032.842	-1245.014	212.1711	2.045338	0.3817335	1.27755
37560	-1028.823	-1240.847	212.0247	2.133992	0.5172793	1.119019
37566	-1032.785	-1244.821	212.0365	2.007181	0.5172793	1.219575
37572	-1036.563	-1248.048	211.4843	2.010603	0.8427535	1.311641
37578	-1029.51	-1241.209	211.6984	2.005164	0.4888819	1.524595
37584	-1020.712	-1231.711	210.9985	1.925228	0.4888819	2.066627
37590	-1014.571	-1226.049	211.4779	2.013877	0.4028738	1.787022
37596	-1006.048	-1217.39	211.3422	1.948178	0.4102354	1.915386
37602	-1005.602	-1216.518	210.9156	2.109858	0.5489606	1.934229
37608	-1003.886	-1214.525	210.6389	1.794309	0.5489606	2.321632
37614	-1005.843	-1216.565	210.7216	1.81568	0.701802	2.11476
37620	-1009.517	-1218.568	209.0514	1.40288	0.638908	3.442102
37626	-1004.482	-1214.423	209.9406	1.624844	0.5039198	2.903207
37632	-1039.6	-1250.854	211.2533	1.712255	0.684178	1.843529
37638	-1035.269	-1246.689	211.4194	1.735276	0.6422186	1.751876
37644	-1030.508	-1240.841	210.3325	1.675472	0.8395633	2.348058
37650	-1029.722	-1241.264	211.5425	2.150683	0.5242816	1.489011
37656	-1021.117	-1232.951	211.8346	2.058134	0.7420573	1.071516
37662	-1032.503	-1244.519	212.016	2.289869	0.4407426	1.103936
37668	-1029.709	-1241.895	212.1862	2.446951	0.3680313	0.9173417
37674	-1017.48	-1229.091	211.6114	2.069472	0.5471323	1.471085
37680	-1010.863	-1222.907	212.0432	2.0117	0.5551885	1.158316
37686	-1014.051	-1226.112	212.0608	1.894135	0.5869986	1.203478
37692	-1022.276	-1234.516	212.2401	1.984277	0.4768556	1.120377
37698	-1041.452	-1253.472	212.0204	2.032761	0.5845719	1.120377
37704	-1010.151	-1221.619	211.4686	2.020758	1.047815	1.134758
37710	-1009.201	-1220.787	211.5857	1.968081	0.8389978	1.267006
37716	-1012.343	-1223.685	211.342	1.979776	0.9751723	1.336317
37722	-1009.081	-1221.117	212.0361	1.855476	0.4951057	1.373095
37728	-1015.224	-1227.296	212.0726	1.896748	0.4588045	1.360661
37734	-1015.262	-1226.967	211.7049	1.972407	0.6473555	1.360661
37740	-1016.409	-1227.191	210.7822	1.807766	0.6407233	2.133925
37746	-998.926	-1210.138	211.2118	1.881686	0.5653915	1.871005
37752	-1005.539	-1216.214	210.6752	1.81749	0.5124743	2.320592
37758	-999.8897	-1210.872	210.9823	1.756986	0.630432	2.045227
37764	-1015.598	-1227.298	211.7002	1.858435	0.3362298	1.834522
37770	-1008.609	-1220.295	211.6864	1.741266	0.6772694	1.520895
37776	-985.7157	-1197.284	211.5683	2.021713	1.02822	1.059801
37782	-996.6419	-1206.434	209.7917	1.550942	0.5109429	3.030295
37788	-1007.998	-1218.743	210.7451	1.573896	0.5109429	2.432213
37794	-1022.192	-1232.568	210.3762	1.40329	0.6576846	2.632483
37800	-1013.687	-1223.469	209.7827	1.587787	0.63585	2.900529
37806	-1036.008	-1247.106	211.0971	1.646289	0.63585	2.037434
37812	-1016.872	-1228.165	211.293	1.817429	0.8211973	1.622622
37818	-1006.465	-1218.176	211.7115	1.785415	0.5924356	1.557415
37824	-1016.118	-1227.971	211.8532	1.864838	0.454732	1.557415
37830	-1054.615	-1265.798	211.1837	2.012995	1.040647	1.383721
37836	-1035.821	-1247.25	211.429	1.702948	0.5570596	1.853377
37842	-1041.981	-1252.312	210.3307	1.644614	0.7236644	2.456644
37848	-1039.975	-1251.3	211.3258	1.814964	0.4097722	2.0163
37854	-1029.654	-1241.394	211.7396	1.665999	0.4097722	1.837467
37860	-1023.284	-1235.328	212.0436	1.880612	0.4965579	1.345351
37866	-1020.581	-1232.089	211.5081	1.738373	0.52687	1.807052
37872	-1020.993	-1232.335	211.3422	1.741443	0.6819655	1.763929
37878	-1027.685	-1239.348	211.6629	1.951994	0.7217707	1.332009
37884	-1003.376	-1214.93	211.5537	1.836028	0.6584217	1.567716
37890	-1013.532	-1223.756	210.2241	1.803737	1.030354	2.206487
37896	-1020.681	-1230.983	210.3021	1.565285	0.9877106	2.336549
37902	-1024.093	-1234.762	210.6699	2.302048	1.004496	1.58035
37908	-1024.185	-1234.997	210.8124	2.173352	0.8582721	1.681716
37914	-1030.594	-1242.579	211.9844	2.05046	0.561846	1.166981
37920	-1032.833	-1244.667	211.8343	2.138677	0.4818722	1.326089
37926	-1039.768	-1251.765	211.9961	1.976813	0.4818722	1.326089
37932	-1024.051	-1235.714	211.6637	1.928783	0.5328451	1.553829
37938	-1026.587	-1237.83	211.2434	1.928783	0.9442785	1.477188
37944	-1021.819	-1232.253	210.4331	1.504009	0.5157565	2.664927
37950	-1024.411	-1235.036	210.6245	1.842531	0.9680308	1.958495
37956	-1022.544	-1233.075	210.5308	1.637321	0.4542277	2.586491
37962	-1022.659	-1233.458	210.7995	1.876883	0.851437	1.901707
37968	-1023.851	-1234.636	210.7856	2.090173	1.288314	1.460572
37974	-1011.031	-1222.2	211.1687	2.207464	1.443266	0.9158044
37980	-1024.575	-1236.099	211.524	1.989364	0.9979626	1.156993
37986	-1019.124	-1230.799	211.675	1.789609	0.7893037	1.385081
37992	-1017.75	-1229.017	211.2667	1.768486	0.6528217	1.824697
37998	-1007.149	-1218.341	211.1913	1.861953	0.7446307	1.728828
38004	-1011.328	-1221.955	210.6278	1.604045	0.833899	2.208777
38010	-1025.424	-1237.602	212.1783	1.61184	0.4029635	1.574414
38016	-1022.439	-1234.155	211.7168	1.984776	0.4622064	1.559904
38022	-1017.898	-1229.861	211.9629	2.193611	0.6090635	0.9879847
38028	-1007.6	-1219.262	211.6622	2.195513	0.8437577	0.9879847
38034	-1016.345	-1227.582	211.2369	2.321538	1.130628	0.9962978
38040	-1014.52	-1226.151	211.6313	2.120567	0.6726925	1.272823
38046	-1007.797	-1219.757	211.96	1.961118	0.5533216	1.274457
38052	-994.7339	-1206.828	212.0937	1.942383	0.5250811	1.215352
38058	-1004.98	-1217.055	212.0754	2.000634	0.6145871	1.058899
38064	-1012.509	-1224.808	212.2989	2.000634	0.5502735	0.9301106
38070	-1020.999	-1232.886	211.8871	2.125022	0.8286585	0.8356039
38076	-1028.677	-1240.364	211.6866	2.236693	0.8008312	0.9717025
38082	-1023.474	-1235.057	211.5824	2.284302	0.8916157	0.9226881
38088	-1023.474	-1235.106	211.6315	2.284302	0.7874798	0.9953766
38094	-1014.351	-1226.249	211.8989	1.997829	0.7874798	1.014411
38100	-1030.344	-1242.253	211.9091	2.166346	0.7874798	0.8165479
38106	-1015.417	-1227.02	211.6032	2.283363	1.004141	0.7516554
38112	-1014.471	-1225.894	211.4222	2.226317	0.9756514	1.054065
38118	-1029.932	-1242.051	212.1189	1.998521	0.4142412	1.307
38124	-1034.978	-1246.28	211.3023	2.001893	0.4328104	1.877507
38130	-1033.681	-1244.94	211.2592	1.877727	0.7193928	1.692143
38136	-1033.681	-1245.246	211.5655	1.753434	0.6967883	1.58209
38142	-1021.524	-1233.068	211.544	1.915741	0.7473373	1.428446
38148	-1029.965	-1241.637	211.6717	1.893114	0.8185726	1.277283
38154	-1021.06	-1232.032	210.9724	1.657188	0.4359422	2.31711
38160	-1018.354	-1229.27	210.9159	1.828279	0.3851065	2.305478
38166	-1027.361	-1238.617	211.2554	1.987706	0.4893108	1.851667
38172	-1029.631	-1241.026	211.395	2.021999	0.4654691	1.759591
38178	-1033.542	-1244.982	211.4395	1.964603	0.4728793	1.759591
38184	-1036.381	-1248.1	211.7194	2.027578	0.445939	1.547603
38190	-1029.192	-1240.878	211.6868	1.889888	0.3120113	1.858939
38196	-1021.305	-1232.877	211.5728	1.819508	0.4426966	1.804682
38202	-1020.019	-1230.849	210.8296	1.786337	0.3280136	2.461898
38208	-1025.965	-1237.369	211.4037	1.877269	0.4444655	1.878905
38214	-1023.637	-1235.287	211.6507	1.841155	0.3362287	1.880251
38220	-998.8955	-1210.177	211.2812	2.312979	1.286222	0.8033414
38226	-1022.388	-1233.939	211.5514	2.386657	0.9597674	0.7416804
38232	-1007.971	-1219.459	211.4879	2.395317	1.043459	0.6943477
38238	-997.0235	-1208.01	210.9862	2.44121	1.50557	0.7983345
38244	-1014.31	-1225.85	211.5398	2.380064	0.9903042	0.7212446
38250	-1014.856	-1226.265	211.4086	2.318666	1.045902	0.9018424
38256	-1020.076	-1231.138	211.062	2.204441	1.53146	0.9634074
38262	-1006.531	-1218.515	211.9847	2.090188	0.7454266	0.8797242
38268	-1002.068	-1214.143	212.075	2.071502	0.5147046	1.13374
38274	-1005.207	-1216.819	211.612	2.178251	0.8805709	1.01429
38280	-1004.738	-1216.39	211.6515	2.276324	1.012909	0.6665591
38286	-996.9707	-1208.803	211.8319	2.276324	0.8221614	0.7095869
38292	-997.4504	-1209.19	211.74	2.276324	0.9107896	0.697822
38298	-1013.014	-1224.881	211.8665	2.254427	0.8171227	0.697822
38304	-1011.486	-1223.229	211.7434	2.281623	0.9314463	0.6366419
38310	-1006.992	-1218.436	211.444	2.285024	1.176457	0.7452942
38316	-994.8764	-1206.532	211.656	2.285024	0.9546917	0.7452942
38322	-1002.989	-1214.361	211.3725	2.401696	1.126324	0.7452942
38328	-994.0927	-1205.523	211.4306	2.408642	1.075055	0.7178134
38334	-991.8552	-1203.501	211.6454	2.397054	0.8916924	0.6880969
38340	-1026.856	-1237.952	211.0962	2.091472	1.126261	1.327057
38346	-1022.456	-1233.661	211.2052	2.258765	0.9405869	1.249485
38352	-992.8976	-1204.216	211.3181	2.17118	1.221276	0.9852096
38358	-1019.261	-1230.6	211.3389	2.045575	1.160386	1.13506
38364	-1023.954	-1235.061	211.1062	2.589476	1.324103	0.5008754
38370	-1010.781	-1222.16	211.379	2.610756	0.9763528	0.607995
38376	-1007.118	-1218.614	211.4955	2.562181	0.9290764	0.5276737
38382	-1008.034	-1219.268	211.234	2.663787	1.091072	0.5140528
38388	-1004.824	-1215.973	211.1484	2.781167	1.054861	0.4625688
38394	-1007.906	-1219.059	211.1531	2.760335	1.054861	0.4084362
38400	-1004.727	-1215.232	210.5046	2.885555	1.657405	0.3473958
38406	-1004.77	-1215.445	210.6747	3.000156	1.264604	0.3356768
38412	-1007.503	-1218.125	210.6221	2.986109	1.264604	0.2821704
38418	-1026.742	-1237.351	210.6084	2.986109	1.264604	0.2735757
38424	-1016.38	-1227.197	210.8164	2.989867	1.037911	0.2781888
38430	-1021.49	-1231.833	210.3431	3.056361	1.524806	0.2781888
38436	-1011.2	-1221.72	210.5209	2.979225	1.507883	0.352683
38442	-1015.402	-1226.183	210.7804	2.979225	1.160366	0.3302865
38448	-1020.646	-1231.905	211.259	2.84969	0.8424667	0.3640958
38454	-1013.969	-1225.141	211.1726	2.824795	0.9771223	0.4266183
38460	-1023.772	-1235.052	211.2807	2.728638	0.9771223	0.5021978
38466	-1021.083	-1232.288	211.2052	2.641418	1.147164	0.5049174
38472	-1024.346	-1235.741	211.3949	2.641418	0.9508893	0.5049174
38478	-1015.531	-1227.172	211.6403	2.568473	0.786524	0.5757744
38484	-1017.355	-1228.725	211.3705	2.568473	1.030021	0.599805
38490	-1010.351	-1221.846	211.4954	2.335835	1.014379	0.8141305
38496	-1008.743	-1220.163	211.4195	2.215997	1.219553	0.8226514
38502	-1035.274	-1246.369	211.0949	2.110657	1.388428	1.125031
38508	-1032.895	-1244.131	211.2366	2.183805	1.163898	1.099723
38514	-1020.538	-1231.811	211.2731	2.025427	1.265154	1.130936
38520	-1031.458	-1243.224	211.7652	2.09692	0.8307844	0.9983691
38526	-1020.274	-1231.991	211.7173	1.998071	0.6907509	1.283121
38532	-1024.584	-1236.539	211.9549	2.23351	0.6316351	0.9207904
38538	-1016.254	-1227.672	211.4188	2.007487	0.7610669	1.441166
38544	-1018.366	-1230.169	211.8029	1.989175	0.6697468	1.242733
38550	-1017.899	-1229.575	211.6758	1.989175	0.8587224	1.153183
38556	-1011.871	-1223.524	211.6526	2.159796	0.7552799	1.130063
38562	-1014.618	-1226.387	211.7694	2.109719	0.7741001	1.047144
38568	-1018.794	-1230.648	211.8537	2.195044	0.7741001	0.8692046
38574	-1022.946	-1234.338	211.392	2.090739	0.9567122	1.219602
38580	-1031.568	-1243.226	211.6582	2.009234	0.700237	1.312042
38586	-1024.549	-1235.817	211.2685	1.983679	1.156311	1.252098
38592	-1016.112	-1227.62	211.5083	2.152101	0.9327504	1.084672
38598	-1017.925	-1229.433	211.5078	2.100958	0.9327504	1.1317
38604	-1008.856	-1220.196	211.3407	1.939152	0.642233	1.663343
38610	-1006.475	-1217.588	211.1127	1.849248	0.5379097	1.988418
38616	-997.5173	-1208.953	211.4362	1.774287	0.6449591	1.709999
38622	-1011.102	-1223.091	211.989	2.169675	0.4073204	1.284033
38628	-1014.111	-1226.017	211.9067	2.156391	0.5210143	1.197851
38634	-1011.523	-1223.515	211.9925	2.219515	0.5210143	1.064275
38640	-1027.351	-1238.556	211.2049	1.655874	0.3436258	2.285381
38646	-1025.223	-1236.294	211.0701	1.697347	0.4175665	2.250561
38652	-1026.916	-1238.025	211.1087	1.685053	0.4037122	2.250561
38658	-1023.445	-1233.735	210.2904	1.565835	0.7554031	2.506377
38664	-1017.227	-1227.358	210.131	1.472636	0.3339853	3.072277
38670	-1005.502	-1215.617	210.1148	1.64252	0.469833	2.821781
38676	-1010.299	-1220.695	210.3964	1.601522	0.2841932	2.903929
38682	-1008.411	-1219.488	211.0769	1.881962	0.4880268	2.044361
38688	-1003.704	-1214.931	211.2275	1.841639	0.4638924	1.998554
38694	-1007.713	-1219.638	211.9252	2.085524	0.3113435	1.552663
38700	-1004.226	-1215.433	211.2064	1.884558	0.3747492	2.09443
38706	-1027.578	-1237.821	210.2426	1.568066	0.3073108	2.983931
38712	-1029.087	-1239.824	210.7373	1.65494	0.4105127	2.496698
38718	-1025.501	-1236.356	210.8551	1.460688	0.4522733	2.496698
38724	-1016.121	-1226.903	210.7818	1.492702	0.6023901	2.371626
38730	-1016.002	-1227.258	211.2557	2.013422	0.3687791	1.984374
38736	-1022.161	-1233.908	211.7478	2.106359	0.3174002	1.656503
38742	-1016.822	-1228.862	212.0395	2.183434	0.4740557	1.125945
38748	-993.3906	-1205.163	211.7721	2.074552	0.8557204	0.9854354
38754	-992.5775	-1204.257	211.6791	2.167567	0.8557204	0.9854354
38760	-995.4044	-1207.09	211.6851	1.936109	0.8927227	1.158676
38766	-1023.668	-1235.463	211.7957	2.054443	0.8927227	0.9392083
38772	-1023.085	-1233.507	210.4214	1.594298	0.4043989	2.736722
38778	-1014.768	-1225.179	210.4115	1.560548	0.3227997	2.865522
38784	-1020.603	-1231.262	210.6591	1.48859	0.4471071	2.606923
38790	-1028.279	-1238.633	210.3533	1.630812	0.7393159	2.438699
38796	-1028.616	-1239.435	210.8195	1.589442	0.4184874	2.476864
38802	-1012.352	-1223.401	211.0491	1.805247	0.3855386	2.234296
38808	-1007.302	-1218.392	211.0904	1.71331	0.4634132	2.173702
38814	-1010.504	-1221.508	211.0034	1.75497	0.4199088	2.253574
38820	-1024.452	-1235.354	210.902	1.597715	0.5751575	2.253574
38826	-1015.778	-1226.944	211.1665	1.633816	0.3978601	2.253574
38832	-1045.927	-1256.442	210.5147	1.816968	0.7616392	2.19951
38838	-1034.035	-1244.379	210.3441	1.790757	0.9353838	2.19951
38844	-1031.061	-1242.236	211.1746	1.592631	0.4614919	2.19951
38850	-1035.561	-1245.863	210.3015	1.829532	0.6905899	2.385467
38856	-1012.277	-1223.582	211.3047	1.9247	1.002093	1.38789
38862	-1028.966	-1239.811	210.845	1.813784	1.002093	1.804416
38868	-1024.194	-1235.107	210.9132	1.631547	0.9397205	1.925889
38874	-1019.954	-1230.968	211.0142	1.820761	0.5547276	2.055401
38880	-1034.538	-1245.369	210.8317	1.775013	0.9534498	1.874115
38886	-1029.916	-1241.297	211.3814	2.018184	0.7598527	1.46264
38892	-1033.832	-1245.073	211.2406	2.157248	0.7598527	1.463993
38898	-1026.967	-1238.3	211.3331	2.158342	0.6862306	1.463993
38904	-1016.524	-1227.882	211.3586	1.879365	0.7489646	1.592824
38910	-1019.031	-1230.047	211.0153	1.853906	0.7489646	1.852779
38916	-1027.183	-1237.84	210.6568	1.69596	0.7489646	2.19599
38922	-1030.271	-1242.245	211.974	2.104962	0.4969252	1.217939
38928	-1014.943	-1226.975	212.0327	2.019326	0.5132987	1.217939
38934	-1025.54	-1237.613	212.0729	1.934805	0.4240917	1.379713
38940	-1004.608	-1215.567	210.959	1.929144	0.7240978	1.861153
38946	-1017.168	-1227.247	210.0783	1.683807	0.3739441	2.927007
38952	-1003.982	-1214.458	210.4767	1.697494	0.4247532	2.615711
38958	-1005.215	-1215.883	210.6677	1.894478	0.4314946	2.365145
38964	-1016.716	-1227.856	211.1395	1.840969	0.4170266	2.113073
38970	-1006.19	-1217.341	211.1512	1.869091	0.4875812	2.004065
38976	-1022.599	-1233.166	210.5668	1.677968	0.7293079	2.281292
38982	-1016.858	-1228.578	211.7204	2.083976	0.8517014	1.0319
38988	-1028.642	-1240.37	211.7272	2.149099	0.7778849	1.04543
38994	-1021.813	-1232.075	210.2623	1.710199	0.8204875	2.384416
39000	-1013.636	-1225.321	211.6857	1.995148	0.4575914	1.581045
39006	-1021.325	-1232.465	211.1397	1.888946	0.5622736	1.918307
39012	-1023.993	-1234.499	210.5058	1.888946	1.012086	1.977182
39018	-1006.692	-1217.822	211.1297	1.979194	0.548372	1.878278
39024	-1007.244	-1219.018	211.7746	2.176323	0.4712684	1.358097
39030	-1004.533	-1216.345	211.8112	2.295369	0.6403295	0.9937434
39036	-1006.106	-1217.85	211.7441	2.151315	0.6403295	1.189025
39042	-1012.272	-1224.073	211.8008	2.158066	0.5693262	1.2226
39048	-1017.116	-1229.145	212.029	2.138807	0.6732224	0.8799332
39054	-1016.321	-1227.723	211.4021	2.151003	0.9239121	1.188858
39060	-1020.228	-1231.72	211.4919	2.076972	0.846016	1.247846
39066	-1017.721	-1228.729	211.0082	2.013735	0.8413947	1.669497
39072	-1007.154	-1218.814	211.6602	2.053698	0.7787978	1.191471
39078	-1014.007	-1225.191	211.1845	2.012206	0.893537	1.499424
39084	-1032.699	-1244.544	211.8446	2.032623	0.6345849	1.211493
39090	-1015.753	-1226.948	211.1949	2.547941	1.266562	0.4895577
39096	-1022.494	-1233.819	211.3246	2.323408	1.266562	0.7507777
39102	-1024.194	-1235.643	211.4491	2.30932	1.067973	0.8404541
39108	-1007.847	-1219.759	211.9119	2.079873	0.8430598	0.8404541
39114	-1003.214	-1214.999	211.7841	1.897805	0.9965964	1.000934
39120	-1007.129	-1218.463	211.3339	2.050987	1.182838	1.116815
39126	-1003.071	-1215.17	212.0989	2.00935	0.5399426	1.13201
39132	-1001.752	-1213.15	211.3981	1.984125	1.105329	1.181187
39138	-998.0907	-1209.382	211.2916	2.024376	1.134119	1.215294
39144	-1005.109	-1216.914	211.8052	2.156267	0.8066728	0.9240164
39150	-1019.63	-1230.302	210.6727	1.748575	0.3987804	2.492591
39156	-1025.136	-1235.964	210.828	1.77501	0.5020002	2.26105
39162	-1004.735	-1216.712	211.9763	1.843223	0.6003914	1.299913
39168	-1011.608	-1222.6	210.9919	1.723214	0.6447184	2.048048
39174	-1025.562	-1237.514	211.9519	1.788712	0.5352693	1.439752
39180	-1013.105	-1225.231	212.1258	1.844603	0.5547654	1.23157
39186	-1023.715	-1235.14	211.4252	1.822167	0.6156762	1.71294
39192	-1041.24	-1252.738	211.4989	2.029668	0.9860862	1.154128
39198	-1042.026	-1254.027	212.0013	1.947731	0.6445424	1.136958
39204	-1042.16	-1253.606	211.4466	1.575409	0.3585728	2.161103
39210	-1051.592	-1263.675	212.0834	2.111714	0.6212034	0.9294755
39216	-1028.724	-1240.502	211.7779	2.286768	0.8709619	0.6889836
39222	-1031.146	-1242.127	210.9803	1.879094	0.5657265	2.028149
39228	-1022.98	-1234.316	211.3357	1.850618	0.3772708	2.028149
39234	-1015.013	-1226.063	211.0498	2.035048	0.6505316	1.792567
39240	-1019.177	-1230.131	210.9537	1.848511	0.6698318	1.967262
39246	-1037.597	-1248.707	211.1099	1.857754	0.5891345	1.932311
39252	-1034.997	-1246.764	211.7677	1.830759	0.5035243	1.584169
39258	-1033.196	-1245.157	211.9611	2.042907	0.4320249	1.371173
39264	-1041.649	-1253.424	211.7752	2.179184	0.5567774	1.242386
39270	-1021.091	-1232.593	211.502	1.834351	0.3775724	1.927335
39276	-1034.703	-1245.313	210.61	1.762552	0.4746379	2.436634
39282	-1027.794	-1238.549	210.7545	1.533016	0.4746379	2.489969
39288	-1026.155	-1235.681	209.5262	1.452962	0.5777692	3.184799
39294	-1017.792	-1228.166	210.3738	1.528244	0.4984456	2.703859
39300	-1028.313	-1237.625	209.3119	1.274226	0.684544	3.328457
39306	-1023.288	-1232.664	209.3755	1.435085	0.5973212	3.267506
39312	-1010.519	-1221.153	210.6341	1.777634	0.8197096	2.102273
39318	-1027.654	-1238.745	211.0907	1.764931	0.4646347	2.138491
39324	-999.6712	-1211.001	211.33	1.83078	0.6347943	1.754818
39330	-1015.216	-1226.974	211.7584	1.857159	0.5308677	1.539117
39336	-1014.02	-1225.783	211.7631	2.030616	0.5981114	1.323492
39342	-1009.98	-1221.062	211.0819	2.035806	0.5163005	1.906795
39348	-1022.361	-1233.341	210.9797	2.01456	0.5677064	1.935909
39354	-1019.698	-1230.576	210.8784	1.802768	0.5750713	2.136142
39360	-1012.027	-1223.195	211.1682	1.914524	0.5750713	1.868411
39366	-1013.811	-1224.932	211.1206	1.697019	0.760922	1.877925
39372	-1017.519	-1228.99	211.4712	1.826887	0.5268848	1.771243
39378	-1020.585	-1231.694	211.1087	1.932779	0.539085	1.933796
39384	-1012.069	-1223.663	211.5947	2.026599	0.4246076	1.667039
39390	-1017.437	-1229.003	211.5662	2.026599	0.6459303	1.428077
39396	-1023.841	-1235.773	211.9323	2.232861	0.4385171	1.230576
39402	-1014.246	-1226.048	211.8023	2.379166	0.5991725	0.9771745
39408	-1023.078	-1234.462	211.3845	2.448516	0.9996832	0.8305536
39414	-1020.819	-1232.656	211.8372	2.184123	0.5586247	1.18305
39420	-1006.961	-1218.349	211.3878	1.97577	0.4633679	1.799264
39426	-1034.903	-1245.587	210.6842	1.951141	0.7284032	2.027667
39432	-1022.167	-1233.184	211.0171	2.013575	0.5609288	1.918311
39438	-1012.501	-1223.519	211.0178	2.055203	0.5481494	1.902907
39444	-1016.553	-1227.152	210.5989	1.77395	0.4683943	2.443246
39450	-1044.139	-1254.913	210.7735	1.662254	0.918185	2.014169
39456	-1037.531	-1248.77	211.2394	1.804517	0.4648782	2.014169
39462	-1041.291	-1252.476	211.1852	1.85681	0.5661006	1.905306
39468	-1022.943	-1233.983	211.0404	1.957714	0.5661006	1.934984
39474	-1006.533	-1218.108	211.5745	2.015817	0.5567331	1.527887
39480	-1001.133	-1212.543	211.41	2.013745	0.5910798	1.612321
39486	-1018.526	-1229.837	211.3113	1.861807	0.5955211	1.785325
39492	-1026.335	-1237.659	211.3235	1.819767	0.4980406	1.909709
39498	-1017.775	-1229.014	211.2387	1.970885	0.3912699	1.994179
39504	-1010.119	-1221.919	211.7998	2.072152	0.4677535	1.424438
39510	-1007.925	-1219.276	211.3511	1.730899	0.5516481	1.893141
39516	-1026.35	-1237.318	210.9679	1.838958	0.6710901	1.963045
39522	-1023.646	-1234.402	210.756	1.898883	0.5232677	2.205351
39528	-1020.774	-1232.209	211.4348	1.843528	0.4127853	1.920262
39534	-1013.264	-1224.928	211.664	1.828645	0.4572098	1.716598
39540	-1014.461	-1225.932	211.4702	2.015754	0.4171149	1.772275
39546	-1018.253	-1229.395	211.1421	1.968504	0.7996263	1.640621
39552	-1037.379	-1246.877	209.4981	1.49552	0.7155849	3.062923
39558	-1031.761	-1242.404	210.6433	1.652855	0.6103902	2.350588
39564	-1047.724	-1259.164	211.4395	1.766975	0.5795669	1.778491
39570	-1023.151	-1233.494	210.343	1.554742	0.3964558	2.817954
39576	-1023.374	-1232.915	209.5406	1.81536	0.5463641	2.988519
39582	-1023.92	-1234.138	210.218	1.76878	0.4253732	2.730261
39588	-1030.597	-1241.41	210.8131	1.542879	0.4598099	2.46322
39594	-1020.01	-1231.34	211.3298	1.696773	0.5473112	1.935179
39600	-1037.742	-1249.434	211.6912	1.997113	0.717486	1.276852
39606	-1053.804	-1265.259	211.4551	1.929755	0.9183909	1.333165
39612	-1042.818	-1254.348	211.5306	2.07133	0.7066815	1.357748
39618	-1048.086	-1258.667	210.5804	2.067219	1.250909	1.651782
39624	-1040.426	-1251.436	211.0105	1.613047	0.5100109	2.239374
39630	-1033.856	-1244.225	210.3685	1.564389	0.5100109	2.673258
39636	-1040.429	-1250.301	209.8727	1.456742	0.8038019	2.795172
39642	-1027.558	-1237.594	210.0357	1.673657	0.6996192	2.64129
39648	-1027.886	-1238.709	210.8233	1.738242	0.6453845	2.148235
39654	-1023.28	-1234.219	210.9384	1.754197	0.8584899	1.885315
39660	-1029.735	-1240.881	211.1462	1.755013	0.53029	2.03681
39666	-1040.903	-1252.401	211.498	1.986571	0.5437757	1.620103
39672	-1023.264	-1233.56	210.2956	1.721084	0.5437757	2.588275
39678	-1018.575	-1229.27	210.6948	1.472644	0.4529776	2.588275
39684	-1020.946	-1230.993	210.0473	1.338213	0.5912683	2.929923
39690	-1013.36	-1223.935	210.5753	1.54326	0.431342	2.64255
39696	-1015.074	-1225.777	210.7028	1.715455	0.4206524	2.468486
39702	-1018.078	-1228.844	210.766	1.582874	0.3513145	2.597145
39708	-1018.854	-1229.491	210.6363	1.625411	0.4318298	2.553347
39714	-1011.494	-1222.405	210.9115	2.024512	0.656771	1.888887
39720	-1019.978	-1231.555	211.5766	2.182162	0.4709951	1.506172
39726	-1015.475	-1226.968	211.4935	1.891727	0.5039116	1.736286
39732	-1026.65	-1238.035	211.3855	1.968122	0.4828373	1.782928
39738	-1012.777	-1223.782	211.0051	1.9481	0.4990742	2.035921
39744	-1039.245	-1250.39	211.1453	1.934338	0.5177053	1.93101
39750	-1028.142	-1239.739	211.5962	2.343464	0.9764444	0.7117391
39756	-1033.168	-1244.386	211.2179	2.438456	1.311743	0.6741018
39762	-1023.776	-1234.971	211.1958	1.825645	0.4374214	2.061376
39768	-1026.334	-1237.903	211.5689	2.098546	0.607045	1.412806
39774	-1027.817	-1239.354	211.5372	2.032078	0.7378772	1.35211
39780	-1012.63	-1224.386	211.7556	2.259316	0.4637502	1.31739
39786	-1029.554	-1241.412	211.8586	1.958246	0.5875015	1.31739
39792	-1031.308	-1243.321	212.0124	1.93137	0.4669013	1.369711
39798	-1028.345	-1240.017	211.6718	1.824012	0.758694	1.389645
39804	-1018.863	-1230.743	211.8797	1.993633	0.6136045	1.239871
39810	-1025.915	-1237.37	211.4557	1.886599	0.6000106	1.66156
39816	-1031.415	-1243.037	211.6214	1.860419	0.452407	1.730196
39822	-1037.757	-1249.468	211.7103	2.031245	0.3914073	1.626011
39828	-1019.555	-1231.209	211.6539	1.759102	0.4405882	1.793017
39834	-1001.104	-1212.606	211.5023	1.889152	0.4757493	1.764992
39840	-1007.7	-1218.801	211.1003	1.889152	0.4757493	2.03788
39846	-1032.274	-1243.305	211.0304	1.763242	0.6000807	2.03788
39852	-1030.924	-1240.896	209.9729	1.661897	0.4906797	2.874609
39858	-1009.263	-1220.484	211.221	1.870706	0.3626689	2.110035
39864	-1029.121	-1240.714	211.5937	1.807837	0.4370973	1.805329
39870	-1034.68	-1246.113	211.4331	1.926203	0.429469	1.844026
39876	-1037.891	-1249.514	211.6229	1.736404	0.429469	1.844026
39882	-1028.893	-1240.346	211.4529	1.935815	0.4236773	1.831141
39888	-1042.837	-1254.017	211.18	2.070576	0.5908237	1.736071
39894	-1041.136	-1252.557	211.4206	1.850464	0.467189	1.858375
39900	-1027.19	-1238.24	211.0504	1.788119	0.5064797	2.103494
39906	-1017.232	-1227.985	210.7528	1.611647	0.6090951	2.308299
39912	-1023.694	-1234.453	210.7592	1.643472	0.6377509	2.257872
39918	-1033.632	-1244.008	210.376	1.668431	0.7034707	2.429495
39924	-1040.81	-1251.727	210.9179	1.668978	0.7096613	2.075555
39930	-1028.869	-1240.211	211.3415	1.770105	0.7900674	1.648068
39936	-1011.342	-1222.882	211.5396	1.753864	0.77603	1.527574
39942	-1016.118	-1227.68	211.5621	1.843402	0.6629463	1.551602
39948	-1015.368	-1226.69	211.3219	1.945391	1.156124	1.239669
39954	-1009.3	-1220.823	211.5236	1.928614	0.8265458	1.36055
39960	-1008.747	-1220.494	211.7466	1.741956	0.8132085	1.343933
39966	-1013.967	-1226.358	212.3913	1.947859	0.4742393	1.016583
39972	-1023.332	-1235.152	211.8203	2.118919	0.7523512	1.01452
39978	-1019.692	-1231.78	212.0889	2.094452	0.703531	0.812011
39984	-1028.026	-1239.498	211.4717	2.045302	1.165606	1.006204
39990	-1036.977	-1248.304	211.3275	2.039175	1.275209	1.060556
39996	-1029.536	-1241.462	211.9263	2.071169	0.8008739	0.8915323
40002	-1024.023	-1235.345	211.3213	2.166972	0.4978908	1.67043
40008	-1023.802	-1235.663	211.8611	2.21398	0.2858483	1.549151
40014	-1032.361	-1243.411	211.0497	2.34908	1.447142	0.8870886
40020	-1023.26	-1234.81	211.5494	2.218542	0.9731963	0.9364392
40026	-1018.577	-1230.466	211.8886	2.185826	0.6478036	1.015478
40032	-1019.08	-1230.573	211.4931	2.152412	1.21865	0.8107977
40038	-1026.629	-1238.433	211.8049	2.145993	0.963175	0.7157662
40044	-1018.176	-1229.836	211.6603	2.258571	0.9696459	0.7554314
40050	-1016.926	-1228.462	211.536	2.281897	0.9854478	0.866424
40056	-1015.769	-1227.494	211.7248	2.229101	0.9551786	0.7242781
40062	-1035.264	-1246.893	211.6284	2.014878	0.9523404	1.08153
40068	-1044.942	-1256.87	211.9281	1.992033	0.5187909	1.319496
40074	-1021.101	-1232.375	211.2744	1.943952	0.5187909	1.835402
40080	-1023.439	-1234.287	210.8482	1.788222	0.5499463	2.190086
40086	-1022.728	-1233.036	210.308	1.674539	0.5747277	2.580157
40092	-1025.557	-1236.294	210.7374	1.746294	0.6074702	2.23335
40098	-1017.008	-1228.032	211.0234	1.864231	0.7402945	1.847562
40104	-1015.129	-1226.523	211.3939	1.685755	0.6612623	1.786002
40110	-1030.676	-1241.517	210.841	1.938586	1.413633	1.457848
40116	-1020.251	-1231.736	211.4847	1.785462	0.6926309	1.621528
40122	-1023.994	-1234.354	210.3597	1.582583	0.6098656	2.573083
40128	-1006.694	-1217.502	210.8083	1.751728	0.9000496	1.94403
40134	-1011.738	-1223.164	211.4259	1.764477	0.8663905	1.526447
40140	-1023.273	-1235.222	211.9489	1.905417	0.5606018	1.319726
40146	-1005.267	-1216.972	211.7051	1.995264	0.6873798	1.298971
40152	-1008.215	-1219.99	211.7749	1.835175	0.750083	1.30729
40158	-1021.572	-1233.094	211.5211	1.891603	0.4406986	1.793077
40164	-1033.137	-1243.791	210.6536	1.740585	0.5872374	2.309616
40170	-1031.451	-1243.096	211.6448	2.028991	0.7053661	1.301502
40176	-1015.141	-1227.204	212.0627	1.913069	0.5028689	1.295457
40182	-1013.663	-1225.397	211.7344	2.032296	0.6415085	1.295457
40188	-1011.648	-1223.374	211.7262	2.115006	0.8028372	1.050615
40194	-1025.287	-1236.931	211.644	1.848215	0.967406	1.202192
40200	-1008.951	-1220.148	211.1966	1.729696	0.9904139	1.623765
40206	-1008.462	-1218.902	210.4401	1.774601	1.137944	2.017724
40212	-1007.129	-1217.619	210.4897	1.834077	1.137944	1.944717
40218	-1012.433	-1223.518	211.0844	1.980651	1.063147	1.468427
40224	-1007.143	-1218.17	211.0273	2.158367	1.063147	1.375446
40230	-1024.326	-1234.584	210.2586	1.670828	0.8859625	2.365021
40236	-1021.052	-1229.818	208.7656	1.441124	0.6403364	3.585247
40242	-1034.611	-1243.816	209.2042	1.249799	0.3981758	3.670301
40248	-1027.596	-1236.677	209.0811	1.505798	0.3122529	3.697372
40254	-1018.014	-1229.565	211.5518	2.15935	0.7937383	1.178348
40260	-1031.833	-1241.858	210.0252	1.545426	0.8383862	2.622734
40266	-1027.733	-1239.052	211.3188	1.671703	0.5004096	2.009664
40272	-1026.182	-1237.114	210.9317	1.929483	0.9457438	1.703004
40278	-1020.995	-1232.546	211.5509	1.922911	0.6119188	1.553612
40284	-1010.269	-1221.286	211.0165	1.947693	1.039632	1.560628
40290	-1005.721	-1217.312	211.5904	2.155621	0.6272564	1.328235
40296	-1029.043	-1240.198	211.1548	1.87302	0.6378085	1.844008
40302	-1034.202	-1245.696	211.494	1.855101	0.4350387	1.844008
40308	-1031.275	-1242.733	211.4582	1.656855	0.4935207	1.933899
40314	-1026.29	-1237.856	211.5661	1.908482	0.4925947	1.686438
40320	-1024.294	-1235.503	211.2083	1.740613	0.441178	2.104651
40326	-1030.179	-1242.191	212.0114	2.023523	0.5334496	1.205028
40332	-1019.648	-1231.233	211.5859	1.965851	1.110289	1.02144
40338	-1024.606	-1236.392	211.7858	2.163584	0.6831681	1.089151
40344	-1019.053	-1230.376	211.3227	2.032322	0.6507198	1.600712
40350	-1014.872	-1226.139	211.2668	1.930598	0.8535064	1.53189
40356	-1028.887	-1240.358	211.471	2.066917	0.7159615	1.398618
40362	-1020.337	-1231.477	211.1397	2.292901	1.185987	1.070271
40368	-1012.456	-1223.816	211.3598	2.442494	1.047451	0.809712
40374	-1020.503	-1231.778	211.2752	2.442494	1.21442	0.710534
40380	-1027.717	-1239.393	211.676	2.480912	0.8115126	0.6391939
40386	-1018.058	-1229.911	211.8533	2.010842	0.603107	1.260095
40392	-1016.093	-1227.623	211.5303	1.877294	0.8360781	1.387004
40398	-1019.244	-1230.273	211.029	1.952923	1.278209	1.385165
40404	-1006.592	-1218.657	212.0655	2.018305	0.6158265	1.049896
40410	-1010.854	-1221.89	211.0362	2.302359	1.548027	0.8708871
40416	-1012.776	-1223.728	210.9522	2.264158	1.49384	1.040794
40422	-1003.937	-1215.265	211.3279	2.234721	1.18294	0.9436485
40428	-1010.153	-1221.565	211.4124	2.288745	1.081183	0.8933269
40434	-1016.892	-1228.314	211.4211	2.202181	1.004253	1.050638
40440	-1005.076	-1216.212	211.1363	2.337745	1.237619	0.9864406
40446	-995.668	-1206.545	210.8774	2.183316	1.514822	1.169058
40452	-1004.861	-1216.161	211.3003	1.902885	0.9810646	1.42461
40458	-1019.961	-1231.318	211.3574	1.829195	0.8966569	1.504395
40464	-1002.67	-1214.222	211.5523	1.753822	0.7002612	1.588167
40470	-1007.254	-1218.642	211.3887	1.755618	0.7295208	1.677737
40476	-1014.373	-1225.9	211.5267	1.787045	0.7463149	1.539568
40482	-997.0174	-1208.294	211.2761	1.866691	1.032641	1.431636
40488	-1004.104	-1215.386	211.282	1.866691	0.7090057	1.693265
40494	-1000.265	-1211.34	211.0756	1.835834	0.8995556	1.702173
40500	-1059.811	-1271.201	211.3894	2.010995	0.4703497	1.765242
40506	-1050.972	-1262.555	211.583	2.184959	0.5525972	1.397788
40512	-1023.785	-1235.017	211.2316	1.685966	0.5103625	2.047204
40518	-999.0929	-1209.537	210.4443	1.623507	0.9402615	2.239502
40524	-999.1362	-1209.738	210.6018	1.570108	0.4880591	2.547904
40530	-1015.587	-1225.193	209.606	1.66118	1.500409	2.438739
40536	-1011.672	-1223.187	211.5157	1.638365	0.4029386	2.016146
40542	-1020.585	-1230.964	210.3792	1.71399	0.7730773	2.343483
40548	-1016.828	-1227.965	211.1367	2.087618	0.9449431	1.436932
40554	-1020.583	-1232.077	211.4945	1.891807	0.7988963	1.436932
40560	-1014.914	-1226.472	211.5572	1.98587	0.7639751	1.347343
40566	-1014.666	-1226.845	212.1791	2.071493	0.5378006	1.001017
40572	-1025.838	-1238.003	212.165	1.903171	0.3808133	1.397404
40578	-1018.412	-1230.034	211.6226	1.982378	0.561453	1.51164
40584	-1033.168	-1244.407	211.2397	2.181632	0.8886282	1.329723
40590	-1029.575	-1241.307	211.7317	2.197492	0.5730399	1.242879
40596	-1028.235	-1239.985	211.7493	2.203116	0.6011056	1.187889
40602	-1020.799	-1232.544	211.7451	2.08775	0.6875926	1.187889
40608	-1010.79	-1222.777	211.9871	2.461104	0.5151927	0.8213265
40614	-1026.321	-1238.452	212.1308	2.291288	0.5788123	0.7171669
40620	-1038.094	-1249.706	211.6117	2.337222	0.9208523	0.7850556
40626	-1029.576	-1241.632	212.0561	2.057182	0.5344435	1.135222
40632	-1043.665	-1254.907	211.2422	1.694833	0.8035486	1.76033
40638	-1034.986	-1246.149	211.1625	1.778847	0.6221949	1.917806
40644	-1013.863	-1225.101	211.2379	1.888992	0.8692763	1.570904
40650	-1017.048	-1228.002	210.953	1.887011	0.7325324	1.886683
40656	-1019.38	-1230.24	210.8592	1.567154	0.7325324	2.161537
40662	-1004.808	-1216.083	211.2748	1.645497	0.4286333	2.13832
40668	-1020.166	-1231.295	211.129	1.851058	0.6095314	1.903857
40674	-1011.288	-1222.99	211.7013	2.20877	0.4238329	1.455523
40680	-1010.912	-1222.931	212.0188	2.079978	0.6119281	1.040859
40686	-1018.567	-1230.48	211.9135	2.154939	0.7670232	0.8559671
40692	-1016.605	-1228.667	212.0621	2.154939	0.5286032	1.04801
40698	-1010.891	-1221.904	211.0123	1.678588	0.7530352	1.970136
40704	-1019.989	-1231.202	211.2131	1.948987	1.053866	1.400774
40710	-1035.635	-1246.99	211.3549	1.861302	0.8048444	1.559402
40716	-1032.775	-1243.315	210.5403	1.646298	0.9122427	2.181942
40722	-1035.108	-1245.358	210.2496	1.708929	0.8054863	2.404292
40728	-1017.045	-1227.98	210.9349	1.607693	0.8054863	2.026914
40734	-1020.326	-1231.464	211.1386	1.527289	0.780087	1.964804
40740	-1020.238	-1231.264	211.0262	1.597547	0.7539991	2.014148
40746	-1029.533	-1241.03	211.4968	1.701468	0.4187423	1.966646
40752	-1018.693	-1229.498	210.8051	1.604352	0.3099994	2.615611
40758	-1010.646	-1221.962	211.3155	1.93681	0.8180772	1.52116
40764	-1017.586	-1229.038	211.4511	2.00677	0.7025858	1.473216
40770	-1012.472	-1224.163	211.6912	1.94349	0.5088282	1.55118
40776	-1008.964	-1220.512	211.5489	2.040493	0.5088282	1.584403
40782	-1008.27	-1219.793	211.5229	2.037961	0.5391268	1.569806
40788	-1006.02	-1217.662	211.6422	2.06768	0.5263322	1.473941
40794	-1003.739	-1215.343	211.6047	2.009105	0.3375388	1.794473
40800	-1002.927	-1214.442	211.5142	2.026843	0.4240287	1.72469
40806	-1004.651	-1216.071	211.4198	2.18587	0.4872923	1.598611
40812	-1002.494	-1213.447	210.9534	1.597709	0.4872923	2.309944
40818	-1011.605	-1222.009	210.4037	1.535931	0.3947504	2.79448
40824	-1007.677	-1217.832	210.1548	1.576716	0.3846042	2.932588
40830	-1009.942	-1221.162	211.2206	1.869349	0.5120374	1.930234
40836	-1012.352	-1223.466	211.1135	1.889987	0.5474284	1.950603
40842	-1013.333	-1224.653	211.3208	1.838817	0.4466202	1.958409
40848	-1006.534	-1216.786	210.2524	1.503674	0.4123567	2.885432
40854	-1023.849	-1232.525	208.6756	1.54401	0.5940575	3.616042
40860	-1025.116	-1234.845	209.7291	1.230885	0.5040957	3.264457
40866	-1023.763	-1234.157	210.3938	1.465337	0.365191	2.879149
40872	-1044.23	-1255.755	211.5254	1.895648	0.7112991	1.492509
40878	-1016.046	-1228.102	212.0558	2.030516	0.718863	0.904704
40884	-1017.98	-1229.485	211.505	2.168851	0.960334	1.044915
40890	-1006.142	-1218.015	211.8731	2.344657	0.617992	0.9096606
40896	-995.9383	-1207.54	211.602	2.207978	0.9501908	0.916553
40902	-1006.003	-1218.107	212.1039	2.143779	0.5478217	0.9881836
40908	-1006.348	-1217.695	211.3465	2.287152	1.09588	0.9520089
40914	-1005.476	-1216.364	210.8876	2.307429	1.76504	0.866055
40920	-1011.617	-1223.542	211.9256	2.313348	0.6956589	0.748865
40926	-1016.668	-1229.017	212.3493	1.941124	0.4882773	1.040869
40932	-1006.216	-1218.425	212.2086	2.259788	0.4969448	0.8335766
40938	-1026.241	-1238.1	211.8588	2.081076	0.8947859	0.8335766
40944	-1025.348	-1237.717	212.3691	2.110035	0.4975198	0.8187921
40950	-1015.283	-1226.837	211.554	2.380643	0.9181591	0.8081055
40956	-1020.159	-1232.05	211.8913	2.351113	0.5675061	0.9626916
40962	-1024.152	-1235.867	211.7155	2.219891	0.8197801	0.9356671
40968	-1010.347	-1221.813	211.4654	2.29997	1.010987	0.8974371
40974	-1008.925	-1220.506	211.5811	2.167914	0.9927549	0.9355653
40980	-1006.354	-1217.646	211.2922	2.174567	1.141585	1.07541
40986	-1012.034	-1223.76	211.7252	2.074687	0.5496704	1.376357
40992	-1023.726	-1235.252	211.5264	1.868377	0.4411511	1.804889
40998	-1026.898	-1238.598	211.7	2.053797	0.4863019	1.490272
41004	-1006.884	-1218.101	211.217	2.224984	0.506234	1.693529
41010	-1005.96	-1217.368	211.4084	2.100774	0.506234	1.645639
41016	-1001.68	-1213.321	211.6412	2.073264	0.4771872	1.531277
41022	-1017.224	-1229.175	211.9505	2.213735	0.5988986	0.9950411
41028	-1033.19	-1245.089	211.8992	2.204381	0.591921	1.063917
41034	-1037.137	-1248.443	211.3056	2.147505	0.5719729	1.611646
41040	-1036.114	-1247.845	211.731	2.110482	0.4617777	1.455808
41046	-1031.766	-1243.226	211.4607	2.186752	0.472833	1.586049
41052	-1030.433	-1242.115	211.683	2.081012	0.3884497	1.614014
41058	-1023.316	-1234.388	211.0717	1.878608	0.5756145	1.957519
41064	-1019.738	-1231.489	211.7515	1.887119	0.8115402	1.222618
41070	-1015.633	-1226.691	211.0582	1.867795	0.6996632	1.856761
41076	-1025.864	-1236.833	210.9685	1.77231	0.8505212	1.858534
41082	-1027.531	-1238.665	211.1347	1.654208	0.7816572	1.880381
41088	-1017.974	-1229.012	211.0379	1.671654	0.9506719	1.805487
41094	-1021.512	-1233.033	211.5207	2.386424	1.064397	0.595609
41100	-1024.821	-1236.503	211.6828	2.402219	0.8877893	0.6026102
41106	-1024.191	-1235.36	211.1687	2.417294	1.425356	0.6331805
41112	-1019.321	-1230.572	211.2504	1.738217	0.4299485	2.092004
41118	-1005.904	-1217.211	211.3069	1.658832	0.4603131	2.071227
41124	-1021.945	-1232.696	210.7508	1.742742	0.7145216	2.132663
41130	-1017.55	-1228.337	210.7869	2.080944	1.707668	1.219597
41136	-1016.248	-1228.167	211.9198	1.972374	0.5767953	1.268924
41142	-1016.843	-1228.38	211.5363	2.170156	0.9198486	1.054237
41148	-1025.568	-1237.638	212.0694	2.150363	0.6347791	0.880568
41154	-1023.308	-1234.369	211.0608	2.255457	1.304107	1.085366
41160	-1012.518	-1224.662	212.1443	2.348257	0.5580309	0.6432451
41166	-1019.26	-1230.996	211.7353	2.448007	0.7788863	0.665473
41172	-1024.102	-1235.822	211.7203	2.456677	0.8036665	0.6120937
41178	-1033.059	-1244.395	211.3367	2.421615	1.176433	0.6977322
41184	-1005.865	-1217.17	211.3044	2.466699	1.154978	0.7086358
41190	-1015.113	-1226.535	211.4223	2.37888	1.154978	0.6517943
41196	-1009.938	-1221.245	211.3068	2.388539	1.189129	0.7781825
41202	-1008.866	-1220.759	211.8925	2.191471	0.8044815	0.7781825
41208	-1013.799	-1225.127	211.3282	2.187697	1.156155	1.015706
41214	-1025.88	-1237.171	211.291	2.302107	1.132036	0.9595378
41220	-1002.614	-1214.434	211.8193	2.00171	0.7375223	1.142098
41226	-1004.844	-1216.724	211.8803	1.983482	0.7039249	1.142098
41232	-1008.888	-1220.641	211.7532	1.753607	0.8216226	1.321516
41238	-1009.348	-1220.829	211.4806	1.99412	0.8775579	1.296392
41244	-1013.239	-1224.844	211.6049	1.898153	0.9183781	1.236442
41250	-1014.654	-1226.009	211.3553	1.898153	1.018413	1.356167
41256	-1027.551	-1238.371	210.8204	2.227938	1.62617	1.109751
41262	-1010.328	-1221.933	211.6053	2.060063	0.8621593	1.149512
41268	-1009.217	-1220.831	211.6138	1.831885	0.7812461	1.407364
41274	-1019.528	-1230.705	211.177	1.749336	0.8968558	1.693701
41280	-1029.516	-1240.63	211.1141	1.895027	0.9226947	1.614479
41286	-1021.007	-1231.781	210.7743	1.834136	1.225375	1.6952
41292	-1005.157	-1216.611	211.4549	2.481809	1.048579	0.4700262
41298	-1017.939	-1229.399	211.4599	2.536029	0.9901598	0.5106457
41304	-1032.591	-1243.602	211.0106	2.524096	1.438939	0.7130899
41310	-1016.851	-1228.493	211.6421	1.970889	0.9137723	1.145869
41316	-1004.711	-1216.35	211.6388	2.150045	0.9761614	0.9104216
41322	-1028.584	-1239.846	211.2626	2.221142	1.252617	0.9634632
41328	-1026.862	-1238.391	211.5288	2.238843	0.9486615	0.9634632
41334	-1042.789	-1254.437	211.6477	2.294597	0.9486615	0.7526537
41340	-1019.06	-1230.844	211.7846	2.287304	0.8406871	0.7340728
41346	-1021.993	-1233.364	211.3704	2.361662	1.218389	0.678695
41352	-996.042	-1207.806	211.7636	2.272215	0.8225341	0.8144961
41358	-1012.601	-1223.781	211.1802	2.208152	1.275379	1.039658
41364	-1006.789	-1218.204	211.4145	2.206339	1.13788	0.92434
41370	-1014.813	-1226.25	211.4366	2.247518	1.13788	0.8518478
41376	-1027.542	-1239.284	211.7422	2.16104	0.8089261	0.98243
41382	-1026.684	-1238.002	211.3181	2.532023	1.097504	0.6592998
41388	-1019.905	-1231.286	211.3811	2.479244	1.097504	0.6370613
41394	-1034.908	-1246.536	211.6275	2.316624	0.9910442	0.677405
41400	-1036.255	-1248.744	212.4886	2.251293	0.3596592	0.8109591
41406	-1017.796	-1230.069	212.2729	2.351782	0.3596592	0.9451348
41412	-1021.968	-1233.404	211.4356	2.198172	0.8084449	1.229771
41418	-1014.586	-1226.089	211.5026	1.927446	0.5791183	1.620566
41424	-992.6864	-1204.159	211.4724	2.067193	0.3792535	1.785887
41430	-995.0713	-1206.643	211.5717	1.974059	0.3468676	1.827727
41436	-1012.503	-1223.319	210.8151	1.88145	0.663154	2.04364
41442	-1019.453	-1230.679	211.2257	2.031138	0.5244442	1.802593
41448	-1018.692	-1230.2	211.5075	2.034204	0.5244442	1.600769
41454	-1022.329	-1234.365	212.0354	1.919474	0.3244126	1.572199
41460	-1004.845	-1216.28	211.4349	1.872982	0.5567817	1.731687
41466	-1016.313	-1228.322	212.0084	2.323973	0.5154944	0.9536792
41472	-1010.588	-1222.437	211.8481	1.902831	0.2997953	1.757961
41478	-1011.341	-1222.901	211.5605	1.948403	0.415814	1.757961
41484	-1021.98	-1234.02	212.0396	2.092914	0.2907307	1.49775
41490	-1015.864	-1227.25	211.3861	1.879749	0.5636566	1.753772
41496	-1024.585	-1235.448	210.8624	1.84889	0.4650769	2.231558
41502	-1023.817	-1234.59	210.7729	1.684435	0.5293662	2.325851
41508	-1033.177	-1243.693	210.5162	1.684678	0.4276712	2.595819
41514	-1030.698	-1240.876	210.1782	1.525886	0.5577378	2.767205
41520	-1023.214	-1233.033	209.8197	1.629583	0.4680056	3.009593
41526	-1026.908	-1237.007	210.0993	1.625976	0.3691329	2.955083
41532	-1032.32	-1241.683	209.3632	1.528789	0.5506728	3.260762
41538	-1028.399	-1238.919	210.5198	1.389895	0.5506728	2.647826
41544	-1032.413	-1241.823	209.4105	1.610903	0.5506728	3.184191
41550	-1022.004	-1232.324	210.3208	1.756077	0.7091474	2.404401
41556	-1013.589	-1225.315	211.7259	1.920664	0.413305	1.664083
41562	-1010.336	-1221.305	210.9697	1.932751	1.124517	1.547206
41568	-1024.511	-1235.996	211.4854	1.800834	0.601255	1.700156
41574	-1010.331	-1221.862	211.5306	2.013655	0.8290903	1.284147
41580	-1029.889	-1240.869	210.9798	1.894221	1.051436	1.618138
41586	-1016.113	-1227.537	211.4244	1.76494	0.8073745	1.576938
41592	-1006.482	-1218.3	211.8185	1.645865	0.5292374	1.651118
41598	-1018.981	-1229.972	210.9909	1.643804	0.4692202	2.276198
41604	-1014.797	-1225.603	210.8062	1.709079	0.9505336	1.938167
41610	-1012.896	-1224.365	211.4685	1.787041	0.759314	1.570589
41616	-1013.924	-1225.08	211.1559	1.785321	0.6092405	1.930421
41622	-1021.543	-1232.947	211.4035	1.825832	0.4191704	1.945232
41628	-1019.189	-1229.874	210.6858	1.617465	0.7832862	2.200952
41634	-1017.845	-1227.512	209.6676	1.424252	0.7579079	2.972265
41640	-1007.358	-1217.284	209.9259	1.613119	0.4522431	2.972265
41646	-1005.88	-1216.039	210.1586	1.547984	0.6250142	2.705215
41652	-1020.089	-1231.811	211.7215	1.726514	0.497012	1.700056
41658	-1021.656	-1233.146	211.4904	1.622947	0.587451	1.834812
41664	-1011.536	-1223.229	211.6934	1.764587	0.431052	1.773768
41670	-1017.937	-1229.716	211.7793	1.912473	0.5311098	1.481846
41676	-1001.884	-1213.43	211.5462	2.021806	0.6798401	1.411822
41682	-1009.826	-1221.945	212.1187	1.924064	0.5516989	1.173665
41688	-1007.841	-1219.829	211.9884	1.890052	0.560534	1.300297
41694	-1012.899	-1224.894	211.9947	1.950384	0.5879249	1.210726
41700	-1019.015	-1230.23	211.2149	1.729712	0.7605432	1.790945
41706	-1041.843	-1253.07	211.2262	1.649575	0.4643281	2.12567
41712	-1023.798	-1234.964	211.1669	1.664136	0.4643281	2.154865
41718	-1019.481	-1231.038	211.5567	1.804147	0.3597802	1.935211
41724	-1025.086	-1236.364	211.2784	1.670652	0.7378726	1.80735
41730	-1028.515	-1238.755	210.2396	1.770268	1.824813	1.80735
41736	-1020.634	-1230.677	210.0426	1.988383	1.824813	1.792765
41742	-1032.152	-1241.836	209.6839	1.876748	2.122711	1.992283
41748	-1026.368	-1236.864	210.4966	2.084796	1.735416	1.435005
41754	-1025.476	-1236.126	210.65	1.935697	1.72887	1.435005
41760	-1018.855	-1230.326	211.4713	1.700242	0.4940921	1.895009
41766	-1010.605	-1221.771	211.1659	1.736879	0.6747344	1.894961
41772	-1022.889	-1233.565	210.6762	1.655096	1.186178	1.910561
41778	-1020.742	-1231.203	210.4611	1.635462	0.8210796	2.305123
41784	-1039.787	-1249.565	209.7781	1.418848	0.652071	2.991534
41790	-1030.539	-1240.383	209.844	1.564596	0.6677794	2.850945
41796	-1032.006	-1239.822	207.8156	1.485693	0.6338098	4.110882
41802	-1040.703	-1249.5	208.7975	1.416477	0.9593302	3.359257
41808	-1031.32	-1241.003	209.6838	1.372361	0.7034335	3.034875
41814	-1018.327	-1228.47	210.1423	1.581659	0.6323243	2.688214
41820	-1021.557	-1232.21	210.6527	1.619501	0.6963112	2.29088
41826	-1030.318	-1241.292	210.9741	1.66475	0.4567661	2.28745
41832	-1025.261	-1235.092	209.831	1.716667	0.6143033	2.811531
41838	-1025.676	-1237.239	211.5629	1.902134	0.4334235	1.765885
41844	-1032.032	-1243.621	211.5892	1.974681	0.4334235	1.696393
41850	-1029.749	-1241.626	211.8778	2.030562	0.318301	1.615967
41856	-1028.27	-1240.295	212.025	2.124431	0.3493823	1.384293
41862	-1023.932	-1235.619	211.6871	1.963624	0.4578066	1.602683
41868	-1012.134	-1223.171	211.0375	1.872397	0.598687	1.961746
41874	-1016.423	-1227.71	211.2864	1.942282	0.5156422	1.83178
41880	-1019.126	-1230.379	211.2526	1.835627	0.6076858	1.83178
41886	-1017.33	-1228.874	211.544	2.026363	0.4129031	1.718724
41892	-1013.803	-1225.379	211.5762	2.149507	0.854421	1.102988
41898	-1015.719	-1227.408	211.6893	2.094101	0.864342	1.038482
41904	-1025.421	-1236.975	211.5545	1.977726	0.654588	1.465288
41910	-1023.464	-1235.622	212.158	2.161488	0.3586099	1.230844
41916	-1013.256	-1224.825	211.569	2.161488	0.6396118	1.326846
41922	-1016.905	-1228.951	212.046	2.00794	0.3627075	1.436743
41928	-1011.171	-1222.624	211.4522	2.011824	0.6387329	1.532843
41934	-1009.614	-1221.281	211.6662	2.088098	0.4530357	1.532843
41940	-1012.999	-1224.242	211.2425	1.870985	0.5298502	1.894967
41946	-1024.129	-1235.467	211.3384	1.931449	0.5778561	1.735977
41952	-1047.97	-1259.182	211.212	1.795863	0.78383	1.727049
41958	-1022.538	-1234.115	211.577	1.880584	0.5266627	1.658943
41964	-1030.096	-1241.513	211.4175	1.933794	0.5765967	1.67978
41970	-1022.08	-1232.47	210.39	1.615671	0.5949264	2.547183
41976	-1015.595	-1226.098	210.5035	1.654296	0.5975322	2.449692
41982	-996.6417	-1207.332	210.6898	1.756506	0.4167255	2.455528
41988	-1006.718	-1218.239	211.5208	1.644169	0.3817314	2.036399
41994	-1012.588	-1222.895	210.3069	1.646238	0.3487275	2.842954
42000	-1014.243	-1224.526	210.2833	1.502838	0.4339039	2.842954
42006	-1020.091	-1229.733	209.642	1.415678	0.6278696	3.094946
42012	-1017.885	-1227.662	209.7763	1.464225	0.4174752	3.188263
42018	-1032.797	-1243.07	210.2733	1.477479	0.5569233	2.739438
42024	-1027.338	-1237.877	210.5381	1.64208	0.4324939	2.603154
42030	-1019.639	-1229.248	209.6096	1.616421	0.3607007	3.262883
42036	-1028.728	-1237.975	209.2473	1.416022	0.4310024	3.512825
42042	-1031.166	-1241.635	210.4685	1.578716	0.7997776	2.352401
42048	-1021.229	-1231.259	210.0292	1.582399	0.439278	2.942615
42054	-1021.331	-1231.411	210.0795	1.629792	0.5354964	2.785122
42060	-1023.76	-1232.278	208.518	1.399436	1.012313	3.501482
42066	-1013.279	-1222.929	209.6494	1.69362	1.072295	2.613291
42072	-1005.128	-1215.595	210.4673	1.586843	1.000685	2.208466
42078	-1020.245	-1230.741	210.4959	1.642431	0.6714602	2.396878
42084	-1026.763	-1237.995	211.2323	1.643008	0.5271918	2.057199
42090	-1031.822	-1242.6	210.7777	1.670498	0.828185	2.071882
42096	-1008.567	-1219.891	211.3247	1.798279	0.6505311	1.766025
42102	-1011.019	-1222.405	211.3858	1.863446	0.8384654	1.505973
42108	-1013.062	-1224.205	211.1429	1.994933	0.8384654	1.588292
42114	-1018.079	-1229.376	211.2966	1.907643	0.642803	1.716462
42120	-1015.12	-1226.443	211.3232	2.287081	1.199275	0.8747927
42126	-1017.316	-1229.19	211.8737	2.131534	0.5829619	1.165171
42132	-1012.316	-1224.525	212.2088	2.15907	0.4032752	1.110935
42138	-1006.763	-1218.565	211.802	2.017537	0.7667858	1.110935
42144	-1011.756	-1223.043	211.2878	2.205876	1.097695	1.08783
42150	-1018.246	-1229.796	211.5502	2.171041	0.8580302	1.103422
42156	-1022.379	-1233.772	211.3925	2.10389	0.6653932	1.481299
42162	-1028.678	-1240.525	211.8462	2.187853	0.7138423	0.9677777
42168	-1026.977	-1238.979	212.0016	2.20493	0.5605837	1.009807
42174	-1026.858	-1238.304	211.4458	2.159956	1.137069	0.9413497
42180	-1012.503	-1224.01	211.5077	2.328868	1.090784	0.6971054
42186	-1021.847	-1233.193	211.3461	2.314783	1.230478	0.7762543
42192	-1031.849	-1243.095	211.2461	2.335688	1.301426	0.8031455
42198	-1025.097	-1236.297	211.2002	2.268189	1.198125	1.025909
42204	-1015.075	-1225.976	210.9013	2.268189	1.501263	1.07999
42210	-996.2727	-1207.904	211.6317	2.267215	0.904412	0.8705808
42216	-1009.517	-1221.623	212.1066	2.263652	0.5750433	0.8015196
42222	-1008.546	-1220.214	211.6676	2.462723	0.8488683	0.5962553
42228	-1011.881	-1223.166	211.2852	2.411151	1.113522	0.8639179
42234	-1015.695	-1227.023	211.3283	2.256829	1.113522	0.9852127
42240	-1026.888	-1238.098	211.2098	2.153951	1.281374	1.058443
42246	-1025.643	-1237.827	212.1844	2.055944	0.6073552	0.9014662
42252	-1017.863	-1230.004	212.1416	2.107858	0.5832858	0.9302262
42258	-1017.245	-1228.896	211.6512	2.130978	0.9649465	0.9302262
42264	-1016.826	-1228.448	211.6218	1.894316	0.8899146	1.251182
42270	-1034.801	-1246.269	211.4677	2.289986	1.047712	0.8648388
42276	-1031.744	-1243.718	211.9739	2.067597	0.6242855	1.078456
42282	-1028.05	-1239.771	211.721	1.972069	0.8213543	1.165887
42288	-1024.665	-1236.557	211.8921	1.968911	0.7700704	1.068931
42294	-1003.775	-1215.28	211.5056	2.408731	0.9256778	0.8240612
42300	-997.8812	-1209.316	211.4344	2.478156	0.9256778	0.8263189
42306	-1008.961	-1220.115	211.1548	2.478156	1.139645	0.9092679
42312	-1017.857	-1228.973	211.1154	2.478156	1.369829	0.7036889
42318	-1019.778	-1230.666	210.8878	2.571249	1.549028	0.7036889
42324	-1019.539	-1230.619	211.0794	2.576807	1.33517	0.6340711
42330	-1006.813	-1217.686	210.873	2.572088	1.561374	0.7124924
42336	-1007.798	-1219.181	211.3828	2.572088	1.024276	0.5629223
42342	-1016.814	-1228.372	211.5586	2.640249	0.8036913	0.5052868
42348	-1015.024	-1225.849	210.8258	2.68932	1.514278	0.6436609
42354	-1018.5	-1229.39	210.8902	2.641495	1.459918	0.6908333
42360	-1014.289	-1225.367	211.0782	2.343674	1.459918	0.8485589
42366	-1027.924	-1238.995	211.0705	2.343674	1.449232	0.8673354
42372	-1011.586	-1222.623	211.0366	2.4995	1.449232	0.697271
42378	-1020.313	-1231.418	211.1052	2.392743	1.515623	0.6768784
42384	-1019.066	-1231.12	212.0536	2.142915	0.674345	0.8439392
42390	-1031.803	-1243.129	211.3262	1.901521	1.101302	1.313305
42396	-1029.047	-1240.627	211.5805	1.966979	1.04984	1.080037
42402	-1025.497	-1237.072	211.5748	2.0924	1.143192	0.8664006
42408	-1027.997	-1239.405	211.4077	2.20853	1.222447	0.8437015
42414	-1018.404	-1229.956	211.5524	2.150098	1.047428	0.9276167
42420	-1016.788	-1228.357	211.5689	2.119202	1.138704	0.8461607
42426	-1015.49	-1227.063	211.5733	2.094521	1.026444	0.9853094
42432	-1011.261	-1223.233	211.972	2.009748	0.4776583	1.324799
42438	-1023.244	-1234.308	211.0643	1.856068	0.6765157	1.881411
42444	-1028.408	-1239.856	211.4475	1.772449	0.4662407	1.894297
42450	-1031.523	-1243.102	211.5789	2.301366	0.9562108	0.8267549
42456	-1023.011	-1234.835	211.8235	2.277852	0.8437212	0.6776518
42462	-1018.656	-1230.22	211.5647	2.066897	0.9408998	1.103274
42468	-1023.067	-1234.406	211.3397	2.227042	1.062002	1.05087
42474	-1013.984	-1225.555	211.5705	2.331772	1.01845	0.7036999
42480	-1015.333	-1227.356	212.0233	2.238737	0.6440938	0.8132003
42486	-1010.562	-1222.393	211.8312	2.055116	0.8337201	0.9703694
42492	-1013.226	-1225.387	212.1616	2.024121	0.6007673	0.9703694
42498	-1014.219	-1226.514	212.2949	2.102695	0.5264979	0.8613005
42504	-1024.518	-1236.428	211.9097	1.946152	0.5435604	1.339574
42510	-1018.257	-1229.967	211.7107	1.902841	0.6748605	1.381528
42516	-1019.412	-1230.449	211.0368	1.954125	0.9265667	1.624672
42522	-1017.411	-1228.868	211.4577	1.752044	0.7882676	1.578497
42528	-1005.954	-1216.872	210.9179	1.707524	0.7023354	2.05634
42534	-1004.875	-1216.464	211.5889	2.016601	0.5322261	1.544931
42540	-1015.788	-1226.618	210.8302	1.957139	0.7832882	1.880149
42546	-1009.438	-1220.851	211.4129	1.787412	0.5031801	1.865197
42552	-1015.015	-1225.303	210.2883	1.552695	0.5160137	2.723667
42558	-1036.144	-1246.052	209.9085	1.448359	0.8400237	2.752902
42564	-1030.412	-1241.708	211.2958	2.177771	0.6740629	1.489727
42570	-1019.299	-1230.118	210.8188	1.765993	0.395306	2.394008
42576	-1021.704	-1232.173	210.4695	1.637241	0.52055	2.555222
42582	-1014.806	-1225.849	211.043	1.856824	0.4977346	2.072662
42588	-1019.169	-1230.746	211.5769	1.92109	0.4977346	1.663635
42594	-1019.261	-1231.455	212.1945	2.317941	0.5162297	0.728162
42600	-1008.961	-1220.629	211.668	2.484469	0.8410117	0.5415395
42606	-1021.602	-1233.539	211.9362	2.484469	0.6268771	0.5534843
42612	-1038.852	-1250.736	211.8839	2.109881	0.7903869	0.9096518
42618	-1027.606	-1239.301	211.6943	2.031916	0.9523407	1.00178
42624	-1020.542	-1232.515	211.9726	2.046848	0.7434013	0.9438928
42630	-1020.917	-1232.218	211.3012	2.206506	1.236104	0.953068
42636	-1002.358	-1213.572	211.2138	2.19029	1.390911	0.9291009
42642	-1015.44	-1226.746	211.3059	2.496422	1.159387	0.6405134
42648	-1016.733	-1228.568	211.835	2.547336	0.6571127	0.4702665
42654	-1014.552	-1225.97	211.4186	2.359097	1.165787	0.6794537
42660	-1010.068	-1221.356	211.2878	2.53714	1.165787	0.5518758
42666	-1018.738	-1230.163	211.4244	2.53714	1.023453	0.473196
42672	-1022.117	-1233.229	211.1118	2.53714	1.376005	0.5540378
42678	-1019.161	-1230.991	211.8294	2.393461	0.7825647	0.5242359
42684	-1030.234	-1241.674	211.4403	2.278134	1.230318	0.6850512
42690	-1026.086	-1237.47	211.3838	2.334653	1.230318	0.6850512
42696	-1018.575	-1230.505	211.93	2.182592	0.8085187	0.7285523
42702	-1009.656	-1221.458	211.8026	2.265006	0.8990212	0.6169989
42708	-1040.128	-1251.567	211.4391	2.265006	1.252378	0.6767463
42714	-1003.748	-1215.361	211.6136	2.365966	0.8311603	0.871539
42720	-1013.999	-1226.038	212.039	2.298224	0.5647158	0.8623628
42726	-1019.418	-1231.359	211.9416	2.066558	0.5647158	1.186386
42732	-1027.046	-1238.138	211.0918	2.002035	0.7286515	1.714312
42738	-1030.003	-1241.195	211.1922	1.739685	0.9386779	1.657968
42744	-1044.617	-1256.158	211.5412	1.728803	0.66434	1.648741
42750	-1011.806	-1222.27	210.4641	1.645461	0.5235028	2.550503
42756	-1017.643	-1228.236	210.5937	1.573126	0.6321292	2.412921
42762	-1018.73	-1229.195	210.4648	1.728267	0.6776984	2.356921
42768	-1016.582	-1226.93	210.3485	1.603499	0.6935072	2.495626
42774	-1011.405	-1223.221	211.8163	1.859706	0.7207043	1.283619
42780	-1023.149	-1234.625	211.4757	1.652554	0.8012758	1.626548
42786	-1025.977	-1237.093	211.1164	1.807434	0.8923926	1.698907
42792	-1022.309	-1233.663	211.3541	1.767305	0.6551664	1.762728
42798	-1043.429	-1253.96	210.5306	1.905519	1.704794	1.559289
42804	-1029.855	-1241.203	211.3479	1.919104	0.7889037	1.535759
42810	-1018.983	-1230.807	211.8232	1.873149	0.7822387	1.202966
42816	-1013.014	-1224.577	211.5628	1.948752	1.082153	1.084755
42822	-1000.548	-1212.247	211.699	1.967476	0.8506992	1.159848
42828	-1008.235	-1219.921	211.686	2.044949	0.9155472	1.035137
42834	-1007.389	-1219.392	212.0027	2.013428	0.7306613	0.9641386
42840	-1005.331	-1217.384	212.0532	2.003052	0.7726314	0.8623407
42846	-1015.916	-1227.459	211.5425	2.154413	1.015323	0.9667801
42852	-1031.084	-1242.934	211.8496	2.350218	0.6511285	0.8775219
42858	-1031.061	-1242.062	211.0019	2.19989	1.473478	1.068993
42864	-1013.853	-1225.178	211.3246	2.264598	1.274567	0.8223293
42870	-1023.81	-1234.95	211.1401	1.862415	0.431106	2.081467
42876	-1025.091	-1236.804	211.7127	1.956918	0.3364626	1.757275
42882	-1020.843	-1232.794	211.9509	2.071986	0.3421356	1.493086
42888	-1011.75	-1223.916	212.1659	2.156075	0.3108593	1.314291
42894	-1017.912	-1230.093	212.1808	2.064821	0.4513739	1.141117
42900	-1001.888	-1214.173	212.2853	1.959966	0.4832746	1.091356
42906	-1016.025	-1227.89	211.8656	2.030125	0.8232248	0.9731682
42912	-1011.183	-1223.137	211.9539	2.016089	0.4843759	1.325084
42918	-1018.871	-1230.59	211.7188	2.009311	0.650396	1.316787
42924	-1026.164	-1238.042	211.8777	2.369915	0.6095372	0.8896574
42930	-1024.896	-1236.825	211.9282	2.39531	0.6264965	0.7625476
42936	-1018.688	-1230.59	211.902	2.551039	0.5426853	0.7548332
42942	-1027.497	-1239.348	211.8509	2.068486	0.6404932	1.16808
42948	-1022.498	-1233.428	210.9304	1.823978	0.8100577	1.880998
42954	-1030.038	-1241.322	211.2849	1.981166	0.6897635	1.627186
42960	-1023.754	-1235.666	211.9114	1.95476	0.4745214	1.419924
42966	-1020.769	-1232.478	211.7093	2.245886	0.6236906	1.157293
42972	-1014.244	-1226.162	211.918	2.245141	0.7047107	0.8357453
42978	-1010.882	-1222.788	211.9055	2.352066	0.7200748	0.6626301
42984	-1015.127	-1226.747	211.6208	2.352066	0.9498134	0.7019278
42990	-1018.063	-1229.831	211.7681	2.398086	0.8146433	0.6062995
42996	-1025.769	-1237.067	211.2978	2.402387	1.227571	0.7208296
43002	-1032.109	-1243.536	211.4267	2.558703	0.9896265	0.5788946
43008	-1021.436	-1233.054	211.6188	2.301719	0.9896265	0.7213858
43014	-1019.369	-1229.844	210.4749	1.691144	0.6168753	2.426964
43020	-1021.885	-1233.828	211.9436	2.364514	0.6879628	0.6435227
43026	-1016.296	-1227.967	211.6706	2.341152	0.8854119	0.7498116
43032	-1028.27	-1240.002	211.7321	2.448906	0.7974934	0.6208635
43038	-1028.549	-1240.41	211.8611	2.257561	0.6930216	0.9058958
43044	-1016.949	-1228.659	211.7091	2.380545	0.8182431	0.7465239
43050	-1032.702	-1244.118	211.4159	2.271919	1.172051	0.8087244
43056	-1029.808	-1241.462	211.6535	2.330513	0.8782337	0.7999873
43062	-1013.043	-1224.068	211.0247	2.174575	1.299303	1.193231
43068	-1021.656	-1232.496	210.8405	2.181711	1.638677	1.125614
43074	-1011.374	-1222.241	210.867	2.213548	1.638677	1.072055
43080	-1008.414	-1219.738	211.3241	2.213548	1.247455	0.9102712
43086	-1010.848	-1222.451	211.603	2.102305	1.083256	0.8864313
43092	-1013.416	-1224.994	211.5787	2.035919	1.083256	0.9839431
43098	-1010.17	-1221.977	211.8068	1.892557	0.6940197	1.292685
43104	-1012.559	-1223.666	211.1068	1.808843	0.9426986	1.666575
43110	-1001.251	-1211.702	210.451	1.723815	0.802349	2.269107
43116	-1016.379	-1227.186	210.8071	1.676703	0.4408602	2.403984
43122	-1026.41	-1236.431	210.0205	1.799104	0.7691999	2.518712
43128	-1008.84	-1219.213	210.3734	1.699422	0.7691999	2.359437
43134	-1030.226	-1240.968	210.7417	1.55504	0.5923366	2.366819
43140	-1028.959	-1240.468	211.5085	1.940309	0.3743746	1.85527
43146	-1032.776	-1244.331	211.5546	1.59736	0.2700393	2.207032
43152	-1016.261	-1227.842	211.5813	1.986438	0.4599134	1.65991
43158	-1009.211	-1219.501	210.2908	1.74636	0.7015331	2.435632
43164	-1021.406	-1232.36	210.954	1.538917	0.493485	2.3404
43170	-1015.038	-1225.757	210.719	1.763562	0.4509318	2.393354
43176	-1012.243	-1223.674	211.4309	1.964167	0.4307615	1.817779
43182	-1005.638	-1215.607	209.9688	1.782695	0.7523646	2.573873
43188	-1002.321	-1212.85	210.5288	1.693841	0.6474416	2.36416
43194	-1010.106	-1221.586	211.4792	2.014519	0.6294011	1.52048
43200	-1027.071	-1238.232	211.1605	1.946804	1.111326	1.401274
43206	-1014.137	-1225.269	211.1322	2.1795	1.555589	0.8956732
43212	-1038.265	-1249.964	211.6985	2.138102	0.8521691	0.9995697
43218	-1029.04	-1240.735	211.695	2.173446	0.8243012	0.9995697
43224	-1012.528	-1224.062	211.5342	1.960747	0.7704103	1.379175
43230	-999.2095	-1210.802	211.5927	2.273278	1.008251	0.7754836
43236	-1003.431	-1215.073	211.6426	2.248489	1.008251	0.7385453
43242	-1013.498	-1225.117	211.6183	2.310558	1.008251	0.6737218
43248	-1013.471	-1224.528	211.0567	2.411866	1.473604	0.7743463
43254	-1012.656	-1223.625	210.9685	2.341824	1.473604	0.9619008
43260	-1002.207	-1213.147	210.9399	2.309267	1.473604	1.023483
43266	-1028.29	-1239.001	210.7106	2.347694	1.752087	1.020836
43272	-1023.173	-1234.741	211.5682	2.079618	1.004555	1.026739
43278	-1023.677	-1235.395	211.7179	2.23654	0.8040555	0.9349595
43284	-1030.986	-1242.092	211.1067	1.868513	1.307884	1.371254
43290	-1011.971	-1222.591	210.6201	1.868012	1.270623	1.752965
43296	-1021.976	-1233.046	211.0708	1.958775	0.9288504	1.594929
43302	-1009.888	-1220.886	210.9982	1.651888	0.8301479	1.935893
43308	-1025.166	-1236.266	211.1008	1.834874	0.8836752	1.697302
43314	-1013.718	-1224.979	211.2611	1.68113	0.3924941	2.168614
43320	-1009.673	-1221.342	211.6694	2.533881	0.7967831	0.4580778
43326	-1026.803	-1238	211.1974	2.835987	0.9323441	0.401654
43332	-1009.835	-1220.939	211.1038	2.769209	1.099729	0.4131934
43338	-1015.823	-1226.943	211.1197	2.674127	1.187289	0.4131934
43344	-1014.818	-1225.916	211.0982	2.684488	1.199466	0.4119834
43350	-1009.918	-1221.074	211.1554	2.641452	1.199466	0.5427984
43356	-1000.951	-1211.918	210.9667	2.776117	1.25046	0.4216126
43362	-1009.03	-1220.164	211.1339	2.712614	1.121252	0.3989085
43368	-1015.127	-1226.631	211.504	2.713332	0.7684596	0.3989085
43374	-1008.685	-1219.682	210.9971	2.750272	1.233407	0.3989085
43380	-1018.758	-1230.335	211.577	2.684783	0.7205559	0.3733229
43386	-1015.129	-1226.071	210.9418	2.757273	1.208032	0.3135661
43392	-1025.165	-1236.171	211.0055	2.757273	1.208032	0.3871478
43398	-1039.908	-1250.862	210.9533	2.827244	1.208032	0.4256566
43404	-1018.388	-1229.479	211.0907	2.827244	1.048068	0.4040538
43410	-1017.904	-1228.845	210.9415	2.874658	1.181106	0.4894903
43416	-1012.396	-1223.235	210.8399	2.929513	1.220816	0.4252924
43422	-1018.874	-1230.046	211.1723	2.929513	0.883003	0.4433669
43428	-1014.483	-1225.778	211.2949	2.813803	0.883003	0.4930954
43434	-1008.524	-1219.584	211.0608	2.863715	1.029938	0.3836788
43440	-1004.131	-1215.274	211.143	2.795828	1.029938	0.4112941
43446	-1025.84	-1237.008	211.1677	2.747915	1.041758	0.3880978
43452	-1031.568	-1241.932	210.3639	1.941129	0.5799786	2.373135
43458	-1008.537	-1219.301	210.7642	1.658708	0.5847193	2.293686
43464	-1012.666	-1222.644	209.9783	1.731088	0.305206	3.04758
43470	-1004.801	-1214.243	209.4423	1.517588	0.7832925	3.032914
43476	-1000.779	-1211.41	210.6302	1.553654	0.7750773	2.284123
43482	-1001.962	-1211.963	210.0008	1.501299	0.6900824	2.77605
43488	-1011.191	-1221.704	210.5133	1.689726	0.8291964	2.230886
43494	-1009.23	-1220.473	211.2424	1.8304	0.9244213	1.566733
43500	-988.2751	-1199.995	211.7196	1.811115	0.6250319	1.497412
43506	-992.1632	-1203.514	211.3505	1.847977	0.8943751	1.497412
43512	-990.5358	-1201.897	211.361	1.877414	0.8738113	1.484294
43518	-1000.394	-1211.83	211.436	2.035032	0.8738113	1.302766
43524	-1008.517	-1220.327	211.81	2.036235	0.5613213	1.325326
43530	-1012.532	-1223.813	211.2809	1.951676	1.247344	1.201777
43536	-1025.068	-1236.639	211.5715	1.951676	0.7814187	1.346371
43542	-1005.671	-1216.963	211.2924	1.907056	1.010013	1.405015
43548	-1002.365	-1213.313	210.9472	1.929026	1.010013	1.645728
43554	-1014.232	-1225.827	211.5948	1.787665	0.6143807	1.61773
43560	-1000.565	-1212.09	211.5249	2.013202	0.918845	1.206316
43566	-1011.978	-1223.821	211.8435	1.876877	0.716603	1.251333
43572	-1024.132	-1234.7	210.5677	1.969775	1.642336	1.515405
43578	-1016.814	-1228.297	211.483	1.93949	0.6867282	1.515405
43584	-1023.667	-1235.293	211.6256	1.930547	0.8087976	1.293658
43590	-1009.273	-1220.171	210.8978	1.875422	1.062299	1.682942
43596	-1013.6	-1225.159	211.5597	1.955308	0.9721158	1.178378
43602	-1004.189	-1215.308	211.1191	1.94501	1.125605	1.424554
43608	-1007.579	-1219.008	211.4286	1.873833	0.8959295	1.416933
43614	-1022.81	-1234.273	211.463	2.011833	0.8959295	1.279875
43620	-1032.994	-1244.266	211.2726	1.953912	1.044923	1.356992
43626	-1011.19	-1222.392	211.2025	2.068345	0.9999208	1.356992
43632	-1019.73	-1231.072	211.3415	1.620952	0.8142393	1.733785
43638	-1015.624	-1225.57	209.9458	1.621537	1.104815	2.454562
43644	-1017.885	-1229.461	211.576	2.353958	0.9858053	0.7121739
43650	-1020.691	-1230.994	210.3027	1.45782	0.6702121	2.633746
43656	-1006.757	-1217.097	210.3395	1.57371	0.4293466	2.770773
43662	-1022.562	-1233.232	210.6697	1.691584	0.4234824	2.500864
43668	-1012.76	-1223.521	210.7607	1.765916	0.3211143	2.52735
43674	-1005.664	-1217.275	211.6103	1.795921	0.6811243	1.533058
43680	-1007.677	-1218.873	211.1957	1.966505	0.5892488	1.799291
43686	-1007.463	-1218.547	211.0835	1.861395	0.6717366	1.869026
43692	-1006.209	-1216.367	210.1575	1.980983	0.7606589	2.324299
43698	-1009.014	-1219.726	210.7122	1.805174	0.5391651	2.27764
43704	-1000.177	-1211.216	211.0392	1.743604	0.4220627	2.235295
43710	-1021.589	-1232.294	210.7055	1.53644	0.7900738	2.235295
43716	-1001.992	-1213.074	211.0814	1.847749	0.477259	2.076033
43722	-1030.289	-1240.681	210.3915	1.535413	0.4669616	2.721325
43728	-1019.252	-1229.692	210.4399	1.417572	0.4669616	2.763806
43734	-1016.734	-1226.518	209.7836	1.590926	0.7272732	2.824496
43740	-1023.221	-1234.55	211.3299	1.777612	0.5966067	1.829621
43746	-1025.896	-1237.267	211.3711	2.383089	1.060423	0.8544386
43752	-1010.039	-1221.771	211.7317	2.376227	0.7360938	0.8544386
43758	-1025.491	-1237.288	211.798	2.368524	0.7010976	0.837427
43764	-1034.698	-1246.735	212.0367	2.297531	0.5728648	0.8512771
43770	-1031.956	-1243.655	211.6995	2.365917	0.8094961	0.7955661
43776	-1035.436	-1247.179	211.7428	2.272696	0.6678821	1.046167
43782	-1020.669	-1232.429	211.7604	2.21076	0.6678821	1.087922
43788	-1015.824	-1227.423	211.5989	2.21332	0.9158927	0.9529404
43794	-1012.218	-1224.166	211.9488	2.161459	0.6638219	0.9570026
43800	-1009.568	-1221.168	211.6006	2.150142	0.2675609	1.812204
43806	-1016.043	-1228.369	212.3258	2.214885	0.2622299	1.230298
43812	-1019.318	-1231.061	211.7425	2.159775	0.4662958	1.402984
43818	-1024.185	-1235.882	211.6968	1.866405	0.6921036	1.402984
43824	-1023.701	-1235.756	212.0553	1.904631	0.5243837	1.279828
43830	-1017.93	-1229.174	211.2438	1.968076	0.3403223	2.061908
43836	-1016.672	-1228.218	211.5469	1.932503	0.3364139	1.888405
43842	-1024.514	-1235.257	210.7431	1.748976	0.5665202	2.266831
43848	-1014.466	-1225.412	210.9463	1.709787	0.5301441	2.197443
43854	-1040.84	-1252.865	212.0249	2.077758	0.3516563	1.416947
43860	-1030.466	-1241.932	211.4657	2.148922	0.1922056	2.044619
43866	-1045.046	-1256.463	211.4177	2.064194	0.187923	2.140486
43872	-1039.253	-1250.055	210.802	1.735017	0.422098	2.39208
43878	-1043.848	-1254.314	210.4654	1.623137	0.4057039	2.690525
43884	-1036.211	-1247.267	211.0559	2.028717	0.4263275	2.033012
43890	-1032.6	-1244.547	211.947	2.047881	0.2681991	1.639118
43896	-1018.222	-1228.808	210.5869	1.539424	0.4984945	2.565442
43902	-1017.429	-1228.519	211.0899	1.78289	0.3588799	2.257155
43908	-1008.049	-1218.832	210.7832	1.771483	0.2808717	2.568101
43914	-1016.369	-1228.008	211.6395	1.926166	0.2808717	1.91624
43920	-1015.415	-1226.778	211.3624	1.847138	0.3314634	2.076126
43926	-1011.152	-1222.579	211.4274	1.964531	0.3314634	1.954837
43932	-1006.006	-1217.625	211.6192	1.790726	0.2944142	1.999046
43938	-1011.753	-1223.435	211.6813	1.825357	0.382915	1.803719
43944	-996.443	-1207.522	211.0785	1.928348	0.3343544	2.204253
43950	-1013.338	-1224.914	211.5758	1.928348	0.2594591	1.9934
43956	-1015.376	-1225.895	210.5192	1.699227	0.4162396	2.598131
43962	-1015.981	-1227.215	211.2345	1.676443	0.3432125	2.253766
43968	-1001.426	-1212.855	211.4297	1.90917	0.4052754	1.888899
43974	-1005.974	-1217.435	211.4604	1.821206	0.4858519	1.829197
43980	-997.5393	-1208.263	210.7235	1.878268	0.4946774	2.269621
43986	-1005.415	-1216.943	211.5283	2.207069	0.4431202	1.559895
43992	-1027.897	-1237.518	209.6208	1.639601	0.9246555	2.755004
43998	-1009.461	-1220.994	211.533	1.793303	0.4163473	1.883161
44004	-1009.844	-1220.454	210.6104	1.780039	0.5541776	2.343764
44010	-1008.284	-1219.014	210.7306	1.568322	0.4367325	2.524607
44016	-1027.082	-1236.512	209.4298	1.490619	0.5704482	3.226113
44022	-1029.836	-1239.614	209.7773	1.448881	0.7183042	2.921236
44028	-1024.518	-1234.832	210.3141	1.781953	0.4599644	2.624783
44034	-1030.153	-1240.416	210.2624	1.827616	0.4062293	2.68897
44040	-1038.043	-1248.412	210.3682	1.775993	0.3905281	2.674367
44046	-1034.888	-1246.664	211.7761	1.900246	0.3705435	1.702347
44052	-1020.149	-1231.245	211.0952	1.874431	0.3720653	2.177138
44058	-1008.198	-1218.903	210.7044	1.955112	0.6415517	2.087609
44064	-988.823	-1199.795	210.9725	1.905078	0.5812253	2.000568
44070	-988.2523	-1199.863	211.6112	1.804757	0.3594954	1.898369
44076	-1009.915	-1221.437	211.5225	2.021394	0.3365866	1.844146
44082	-1016.407	-1228.296	211.8889	2.034293	0.3702055	1.523861
44088	-1004.351	-1215.708	211.3572	1.94585	0.3799767	1.946527
44094	-1016.887	-1227.712	210.8249	2.024698	0.4782444	2.127093
44100	-994.8544	-1206.723	211.8685	1.90547	0.2946498	1.750295
44106	-1002.957	-1214.655	211.6981	1.95846	0.3105247	1.806399
44112	-1005.695	-1217.564	211.8693	1.978735	0.3647332	1.587498
44118	-1017.016	-1228.687	211.6707	1.895427	0.2280132	2.007763
44124	-1019.918	-1230.094	210.1765	1.761867	0.6597727	2.532191
44130	-1014.86	-1225.989	211.1292	1.884505	0.6427387	1.848957
44136	-1024.819	-1236.524	211.7042	1.884505	0.3383184	1.810732
44142	-1017.977	-1229.611	211.6342	1.787234	0.2788448	2.016203
44148	-1022.642	-1233.648	211.0061	1.858512	0.538126	2.0529
44154	-1026.372	-1237.403	211.0305	1.744218	0.589386	2.060802
44160	-1022.92	-1233.993	211.0736	1.653161	0.6167589	2.066279
44166	-1047.88	-1258.209	210.3295	1.919574	0.8218049	2.20661
44172	-1025.811	-1236.263	210.452	1.67322	0.5721692	2.493679
44178	-1009.381	-1220.394	211.0135	1.797642	0.6110854	2.015758
44184	-1004.47	-1216.269	211.7996	1.748273	0.4631514	1.670056
44190	-1009.182	-1221.255	212.0733	2.058672	0.2948091	1.490915
44196	-1007.165	-1218.906	211.741	1.845673	0.441713	1.669421
44202	-1017.484	-1229.192	211.7082	1.910767	0.441713	1.646371
44208	-1018.766	-1230.572	211.8065	1.929819	0.3058074	1.758409
44214	-1018.217	-1230.443	212.2257	2.148982	0.349211	1.200684
44220	-1016.029	-1228.169	212.1399	1.844935	0.4166597	1.40834
44226	-1024.975	-1236.814	211.8389	1.933026	0.5616696	1.383835
44232	-1004.242	-1215.925	211.6833	2.010119	0.6203765	1.377709
44238	-1028.335	-1239.879	211.5436	2.120663	0.8941469	1.118902
44244	-1006.518	-1218.462	211.9434	2.089789	0.5385478	1.199629
44250	-1009.548	-1220.927	211.3793	1.922842	0.721352	1.571221
44256	-1024.445	-1235.939	211.4943	1.922956	0.8306352	1.384312
44262	-1017.573	-1228.517	210.9441	1.92888	1.011155	1.64719
44268	-1012.015	-1223.45	211.4346	1.899877	0.7287938	1.54043
44274	-1011.594	-1222.566	210.9729	2.042775	1.230087	1.390471
44280	-1015.191	-1226.259	211.0681	1.96185	1.091921	1.474456
44286	-1022.219	-1233.335	211.1159	1.974315	1.02894	1.474456
44292	-1032.213	-1243.598	211.3856	1.443918	0.685723	1.934676
44298	-1037.754	-1249.005	211.2509	1.777117	1.050264	1.505626
44304	-1047.207	-1258.668	211.4608	1.742747	0.8979756	1.490625
44310	-1028.812	-1240.26	211.4484	1.743166	0.6309707	1.736987
44316	-1028.156	-1239.874	211.7189	1.764775	0.6275336	1.529898
44322	-1029.382	-1240.684	211.3024	1.779425	0.4682258	1.985032
44328	-1017.207	-1228.654	211.4469	1.791879	0.5116279	1.829291
44334	-1034.868	-1245.82	210.9527	1.784645	0.4656823	2.214105
44340	-1035.601	-1245.882	210.2809	1.65005	0.7706666	2.447893
44346	-1042.265	-1253.766	211.5017	1.798454	0.5733163	1.71946
44352	-1037.975	-1249.324	211.35	1.875545	0.6221308	1.72189
44358	-1034.904	-1246.332	211.4278	1.772632	0.574274	1.788187
44364	-1037.888	-1248.946	211.0577	1.593903	0.8664941	1.907063
44370	-1026.262	-1236.125	209.8623	1.623573	0.653578	2.815761
44376	-1031.742	-1242.282	210.54	1.603531	0.3662867	2.704557
44382	-1028.744	-1239.319	210.5753	1.519859	0.4047368	2.687611
44388	-1038.286	-1248.571	210.2856	1.49124	0.4047368	2.881591
44394	-1019.965	-1231.179	211.2146	1.810302	0.351046	2.169435
44400	-1017.96	-1229.013	211.0526	1.871227	0.6601501	1.89406
44406	-1026.614	-1238.066	211.4525	1.852823	0.4190105	1.89406
44412	-1022.802	-1233.689	210.8871	1.922834	0.4190105	2.221455
44418	-1021.445	-1232.948	211.5029	1.910088	0.4469591	1.785074
44424	-1030.782	-1242.306	211.5243	2.365546	0.5501148	1.304005
44430	-1035.197	-1247.136	211.9392	2.379063	0.3431867	1.259035
44436	-1032.399	-1243.91	211.5119	2.252647	0.440115	1.542381
44442	-1031.602	-1243.242	211.6393	1.779564	0.3989184	1.842608
44448	-1025.35	-1235.864	210.514	1.760528	0.6615781	2.31888
44454	-1041.828	-1252.393	210.5658	1.744038	0.3906289	2.57189
44460	-1024.78	-1235.687	210.9074	1.756119	0.3786551	2.364986
44466	-1025.932	-1236.97	211.0383	1.803555	0.3880099	2.239169
44472	-1023.104	-1234.226	211.1223	1.887159	0.3738141	2.148984
44478	-1022.895	-1234.111	211.2162	1.991706	0.3596576	2.037631
44484	-1014.263	-1225.621	211.3575	1.986784	0.4480836	1.831196
44490	-1005.877	-1217.737	211.8593	2.076637	0.4689589	1.373017
44496	-1012.593	-1224.427	211.8343	2.130511	0.4525099	1.373017
44502	-1013.369	-1225.137	211.7674	2.335473	0.5488758	1.124323
44508	-1014.624	-1226.439	211.8155	2.237991	0.6864123	0.9843928
44514	-1014.102	-1226.315	212.2128	2.197567	0.4182219	1.044872
44520	-1021.862	-1233.513	211.6512	2.411312	0.6415524	1.035506
44526	-1030.237	-1241.999	211.7625	2.297068	0.6415524	1.038437
44532	-1033.519	-1245.227	211.7075	2.22777	0.4606756	1.384853
44538	-1023.938	-1235.546	211.6084	2.213375	0.664589	1.223557
44544	-1016.962	-1228.861	211.8995	2.246254	0.5119841	1.138395
44550	-1027.952	-1239.383	211.4314	2.197018	0.6090099	1.440638
44556	-1023.171	-1234.582	211.4118	2.163782	0.6507414	1.436238
44562	-1041.021	-1251.758	210.7372	2.035445	0.9651917	1.751172
44568	-1012.353	-1223.784	211.4307	2.257613	0.9651917	1.026074
44574	-1015.536	-1227.047	211.5105	2.440579	0.9651917	0.7118978
44580	-1034.426	-1246.393	211.9663	2.092541	0.5283408	1.191442
44586	-1050.9	-1262.902	212.0018	2.095792	0.6050964	1.05144
44592	-1055.448	-1266.938	211.4895	1.993911	0.8650077	1.300673
44598	-1033.422	-1245.343	211.9211	1.959716	0.4318917	1.466515
44604	-1017.175	-1227.647	210.4727	1.825264	0.5374373	2.418747
44610	-1039.734	-1250.08	210.3468	1.734981	0.6215447	2.47575
44616	-1027.928	-1238.009	210.0816	2.043286	1.553714	1.853336
44622	-1044.386	-1255.966	211.5797	2.373582	1.019539	0.5871994
44628	-1032.847	-1245.004	212.1573	2.197147	0.5779862	0.8163327
44634	-1038.258	-1249.481	211.2233	2.406269	1.273893	0.7687864
44640	-1031.355	-1243.156	211.8014	2.359778	0.7716632	0.7209632
44646	-1047.553	-1258.81	211.257	2.650549	1.079898	0.4764364
44652	-1046.613	-1257.884	211.2703	2.561198	1.159458	0.5464643
44658	-1029.558	-1240.819	211.2606	2.561198	1.159458	0.5876728
44664	-1010.533	-1221.791	211.2581	2.449358	1.292772	0.5876728
44670	-1025.826	-1237.299	211.4727	2.481582	1.018335	0.5876728
44676	-1023.869	-1235.558	211.6891	2.429592	0.8616071	0.5876728
44682	-1028.599	-1240.404	211.8047	2.231865	0.8363781	0.7925389
44688	-1020.951	-1232.792	211.8403	2.276303	0.7307311	0.8520835
44694	-1020.71	-1231.638	210.9282	1.688971	0.3956705	2.3731
44700	-1024.857	-1235.446	210.589	1.729903	0.3851647	2.572948
44706	-1043.625	-1254.251	210.6264	1.785118	0.5951582	2.291126
44712	-1022.453	-1232.966	210.5127	1.912913	0.5398665	2.335481
44718	-1017.9	-1228.58	210.6804	1.702089	0.4811432	2.423387
44724	-1016.056	-1227.829	211.7725	2.081249	0.4811432	1.420808
44730	-1032.743	-1244.672	211.9294	1.924329	0.4811432	1.420808
44736	-1015.042	-1226.509	211.4665	1.799581	0.7751211	1.548694
44742	-1000.734	-1211.179	210.4446	1.596182	0.8607697	2.311915
44748	-1006.592	-1217.174	210.5829	1.787626	0.4727941	2.439933
44754	-1001.649	-1212.605	210.956	1.787626	0.6033661	2.067806
44760	-1012.758	-1223.58	210.822	1.718306	0.6989165	2.115264
44766	-1013.245	-1223.753	210.5075	1.596474	0.5643327	2.514365
44772	-1009.278	-1219.99	210.7126	1.639427	0.6567951	2.27355
44778	-1015.377	-1226.572	211.1957	1.639427	0.568303	2.041595
44784	-1021.72	-1231.33	209.6102	1.534423	0.607523	3.060343
44790	-1019.814	-1230.271	210.4568	1.663708	1.015746	2.155686
44796	-1013.906	-1224.749	210.8422	1.741451	0.6213993	2.155686
44802	-1029.739	-1240.558	210.8192	1.799653	0.444645	2.313972
44808	-1035.08	-1246.484	211.404	1.954852	0.7008732	1.54886
44814	-1034.202	-1245.535	211.3331	1.834917	0.8236341	1.578674
44820	-1027.847	-1238.777	210.9302	1.837383	0.8733212	1.822688
44826	-1026.581	-1237.949	211.368	2.278016	1.022302	1.011239
44832	-1019.586	-1231.162	211.5757	2.278016	0.7958458	1.046497
44838	-1018.744	-1230.509	211.7656	2.115836	0.875741	0.9256213
44844	-1039.923	-1251.27	211.3468	1.942783	0.5714408	1.728877
44850	-1025.829	-1237.756	211.9266	2.473568	0.6309278	0.6073902
44856	-1026.7	-1238.15	211.4506	2.535062	0.976768	0.6179288
44862	-1013.733	-1225.371	211.6389	2.561625	0.7755123	0.6372535
44868	-1003.798	-1214.802	211.0042	2.522888	1.493064	0.651389
44874	-1014.415	-1225.51	211.0951	2.522888	1.353994	0.6823736
44880	-1027.749	-1239.016	211.2667	2.328961	1.375497	0.6921624
44886	-1021.768	-1232.905	211.1369	2.454275	1.427441	0.6160691
44892	-1026.658	-1238.129	211.4702	2.426796	1.024907	0.7018474
44898	-1032.565	-1244.196	211.6309	2.241532	1.018504	0.7513832
44904	-1022.465	-1234.122	211.6571	2.265055	0.6543112	1.148899
44910	-1029.864	-1241.77	211.9055	2.090575	0.6543112	1.08191
44916	-1026.362	-1238.049	211.6868	1.914596	0.55555	1.521045
44922	-1031.085	-1241.682	210.5967	1.658826	0.4718175	2.513028
44928	-1020.938	-1232.216	211.278	1.842056	0.5797647	1.838022
44934	-1020.18	-1231.869	211.6893	2.038852	0.5810927	1.395158
44940	-1033.381	-1245.141	211.7606	1.921731	0.6812022	1.320176
44946	-1020.029	-1231.895	211.8666	2.127176	0.5231869	1.253469
44952	-1014.937	-1226.6	211.6637	2.033198	0.7868896	1.197705
44958	-1023.468	-1235.27	211.8015	2.203125	0.7453959	0.9568976
44964	-1017.054	-1229.174	212.1206	1.987778	0.4556684	1.25246
44970	-1015.582	-1227.174	211.5926	2.183823	0.6727082	1.25246
44976	-1022.478	-1234.272	211.7942	2.132786	0.5635206	1.25667
44982	-1020.48	-1232.307	211.8267	2.005797	0.5635206	1.333622
44988	-1010.371	-1221.855	211.4839	2.105628	0.5951849	1.485434
44994	-1000.112	-1211.813	211.7015	2.076408	0.3478962	1.66346
45000	-1002.168	-1213.59	211.4225	2.090711	0.5747476	1.564745
45006	-1019.748	-1231.501	211.7535	2.278056	0.4594771	1.310005
45012	-1010.496	-1222.351	211.8551	2.195779	0.4426392	1.318527
45018	-1010.295	-1222.185	211.8901	2.317861	0.3610411	1.318527
45024	-1025.661	-1237.242	211.5803	2.147864	0.5153461	1.473443
45030	-1028.487	-1239.901	211.4139	2.148082	0.6498293	1.44758
45036	-1011.887	-1223.698	211.8112	2.047575	0.4354445	1.478251
45042	-1020.24	-1231.97	211.73	2.00336	0.3344812	1.71551
45048	-1017.869	-1229.707	211.8383	1.866925	0.3476194	1.71551
45054	-1031.292	-1242.494	211.2019	1.88269	0.3676365	2.108052
45060	-1025.195	-1236.267	211.0723	1.912573	0.554207	1.956075
45066	-1024.917	-1236.654	211.737	1.891125	0.554207	1.502605
45072	-1027.564	-1238.987	211.4229	2.006328	1.055709	1.181032
45078	-1035.88	-1247.203	211.3225	1.996949	1.174824	1.181032
45084	-1040.654	-1252.392	211.7389	2.327083	0.3646195	1.424496
45090	-1041.133	-1252.155	211.0221	2.124393	0.7622637	1.647106
45096	-1035.981	-1247.319	211.3375	1.789326	0.6830245	1.732644
45102	-1036.77	-1248.157	211.3874	1.620617	0.5953022	1.898881
45108	-1038.314	-1249.351	211.0364	1.907514	0.4677931	2.077025
45114	-1055.079	-1265.707	210.6276	1.923309	1.15693	1.777715
45120	-1034.532	-1246.178	211.6464	2.11446	0.8777342	1.045806
45126	-1026.514	-1238.188	211.6739	2.150015	0.8364134	1.029713
45132	-1018.71	-1230.197	211.4871	2.15548	1.12724	0.9111174
45138	-1012.486	-1223.846	211.3598	2.027187	0.9269809	1.324217
45144	-1014.572	-1225.803	211.2309	2.150894	1.199805	1.10609
45150	-1020.164	-1232.042	211.8775	2.168659	0.704709	0.9674519
45156	-1027.315	-1238.924	211.6093	2.332666	0.6743306	1.106781
45162	-1018.651	-1230.589	211.9374	2.083032	0.7178183	0.9765134
45168	-1028.653	-1240.166	211.5128	2.130304	1.070086	0.9675131
45174	-1042.673	-1254.138	211.4652	2.187921	0.9283885	1.095647
45180	-1017.559	-1228.905	211.346	1.738706	0.4535468	2.000276
45186	-1021.145	-1232.608	211.4635	1.650292	0.4248872	2.015395
45192	-1023.891	-1235.65	211.7592	2.180811	0.4203077	1.437633
45198	-1022.643	-1234.195	211.5519	1.838522	0.4203077	1.834281
45204	-1030.083	-1241.427	211.3433	1.806755	0.3475626	2.092484
45210	-1028.01	-1239.38	211.3694	2.049979	0.3850034	1.860847
45216	-1021.638	-1233.119	211.4811	2.01339	0.7463382	1.402558
45222	-1014.212	-1225.519	211.3074	2.174689	0.5391939	1.627066
45228	-1017.461	-1229.256	211.7952	2.159574	0.3359373	1.553689
45234	-1025.347	-1236.788	211.4412	2.111554	0.6997687	1.403324
45240	-1025.142	-1236.576	211.4337	2.176032	0.6997687	1.358667
45246	-1034.725	-1246.613	211.8883	2.179211	0.4667316	1.270314
45252	-1030.416	-1239.359	208.943	1.666684	0.447454	3.526746
45258	-1029.058	-1238.888	209.8301	1.46737	0.7102175	2.884413
45264	-1030.617	-1241.221	210.6041	1.676823	0.5923214	2.376879
45270	-1027.023	-1237.818	210.7941	1.771451	0.5339106	2.252037
45276	-1021.199	-1232.263	211.0641	1.840997	0.5313743	2.03315
45282	-1020.595	-1231.442	210.8469	1.854443	0.6833735	2.022515
45288	-1010.029	-1220.278	210.2492	1.773997	0.7940515	2.371955
45294	-1025.795	-1236.468	210.6729	1.875873	0.80946	2.019746
45300	-1023.258	-1233.526	210.2688	1.431355	0.6266176	2.707735
45306	-1013.738	-1223.313	209.5753	1.570859	0.6563271	3.018508
45312	-1013.142	-1223.012	209.8697	1.441472	0.6312972	2.940104
45318	-1005.499	-1215.45	209.9519	1.608928	0.5194307	2.890781
45324	-1008.773	-1219.412	210.6384	1.627987	0.567729	2.409213
45330	-1025.054	-1235.812	210.7583	1.92919	0.567729	2.139253
45336	-1019.935	-1231.275	211.3399	1.672151	0.5035795	1.991794
45342	-1029.026	-1240.386	211.3597	1.683335	0.4589918	2.021586
45348	-1016.311	-1227.192	210.8805	1.7751	0.4520587	2.282004
45354	-1028.977	-1239.856	210.8789	1.588866	0.4520587	2.401436
45360	-1024.585	-1235.447	210.8617	1.48923	0.5357631	2.386928
45366	-1009.902	-1221.181	211.2791	1.737977	0.7761354	1.727096
45372	-1023.52	-1235.298	211.7772	1.885915	0.3782021	1.700769
45378	-1013.513	-1224.341	210.8286	1.519416	0.7199096	2.22261
45384	-1036.614	-1247.267	210.6528	1.455496	0.4523204	2.625572
45390	-1024.53	-1233.892	209.3619	1.44421	0.287229	3.604181
45396	-1026.486	-1236.008	209.5216	1.328912	0.6638784	3.188593
45402	-1036.193	-1245.607	209.4146	1.608174	0.5449755	3.188593
45408	-1029.879	-1239.824	209.9447	1.550607	0.6134036	2.844161
45414	-1033.942	-1243.002	209.0595	1.56008	0.9783231	3.107817
45420	-1023.01	-1232.477	209.4673	1.396963	0.6817821	3.166189
45426	-1015.705	-1227.006	211.3015	1.6242	0.7715576	1.794799
45432	-1011.094	-1222.748	211.6543	1.958701	0.5952361	1.467593
45438	-1023.838	-1235.18	211.3421	2.024049	0.5823605	1.663012
45444	-1024.882	-1236.59	211.7083	1.918772	0.3803151	1.723252
45450	-1031.988	-1242.812	210.8244	1.854224	0.6180058	2.096757
45456	-1022.176	-1233.091	210.9152	1.813335	0.6776396	2.009479
45462	-1023.785	-1235.239	211.4542	1.849472	0.6825403	1.606901
45468	-1026.117	-1237.234	211.1167	2.142888	1.06462	1.315484
45474	-1023.626	-1236.283	212.6566	1.94353	0.3450556	1.001833
45480	-1031.125	-1242.672	211.5472	1.876126	0.8410995	1.370186
45486	-1001.163	-1212.454	211.2919	1.815755	0.5468363	1.880752
45492	-1009.258	-1220.258	211	1.858426	0.9713243	1.686283
45498	-1002.009	-1213.464	211.4548	1.884567	0.5539624	1.71258
45504	-1011.121	-1222.452	211.3307	1.96873	0.9099094	1.407621
45510	-1010.389	-1221.834	211.4449	2.049774	0.7372183	1.411231
45516	-1025.5	-1237.056	211.5564	2.394113	0.8450372	0.8868197
45522	-1024.263	-1235.882	211.6195	2.514308	0.6943506	0.8868197
45528	-1022.19	-1233.543	211.3526	2.514308	0.8980448	0.914722
45534	-1024.467	-1235.878	211.4105	2.308424	0.8255546	1.138771
45540	-1033.204	-1244.985	211.7804	2.157046	0.4315556	1.423617
45546	-1028.289	-1239.22	210.931	1.932833	0.5372451	2.054268
45552	-1027.237	-1238.515	211.278	1.934118	0.5719635	1.782474
45558	-1036.584	-1247.93	211.3459	2.066932	0.7185359	1.491706
45564	-1017.698	-1228.203	210.5045	1.849238	0.8824483	2.093901
45570	-1035.613	-1245.483	209.8693	1.67301	0.9234123	2.582386
45576	-1028.826	-1239.777	210.9503	1.761451	0.4459371	2.252996
45582	-1010.15	-1221.365	211.2149	1.902533	0.6963351	1.726991
45588	-1024.261	-1235.49	211.2291	1.879023	0.8297754	1.61707
45594	-1034.314	-1245.717	211.4025	1.879023	0.6111436	1.693381
45600	-1016.306	-1228.089	211.7832	2.064571	0.7332104	1.122954
45606	-1029.183	-1240.708	211.5247	2.098617	0.9281804	1.122954
45612	-1046.324	-1257.344	211.0207	1.992704	1.121794	1.466019
45618	-1035.174	-1246.087	210.9133	1.791302	0.6067035	2.090336
45624	-1035.723	-1247.17	211.4471	1.966211	0.4583562	1.770781
45630	-1018.579	-1230.265	211.686	2.01863	0.822029	1.155056
45636	-1011.545	-1223.312	211.7666	2.034951	0.822029	1.066974
45642	-1017.782	-1229.388	211.6056	2.034951	1.035648	1.003705
45648	-1005.507	-1217.174	211.6667	1.857562	0.5605162	1.572379
45654	-998.56	-1210.345	211.7855	1.873849	0.5605162	1.4718
45660	-995.9051	-1207.551	211.6459	1.905184	0.4415671	1.694947
45666	-1000.861	-1212.807	211.9455	1.828376	0.6012238	1.335768
45672	-993.5648	-1205.283	211.7179	2.12349	0.4487938	1.473254
45678	-1007.561	-1219.062	211.5005	1.891865	0.3699056	1.899872
45684	-1002.938	-1214.45	211.512	1.929863	0.3699056	1.866192
45690	-1016.696	-1227.908	211.2118	1.876327	0.5736128	1.866192
45696	-1023.47	-1234.602	211.1327	2.072444	0.8723575	1.510458
45702	-1017.555	-1229.077	211.5222	1.918448	0.7080951	1.480817
45708	-1017.331	-1228.388	211.0568	1.89916	0.9344873	1.643833
45714	-1018.814	-1228.894	210.0799	1.734148	0.4496245	2.808832
45720	-1013.022	-1224.158	211.1358	1.859587	0.6655282	1.84016
45726	-1014.84	-1225.462	210.6223	1.781424	0.545619	2.343677
45732	-1023.504	-1234.477	210.9731	1.686286	0.4807615	2.247632
45738	-1027.454	-1239.177	211.7232	1.682653	0.6172826	1.597741
45744	-1041.881	-1252.444	210.5634	1.636199	0.6285584	2.395415
45750	-1031.336	-1242.002	210.666	1.519468	0.6386352	2.395415
45756	-1029.368	-1239.449	210.0805	1.389257	0.5876554	2.882253
45762	-1041.294	-1251.166	209.8724	1.768829	1.312221	2.293718
45768	-1015.914	-1225.949	210.0347	1.844084	1.164845	2.221718
45774	-1024.184	-1235.844	211.6598	1.879412	0.4178847	1.734026
45780	-1027.093	-1237.861	210.7683	1.677365	0.9077625	2.014974
45786	-1032.088	-1242.359	210.2707	1.562292	0.4599138	2.786219
45792	-1017.489	-1227.81	210.3204	1.581543	0.3900011	2.823045
45798	-1012.247	-1223.069	210.8218	1.519713	0.4910318	2.438704
45804	-1026.683	-1237.653	210.9698	1.408391	0.400258	2.517728
45810	-1011.752	-1221.444	209.6916	1.485795	0.6637738	2.993686
45816	-1017.848	-1227.784	209.9357	1.570385	0.6034232	2.846304
45822	-1016.547	-1227.343	210.796	1.879719	0.464563	2.255068
45828	-1019.801	-1230.649	210.8476	1.745725	0.5135641	2.255068
45834	-1022.387	-1233.83	211.4434	1.842219	0.5869949	1.715335
45840	-1033.006	-1243.574	210.5688	1.747022	1.072002	1.991102
45846	-1022.921	-1234.573	211.6524	1.838678	0.5013518	1.664308
45852	-1042.738	-1254.495	211.7564	1.981228	0.7807062	1.168882
45858	-1023.119	-1235.101	211.9817	2.211108	0.5421851	1.050662
45864	-1026.513	-1238.192	211.679	2.089805	0.6048091	1.335631
45870	-1035.356	-1246.758	211.4024	1.999294	0.8345727	1.392977
45876	-1023.766	-1235.355	211.5886	1.920004	0.5856078	1.556166
45882	-1027.613	-1239.216	211.6028	1.932927	0.6397605	1.478124
45888	-1024.151	-1235.712	211.5607	1.89289	0.5082663	1.682967
45894	-1018.461	-1230.032	211.5711	1.843421	0.5082663	1.710677
45900	-1040.148	-1252.202	212.0539	2.014007	0.4296523	1.323849
45906	-1026.223	-1237.712	211.4887	2.294399	0.7888669	1.11983
45912	-1021.855	-1232.887	211.0321	1.946622	0.6761639	1.841827
45918	-1021.968	-1233.249	211.2806	2.049527	0.4847931	1.79697
45924	-1012.12	-1223.984	211.8644	1.980649	0.4835099	1.424443
45930	-1017.765	-1229.464	211.6986	2.025992	0.4171588	1.602606
45936	-1006.976	-1217.881	210.9046	1.850229	0.4242068	2.25072
45942	-1014.21	-1225.249	211.0388	1.921199	0.4242068	2.117698
45948	-1023.894	-1234.55	210.6554	1.832228	0.3733979	2.482436
45954	-1017.056	-1227.999	210.9434	1.748928	0.4446826	2.266941
45960	-1018.608	-1228.781	210.1733	1.756208	0.4391854	2.749815
45966	-1021.961	-1232.282	210.3212	1.782235	0.6654381	2.424013
45972	-1021.394	-1231.736	210.3418	1.827589	0.6178312	2.424013
45978	-1014.243	-1224.833	210.5899	1.788655	0.4828728	2.424013
45984	-1017.6	-1228.891	211.2911	1.997475	0.5150341	1.791093
45990	-1015.999	-1226.772	210.7731	1.911551	1.04509	1.757033
45996	-1007.211	-1218.494	211.2823	1.887204	0.6263491	1.757033
46002	-1026.762	-1237.166	210.4038	1.665477	1.24543	2.051686
46008	-1039.126	-1249.693	210.5663	1.522086	0.9567609	2.215179
46014	-1020.984	-1231.971	210.9869	1.714012	0.6357752	2.065621
46020	-1022.522	-1234.022	211.5005	1.99155	0.6089188	1.543311
46026	-1019.643	-1230.848	211.2051	1.997627	0.6169501	1.743096
46032	-1018.477	-1230.259	211.7821	2.061524	0.5477762	1.344061
46038	-1035.113	-1246.774	211.6611	2.222453	0.9006412	0.8930568
46044	-1025.381	-1237.453	212.0715	2.445827	0.4483804	0.8753547
46050	-1017.685	-1228.733	211.0474	2.403296	1.518292	0.7524883
46056	-1017.951	-1229.273	211.322	2.546022	0.992777	0.7939756
46062	-995.8855	-1207.359	211.4739	2.326347	0.992777	0.8784252
46068	-1010.14	-1221.494	211.3541	2.365939	1.117393	0.830622
46074	-1014.274	-1226.048	211.7736	2.102813	0.9170237	0.881071
46080	-1006.926	-1218.404	211.4774	2.195449	0.971128	1.035154
46086	-1030.078	-1241.203	211.1246	2.103043	0.6521661	1.690783
46092	-1030.358	-1241.701	211.3433	1.964648	0.5954407	1.690783
46098	-1023.536	-1234.134	210.598	1.811436	0.7082429	2.192618
46104	-1030.754	-1242.329	211.5746	2.579875	0.8268894	0.5991343
46110	-1013.452	-1225	211.5475	2.437959	0.9619286	0.6539825
46116	-1008.688	-1219.841	211.1532	2.546498	1.271122	0.6539825
46122	-1017.83	-1229.267	211.4369	2.241652	1.037723	0.9630254
46128	-1026.091	-1237.613	211.5221	2.233154	1.037723	0.8790085
46134	-1020.841	-1232.54	211.6996	1.997759	0.6626477	1.328091
46140	-1018.955	-1230.752	211.7969	1.925841	0.6440793	1.328091
46146	-1036.739	-1248.27	211.5312	1.925841	1.034879	1.17435
46152	-1019.031	-1230.763	211.7321	2.198957	0.9039389	0.832225
46158	-1017.271	-1228.531	211.2595	2.452152	1.198256	0.7426677
46164	-1033.265	-1244.582	211.3171	2.379423	1.152236	0.8202893
46170	-1025.741	-1237.4	211.659	2.328316	0.8887117	0.7798324
46176	-1018.093	-1229.754	211.661	2.416449	0.8887117	0.620572
46182	-1033.442	-1245.339	211.897	2.326193	0.4784485	1.118923
46188	-1012.727	-1224.78	212.0532	2.126405	0.4346033	1.22441
46194	-1030.922	-1242.338	211.4158	2.12694	0.6962672	1.414618
46200	-1019.991	-1231.655	211.6639	2.213705	0.551929	1.311689
46206	-1017.663	-1228.983	211.3204	2.029269	0.551929	1.70751
46212	-1014.292	-1225.804	211.5122	2.029235	0.4103512	1.742459
46218	-1004.988	-1217.165	212.1768	2.081176	0.3721581	1.259107
46224	-1007.187	-1219.098	211.9108	2.300557	0.2537957	1.507302
46230	-1014.535	-1226.321	211.7866	2.236494	0.2843249	1.590044
46236	-1005.538	-1217.049	211.5111	1.922995	0.5420132	1.658363
46242	-1016.254	-1227.773	211.5188	1.808849	0.4442026	1.847335
46248	-1006.547	-1217.715	211.1687	1.811397	0.3917319	2.144915
46254	-1019.543	-1230.849	211.3061	1.893462	0.4076243	1.979806
46260	-1018.124	-1228.753	210.6291	1.7669	0.5874455	2.308287
46266	-1001.869	-1212.665	210.7963	1.67544	0.6122458	2.236596
46272	-1017.09	-1226.792	209.7018	1.478243	0.5949371	3.05006
46278	-1023.147	-1234.123	210.9762	1.586975	0.6341771	2.157314
46284	-1032.055	-1243.021	210.9661	1.670355	0.5166283	2.224124
46290	-1025.687	-1236.859	211.1725	1.764945	0.636593	1.906756
46296	-1023.131	-1234.451	211.3197	1.80966	0.5951106	1.81604
46302	-1030.465	-1240.647	210.1828	2.191782	0.2667454	2.700814
46308	-1026.225	-1237.072	210.8468	2.347443	0.1700136	2.362067
46314	-1036.733	-1247.686	210.953	2.557705	0.1717535	2.155213
46320	-1044.83	-1254.694	209.8636	1.621088	0.5525962	2.905212
46326	-1023.917	-1234.592	210.6755	1.71867	0.4515398	2.448373
46332	-1025.175	-1235.544	210.3693	1.624819	0.7192114	2.448373
46338	-1014.806	-1225.452	210.646	1.456024	0.4135594	2.673063
46344	-1010.908	-1221.432	210.5242	1.685281	0.6616218	2.36024
46350	-1023.521	-1234.639	211.1179	1.619431	0.3791673	2.317399
46356	-1010.779	-1222.244	211.4644	1.836276	0.4146143	1.902839
46362	-1026.23	-1237.342	211.1117	1.957597	0.5506441	1.902839
46368	-1033.357	-1245.353	211.9959	2.068578	0.316631	1.503885
46374	-1026.094	-1237.792	211.6977	2.257824	0.4998466	1.315905
46380	-1023.745	-1235.555	211.8103	2.007353	0.5952979	1.307473
46386	-1020.196	-1232.003	211.8071	1.988563	0.326381	1.683971
46392	-1033.579	-1244.625	211.0459	1.789166	0.6609105	1.953308
46398	-1013.017	-1223.732	210.7149	1.743902	0.3348994	2.550678
46404	-1034.844	-1246.107	211.2631	2.463818	1.178605	0.7457169
46410	-1030.572	-1241.72	211.1483	2.631019	1.153868	0.6961618
46416	-1046.264	-1258.041	211.7764	2.049697	0.5593975	1.34379
46422	-1020.586	-1231.737	211.1509	1.9508	0.6927294	1.741304
46428	-1015.464	-1226.804	211.3408	1.9508	0.5584979	1.741304
46434	-998.7184	-1209.57	210.8519	1.819666	0.7505678	1.98511
46440	-1003.303	-1215.037	211.7341	2.021814	0.5463343	1.414614
46446	-1004.538	-1216.507	211.9684	2.176051	0.4326416	1.256878
46452	-1025.123	-1236.21	211.0878	2.113086	1.207974	1.256878
46458	-1028.474	-1238.528	210.0536	2.273312	2.19892	1.418154
46464	-1018.752	-1228.984	210.2319	2.124171	2.126628	1.426385
46470	-1009.292	-1220.383	211.0917	1.883142	0.7323628	1.794287
46476	-1020.239	-1231.417	211.1786	1.716069	0.7980444	1.794287
46482	-1023.255	-1234.567	211.312	1.929876	0.8191235	1.52803
46488	-1013.812	-1224.587	210.7751	1.659824	0.96027	1.985297
46494	-1044.824	-1255.037	210.2128	1.717185	0.888281	2.363049
46500	-1028.509	-1239.842	211.333	1.785787	0.6178814	1.800652
46506	-1018.207	-1229.69	211.4828	1.841823	0.6178814	1.655794
46512	-1019.876	-1231.356	211.4794	1.64433	0.7413533	1.68184
46518	-1023.013	-1233.766	210.7525	1.602038	0.5159416	2.404682
46524	-1045.072	-1256.564	211.4916	1.991972	0.3124798	1.92156
46530	-1030.697	-1241.799	211.1023	2.05355	0.4801318	1.92156
46536	-1031.888	-1243.573	211.6849	2.018838	0.4801318	1.53547
46542	-1029.946	-1241.978	212.0325	2.205601	0.3490235	1.314434
46548	-1024.622	-1236.103	211.481	1.91286	0.3718056	1.896271
46554	-1017.569	-1229.249	211.6796	2.083055	0.4539192	1.525477
46560	-1002.164	-1213.647	211.483	1.91266	0.4735269	1.764728
46566	-1021.095	-1231.951	210.8558	1.898026	0.6011972	2.063154
46572	-1006.841	-1217.274	210.4325	1.681356	0.5983839	2.476472
46578	-1010.947	-1220.893	209.9461	1.862142	0.5983839	2.666197
46584	-1020.418	-1231.111	210.6927	1.882779	0.5020954	2.27856
46590	-1014.99	-1225.519	210.5284	1.789608	0.6277059	2.321022
46596	-1003.331	-1214.582	211.2508	1.992101	0.5463417	1.788358
46602	-1014.327	-1225.674	211.3472	2.019835	0.5414515	1.706706
46608	-1020.808	-1232.522	211.7133	1.939429	0.3792181	1.706706
46614	-1009.81	-1220.99	211.1796	1.939429	0.7172872	1.706706
46620	-993.8367	-1205.431	211.5939	1.806999	0.549426	1.673835
46626	-1004.362	-1215.39	211.028	1.785801	0.4889819	2.138637
46632	-1008.074	-1219.375	211.3013	1.885787	0.4447166	1.942188
46638	-1008.963	-1220.027	211.0643	1.814642	0.7812588	1.819043
46644	-1020.285	-1232.02	211.7359	1.787285	0.507071	1.634538
46650	-1009.549	-1221.045	211.4958	1.90058	0.546521	1.680316
46656	-1021.818	-1233.882	212.0642	1.917943	0.4201587	1.40539
46662	-1018.179	-1230.115	211.9359	1.899008	0.5043163	1.405449
46668	-1028.703	-1239.883	211.1802	1.900494	0.6910322	1.757593
46674	-1025.233	-1236.395	211.1617	1.714228	0.7641203	1.835342
46680	-1008.708	-1220.155	211.447	1.700041	0.5644275	1.835342
46686	-1014.458	-1225.633	211.1752	1.777309	0.7100141	1.829387
46692	-1016.054	-1227.296	211.2418	1.734063	0.9129413	1.646018
46698	-1009.197	-1220.854	211.6565	1.809468	0.528182	1.65114
46704	-1019.448	-1231.252	211.8037	1.89851	0.4537025	1.570402
46710	-1019.66	-1230.397	210.7369	1.773853	0.858501	2.007643
46716	-1012.395	-1222.989	210.5937	1.698574	0.8413442	2.164126
46722	-1008.169	-1219.598	211.4288	1.752545	0.3512808	2.066707
46728	-1010.926	-1222.647	211.7209	2.011597	0.3333257	1.717938
46734	-1019.687	-1231.397	211.7099	2.070634	0.4214513	1.555837
46740	-1012.266	-1223.67	211.4039	1.805255	0.4914645	1.87241
46746	-1019.065	-1230.965	211.8998	1.901813	0.3090861	1.707272
46752	-1011.654	-1223.713	212.0588	1.950301	0.2265203	1.707272
46758	-1001.426	-1213.447	212.0213	1.827221	0.2851938	1.713711
46764	-1001.265	-1212.925	211.6594	1.607126	0.2851938	2.108315
46770	-1016.888	-1227.365	210.4772	1.538251	0.7285616	2.427503
46776	-1007.075	-1217.653	210.5775	1.659135	0.8300129	2.208538
46782	-1011.44	-1222.675	211.2349	1.704347	0.6981818	1.848994
46788	-1017.322	-1228.637	211.3146	1.759228	0.7876186	1.677173
46794	-1026.162	-1237.684	211.5228	1.854547	0.5950993	1.641567
46800	-1025.571	-1234.791	209.2197	1.186208	0.47363	3.618575
46806	-1023.546	-1232.803	209.2574	1.347143	0.4278345	3.550438
46812	-1028.302	-1239.311	211.009	1.466364	0.3510182	2.51889
46818	-1016.762	-1227.344	210.5824	1.65739	0.6227594	2.375155
46824	-1009.955	-1221.166	211.2111	1.6931	0.6227594	1.942325
46830	-1007.088	-1218.434	211.346	1.668912	0.5840198	1.905438
46836	-1000.827	-1211.795	210.9684	1.782388	0.7508786	1.931627
46842	-1001.695	-1213.105	211.41	1.60737	0.6241988	1.864199
46848	-1008.3	-1218.239	209.9391	1.427678	0.4948989	3.031651
46854	-1006.091	-1216.381	210.2892	1.533855	0.3600245	2.907396
46860	-1015.037	-1225.239	210.2019	1.456118	0.526795	2.824689
46866	-1027.749	-1239.03	211.2814	1.525841	0.5395837	2.089206
46872	-1042.234	-1252.925	210.6903	1.779038	0.562498	2.285286
46878	-1032.442	-1242.591	210.1489	1.681241	0.7201873	2.550112
46884	-1044.779	-1254.946	210.167	1.796346	0.8446271	2.372714
46890	-1051.93	-1263.775	211.8445	1.953604	0.6040538	1.312996
46896	-1047.719	-1258.064	210.3451	1.801541	0.7490583	2.328217
46902	-1022.001	-1234.095	212.0935	2.140716	0.6354344	0.8625273
46908	-1028.936	-1240.802	211.866	2.179123	0.768411	0.8814635
46914	-1023.757	-1235.161	211.404	2.300447	1.124581	0.841887
46920	-1015.91	-1227.613	211.7023	2.059506	0.8541102	1.069847
46926	-1006.747	-1218.566	211.8195	2.026023	0.7659809	1.088019
46932	-1010.853	-1222.767	211.9145	2.022022	0.5894291	1.216123
46938	-1016.141	-1227.882	211.7406	2.022022	0.8522474	1.071051
46944	-1008.421	-1220.042	211.621	1.984197	0.8522474	1.211288
46950	-1019.381	-1230.619	211.2387	1.671764	0.4368095	2.134967
46956	-1015.931	-1226.933	211.0011	1.544203	0.5547111	2.244221
46962	-1019.531	-1230.032	210.5017	1.668873	0.4209861	2.622251
46968	-1007.737	-1219.365	211.6276	1.791501	0.4209861	1.813603
46974	-1007.477	-1218.771	211.294	1.669983	0.6276595	1.897255
46980	-1010.854	-1222.088	211.2345	1.51485	0.447388	2.227161
46986	-1002.266	-1212.691	210.4253	1.724785	0.4703096	2.580215
46992	-1018.182	-1229.596	211.4138	2.024496	0.3200962	1.940494
46998	-1017.846	-1230.039	212.1927	1.874179	0.3949457	1.376717
47004	-1017.158	-1229.464	212.306	2.111955	0.4178821	1.038156
47010	-1024.232	-1235.841	211.6093	2.27377	0.7785108	1.038156
47016	-1005.413	-1216.951	211.5375	1.921964	0.5286833	1.65529
47022	-1015.763	-1227.261	211.4986	2.100328	0.3197967	1.831699
47028	-1035.53	-1247.099	211.5695	1.968519	0.4969714	1.635874
47034	-1017.542	-1228.576	211.0343	1.709811	0.5515478	2.118347
47040	-1022.579	-1233.634	211.0552	1.620441	0.5509286	2.163651
47046	-1029.073	-1240.219	211.146	1.467293	0.547784	2.207221
47052	-1030.842	-1240.23	209.3883	1.330959	0.5471712	3.365671
47058	-1032.091	-1242.278	210.1863	1.746815	0.6460958	2.54712
47064	-1020.952	-1233.027	212.0751	1.923415	0.4982485	1.283099
47070	-1024.766	-1236.16	211.3945	1.778742	0.9592647	1.464567
47076	-1021.959	-1233.218	211.2584	1.911881	0.5774762	1.805806
47082	-1009.379	-1220.182	210.8028	1.690688	0.7754182	2.083016
47088	-999.4391	-1209.563	210.1242	1.568696	0.9466489	2.473289
47094	-1016.947	-1227.756	210.8089	1.568431	0.6573981	2.256732
47100	-1009.512	-1220.406	210.8938	1.928781	0.6573981	1.96487
47106	-999.1608	-1210.575	211.414	2.099612	0.7644532	1.370203
47112	-1019.884	-1231.722	211.838	2.099612	0.7644532	1.001428
47118	-1014.562	-1226.117	211.5549	2.080319	1.04345	1.001428
47124	-1011.759	-1223.337	211.5785	2.130183	0.990368	0.9802178
47130	-1017.14	-1229.162	212.022	2.087933	0.6429397	0.986702
47136	-1013.296	-1224.295	210.9992	1.945453	1.09367	1.537066
47142	-1023.993	-1235.626	211.633	2.056326	0.5177092	1.499841
47148	-1013.46	-1225.045	211.5847	2.028119	0.4969464	1.581593
47154	-1004.606	-1216.261	211.6556	1.95337	0.5035179	1.576483
47160	-1010.259	-1221.469	211.2107	1.790508	0.8317526	1.692101
47166	-1022.312	-1233.883	211.5718	1.86828	0.5086675	1.692101
47172	-1016.317	-1227.953	211.6361	2.067839	0.4261286	1.605535
47178	-1009.834	-1221.204	211.3694	1.763631	0.67515	1.735678
47184	-1012.935	-1224.09	211.1552	1.8469	0.6038804	1.894419
47190	-1003.282	-1213.938	210.6568	1.64448	0.562521	2.392163
47196	-1010.539	-1221.661	211.1218	1.855005	0.7975284	1.737442
47202	-1015.091	-1226.004	210.9132	1.810979	0.7550391	1.946098
47208	-1001.013	-1212.208	211.1941	1.771008	0.4370435	2.098902
47214	-1000.742	-1212.097	211.3546	1.620962	0.64736	1.870686
47220	-1007.868	-1219.327	211.4592	1.750781	0.5589093	1.797726
47226	-1019.012	-1229.797	210.7845	1.835657	0.8805895	1.917824
47232	-1023.928	-1235.368	211.4396	1.81083	0.6525802	1.674166
47238	-1017.329	-1229.349	212.0198	1.957155	0.5952035	1.174086
47244	-1023.901	-1235.819	211.9171	2.351538	0.5952035	0.8893823
47250	-1024.96	-1236.378	211.418	2.463376	0.9971588	0.7693493
47256	-1019.238	-1231.225	211.9868	2.37721	0.6569779	0.6075877
47262	-1026.829	-1238.684	211.8551	2.318711	0.7250346	0.7879246
47268	-1015.435	-1227.512	212.077	2.087293	0.5660174	1.04293
47274	-1022.855	-1234.542	211.6866	1.959461	0.7805571	1.247194
47280	-1049.551	-1260.449	210.8982	1.875935	0.4732346	2.181866
47286	-1042.614	-1254.022	211.4075	1.978816	0.5575914	1.675296
47292	-1044.11	-1254.456	210.3453	1.559472	0.8292585	2.420824
47298	-1044.323	-1255.303	210.9802	1.685417	0.5974223	2.124703
47304	-995.958	-1207.487	211.5286	2.177284	1.039623	0.9320759
47310	-991.4752	-1203.322	211.8468	2.116674	0.720184	1.030311
47316	-1001.126	-1212.841	211.7153	2.188871	0.7878137	1.006605
47322	-1015.046	-1226.882	211.8363	2.188871	0.6911276	1.006605
47328	-1002.808	-1214.506	211.6986	2.005566	0.6020277	1.389885
47334	-1005.901	-1218.001	212.1001	2.075917	0.5091531	1.115263
47340	-1009.245	-1220.034	210.7886	2.029522	1.310064	1.490654
47346	-1017.978	-1229.22	211.2424	2.137275	1.116253	1.174637
47352	-1006.08	-1217.77	211.6897	1.995365	0.9512908	1.04306
47358	-1006.112	-1217.832	211.7197	2.143188	0.8108641	1.020474
47364	-1026.875	-1238.682	211.8074	1.98384	0.72906	1.177563
47370	-1027.295	-1239.002	211.7072	2.071265	0.6221004	1.308002
47376	-1037.21	-1249.152	211.9412	1.989937	0.628688	1.172146
47382	-1019.947	-1232.187	212.2401	1.999364	0.2824952	1.431552
47388	-1017.373	-1228.857	211.4838	2.001179	0.5502504	1.612495
47394	-1019.192	-1230.429	211.2369	2.048985	0.5739035	1.72888
47400	-1027.526	-1238.842	211.3153	1.72994	0.7316864	1.745846
47406	-1029.087	-1240.833	211.7456	1.879409	0.3654353	1.745846
47412	-1034.466	-1246.424	211.9574	2.101529	0.7003412	0.9600001
47418	-1010.998	-1222.695	211.6973	2.16278	0.8837078	0.9391082
47424	-1013.51	-1225.539	212.0291	2.215359	0.5033997	1.060669
47430	-1014.458	-1226.6	212.1422	2.097028	0.4807068	1.100876
47436	-1005.252	-1217.225	211.9723	2.15018	0.3741885	1.365273
47442	-1008.534	-1220.854	212.3202	2.221476	0.3157608	1.11793
47448	-1025.764	-1237.494	211.73	2.061731	0.565178	1.364031
47454	-1024.062	-1236.227	212.1648	2.118085	0.3468243	1.281836
47460	-1025.433	-1237.377	211.9437	1.995721	0.3360654	1.564813
47466	-1020.31	-1231.357	211.0473	2.273705	1.157576	1.192958
47472	-1025.163	-1236.74	211.577	2.194275	0.632746	1.301658
47478	-1031.057	-1242.92	211.8634	2.269025	0.6233416	0.9917547
47484	-1033.467	-1245.041	211.574	2.282026	0.8164166	1.020866
47490	-1030.146	-1242.089	211.9434	2.422918	0.4194839	1.084186
47496	-1011.522	-1223.415	211.8932	2.014033	0.336716	1.587331
47502	-1023.061	-1234.949	211.8879	2.110356	0.2963133	1.587331
47508	-1011.476	-1223.484	212.0078	1.924391	0.3253166	1.587331
47514	-1026.48	-1238.147	211.6663	1.924391	0.282662	1.896315
47520	-1017.891	-1229.519	211.6279	1.83181	0.3401447	1.896315
47526	-1022.842	-1234.344	211.5023	2.117291	0.2708673	1.896315
47532	-1037.306	-1247.822	210.5151	1.854209	0.6020125	2.311694
47538	-1030.12	-1241.73	211.6103	2.09282	0.2829702	1.818853
47544	-1013.278	-1224.632	211.3538	2.015878	0.2709172	2.063425
47550	-1015.991	-1227.288	211.2962	1.981927	0.2700898	2.124956
47556	-1019.552	-1230.441	210.8892	1.764525	0.4245215	2.315121
47562	-1014.971	-1225.911	210.9403	1.825099	0.4908538	2.168103
47568	-1016.567	-1227.201	210.634	1.889257	0.5015043	2.312576
47574	-1022.3	-1233.599	211.2985	1.596029	0.3346831	2.276098
47580	-1024.417	-1235.51	211.0935	1.811414	0.3856083	2.201544
47586	-1009.725	-1219.836	210.1102	1.592566	0.4487652	2.877278
47592	-1016.269	-1226.532	210.2628	1.530888	0.6618186	2.620234
47598	-1006.914	-1217.576	210.6622	1.585613	0.6870646	2.314215
47604	-1010.88	-1220.489	209.609	1.59542	0.6870646	2.958731
47610	-1017.578	-1228.388	210.8095	1.497244	0.5869911	2.36549
47616	-1019.059	-1230.255	211.1966	1.578967	0.3725081	2.301521
47622	-1010.756	-1222.223	211.4678	1.678743	0.6745118	1.726742
47628	-1010.635	-1221.674	211.0385	1.666252	0.5914211	2.104843
47634	-1011.72	-1221.87	210.1504	1.661433	0.5914211	2.670288
47640	-1022.541	-1234.101	211.5597	1.734001	0.4753372	1.833186
47646	-1016.627	-1226.633	210.0061	1.39524	0.4872601	3.018603
47652	-1014.742	-1224.616	209.8742	1.602548	0.4438947	3.018603
47658	-1010.74	-1221.739	210.9999	1.668459	0.3667657	2.377144
47664	-1031.157	-1242.035	210.8782	1.629842	0.5379988	2.284798
47670	-1024.624	-1235.333	210.7097	1.639196	0.6563981	2.275882
47676	-1026.25	-1237.04	210.7906	1.6132	0.471696	2.420146
47682	-1016.696	-1227.64	210.9445	1.541946	0.4253761	2.420146
47688	-1024.589	-1235.207	210.6181	1.534567	0.4191082	2.635437
47694	-1034.101	-1245.104	211.0037	1.904666	0.3811541	2.205074
47700	-1027.847	-1239.463	211.6163	1.784465	0.7321053	1.487859
47706	-1030.376	-1242.014	211.638	1.950941	0.8118218	1.263889
47712	-1021.096	-1232.997	211.9004	1.912982	0.6743041	1.219634
47718	-1018.971	-1230.641	211.6694	1.893068	0.7132372	1.382116
47724	-1013.304	-1225.117	211.8131	2.083691	0.7669965	1.038422
47730	-1016.77	-1228.343	211.5722	2.09837	0.9700897	1.038422
47736	-1017.083	-1228.667	211.584	2.08655	0.9700897	1.038422
47742	-1011.988	-1224.055	212.0666	1.918831	0.6269558	1.126258
47748	-1011.82	-1223.841	212.0209	2.109099	0.5302131	1.126258
47754	-1003.501	-1214.875	211.3736	1.707188	0.5687249	1.876237
47760	-1016.748	-1228.416	211.6677	1.67762	0.5687249	1.692393
47766	-1014.943	-1225.345	210.4024	1.617837	0.6278957	2.508618
47772	-1017.018	-1228.593	211.5753	1.911304	0.8059239	1.352322
47778	-1033.122	-1244.719	211.5968	1.968002	0.9566391	1.148699
47784	-1037.001	-1248.257	211.2564	2.014958	0.9566391	1.391177
47790	-1043.249	-1254.726	211.4769	2.101018	0.880372	1.207904
47796	-1027.931	-1239.693	211.7623	2.087637	0.8078635	1.036492
47802	-1019.963	-1231.755	211.7921	2.147591	0.8831244	0.84948
47808	-1023.832	-1235.092	211.2604	2.38064	1.193857	0.8435643
47814	-1025.851	-1237.405	211.5542	2.36327	0.9580582	0.7745093
47820	-1020.957	-1232.524	211.5665	1.988855	0.4411585	1.692485
47826	-1030.199	-1241.461	211.2617	1.925847	0.4411585	1.94624
47832	-1006.433	-1217.274	210.8409	1.858302	0.6956211	2.013223
47838	-1019.666	-1230.699	211.0329	2.044251	0.6474494	1.800846
47844	-1031.852	-1243.422	211.5701	1.91574	0.6474494	1.507632
47850	-1022.559	-1233.934	211.3745	1.87759	0.8340315	1.507632
47856	-1038.204	-1249.471	211.267	1.699651	0.6201486	1.902621
47862	-1040.965	-1252.836	211.8705	2.182268	0.8314377	0.7779363
47868	-1024.898	-1236.848	211.9496	2.246117	0.7280628	0.751198
47874	-1027.763	-1238.929	211.1662	1.693106	0.6221641	1.973086
47880	-1014.184	-1225.953	211.7698	1.788156	0.4231833	1.713874
47886	-1027.452	-1238.951	211.4984	1.916179	0.9111579	1.31555
47892	-1028.037	-1239.812	211.7753	1.975512	0.7437345	1.196609
47898	-1025.821	-1237.732	211.9115	2.028844	0.7437345	1.023946
47904	-1034.013	-1244.951	210.9378	2.067756	1.429654	1.269575
47910	-1010.119	-1221.788	211.6694	2.151201	0.6137864	1.283267
47916	-1001.673	-1213.214	211.5407	2.043227	0.8056429	1.273929
47922	-992.2626	-1203.764	211.5013	1.764972	0.4113799	1.930212
47928	-997.3918	-1208.994	211.6024	1.819908	0.3329684	1.932189
47934	-1008.217	-1219.515	211.298	1.848466	0.6266115	1.772817
47940	-1027.792	-1238.722	210.93	1.787939	0.3413166	2.379411
47946	-1010.111	-1220.787	210.6763	1.560367	0.4177892	2.585054
47952	-1004.338	-1216.499	212.1611	1.907473	0.366726	1.419117
47958	-998.0792	-1209.487	211.4082	1.864658	0.6046762	1.706146
47964	-1003.423	-1214.829	211.4065	1.900065	0.5816778	1.706146
47970	-999.4429	-1211.428	211.9853	2.023388	0.3793122	1.445577
47976	-1004.514	-1216.373	211.8585	1.991083	0.3721202	1.575335
47982	-1004.594	-1215.672	211.0787	1.823351	0.5741753	1.991241
47988	-999.5222	-1210.686	211.1638	1.92334	0.4786337	1.96956
47994	-1014.398	-1225.987	211.589	2.175387	0.5783713	1.369923
48000	-1018.189	-1230.193	212.0036	2.1714	0.3459583	1.369923
48006	-1018.812	-1230.677	211.8645	2.274086	0.5243681	1.126875
48012	-1032.163	-1243.336	211.1727	2.270968	0.7300615	1.457301
48018	-1028.714	-1240.652	211.9383	2.308626	0.3947121	1.230931
48024	-1021.458	-1233.69	212.2318	2.29701	0.3574204	1.046175
48030	-1030.489	-1242.613	212.1237	2.200779	0.296713	1.338495
48036	-1027.245	-1239.318	212.0728	2.183598	0.3393834	1.316275
48042	-1024.076	-1235.848	211.7714	2.213172	0.545609	1.23156
48048	-1021.154	-1232.815	211.6609	2.32365	0.545609	1.23156
48054	-1016.474	-1228.03	211.5559	2.477749	0.6878326	1.002495
48060	-1007.85	-1219.842	211.9922	2.296149	0.4273437	1.141729
48066	-1023.495	-1235.014	211.5197	2.139472	0.6635163	1.357567
48072	-1012.996	-1224.61	211.6133	2.169052	0.6635163	1.257793
48078	-1008.924	-1220.87	211.9466	1.976192	0.6682288	1.131525
48084	-1038.584	-1250.065	211.4813	2.250527	0.8899196	1.060809
48090	-1011.135	-1223.278	212.1425	2.250527	0.57647	0.767103
48096	-1025.315	-1236.96	211.6445	2.336148	0.8722373	0.8132104
48102	-1021.628	-1233.431	211.8026	1.921241	0.6697055	1.299034
48108	-1022.982	-1235.187	212.2044	2.120705	0.5447292	0.9114853
48114	-1009.38	-1218.274	208.8935	1.367257	0.4868904	3.689562
48120	-1026.559	-1237.978	211.4189	1.998625	0.9837711	1.251167
48126	-1018.187	-1229.777	211.59	2.084867	0.921206	1.082557
48132	-1035.077	-1245.109	210.0319	1.710911	0.7080534	2.613897
48138	-1034.347	-1244.836	210.4887	1.6092	0.4132143	2.67599
48144	-1026.555	-1236.423	209.8679	1.6254	0.8738541	2.645854
48150	-1015.694	-1225.088	209.3937	1.403329	0.8738541	3.067997
48156	-1015.807	-1225.352	209.5453	1.439554	0.5692037	3.189077
48162	-1016.86	-1227.837	210.9768	1.71548	0.3196527	2.425552
48168	-1013.082	-1224.6	211.5176	1.906172	0.3196527	1.950941
48174	-1010.441	-1222.145	211.7043	2.096727	0.3201477	1.689941
48180	-1010.828	-1222.204	211.3756	2.25168	0.5822319	1.471297
48186	-1004.822	-1215.911	211.0892	2.024886	0.8101285	1.629241
48192	-1014.589	-1226.394	211.8043	1.819942	0.7073772	1.339279
48198	-1021.113	-1232.803	211.6891	1.86362	0.2939084	1.903809
48204	-1023.615	-1235.016	211.4005	2.023225	0.3750568	1.871459
48210	-1029.617	-1241.11	211.4928	1.930921	0.3750568	1.871459
48216	-1022.452	-1233.109	210.6571	1.62605	0.3293952	2.666727
48222	-1005.955	-1217.396	211.4412	1.897839	0.6942965	1.56978
48228	-1022.968	-1234.275	211.3073	1.895614	0.5419253	1.820747
48234	-1012.714	-1223.687	210.9722	1.89918	0.66316	1.926761
48240	-1010.573	-1222.104	211.531	1.995316	0.4759667	1.669643
48246	-1025.109	-1236.502	211.3929	2.139435	0.4724533	1.669643
48252	-1029.831	-1241.333	211.5014	1.911745	0.5214689	1.696519
48258	-1024.593	-1236.042	211.4499	2.229394	0.9487763	1.051124
48264	-1024.732	-1236.791	212.0589	2.239111	0.6702723	0.7082478
48270	-1012.066	-1223.807	211.7417	2.235027	0.7656477	0.9600096
48276	-1014.031	-1225.961	211.9305	2.190713	0.8132595	0.7050815
48282	-1006.757	-1218.901	212.1439	2.221176	0.6318484	0.6826719
48288	-1006.245	-1218.199	211.9537	2.344909	0.6999503	0.6291033
48294	-1005.075	-1216.845	211.7706	2.03777	0.7482381	1.141456
48300	-1016.115	-1227.637	211.5227	1.748948	0.7619653	1.556409
48306	-1023.72	-1235.663	211.9429	1.819999	0.4203092	1.570361
48312	-1024.919	-1236.984	212.0644	2.003425	0.4845521	1.244699
48318	-1021.665	-1233.434	211.7689	2.004594	0.9089683	1.000213
48324	-1027.02	-1237.926	210.9065	1.836611	0.5361547	2.1347
48330	-1025.582	-1237.649	212.0665	1.880777	0.4039353	1.455718
48336	-1025.501	-1237.242	211.7415	1.813171	0.81959	1.284611
48342	-1025.577	-1237.81	212.2331	1.863603	0.6121217	1.042566
48348	-1029.831	-1241.831	212	2.032818	0.5762139	1.149755
48354	-1036.435	-1247.34	210.9046	1.664464	0.9694137	1.888579
48360	-1013.88	-1224.633	210.7536	1.553673	0.6365359	2.319957
48366	-1019.27	-1229.723	210.4533	1.542537	0.642325	2.511288
48372	-1027.576	-1237.84	210.2641	1.666182	0.943567	2.325365
48378	-1021.54	-1233.234	211.6938	1.976792	0.629688	1.385259
48384	-1024.62	-1236.597	211.9766	2.13795	0.3133406	1.471721
48390	-1030.826	-1240.302	209.4755	1.385693	0.3510067	3.488884
48396	-1035.54	-1244.84	209.3	1.805278	0.262642	3.465252
48402	-1035.297	-1244.758	209.461	1.723677	0.2303056	3.468704
48408	-1024.796	-1234.963	210.1664	1.44016	0.3858536	3.006266
48414	-1022.018	-1232.925	210.907	1.779813	0.5599043	2.147438
48420	-1010.506	-1221.223	210.7169	1.984211	0.4693543	2.233348
48426	-1009.872	-1221.41	211.5378	1.959104	0.3823909	1.811142
48432	-1005.372	-1216.955	211.5828	1.878113	0.6793484	1.493947
48438	-1025.611	-1237.285	211.6742	2.115497	0.6898463	1.222213
48444	-1019.361	-1230.935	211.5744	2.066844	0.5700569	1.474526
48450	-1027.373	-1238.805	211.4323	2.097761	0.7408337	1.380126
48456	-1036.31	-1247.188	210.8787	1.975325	0.6663159	1.935645
48462	-1028.763	-1240.97	212.207	2.359187	0.3699916	0.9838355
48468	-1037.485	-1249.191	211.7064	2.238073	0.7752855	0.9812386
48474	-1027.604	-1238.835	211.231	2.185986	1.168298	1.099259
48480	-1020.396	-1231.946	211.5496	2.081731	0.9453639	1.099259
48486	-1007.914	-1219.856	211.9422	2.00473	0.7295086	1.034917
48492	-1005.521	-1217.113	211.5923	2.058156	0.9796849	1.048359
48498	-1010.344	-1222.771	212.427	2.052772	0.4621716	0.8905188
48504	-1008.239	-1219.779	211.54	2.240705	1.054902	0.828246
48510	-1021.392	-1232.862	211.47	2.462036	0.9059694	0.828246
48516	-1012.91	-1224.268	211.3583	2.314103	1.139462	0.8642465
48522	-1010.275	-1221.783	211.5082	2.124062	0.3964433	1.69717
48528	-1013.228	-1225.037	211.8088	2.162859	0.3964433	1.44817
48534	-1024.981	-1236.685	211.704	1.869761	0.7835969	1.303614
48540	-1034.272	-1245.58	211.3079	2.05764	0.6845677	1.559693
48546	-1029.416	-1240.256	210.8399	1.877279	0.6225482	2.067123
48552	-1017.344	-1229.106	211.7616	1.833781	0.4939397	1.597999
48558	-1024.466	-1235.645	211.179	1.742789	0.7296268	1.833252
48564	-1046.149	-1257.383	211.2341	2.033731	0.3510999	2.009659
48570	-1018.483	-1229.397	210.9134	1.809238	0.8752549	1.85208
48576	-1007.906	-1218.314	210.4077	1.921054	0.417708	2.527892
48582	-1010.877	-1221.029	210.1525	1.613459	0.5771866	2.71141
48588	-1009.955	-1220.949	210.9937	1.809849	0.6837059	1.953963
48594	-1010.568	-1220.777	210.2087	1.610016	0.8857293	2.435115
48600	-1027.21	-1238.659	211.4489	1.695671	0.435254	1.982221
48606	-1023.332	-1234.773	211.4415	1.738237	0.4825893	1.902555
48612	-1011.871	-1222.845	210.9739	1.830496	1.008489	1.698013
48618	-1012.373	-1223.792	211.4194	1.853481	0.8741673	1.457883
48624	-1026.395	-1238.623	212.228	1.930893	0.5361144	1.091462
48630	-1031.93	-1242.34	210.4104	1.706502	0.4204223	2.655991
48636	-1038.716	-1249.845	211.1293	1.706502	0.385121	2.24674
48642	-1036.105	-1246.806	210.7008	1.709685	0.6446099	2.24674
48648	-1022.585	-1233.718	211.1334	1.769951	0.3519552	2.24674
48654	-1002.444	-1213.484	211.0403	1.823943	0.8763573	1.753224
48660	-998.2847	-1209.682	211.3976	1.943538	0.7498102	1.515994
48666	-1004.454	-1215.739	211.2849	1.983073	0.7493052	1.570535
48672	-1013.057	-1225.195	212.1384	1.799713	0.3771928	1.502194
48678	-1016.652	-1228.582	211.9303	1.898873	0.4342177	1.502194
48684	-1018.27	-1228.85	210.5796	1.830605	0.8039651	2.115349
48690	-1029.167	-1241.138	211.9705	2.095571	0.7460752	0.8889108
48696	-1031.832	-1243.787	211.9556	2.17915	0.6942123	0.8860167
48702	-1008.767	-1220.48	211.7124	2.092339	0.9142248	0.9626155
48708	-1016.405	-1228.488	212.0826	2.13671	0.5319922	1.040645
48714	-1008.486	-1219.778	211.2916	1.800253	0.6473608	1.790706
48720	-1019.92	-1230.657	210.7374	1.769716	1.045542	1.879179
48726	-1023.678	-1235.228	211.5498	1.756049	0.6567514	1.630398
48732	-1009.148	-1219.98	210.8325	2.045368	0.8080156	1.797809
48738	-1012.394	-1223.902	211.5083	1.961944	0.3313277	1.902172
48744	-1017.252	-1228.529	211.2762	2.084884	0.5822546	1.666741
48750	-1017.18	-1228.431	211.2513	1.918682	0.5822546	1.801057
48756	-1018.215	-1229.397	211.1822	1.74581	0.6753336	1.877251
48762	-1029.605	-1241.049	211.4431	1.899874	0.8366345	1.436548
48768	-1025.621	-1237.15	211.5296	1.968214	0.8366345	1.314891
48774	-1029.754	-1241.573	211.8188	1.880746	0.7139597	1.271394
48780	-1027.867	-1240.086	212.2186	2.148845	0.5081444	0.9291013
48786	-1016.013	-1227.714	211.7008	2.141444	0.7887188	1.065442
48792	-1021.012	-1232.378	211.3664	2.451973	1.039448	0.7986714
48798	-1017.535	-1228.795	211.2598	2.434544	1.252268	0.6949183
48804	-1017.39	-1228.741	211.3505	2.313315	1.252268	0.745008
48810	-1036.822	-1248.77	211.9478	1.946464	0.3775138	1.534402
48816	-1035.569	-1245.917	210.3475	1.787605	0.627076	2.437382
48822	-1023.659	-1234.216	210.5573	1.775045	0.6184989	2.320204
48828	-1034.369	-1244.432	210.0626	1.546087	0.3418261	3.059159
48834	-1032.373	-1241.283	208.9098	1.284941	0.5368194	3.68078
48840	-1019.737	-1229.851	210.1137	1.308661	0.5220045	2.971757
48846	-1028.389	-1237.868	209.4784	1.629305	0.3730021	3.317821
48852	-1031.422	-1243.318	211.8959	2.07229	0.7237198	1.021316
48858	-1029.228	-1241.195	211.9668	2.103342	0.6793039	0.97706
48864	-1023.876	-1234.558	210.6821	1.82445	0.5938588	2.231358
48870	-1005.089	-1214.608	209.5193	1.43662	0.4580002	3.313047
48876	-1016.559	-1227.094	210.5345	1.471024	0.3566566	2.800997
48882	-1032.014	-1243.763	211.7496	2.087768	0.8703116	0.9783324
48888	-1030.023	-1241.421	211.398	2.341816	0.9616622	0.9783324
48894	-1024.959	-1236.576	211.6172	2.326956	0.7778865	0.9783324
48900	-1018.887	-1230.705	211.8177	1.865279	0.6967526	1.303085
48906	-1015.196	-1227.068	211.8724	1.886936	0.640039	1.303085
48912	-1024.201	-1235.912	211.7106	2.100594	0.7295824	1.159555
48918	-1015.272	-1226.724	211.4522	2.002566	0.6091562	1.570552
48924	-1019.349	-1231.23	211.8816	1.995573	0.4867339	1.395341
48930	-1028.303	-1240.114	211.8112	1.921135	0.6825227	1.278108
48936	-1007.062	-1217.748	210.6863	1.927321	1.229363	1.689116
48942	-1005.329	-1217.26	211.9311	2.087659	0.3844962	1.430024
48948	-1002.498	-1213.775	211.2775	2.005158	1.202083	1.192136
48954	-1002.3	-1214.08	211.7796	2.030159	0.7014822	1.192136
48960	-1006.139	-1218.014	211.875	2.013355	0.7188681	1.102648
48966	-1011.887	-1223.33	211.4433	2.130743	0.8894042	1.202711
48972	-1013.774	-1225.639	211.8648	2.064673	0.6145636	1.191024
48978	-1012.391	-1223.802	211.4108	2.137854	1.106264	1.028119
48984	-1024.447	-1235.838	211.3905	2.158133	1.106264	1.028119
48990	-1010.705	-1222.293	211.5876	2.081631	0.9818098	1.028119
48996	-1009.616	-1221.443	211.8275	1.983195	0.7448816	1.143111
49002	-1012.994	-1224.416	211.4226	1.983195	0.8443913	1.380988
49008	-1004.64	-1216.482	211.8424	1.675539	0.5298584	1.611778
49014	-1008.255	-1219.93	211.6749	1.857518	0.8309165	1.292151
49020	-1011.363	-1223.287	211.924	1.945006	0.8309165	0.991353
49026	-1002.631	-1214.484	211.8531	1.90594	0.7073639	1.228843
49032	-1009.353	-1220.996	211.6434	1.847557	0.7073639	1.443329
49038	-1024.757	-1235.989	211.2317	1.66486	0.5423882	2.027319
49044	-1002.954	-1214.551	211.5962	1.913035	0.8737023	1.271612
49050	-1007.742	-1219.159	211.4169	2.126818	0.9704877	1.154703
49056	-1025.74	-1237.154	211.4136	2.065928	1.147561	1.058309
49062	-1011.652	-1222.584	210.9319	1.981211	1.33034	1.405564
49068	-1017.561	-1229.069	211.5074	1.938006	1.047358	1.17393
49074	-1027.624	-1239.506	211.8822	2.057422	0.7172546	1.056789
49080	-1003.404	-1215.422	212.0175	1.860265	0.4704442	1.416377
49086	-1002.393	-1213.135	210.7414	1.934267	1.194857	1.666152
49092	-1017.03	-1228.098	211.0679	1.907931	0.9376338	1.627169
49098	-1018.333	-1229.553	211.2193	1.749069	0.8891758	1.66977
49104	-1010.053	-1220.37	210.3177	1.626455	0.9921001	2.284706
49110	-1018.186	-1230.085	211.8991	2.047888	0.7011458	1.069472
49116	-1012.779	-1224.781	212.002	2.155951	0.7011458	0.8478503
49122	-1011.904	-1223.347	211.4433	2.116585	0.9694032	1.141363
49128	-1011.391	-1223.014	211.6229	1.989124	0.8271849	1.229683
49134	-1029.329	-1240.945	211.6153	1.912918	0.9781565	1.161471
49140	-1028.764	-1240.574	211.8105	2.106528	0.414696	1.46323
49146	-1026.399	-1237.905	211.5067	1.95407	0.7002039	1.47337
49152	-1032.036	-1243.766	211.7301	1.885803	0.6395497	1.417075
49158	-1019.638	-1230.325	210.6874	1.864151	0.9095002	1.942876
49164	-1024.458	-1235.661	211.2028	1.867208	0.8162669	1.655811
49170	-1026.102	-1237.157	211.0545	1.776801	1.092268	1.620995
49176	-1027.083	-1237.46	210.3776	1.624858	0.835622	2.354388
49182	-1023.271	-1234.288	211.0169	1.835572	0.5950572	2.003696
49188	-1017.98	-1229.484	211.5036	1.75704	0.8107517	1.521338
49194	-1024.801	-1236.576	211.7754	1.789981	0.6448616	1.450243
49200	-1027.882	-1239.492	211.6098	1.902193	0.8995523	1.245908
49206	-1023.612	-1234.812	211.1994	2.181858	1.286026	1.03799
49212	-1025.964	-1237.139	211.1752	2.114845	1.319948	1.097724
49218	-1028.055	-1239.166	211.1116	2.256433	1.307213	1.033974
49224	-1022.386	-1232.956	210.5699	1.814634	0.5519883	2.349648
49230	-1016.62	-1226.207	209.5868	1.69424	0.5331945	3.045826
49236	-1015.167	-1224.841	209.6747	1.874781	0.6698858	2.763521
49242	-1015.709	-1225.75	210.0402	1.681252	0.7213302	2.616586
49248	-1013.332	-1222.729	209.3962	1.742013	0.9818603	2.793348
49254	-1025.649	-1235.641	209.9917	2.061034	1.417191	1.970578
49260	-1019.755	-1231.167	211.412	2.027928	0.8211209	1.375167
49266	-1022.148	-1233.339	211.1906	2.016605	1.101646	1.329582
49272	-1010.694	-1221.322	210.6272	2.023464	0.9612852	1.838529
49278	-1023.318	-1234.145	210.8265	1.886645	0.871192	1.861608
49284	-1030.151	-1241.037	210.886	1.963505	1.008404	1.666
49290	-1031.325	-1242.795	211.4703	1.998778	0.9502275	1.236807
49296	-1027.035	-1238.707	211.6717	2.013985	0.7862535	1.20799
49302	-1019.057	-1230.63	211.5728	2.204806	0.7831165	1.130925
49308	-1019.994	-1231.454	211.4606	1.979672	0.518054	1.681119
49314	-1020.075	-1231.997	211.9218	2.013871	0.4860251	1.350254
49320	-1029.852	-1241.641	211.7885	1.970911	0.5458619	1.412515
49326	-1002.902	-1213.827	210.9251	1.850727	0.6578051	1.995812
49332	-1012	-1222.971	210.9711	1.934839	0.7076978	1.863342
49338	-1006.964	-1218.199	211.235	1.928801	0.7245272	1.668412
49344	-1020.7	-1231.905	211.2047	1.753909	0.5216973	2.007787
49350	-1014.306	-1225.955	211.6496	1.82732	0.5880844	1.57681
49356	-1006.39	-1218.243	211.8534	1.982836	0.6910788	1.18104
49362	-1012.352	-1224.119	211.7674	2.083064	0.6910788	1.168662
49368	-1011.717	-1223.91	212.1929	2.238717	0.389087	1.077517
49374	-1008.214	-1219.354	211.1404	1.751903	0.462433	2.117014
49380	-1015.518	-1226.632	211.1135	1.784288	0.7594354	1.824287
49386	-1015.811	-1227.187	211.3756	1.733984	0.7789656	1.659027
49392	-1028.54	-1239.807	211.2669	1.779813	0.7223619	1.753021
49398	-1021.605	-1232.612	211.0075	1.725575	0.5036932	2.175235
49404	-1015.529	-1226.246	210.7164	1.682403	0.7376684	2.175235
49410	-1020.995	-1232.199	211.2045	1.651156	0.3837012	2.235767
49416	-1017.239	-1228.811	211.5725	1.624422	0.6112909	1.752863
49422	-1019.957	-1232.055	212.0975	1.805585	0.4014097	1.492851
49428	-1030.799	-1241.728	210.9292	1.812994	0.9324937	1.79605
49434	-1029.411	-1240.694	211.2827	1.62482	0.4748807	2.092948
49440	-1016.732	-1227.492	210.7602	1.734278	0.3939659	2.452546
49446	-1014.048	-1224.699	210.6518	1.660935	0.4135558	2.542747
49452	-1009.162	-1219.017	209.8553	1.699827	0.5304326	2.88356
49458	-1009.339	-1220.63	211.2916	1.656286	0.3707253	2.193002
49464	-1015.773	-1227.141	211.3686	1.797012	0.3474227	2.08246
49470	-1020.38	-1231.157	210.7764	1.847985	0.5310456	2.217029
49476	-1023.486	-1234.723	211.2373	1.769213	0.4237309	2.087744
49482	-1040.801	-1250.856	210.0545	1.589226	0.4987731	2.860992
49488	-1022.221	-1232.813	210.5916	1.650049	0.5722584	2.420467
49494	-1016.573	-1227.762	211.1891	1.886748	0.534651	1.915312
49500	-1024.423	-1234.776	210.3527	1.618218	0.4930665	2.667067
49506	-1008.702	-1218.75	210.0484	1.633429	0.6887265	2.667067
49512	-1019.979	-1230.97	210.9911	1.639618	0.8281705	1.950456
49518	-1022.595	-1233.924	211.3298	1.907125	0.3959505	1.969812
49524	-1007.373	-1218.999	211.6263	1.751053	0.4425014	1.815275
49530	-1019.3	-1230.987	211.6879	1.875807	0.5978403	1.501912
49536	-1012.909	-1224.342	211.4323	1.798565	0.8595469	1.501912
49542	-1023.378	-1234.936	211.5586	2.286452	0.4474669	1.472279
49548	-1012.368	-1224.431	212.0622	2.019162	0.5392304	1.156846
49554	-1010.062	-1221.621	211.5597	2.287498	0.9415784	0.8848507
49560	-1016.351	-1228.204	211.8535	1.982248	0.6815993	1.192227
49566	-1018.041	-1229.777	211.7364	2.04344	0.7247431	1.192227
49572	-1004.262	-1215.525	211.263	2.000609	1.172784	1.230256
49578	-1008.748	-1220.551	211.8028	1.868149	0.7609172	1.246246
49584	-1012.939	-1224.74	211.801	2.044693	0.6882492	1.176066
49590	-1002.112	-1214.043	211.931	1.977661	0.67352	1.137813
49596	-1015.296	-1226.622	211.3254	2.048368	1.168921	1.137813
49602	-1018.773	-1230.649	211.8766	2.001302	0.5448832	1.32023
49608	-1012.521	-1224.354	211.8334	2.07384	0.4301903	1.448727
49614	-1030.166	-1241.537	211.3711	2.147987	0.5361214	1.603733
49620	-1033.562	-1245.037	211.4747	2.018111	0.5943763	1.55831
49626	-1025.507	-1236.993	211.4866	2.00622	0.5943763	1.55831
49632	-1028.934	-1239.988	211.0542	2.022756	0.8652868	1.610598
49638	-1032.81	-1244.743	211.9325	2.057301	0.5268312	1.251967
49644	-1027.721	-1239.164	211.4425	2.102913	0.7298316	1.37897
49650	-1014.394	-1225.603	211.2088	1.985214	0.556872	1.810942
49656	-1030.132	-1241.345	211.2128	1.829499	0.4397776	2.044757
49662	-1024.445	-1235.738	211.293	1.960117	0.5181779	1.812107
49668	-1029.108	-1240.894	211.7857	2.034839	0.5475119	1.36273
49674	-1026.026	-1237.924	211.8975	2.094276	0.7626335	0.9480909
49680	-1032.828	-1244.941	212.1129	2.171895	0.6236637	0.8205993
49686	-1033.559	-1245.434	211.875	2.326302	0.7495897	0.6987452
49692	-1028.694	-1240.386	211.6919	2.164658	0.9708615	0.8374832
49698	-1021.739	-1233.211	211.4719	2.374461	0.9708615	0.850024
49704	-1028.982	-1240.817	211.8353	2.055063	0.8131928	0.9904561
49710	-1034.919	-1246.187	211.2674	1.992811	0.9191829	1.430192
49716	-1037.185	-1248.37	211.185	1.736127	0.6822471	1.875714
49722	-1028.301	-1238.259	209.958	1.698307	1.224689	2.330756
49728	-1028.822	-1240.26	211.4382	1.820343	0.5331632	1.791811
49734	-1021.124	-1232.731	211.6071	1.665926	0.5472034	1.766439
49740	-1038.344	-1249.974	211.6307	1.687727	0.6426805	1.635237
49746	-1039.686	-1250.753	211.0664	1.645935	0.5118655	2.180059
49752	-1024.481	-1235.693	211.2121	1.808066	0.4253522	2.076793
49758	-1026.661	-1237.599	210.9386	1.947276	0.3399477	2.274382
49764	-1022.534	-1232.706	210.1715	1.546908	0.7999179	2.558777
49770	-1023.265	-1233.793	210.5284	1.674525	0.7429239	2.297176
49776	-1013.599	-1224.791	211.192	1.722695	0.7429239	1.826672
49782	-1025.034	-1236.31	211.2764	1.829992	0.8722019	1.583592
49788	-1024.317	-1236.098	211.7804	2.195831	0.6106167	1.155192
49794	-1019.581	-1231	211.4198	1.942889	0.6723871	1.573693
49800	-1019.841	-1231.044	211.2037	1.942889	0.7736189	1.637109
49806	-1018.407	-1228.819	210.4115	2.067583	1.002993	1.92658
49812	-1021.666	-1232.979	211.3131	1.924754	0.5172807	1.823613
49818	-1029.846	-1241.76	211.9138	2.065091	0.5772047	1.1954
49824	-1022.473	-1232.46	209.9866	1.465172	0.4660509	3.010128
49830	-1019.415	-1230.946	211.5308	1.90408	0.5963026	1.598678
49836	-1024.975	-1236.225	211.2505	1.963568	0.3701682	2.019239
49842	-1019.02	-1230.47	211.4503	1.953188	0.3701682	1.891957
49848	-1015.08	-1226.41	211.3298	1.813237	0.5454463	1.858123
49854	-1023.428	-1234.455	211.0272	1.821601	0.5454463	2.055751
49860	-1020.65	-1231.679	211.0297	1.742397	0.3532217	2.329077
49866	-1008.353	-1219.526	211.1723	1.66726	0.216959	2.495221
49872	-1020.778	-1230.258	209.4803	1.475321	0.3914633	3.385642
49878	-1012.264	-1222.702	210.4384	1.586244	0.2945818	2.872771
49884	-1002.138	-1212.449	210.3107	1.669888	0.487223	2.667149
49890	-1022.601	-1233.09	210.4892	1.672661	0.5967625	2.447837
49896	-1023.174	-1232.32	209.1455	1.496653	0.6189195	3.348368
49902	-1013.636	-1223.661	210.0248	1.753386	0.5274047	2.750879
49908	-999.4221	-1210.324	210.9016	1.669599	0.463302	2.323313
49914	-1007.988	-1219.052	211.0636	1.590281	0.4175415	2.323313
49920	-1027.977	-1239.204	211.2272	1.508479	0.3333322	2.379139
49926	-1025.987	-1236.423	210.4356	1.418799	0.4319883	2.803611
49932	-1020.084	-1229.59	209.5061	1.380504	0.4117213	3.4033
49938	-1029.122	-1240.571	211.4492	1.599488	0.51623	1.953456
49944	-1008.765	-1220.276	211.5103	1.914135	0.3117993	1.962372
49950	-1010.647	-1222.002	211.3543	1.950064	0.3798244	1.945819
49956	-1018.601	-1229.885	211.2837	1.865794	0.3738761	2.057001
49962	-1020.759	-1232.147	211.3876	1.761953	0.3738761	2.057001
49968	-1016.244	-1227.484	211.2407	1.860272	0.3738761	2.088983
49974	-1020.046	-1230.936	210.8897	1.681742	0.9582692	1.894735
49980	-1019.878	-1231.767	211.8886	1.888919	0.6892284	1.233245
49986	-1021.384	-1233.201	211.8167	2.212479	0.599434	1.122329
49992	-1029.47	-1241.587	212.1165	1.86187	0.599434	1.167484
49998	-1024.081	-1235.455	211.3744	2.077838	1.063705	1.154145
50004	-1018.651	-1230.118	211.4666	2.01654	0.9550458	1.220778
50010	-1026.598	-1238.598	212	1.989292	0.7236877	1.000444
50016	-1015.452	-1227.66	212.2079	2.024099	0.5639771	0.9789432
50022	-1034.344	-1245.872	211.528	1.850271	0.8414736	1.405076
50028	-1034.866	-1246.219	211.3529	1.733047	0.8531217	1.613962
50034	-1017.346	-1228.814	211.4686	2.110373	1.057995	1.042793
50040	-1013.563	-1225.321	211.7584	1.977814	0.9032935	1.042793
50046	-1008.723	-1220.637	211.9141	1.969853	0.6327725	1.207897
50052	-1009.745	-1221.287	211.5425	2.065368	0.8922515	1.170825
50058	-998.4219	-1210.19	211.7681	2.119675	0.7961317	1.013075
50064	-1014.713	-1226.12	211.4068	2.337511	1.033064	0.8967556
50070	-1009.892	-1221.389	211.4978	2.337511	1.033064	0.7841499
50076	-1017.269	-1229.027	211.7582	2.283022	0.8205094	0.8106021
50082	-1030.393	-1241.802	211.4088	2.166474	1.035222	1.067238
50088	-1035.613	-1247.708	212.0952	2.100936	0.5289759	1.067238
50094	-1004.823	-1216.526	211.7031	1.923067	0.6763373	1.370063
50100	-994.7845	-1205.918	211.1337	1.617663	0.8011412	1.890184
50106	-1012.707	-1223.024	210.3166	1.620439	0.8011412	2.421096
50112	-1026.684	-1236.856	210.1724	1.78454	0.8576861	2.367448
50118	-1031.097	-1241.289	210.1919	1.563418	0.521166	2.770952
50124	-1008.559	-1218.9	210.3405	1.588948	0.5448192	2.641222
50130	-1010.283	-1221.956	211.6733	1.792965	0.6114518	1.559691
50136	-1011.173	-1222.669	211.4966	1.969728	0.4888762	1.696728
50142	-999.6505	-1211.139	211.4881	1.961108	0.4991295	1.696728
50148	-1003.578	-1215.133	211.5554	2.151603	0.4991295	1.509308
50154	-1005.39	-1216.938	211.5475	2.04917	0.568949	1.509308
50160	-1028.916	-1237.445	208.5286	1.565083	0.8702294	3.48548
50166	-1049.5	-1260.061	210.5606	1.633884	0.4735063	2.549251
50172	-1038.234	-1248.7	210.4655	1.71325	0.4827292	2.549251
50178	-1030.648	-1240.533	209.8847	1.399077	0.4669613	3.109604
50184	-1046.537	-1256.565	210.0277	1.429165	0.4669613	3.006114
50190	-1041.45	-1252.341	210.8903	1.882952	0.6668933	1.989312
50196	-1029.465	-1240.512	211.0464	1.990021	0.5869857	1.887879
50202	-1022.315	-1232.916	210.6013	1.83162	1.068591	1.914575
50208	-1026.072	-1237.079	211.0061	1.67942	0.5428463	2.165407
50214	-1021.627	-1232.707	211.0798	1.853326	0.6345695	1.911576
50220	-1026.497	-1237.499	211.0019	1.738541	0.5960627	2.076922
50226	-1036.213	-1248.149	211.9351	1.87358	0.3587449	1.625028
50232	-1023.254	-1234.073	210.8195	1.772508	0.3863352	2.400572
50238	-1017.841	-1228.152	210.3106	1.585537	0.657923	2.560048
50244	-1029.849	-1239.883	210.0334	1.453541	0.5028596	2.951611
50250	-1012.578	-1222.897	210.3191	1.755243	0.5673436	2.529961
50256	-1028.807	-1239.503	210.6965	1.755688	0.5870765	2.272704
50262	-1024.129	-1235.045	210.9154	1.735874	0.6773231	2.061016
50268	-1017.965	-1229.527	211.5627	2.210519	0.4696581	1.497051
50274	-1004.46	-1216.529	212.069	2.252051	0.3656023	1.217401
50280	-1038.157	-1250.422	212.2649	2.300129	0.4049602	0.9121733
50286	-1027.372	-1239.397	212.0248	2.024037	0.5418058	1.181797
50292	-1025.143	-1236.948	211.8046	2.300746	0.6936041	0.9197782
50298	-1041.11	-1252.575	211.4648	2.001331	0.838628	1.338524
50304	-1028.63	-1240.256	211.6258	2.255315	0.6645637	1.172733
50310	-1021.614	-1233.633	212.0189	2.351067	0.4258383	1.069731
50316	-1025.743	-1237.439	211.6962	2.049178	0.8147378	1.126377
50322	-1021.296	-1233.16	211.8634	2.109651	0.4809653	1.327247
50328	-1040.247	-1251.666	211.4191	1.954915	0.6056197	1.632955
50334	-1037.056	-1248.147	211.0916	1.883249	0.7813319	1.752364
50340	-1021.531	-1233.441	211.9091	1.905985	0.5352925	1.382042
50346	-1032.197	-1243.818	211.6211	2.049786	0.5305361	1.498235
50352	-1023.514	-1234.815	211.3014	1.800981	0.4796399	1.958135
50358	-1042.962	-1254.824	211.8617	2.089654	0.5343595	1.273875
50364	-1019.919	-1231.777	211.858	2.046577	0.5516145	1.290175
50370	-1016.08	-1227.639	211.5586	2.082651	0.5214678	1.53118
50376	-1016.866	-1227.931	211.0649	2.082651	1.134661	1.352882
50382	-1032.988	-1245.106	212.1186	2.228431	0.5428239	0.8902543
50388	-1026.225	-1237.983	211.7577	2.097649	0.8089861	1.030005
50394	-1019.47	-1231.463	211.9925	2.47671	0.4795621	0.8680196
50400	-1022.406	-1234.197	211.7909	2.359707	0.8114341	0.6533385
50406	-1010.939	-1223.053	212.1141	2.372759	0.5587149	0.6533385
50412	-1018.963	-1230.673	211.7097	2.142972	0.7652948	1.082089
50418	-1014.701	-1226.444	211.7428	1.984151	0.6238755	1.347273
50424	-1005.529	-1217.357	211.8281	1.993815	0.7439513	1.134077
50430	-1007.279	-1219.007	211.728	2.062343	0.7571182	1.147725
50436	-1029.354	-1241.069	211.7152	2.147631	0.5803285	1.288673
50442	-1018.807	-1230.616	211.8088	1.936372	0.6675941	1.28397
50448	-1012.781	-1224.142	211.3614	1.904042	0.4917957	1.833489
50454	-1008.842	-1219.825	210.9825	1.79568	0.7484613	1.915136
50460	-1011.377	-1223.331	211.9537	1.708225	0.4517844	1.602271
50466	-1032.887	-1244.605	211.7177	2.020203	0.4103685	1.602271
50472	-1023.171	-1233.988	210.8168	1.867637	0.8554711	1.893171
50478	-1018.067	-1229.641	211.5736	2.119844	0.6923841	1.299246
50484	-1011.93	-1223.295	211.365	2.233905	1.044016	1.036599
50490	-1012.143	-1223.465	211.3223	2.276575	1.044016	1.036599
50496	-1022.94	-1234.222	211.282	2.357686	1.248055	0.7849953
50502	-1002.899	-1215.022	212.1238	2.251091	0.4207472	1.073993
50508	-1019.475	-1230.831	211.3561	2.016216	0.6792936	1.559855
50514	-1021.773	-1232.931	211.1581	2.130535	0.5017689	1.806058
50520	-1029.697	-1241.145	211.4482	2.259684	0.2445912	1.882153
50526	-1023.319	-1234.992	211.6731	2.011518	0.6651783	1.335527
50532	-1024.308	-1235.539	211.231	2.221752	0.5014272	1.691509
50538	-1022.699	-1234.545	211.8462	2.203483	0.5234177	1.206046
50544	-1033.43	-1245.151	211.7203	2.127448	0.669744	1.195521
50550	-1028.882	-1240.722	211.8395	1.915419	0.5739378	1.382625
50556	-1030.55	-1242.409	211.8586	1.984515	0.6948491	1.170705
50562	-1036.329	-1248.376	212.0472	2.250479	0.6861094	0.6705665
50568	-1021.274	-1233.353	212.0789	2.241892	0.6774916	0.6463311
50574	-1039.898	-1251.968	212.0698	2.258673	0.6757629	0.6339058
50580	-1024.981	-1237.103	212.1218	1.958853	0.5110384	1.196649
50586	-1009.566	-1221.232	211.6653	1.956708	0.8450006	1.203986
50592	-1006.415	-1218.401	211.9858	1.99212	0.5451734	1.237688
50598	-1024.342	-1236.273	211.93	2.149022	0.7040862	0.9335421
50604	-1011.874	-1223.681	211.8073	2.060082	0.7899528	1.040072
50610	-1011.853	-1223.62	211.767	2.060082	0.6245283	1.265441
50616	-1009.832	-1221.361	211.5297	1.860921	0.7479413	1.480558
50622	-1010.976	-1222.998	212.0218	1.976976	0.689679	1.034336
50628	-1011.928	-1223.315	211.3871	2.000003	1.014704	1.25073
50634	-1013.098	-1225.008	211.9098	2.108479	0.6757856	1.033273
50640	-1001.01	-1212.593	211.5837	2.144372	1.010357	0.939178
50646	-1013.713	-1225.151	211.4385	2.149131	1.010357	1.078571
50652	-1020.266	-1231.843	211.577	2.279943	1.010357	0.7851759
50658	-1034.722	-1246.196	211.4743	2.375857	1.017173	0.7851759
50664	-1031.626	-1243.142	211.5159	2.375857	0.9757126	0.7851759
50670	-1014.285	-1225.792	211.5069	2.354708	1.036546	0.7409763
50676	-1016.759	-1228.267	211.5079	2.369309	0.9872276	0.7890461
50682	-1021.286	-1233.053	211.7671	2.696819	0.5972081	0.4533315
50688	-1023.533	-1234.841	211.3078	2.560483	1.11825	0.4533315
50694	-1007.822	-1219.597	211.7749	2.336386	0.8396577	0.6672471
50700	-1017.393	-1228.677	211.2837	2.378659	1.144626	0.8705201
50706	-1008.03	-1219.493	211.4623	1.887981	1.060204	1.244504
50712	-1018.774	-1230.319	211.5449	1.83567	0.8579316	1.388787
50718	-1032.068	-1243.115	211.0476	1.968325	1.225303	1.393476
50724	-1004.361	-1215.964	211.6035	2.49965	0.8845958	0.5456364
50730	-1008.49	-1219.837	211.3467	2.537968	1.099851	0.5534946
50736	-1017.173	-1228.717	211.5442	2.347957	0.9281374	0.848411
50742	-1008.065	-1219.554	211.4895	2.312611	1.057871	0.7967355
50748	-1011.371	-1223.138	211.7666	2.205828	0.8840491	0.8068979
50754	-1014.519	-1226.288	211.7685	2.235518	0.8840491	0.7633723
50760	-1007.602	-1219.337	211.735	2.235518	0.7370497	1.002434
50766	-1016.596	-1228.189	211.5933	2.227175	0.9078073	0.9533577
50772	-1017.686	-1229.625	211.9389	2.280733	0.4888276	1.106239
50778	-1008.967	-1220.553	211.5856	2.158842	0.9513617	0.9844214
50784	-1024.17	-1235.485	211.3154	1.987995	0.9513617	1.370362
50790	-1018.468	-1229.527	211.0596	1.8371	1.203953	1.498733
50796	-1021.488	-1232.404	210.9158	1.678531	0.5618356	2.205556
50802	-1020.612	-1232.436	211.8235	2.161352	0.8693104	0.8118879
50808	-1021.229	-1232.662	211.4326	2.016511	1.079782	1.143457
50814	-1006.885	-1218.038	211.1528	2.089427	0.6669865	1.666115
50820	-1013.712	-1225.24	211.528	2.170011	0.7462183	1.238791
50826	-996.3416	-1208.015	211.6732	2.293105	0.9076069	0.7806002
50832	-1007.443	-1219.095	211.652	2.359467	0.7930925	0.8860931
50838	-995.0664	-1206.088	211.0213	2.250713	1.302826	1.126713
50844	-1032.045	-1243.687	211.6413	2.053477	0.9080499	1.077141
50850	-1020.195	-1231.12	210.9249	2.489486	1.383997	0.9238468
50856	-1014.837	-1226.609	211.772	2.405496	0.7791368	0.6763992
50862	-1018.548	-1229.815	211.2674	2.347424	1.286927	0.7743218
50868	-1015.243	-1227.25	212.0074	2.239756	0.6761697	0.7743218
50874	-1024.129	-1235.37	211.2412	2.112235	0.9904691	1.298364
50880	-1047.852	-1258.383	210.5312	1.566875	0.4977211	2.583737
50886	-1024.793	-1235.939	211.1459	1.854528	0.6656333	1.836596
50892	-1014.281	-1225.421	211.1399	1.728434	0.6500218	1.940902
50898	-1017.996	-1228.846	210.8497	1.675807	0.7764325	2.061143
50904	-1006.379	-1217.58	211.2012	1.674719	0.6715742	1.91607
50910	-995.2538	-1207.135	211.881	1.953337	0.6489281	1.231009
50916	-998.4294	-1210.064	211.6345	1.907886	0.651412	1.460862
50922	-1015.168	-1226.143	210.9753	2.031086	1.196315	1.420346
50928	-1012.072	-1223.642	211.5695	1.883848	0.8409671	1.346523
50934	-1013.153	-1224.617	211.4638	1.793306	0.8568592	1.484407
50940	-1010.011	-1221.533	211.5221	1.798664	0.6734664	1.603279
50946	-1014.385	-1224.982	210.5966	1.880796	1.191975	1.807188
50952	-1033.574	-1244.284	210.7103	1.895998	1.051537	1.807188
50958	-1016.847	-1228.378	211.5307	1.89557	0.7733384	1.429706
50964	-1009.765	-1221.088	211.3224	1.798267	0.8918135	1.557282
50970	-1016.331	-1227.138	210.8069	1.759517	0.7981382	2.016808
50976	-1026.609	-1237.027	210.4182	1.942991	0.986235	2.016808
50982	-1002.3	-1213.513	211.2135	1.967855	1.155632	1.310722
50988	-1010.798	-1221.744	210.946	1.997882	0.8580256	1.711573
50994	-999.741	-1209.34	209.5992	2.108875	1.257548	2.279913
51000	-999.7509	-1211.523	211.7721	2.193035	0.4743061	1.342624
51006	-1009.752	-1221.593	211.841	2.209464	0.4743061	1.273599
51012	-1016.58	-1228.729	212.1484	2.002339	0.4385298	1.242647
51018	-1015.278	-1227.156	211.8784	2.00412	0.3705081	1.553595
51024	-1008.986	-1220.722	211.7355	2.222202	0.5501378	1.248157
51030	-999.4831	-1211.373	211.8901	2.436517	0.5631419	0.8776624
51036	-990.6763	-1202.4	211.7236	2.406125	0.7596205	0.7893054
51042	-1011.461	-1222.917	211.4556	2.105487	0.5318969	1.578029
51048	-1041.186	-1252.799	211.6131	2.088303	0.4593327	1.563737
51054	-1037.747	-1248.904	211.1573	1.888511	0.6362855	1.833121
51060	-1041.582	-1251.067	209.4849	1.562555	1.781967	2.455404
51066	-1013.837	-1223.707	209.8697	1.685349	0.702076	2.734166
51072	-1027.774	-1238.41	210.6357	1.690435	0.5992688	2.341716
51078	-1024.996	-1235.969	210.9736	1.909609	0.7849926	1.812998
51084	-1024.9	-1235.539	210.6393	1.852276	0.4460456	2.393193
51090	-1015.355	-1226.863	211.5078	2.037548	0.5652804	1.551541
51096	-1011.336	-1222.583	211.2472	1.982592	0.8299718	1.527739
51102	-1035.266	-1246.158	210.8915	1.790225	0.6523228	2.063179
51108	-1031.922	-1243.063	211.1418	1.61135	0.6077702	2.057333
51114	-1020.841	-1232.091	211.2497	1.789957	0.5719747	1.900872
51120	-1020.03	-1230.649	210.6187	1.804022	0.7027931	2.188536
51126	-1032.127	-1243.413	211.2853	1.724278	0.8043527	1.708694
51132	-1004.491	-1215.496	211.005	1.70367	0.5001587	2.194862
51138	-1015.274	-1225.768	210.4942	1.769796	0.5001587	2.477843
51144	-1020.035	-1230.623	210.5883	1.772303	0.4440501	2.477843
51150	-1019.124	-1229.784	210.6606	1.71687	0.4346988	2.477843
51156	-1020.471	-1231.675	211.2045	1.624613	0.5465114	2.067686
51162	-1009.515	-1219.856	210.3411	1.705825	0.4127389	2.707887
51168	-1009.159	-1220.338	211.1791	1.404854	0.3868287	2.405012
51174	-1010.675	-1220.831	210.1563	1.741929	0.4395274	2.768593
51180	-1009.659	-1219.75	210.0902	1.704473	0.4701541	2.798692
51186	-1014.255	-1224.861	210.6056	1.580624	0.2332009	2.86904
51192	-1028.049	-1238.326	210.2763	1.685913	0.4698205	2.696656
51198	-1012.71	-1222.685	209.9748	1.635904	0.5845556	2.799525
51204	-1019.494	-1230.226	210.7316	1.519594	0.4870758	2.499527
51210	-1013.675	-1224.254	210.5794	1.519594	0.6045524	2.480199
51216	-1015.936	-1226.881	210.9449	1.723958	0.3675577	2.375783
51222	-1025.181	-1236.394	211.2137	1.764336	0.4306673	2.098041
51228	-1015.438	-1226.534	211.0957	1.842351	0.4310174	2.123858
51234	-1007.23	-1218.576	211.3465	1.963166	0.4656586	1.833695
51240	-1018.952	-1230.155	211.2031	2.006868	0.5526296	1.804421
51246	-1016.617	-1228.349	211.7321	2.018664	0.4403139	1.552317
51252	-1011.152	-1222.76	211.6083	2.118067	0.8390839	1.118158
51258	-1016.165	-1227.589	211.4238	2.112445	1.031513	1.106721
51264	-1031.269	-1243.261	211.9927	2.112445	0.6823803	0.9360807
51270	-1035.569	-1247.589	212.02	2.277641	0.6321175	0.7879356
51276	-1035.889	-1247.353	211.4633	2.360694	1.041835	0.7879356
51282	-1037.994	-1249.567	211.5727	2.462022	0.9036374	0.6782674
51288	-1027.694	-1239.311	211.6165	2.407001	0.9036374	0.6987409
51294	-1027.787	-1239.195	211.4082	2.40688	1.098626	0.7210768
51300	-1042.491	-1253.736	211.2453	2.605994	1.141266	0.5190622
51306	-1028.502	-1239.618	211.1157	2.73122	1.141266	0.4513317
51312	-1022.766	-1233.951	211.1843	2.8408	0.9612932	0.4854032
51318	-1021.099	-1231.927	210.828	2.841948	1.345983	0.4388705
51324	-1023.137	-1234.649	211.5123	2.856394	0.6429442	0.3793025
51330	-1017.99	-1229.718	211.7283	2.660238	0.6429442	0.4182584
51336	-1004.938	-1215.965	211.0272	2.807235	1.137605	0.4046856
51342	-1008.114	-1219.072	210.9581	2.795901	1.241409	0.4319415
51348	-1020.343	-1231.493	211.1502	2.636993	1.214599	0.501785
51354	-1019.378	-1230.551	211.1726	2.669424	1.14152	0.5731791
51360	-1018.821	-1229.893	211.072	2.660446	1.276887	0.5320045
51366	-1019.294	-1230.458	211.1633	2.651436	1.180738	0.5320045
51372	-1015.032	-1226.142	211.1097	2.637318	1.259448	0.5320045
51378	-1014.853	-1226.779	211.926	2.363697	0.6970792	0.6576111
51384	-1029.231	-1240.919	211.6884	2.062959	0.7845302	1.152768
51390	-1029.432	-1240.905	211.4735	1.920421	0.6671392	1.555971
51396	-1023.053	-1234.683	211.6299	2.058277	0.5999133	1.404699
51402	-1023.729	-1235.395	211.6654	1.97226	0.5234573	1.531498
51408	-1017.392	-1228.847	211.4553	1.915411	0.4451761	1.81652
51414	-1015.139	-1226.457	211.3178	1.74372	0.6128193	1.845103
51420	-1007.584	-1219.249	211.6646	1.819208	0.3194221	1.910806
51426	-1019.547	-1231.024	211.4772	1.601148	0.3160776	2.184162
51432	-1001.464	-1212.685	211.2206	1.785993	0.5338345	1.96284
51438	-1001.431	-1212.746	211.3149	1.705034	0.3176812	2.219612
51444	-1004.886	-1215.155	210.2686	1.712878	0.4164444	2.743664
51450	-1010.935	-1221.514	210.5791	1.764121	0.4224507	2.513345
51456	-1026.806	-1236.318	209.5113	1.460502	0.4120239	3.352933
51462	-1019.698	-1231.734	212.0361	2.236055	0.4685455	1.089797
51468	-1033.372	-1244.886	211.5146	2.084017	0.9123997	1.159922
51474	-1034.928	-1246.739	211.8104	2.006405	0.6851688	1.204445
51480	-1014.708	-1226.51	211.8018	2.040842	0.7145124	1.14876
51486	-1014.284	-1226.229	211.9442	2.168242	0.5754268	1.078523
51492	-1024.924	-1236.454	211.5297	2.105906	0.872943	1.16514
51498	-1028.337	-1240.225	211.8883	1.954238	0.7001613	1.16514
51504	-1024.259	-1236.093	211.8333	1.980837	0.7222823	1.16514
51510	-1028.156	-1239.194	211.0374	2.284664	1.15569	1.193482
51516	-1031.001	-1242.167	211.1661	2.240448	1.142862	1.129454
51522	-1021.284	-1232.897	211.613	2.139776	0.9956847	0.9283393
51528	-1016.874	-1228.463	211.5888	2.17099	0.9956847	0.9206422
51534	-1015.182	-1227.163	211.9818	2.244516	0.6971205	0.7646918
51540	-1015.831	-1227.131	211.3	2.702678	0.9813694	0.4666153
51546	-1005.054	-1216.565	211.5104	2.370304	0.964652	0.8150155
51552	-1011.661	-1223.12	211.459	2.370304	1.107097	0.6827049
51558	-1003.763	-1215.248	211.4854	2.326607	1.04598	0.7987521
51564	-1015.522	-1227.073	211.5512	2.381985	0.9261891	0.7987521
51570	-1002.76	-1214.458	211.6976	2.312505	0.9261891	0.6793674
51576	-1008.322	-1220.167	211.8446	2.30915	0.7986798	0.6771005
51582	-1017.653	-1229.042	211.3891	2.299037	1.145483	0.8385409
51588	-1027.169	-1238.829	211.6598	2.214153	0.9531478	0.8385409
51594	-1031.451	-1243.101	211.6501	2.350263	0.9531478	0.6410947
51600	-1023.784	-1235.254	211.4699	2.552618	0.9419394	0.6154318
51606	-1017.821	-1229.112	211.2912	2.592736	1.090887	0.5898352
51612	-1004.722	-1215.947	211.2255	2.592736	1.147813	0.6275128
51618	-1009.44	-1220.69	211.25	2.745003	0.9906111	0.4811963
51624	-1009.741	-1220.833	211.0922	2.777191	1.106058	0.4186403
51630	-1026.522	-1238.405	211.8836	1.905954	0.7702382	1.134204
51636	-1020.503	-1232.096	211.5924	2.154982	0.8842469	1.051933
51642	-1015.715	-1227.82	212.1048	1.960033	0.6814515	0.9795243
51648	-1019.535	-1231.365	211.83	2.148539	0.7513552	0.9762558
51654	-1026.657	-1238.681	212.0238	1.933754	0.7776897	0.9647508
51660	-1026.028	-1237.739	211.7112	2.132869	0.4409612	1.48181
51666	-1037.499	-1249.644	212.1451	1.911486	0.6694801	1.004027
51672	-1029.357	-1240.231	210.8747	2.981011	1.062755	0.3362674
51678	-1018.454	-1229.277	210.823	2.991135	1.095404	0.3257435
51684	-1024.025	-1235.084	211.0591	2.895015	0.9933121	0.3732191
51690	-1002.617	-1213.924	211.3078	2.714838	0.959556	0.4530579
51696	-1014.267	-1225.72	211.4527	2.743362	0.8021093	0.4530579
51702	-1012.657	-1224.326	211.6695	2.625924	0.7155793	0.5798192
51708	-1021.859	-1232.87	211.0108	2.680561	1.317588	0.4338316
51714	-1025.223	-1236.439	211.2158	1.62491	0.5336435	2.073288
51720	-1018.119	-1229.868	211.7493	1.966612	0.5660491	1.422152
51726	-1018.583	-1229.398	210.8146	1.966537	0.7977341	1.872656
51732	-1010.997	-1222.72	211.7228	1.945526	0.76067	1.248719
51738	-1019.321	-1230.588	211.2666	1.985633	0.8688766	1.477961
51744	-1025.688	-1237.436	211.7474	2.272432	0.7838496	0.8891172
51750	-1039.871	-1251.645	211.7747	2.256251	0.809085	0.8405296
51756	-1024.465	-1236.12	211.6556	2.256251	0.7815895	1.006361
51762	-1021.871	-1233.29	211.4191	2.343114	1.145473	0.7368602
51768	-1020.342	-1232.6	212.2583	2.176298	0.5169692	0.8348509
51774	-1027.677	-1239.362	211.6842	2.250902	0.8690439	0.8735006
51780	-1026.335	-1237.937	211.6019	2.250902	0.760786	1.087113
51786	-1040.041	-1251.647	211.6065	2.011443	0.859691	1.193287
51792	-1039.285	-1250.563	211.2783	2.790222	0.9151845	0.4497495
51798	-1023.483	-1234.731	211.2488	2.617821	1.124314	0.5197558
51804	-1020.776	-1231.788	211.0111	2.710891	1.291016	0.5197558
51810	-1035.979	-1248.277	212.2978	2.040554	0.4657775	1.031709
51816	-1023.345	-1235.132	211.7866	2.08663	0.7923275	1.031709
51822	-1021.474	-1232.474	211.0004	2.990484	0.9053751	0.3137232
51828	-1029.807	-1240.703	210.8959	3.01223	0.9847168	0.3137232
51834	-1031.988	-1243.19	211.2024	2.894703	0.8630305	0.3810447
51840	-1030.344	-1242.122	211.7775	2.126293	0.5936327	1.238527
51846	-1026.851	-1238.45	211.5985	2.333923	0.6545194	1.139521
51852	-1016.776	-1228.468	211.6921	2.366018	0.6390985	1.043103
51858	-1017.221	-1228.485	211.2637	2.167622	0.6830128	1.512476
51864	-1017.25	-1229.244	211.9939	1.975556	0.5528709	1.234797
51870	-1020.138	-1231.816	211.6786	2.137075	0.6425013	1.254043
51876	-1010.936	-1222.556	211.6199	2.35529	0.7917763	0.9282385
51882	-1019.503	-1231.108	211.6047	2.35529	0.9047889	0.7934285
51888	-1017.288	-1229.002	211.7149	2.589753	0.7007661	0.6107043
51894	-1018.098	-1229.727	211.6285	2.639352	0.7294973	0.6107043
51900	-1014.237	-1226.101	211.8639	1.950617	0.8048363	1.073582
51906	-1025.895	-1237.218	211.3232	2.051894	0.52435	1.720149
51912	-1008.993	-1220.935	211.9429	2.013635	0.2802049	1.645404
51918	-1025.435	-1236.496	211.0612	1.946797	0.8693016	1.657069
51924	-1006.92	-1218.72	211.8001	1.869726	0.4213124	1.636615
51930	-1027.342	-1239.009	211.6672	2.466104	0.8374582	0.6240019
51936	-1021.018	-1232.223	211.2053	2.633801	1.126329	0.6240019
51942	-1019.385	-1230.811	211.4258	2.672209	0.8919941	0.5216652
51948	-1016.692	-1228.214	211.5211	2.66133	0.8141423	0.5474129
51954	-1035.726	-1247.42	211.6945	2.512127	0.7740299	0.6269181
51960	-1023.141	-1234.673	211.5319	2.01914	0.5842969	1.526221
51966	-1029.217	-1240.978	211.7609	1.926322	0.6052675	1.399456
51972	-1026.255	-1237.865	211.6096	1.818448	0.7143444	1.484264
51978	-1027.648	-1238.201	210.5528	1.795778	0.8794028	2.099513
51984	-1025.806	-1236.941	211.1345	1.834569	0.5702268	1.950312
51990	-1035.546	-1246.742	211.1962	1.662972	0.5386827	2.055916
51996	-1026.578	-1236.708	210.1305	1.603367	0.4208913	2.88917
52002	-1031.306	-1241.346	210.0396	1.635202	0.5313337	2.810115
52008	-1021.397	-1231.492	210.0954	1.540892	0.5313337	2.833545
52014	-1023.237	-1233.494	210.2571	1.688334	0.7822732	2.429959
52020	-1030.153	-1240.925	210.772	1.555474	0.6590322	2.287304
52026	-1037.463	-1248.442	210.9788	1.862252	0.6590322	1.950984
52032	-1028.214	-1239.591	211.3772	1.86623	0.3990553	1.961409
52038	-1033.83	-1243.707	209.8765	1.875617	0.5074358	2.7865
52044	-1006.775	-1217.509	210.7335	1.782581	0.5430688	2.274537
52050	-1004.022	-1214.904	210.8823	1.716822	0.6915382	2.082985
52056	-1025.032	-1235.872	210.8402	1.659191	0.7848525	2.071671
52062	-1026.912	-1238.188	211.2761	1.886189	0.5956838	1.792669
52068	-1016.544	-1228.351	211.807	1.8953	0.696143	1.288015
52074	-1025.343	-1236.525	211.1815	2.004525	1.088762	1.355995
52080	-1031.771	-1243.455	211.6843	2.214313	0.7705894	1.032389
52086	-1033.627	-1245.351	211.7236	2.212145	0.8988464	0.8332661
52092	-1016.415	-1228.668	212.2526	2.135915	0.5468606	0.8332661
52098	-1026.46	-1238.603	212.1431	2.084299	0.5468606	1.010018
52104	-1039.155	-1251.308	212.1529	2.027401	0.6228331	0.9428966
52110	-1038.452	-1249.862	211.4102	1.916229	0.6228331	1.649443
52116	-1030.613	-1242.29	211.6777	1.746506	0.5072402	1.704998
52122	-1037.176	-1249.032	211.8563	1.936677	0.5948613	1.327836
52128	-1038.254	-1250.144	211.8908	2.037651	0.8285716	0.9321929
52134	-1024.369	-1235.307	210.938	2.447725	1.479532	0.8742064
52140	-1014.227	-1226.105	211.8772	2.114528	0.6332531	1.112647
52146	-1012.843	-1224.096	211.2533	1.889743	0.9817728	1.470023
52152	-1025.727	-1237.396	211.6688	1.794025	0.6551179	1.516951
52158	-1025.533	-1237.102	211.5691	1.835694	0.5532161	1.666936
52164	-1023.1	-1234.417	211.3166	2.599	0.9800285	0.744424
52170	-1004.579	-1216.111	211.5323	2.559111	0.8583929	0.6646167
52176	-1029.689	-1241.036	211.347	2.788743	0.8583929	0.5133067
52182	-1018.791	-1230.593	211.802	2.507014	0.6548825	0.7245629
52188	-1020.4	-1231.965	211.5642	2.39072	0.9317896	0.7602041
52194	-1023.014	-1234.865	211.8507	2.395382	0.69869	0.7317133
52200	-1033.566	-1244.719	211.1531	2.034589	0.7461648	1.631778
52206	-1029.527	-1240.08	210.5534	2.082419	0.4546072	2.291776
52212	-1019.081	-1230.918	211.837	2.027746	0.4661122	1.432184
52218	-1024.251	-1235.373	211.1224	1.961939	0.7672297	1.687192
52224	-1032.313	-1242.648	210.3348	1.669687	0.8759682	2.324312
52230	-1020.062	-1231.406	211.344	1.956187	0.664882	1.626492
52236	-1014.758	-1226.441	211.6824	2.038795	0.8387333	1.123217
52242	-1012.7	-1224.268	211.5686	2.129273	1.002539	0.9787727
52248	-1010.65	-1222.353	211.7027	1.853114	0.5120834	1.605016
52254	-1035.476	-1246.678	211.2022	1.833407	0.8035701	1.690911
52260	-1039.683	-1251.141	211.4584	1.954349	0.8434052	1.37645
52266	-1033.998	-1245.571	211.5728	2.086381	0.8359936	1.180757
52272	-1023.31	-1233.982	210.6716	1.741017	0.7858477	2.127812
52278	-1028.332	-1239.613	211.2808	1.790928	0.5122202	1.942319
52284	-1020.587	-1231.065	210.4781	1.639852	0.4482063	2.624114
52290	-1026.39	-1237.826	211.4366	1.573017	0.4773116	2.022756
52296	-1020.378	-1231.973	211.5955	1.851394	0.4866953	1.713092
52302	-1018.687	-1229.687	210.9996	1.715407	0.5942081	2.095441
52308	-1008.278	-1220.089	211.8107	2.000296	0.3703959	1.606023
52314	-1018.574	-1229.854	211.28	2.000296	0.7023434	1.60499
52320	-1014.938	-1226.504	211.5663	2.137729	0.4083293	1.629535
52326	-1007.144	-1218.262	211.1182	2.12691	0.6280305	1.702202
52332	-1019.836	-1231.185	211.3494	2.206149	0.5892645	1.517432
52338	-1030.26	-1241.23	210.9705	2.003687	0.709784	1.814629
52344	-1023.423	-1235.444	212.0213	2.047511	0.4116014	1.349951
52350	-1023.948	-1236.048	212.1	2.101669	0.6465624	0.882639
52356	-1023.63	-1235.131	211.5013	1.98929	0.5584474	1.599312
52362	-1029.436	-1241.557	212.1217	2.18497	0.3831772	1.19947
52368	-1023.878	-1235.419	211.5409	2.179193	0.7399238	1.226788
52374	-1023.971	-1235.834	211.8634	2.36182	0.399349	1.241592
52380	-1021.178	-1233.01	211.8315	2.06425	0.579463	1.262703
52386	-1013.846	-1225.331	211.4849	2.365441	0.5747291	1.305645
52392	-1011.473	-1223.223	211.7507	2.162094	0.3952887	1.494461
52398	-1015.448	-1225.391	209.9424	1.944504	1.166766	2.215352
52404	-1012.113	-1222.672	210.5587	1.861897	0.6077751	2.273575
52410	-1024.115	-1235.168	211.0525	1.829377	0.6774761	1.906677
52416	-1028.542	-1237.973	209.4317	1.557041	0.36807	3.393631
52422	-1029.291	-1239.143	209.852	1.622189	0.4777963	2.984519
52428	-1025.721	-1235.785	210.0643	1.576916	0.6119644	2.756581
52434	-1022.239	-1232.08	209.841	1.595885	1.05531	2.565175
52440	-1017.893	-1228.794	210.9005	1.843663	0.5998053	2.070852
52446	-1029.495	-1240.254	210.7587	1.69987	0.7914219	2.093395
52452	-1023.056	-1233.959	210.9033	1.863103	0.5618734	2.093395
52458	-1040.898	-1252.145	211.2475	1.741984	0.6541401	1.854835
52464	-1027.396	-1238.663	211.2672	1.823924	0.6332898	1.804744
52470	-1031.401	-1242.397	210.9953	1.829357	0.5831868	2.033818
52476	-1019.983	-1232.021	212.0376	2.055066	0.5148432	1.180926
52482	-1037.957	-1249.114	211.1567	1.587331	0.4775583	2.196541
52488	-1029.295	-1240.54	211.2452	2.040699	0.4209208	1.904804
52494	-1019.437	-1230.747	211.3098	2.015737	0.6358456	1.636958
52500	-1022.78	-1233.597	210.8174	2.009826	0.5803066	2.034961
52506	-1031.053	-1242.176	211.1227	1.821596	0.43242	2.11808
52512	-1031.002	-1242.593	211.5905	1.782934	0.4631237	1.792731
52518	-1026.91	-1238.264	211.3534	1.80858	0.6138372	1.774671
52524	-1027.779	-1239.05	211.2708	1.898485	0.5143006	1.873952
52530	-1004.53	-1215.868	211.3377	1.885593	0.5123847	1.839125
52536	-1016.814	-1228.577	211.7632	2.126083	0.53287	1.32619
52542	-1024.563	-1235.865	211.3019	1.932997	0.7578075	1.587102
52548	-1019.65	-1231.026	211.3757	2.140739	0.4546843	1.702957
52554	-1008.65	-1220.226	211.5759	2.439844	0.9625996	0.5681328
52560	-1020.151	-1231.645	211.4941	2.357859	1.12133	0.6013992
52566	-1015.404	-1226.935	211.5313	2.362731	1.029668	0.6990002
52572	-1018.533	-1230.05	211.5179	2.324802	1.130142	0.6051464
52578	-1034.004	-1245.506	211.5023	2.310297	1.130142	0.6742061
52584	-1036.792	-1248.417	211.6255	2.311586	0.999766	0.6742061
52590	-1047.474	-1258.327	210.8539	2.054713	0.973185	1.649057
52596	-1032.216	-1243.347	211.1311	1.905422	1.075021	1.481513
52602	-998.4614	-1209.768	211.307	1.687623	0.5910754	1.912184
52608	-1008.196	-1219.423	211.2267	1.841765	0.6318904	1.82176
52614	-1016.401	-1227.607	211.2062	2.075126	0.254279	2.149014
52620	-1018.312	-1229.633	211.3209	2.051965	0.2634837	2.07361
52626	-1016.225	-1228.231	212.0056	1.91314	0.2634837	1.701906
52632	-1018.852	-1229.933	211.0806	1.812414	0.3885704	2.205511
52638	-1015.815	-1227.176	211.3606	1.724945	0.3009048	2.201956
52644	-1014.246	-1225.36	211.114	1.826262	0.3278108	2.256366
52650	-1035.446	-1245.628	210.1827	2.669637	2.202349	0.9587654
52656	-1016.909	-1228.598	211.6887	2.356483	0.8046502	0.8292718
52662	-1018.606	-1228.785	210.1788	1.541272	0.4629389	2.851623
52668	-1012.815	-1222.962	210.1471	1.509262	0.5005228	2.851623
52674	-1028.535	-1237.903	209.3671	1.622434	0.499575	3.251372
52680	-1021.638	-1229.93	208.2921	1.475758	0.6007073	3.871134
52686	-1017.534	-1226.644	209.1099	1.750849	0.9987428	2.951084
52692	-1025.091	-1236.555	211.464	1.766613	0.7988504	1.553966
52698	-1024.794	-1236.533	211.7382	2.07931	0.7988504	1.077399
52704	-1015.688	-1227.423	211.7344	1.99956	0.7988504	1.153118
52710	-1012.271	-1223.731	211.4594	1.921012	0.8960415	1.355843
52716	-1008.219	-1220.093	211.8743	1.991589	0.6553571	1.196707
52722	-1026.484	-1237.626	211.1416	2.295775	1.249473	1.013017
52728	-1018.614	-1230.334	211.7203	2.075092	0.8186106	1.076414
52734	-1008.824	-1220.604	211.7798	2.062952	0.7606502	1.096505
52740	-1015.101	-1227.131	212.0298	2.015753	0.6572604	1.031048
52746	-1018.165	-1229.213	211.0481	1.96632	0.8737171	1.64894
52752	-1026.477	-1237.558	211.0809	1.735085	0.8737171	1.788894
52758	-1024.451	-1234.927	210.4752	1.766808	0.9729961	2.104361
52764	-1018.91	-1230.212	211.3024	2.19301	1.137574	1.051768
52770	-1028.209	-1239.499	211.2897	1.961929	1.04957	1.33345
52776	-1020.377	-1231.965	211.588	2.03542	0.8638436	1.184563
52782	-1014.38	-1225.123	210.7425	1.884019	0.8134736	1.964656
52788	-1013.663	-1224.475	210.812	1.852178	0.6680571	2.060667
52794	-1035.108	-1246.024	210.9152	2.016191	0.580256	1.965559
52800	-1036.452	-1247.638	211.1857	1.975153	0.7109981	1.682783
52806	-1017.848	-1229.748	211.8994	2.27543	0.3471608	1.36804
52812	-1015.454	-1227.46	212.0058	2.024324	0.2765482	1.5987
52818	-1018.171	-1229.452	211.2812	1.898041	0.4388908	1.954518
52824	-1027.025	-1238.793	211.7674	1.975506	0.648643	1.306808
52830	-1028.697	-1240.009	211.3114	1.988122	1.034357	1.306808
52836	-1029.375	-1240.758	211.3822	2.052909	0.9021174	1.306808
52842	-1016.982	-1228.35	211.3688	1.899469	0.7101915	1.606377
52848	-1032.07	-1242.793	210.7235	1.89235	1.019816	1.821889
52854	-1019.309	-1230.512	211.2025	1.918211	0.5611425	1.856836
52860	-1007.347	-1218.063	210.7153	1.651726	0.4038744	2.52038
52866	-1006.034	-1217.009	210.9753	1.591187	0.4473427	2.344257
52872	-1001.917	-1213.071	211.1536	1.837068	0.4307206	2.089733
52878	-1016.605	-1227.739	211.1348	1.935746	0.3966968	2.079344
52884	-1020.03	-1231.911	211.8812	2.031728	0.6465968	1.166286
52890	-1024.35	-1236.082	211.7321	2.134259	0.6465968	1.206606
52896	-1011.21	-1223.41	212.2004	2.323278	0.3591114	1.047708
52902	-1011.619	-1223.764	212.1441	1.940318	0.3759366	1.392357
52908	-998.3473	-1210.191	211.8439	1.832943	0.4916838	1.540932
52914	-1019.39	-1230.681	211.2913	1.734305	0.5513465	1.931665
52920	-1017.977	-1228.521	210.5438	1.658011	0.7212546	2.315286
52926	-1031.294	-1242.504	211.2098	2.028264	0.5251808	1.814724
52932	-1028.734	-1240.549	211.8146	2.205761	0.5251808	1.228565
52938	-1029.089	-1241.131	212.0422	1.938293	0.5251808	1.261847
52944	-1019.566	-1230.747	211.1814	1.910227	0.4023286	2.058256
52950	-1005.536	-1216.594	211.0582	1.583719	0.4933754	2.245229
52956	-1021.483	-1232.086	210.603	1.594683	0.4754029	2.545227
52962	-1024.811	-1235.515	210.7046	1.786108	0.429086	2.413164
52968	-1014.183	-1223.78	209.5971	1.459761	0.421056	3.292935
52974	-1006.978	-1216.845	209.8662	1.512272	0.531434	2.989065
52980	-1031.203	-1241.058	209.8553	1.597622	0.521571	2.953778
52986	-1022.77	-1233.083	210.3123	1.545745	0.2520576	3.036373
52992	-1003.085	-1213.366	210.2816	1.401073	0.5802052	2.759571
52998	-1024.833	-1235.554	210.7213	1.729126	0.4415279	2.424229
53004	-1022.488	-1232.761	210.2726	1.577811	0.652228	2.593243
53010	-1020.522	-1230.686	210.1643	1.553012	0.658189	2.670354
53016	-1027.901	-1238.884	210.9836	1.826962	0.5019582	2.126659
53022	-1027.839	-1238.354	210.5146	1.763804	0.5658477	2.403445
53028	-1028.953	-1239.92	210.967	1.671626	0.3609864	2.403445
53034	-1022.537	-1233.312	210.7749	1.729335	0.4300751	2.403445
53040	-1021.026	-1231.754	210.7288	1.653942	0.5858778	2.318203
53046	-1038.326	-1248.606	210.2795	1.716794	0.6921565	2.468974
53052	-1030.387	-1240.588	210.2012	1.684445	0.7803008	2.468974
53058	-1031.493	-1241.954	210.461	1.884643	0.9088181	2.080433
53064	-1053.793	-1264.791	210.9973	1.786591	0.4900471	2.156945
53070	-1041.191	-1252.278	211.087	1.814035	0.408419	2.175434
53076	-1027.027	-1238.652	211.6256	1.866947	0.3619265	1.842688
53082	-1017.869	-1229.304	211.4353	1.795239	0.5123062	1.834204
53088	-1020.063	-1231.739	211.6759	1.979801	0.6823696	1.340243
53094	-1008.653	-1220.291	211.6381	1.765101	0.5662765	1.653776
53100	-1025.166	-1235.582	210.4164	1.429044	0.6451141	2.60239
53106	-1038.041	-1248.179	210.1381	1.417659	0.5109113	2.902168
53112	-1043.148	-1251.744	208.5962	1.329994	0.4739978	3.89491
53118	-1028.196	-1238.402	210.2057	1.775095	0.3975349	2.766089
53124	-1022.862	-1233.408	210.546	1.556944	0.6415177	2.444872
53130	-1032.325	-1243.583	211.2576	1.844417	0.6775789	1.755099
53136	-1019.723	-1230.888	211.165	1.884862	0.6775789	1.791468
53142	-1007.465	-1218.909	211.4433	1.993006	0.6700809	1.521636
53148	-1024.093	-1235.122	211.0288	2.418547	1.527979	0.7469304
53154	-1024.425	-1235.992	211.5672	2.049027	0.971431	1.088405
53160	-1010.171	-1222.127	211.9563	2.006814	0.8161932	0.9099789
53166	-1017.95	-1229.664	211.7138	2.163434	0.8686813	0.9385092
53172	-1014.163	-1225.667	211.5038	2.215419	0.9339635	1.027575
53178	-1020.43	-1232.242	211.8114	1.71661	0.550337	1.581116
53184	-1031.691	-1242.847	211.1556	2.053474	0.80271	1.566453
53190	-1034.616	-1246.113	211.4968	2.15772	0.80271	1.217908
53196	-1030.945	-1243.107	212.162	1.999424	0.4489728	1.217908
53202	-1015.615	-1227.828	212.2133	2.151631	0.4622154	1.011682
53208	-1026.279	-1238.114	211.835	1.986746	0.5077153	1.411337
53214	-1031.255	-1242.735	211.4805	1.869282	0.4500552	1.824977
53220	-1030.407	-1241.018	210.6105	1.814174	0.9549779	1.995844
53226	-1019.577	-1231.264	211.6871	2.055732	0.4799891	1.506507
53232	-1034.887	-1246.446	211.5581	2.088599	0.8460275	1.18173
53238	-1024.552	-1236.619	212.0677	2.163361	0.4462893	1.161921
53244	-1024.344	-1236.756	212.4117	1.981833	0.4245848	1.049606
53250	-1022.423	-1234.057	211.6341	2.103456	0.6139258	1.350129
53256	-1022.659	-1234.292	211.6321	2.192845	0.6176303	1.275228
53262	-1020.212	-1231.319	211.1074	1.941125	0.3379193	2.172248
53268	-1016.799	-1228.012	211.2124	1.998209	0.5425056	1.814813
53274	-1029.677	-1241.366	211.6892	1.899221	0.3291234	1.824683
53280	-1022.382	-1233.568	211.1863	1.785669	0.5321711	1.987761
53286	-1032.834	-1244.13	211.2961	1.691211	0.645304	1.864634
53292	-1015.139	-1224.512	209.3728	1.659334	0.6748267	3.071753
53298	-1020.569	-1230.119	209.5497	1.390525	0.7461806	3.071753
53304	-1022.293	-1230.223	207.9305	1.224714	0.5127783	4.297146
53310	-1027.553	-1238.689	211.1362	1.763186	0.4339023	2.145652
53316	-1032.673	-1243.76	211.0874	1.915851	0.4402926	2.069946
53322	-1029.709	-1240.656	210.9477	1.779827	0.3978414	2.300194
53328	-1021.691	-1233.405	211.7144	1.988945	0.3973358	1.64524
53334	-1029.081	-1240.374	211.2937	1.705763	0.2432408	2.348914
53340	-1018.657	-1231.021	212.3639	2.036095	0.3393188	1.197093
53346	-1021.515	-1233.028	211.5126	1.989014	0.3441884	1.861891
53352	-1020.688	-1230.824	210.1363	1.870868	0.4261018	2.716973
53358	-1015.002	-1225.893	210.8913	1.803769	0.4204016	2.293574
53364	-1036.555	-1247.878	211.3238	2.066222	0.4958932	1.742241
53370	-1023.361	-1234.477	211.1156	1.917129	0.6185437	1.859188
53376	-1029.096	-1239.961	210.8641	1.971322	0.4762059	2.138663
53382	-1028.937	-1240.492	211.5555	2.217135	0.4762059	1.489012
53388	-1026.698	-1238.434	211.7355	2.074043	0.2908696	1.731632
53394	-1015.199	-1226.692	211.4928	2.068749	0.4371931	1.693172
53400	-1016.224	-1227.517	211.2927	1.918352	0.2893856	2.138055
53406	-1004.998	-1215.281	210.2835	1.507638	0.3971798	2.881756
53412	-1030.372	-1240.792	210.4196	1.510105	0.3298242	2.881756
53418	-1023.494	-1234.38	210.8858	1.682897	0.399505	2.399074
53424	-1020.585	-1231.557	210.972	1.831069	0.4211356	2.223329
53430	-1027.656	-1238.494	210.8377	1.803398	0.514551	2.223329
53436	-1018.57	-1230.341	211.7718	1.680709	0.4220355	1.78917
53442	-1023.757	-1235.047	211.2898	1.595604	0.3965929	2.20029
53448	-1029.218	-1240.01	210.7918	1.613461	0.4405494	2.453761
53454	-1018.544	-1229.205	210.6609	1.493894	0.468735	2.578995
53460	-1017.764	-1228.881	211.1174	1.94015	0.468735	2.00066
53466	-1016.841	-1228.025	211.1846	1.644151	0.3505683	2.29647
53472	-1016.565	-1226.326	209.7614	1.568178	0.3505683	3.214121
53478	-1012.351	-1222.975	210.6242	1.550053	0.3505683	2.705721
53484	-1017.479	-1228.862	211.3831	1.878046	0.4996065	1.827483
53490	-1023.112	-1234.627	211.515	1.729792	0.4945433	1.844518
53496	-1018.617	-1229.904	211.2873	1.806478	0.6045133	1.831147
53502	-1016.955	-1227.577	210.6228	1.660972	0.7211056	2.26301
53508	-1012.883	-1224.295	211.4121	1.645732	0.6219395	1.838728
53514	-1013.936	-1225.225	211.2889	1.817892	0.5251136	1.904607
53520	-1019.112	-1230.707	211.5942	1.777363	0.5024769	1.747569
53526	-1021.675	-1232.414	210.739	1.637552	0.7561301	2.174787
53532	-1036.232	-1247.573	211.3402	2.046815	0.5038009	1.73515
53538	-1017.545	-1229.089	211.544	2.017853	0.3619301	1.794845
53544	-1009.743	-1221.652	211.9095	1.821025	0.714124	1.245505
53550	-1016.975	-1228.46	211.4846	2.070345	1.099393	1.028182
53556	-1031.464	-1242.512	211.0483	1.835644	0.7868363	1.810956
53562	-1046.711	-1257.946	211.2343	1.983598	0.5265366	1.827144
53568	-1042.026	-1252.656	210.6303	1.906027	0.33522	2.501936
53574	-1035.377	-1246.227	210.8502	1.694076	0.7892937	2.038508
53580	-1029.804	-1240.454	210.6502	1.77157	0.6407066	2.242936
53586	-1011.953	-1223.59	211.6375	2.094591	0.4289563	1.581198
53592	-1012.255	-1223.383	211.128	2.04724	0.5719285	1.808132
53598	-1023.366	-1235.263	211.897	1.921068	0.5200743	1.398617
53604	-1014.254	-1225.517	211.2631	1.96691	0.3875255	1.985487
53610	-1025.162	-1236.065	210.903	1.767014	0.6247531	2.096111
53616	-1018.189	-1228.995	210.8065	1.758643	0.7780732	2.033576
53622	-1005.232	-1215.989	210.7568	1.466067	0.3762965	2.643286
53628	-1020.916	-1231.633	210.7177	1.60882	0.4045167	2.544858
53634	-1023.322	-1234.242	210.9203	1.86563	0.3844081	2.279681
53640	-1020.381	-1231.05	210.6691	1.630184	0.9058462	2.112978
53646	-1032.435	-1242.474	210.039	1.476243	1.026422	2.533875
53652	-1027.874	-1237.312	209.438	1.418482	1.026422	2.937114
53658	-1018.013	-1228.155	210.1429	1.324292	0.4308902	3.038433
53664	-1017.571	-1227.177	209.6058	1.52937	0.6401287	3.038433
53670	-1037.57	-1248.02	210.4505	1.845396	0.4344765	2.52905
53676	-1033.41	-1244.781	211.371	2.058074	0.4150908	1.81437
53682	-1018.788	-1230.255	211.4674	1.962339	0.3953393	1.839857
53688	-1013.504	-1224.505	211.0008	1.866793	0.4715729	2.122858
53694	-1013.392	-1224.749	211.3567	1.809438	0.4195406	1.987158
53700	-1005.291	-1216.818	211.5275	1.961235	0.4153355	1.772652
53706	-1003.546	-1214.53	210.9839	1.914753	0.6263231	1.942674
53712	-1002.904	-1213.379	210.4753	1.785567	0.6263231	2.358582
53718	-1005.653	-1216.926	211.2731	1.832407	0.4131507	2.035466
53724	-1011.358	-1222.575	211.217	1.497312	0.5084352	2.18242
53730	-1003.118	-1214.512	211.3935	1.889326	0.253046	2.150135
53736	-1018.048	-1229.581	211.5325	1.926593	0.3071214	1.946286
53742	-1006.428	-1218.086	211.6574	1.948555	0.4117949	1.694998
53748	-1020.461	-1232.067	211.6055	1.791678	0.5328343	1.694998
53754	-1017.291	-1228.53	211.239	2.103409	0.6038351	1.657501
53760	-1032.188	-1243.782	211.5945	2.427965	0.9059275	0.6962247
53766	-1031.61	-1243.178	211.5677	2.384859	0.8094124	0.9301625
53772	-1019.199	-1230.937	211.7375	1.8092	0.3553706	1.814725
53778	-1022.982	-1234.489	211.5074	1.676967	0.2635759	2.196587
53784	-1014.482	-1224.956	210.4741	1.632042	0.5650093	2.512343
53790	-999.8378	-1210.684	210.8462	1.669385	0.5650093	2.253209
53796	-1001.28	-1212.633	211.3523	1.639903	0.3067403	2.25345
53802	-1016.419	-1227.594	211.1755	1.640044	0.2639251	2.431287
53808	-1014.234	-1224.854	210.6202	1.620995	0.4067374	2.595145
53814	-1018.554	-1228.476	209.9212	1.868607	0.3794848	2.903565
53820	-1021.319	-1233.115	211.7956	2.001989	0.5903016	1.329552
53826	-1017.416	-1229.388	211.9724	1.977245	0.5582982	1.244463
53832	-1022.686	-1234.791	212.1053	2.036031	0.4191862	1.279899
53838	-1017.774	-1229.197	211.4234	1.679028	0.5901663	1.839556
53844	-1005.013	-1216.534	211.5207	1.793686	0.6626037	1.618494
53850	-1001.824	-1213.54	211.7154	2.049429	0.4695559	1.503431
53856	-1004.809	-1216.645	211.8352	2.049429	0.5490855	1.309498
53862	-1008.184	-1219.243	211.0591	2.049429	1.061033	1.436854
53868	-1019.297	-1230.401	211.1046	1.91592	0.9659931	1.573247
53874	-1021.345	-1232.643	211.298	1.881315	1.144993	1.320062
53880	-1026.873	-1237.756	210.883	1.864194	0.5861332	2.082052
53886	-1034.984	-1246.242	211.2584	2.005411	0.5764776	1.741712
53892	-1015.943	-1227.575	211.6329	1.999189	0.3648658	1.741712
53898	-1015.814	-1226.925	211.1113	2.026477	0.3659613	2.075341
53904	-1019.681	-1231.244	211.5626	1.730193	0.6157615	1.680671
53910	-1016.025	-1226.442	210.4175	1.722803	0.4448483	2.614029
53916	-1004.145	-1215.22	211.0755	1.914987	0.3493545	2.194055
53922	-1017.359	-1228.409	211.0504	1.925396	0.5649428	1.951188
53928	-1032	-1243.154	211.1543	1.88082	0.5267537	1.951188
53934	-1007.516	-1217.032	209.5162	1.390363	0.4329273	3.368458
53940	-999.6847	-1210.137	210.4523	1.601637	0.3137836	2.828138
53946	-1019.584	-1230.373	210.7888	1.655187	0.3834581	2.497152
53952	-1025.013	-1233.016	208.003	1.582146	1.027243	3.685905
53958	-1033.039	-1242.811	209.7714	1.576603	0.4861796	3.051665
53964	-1022.479	-1233.031	210.5516	1.5324	0.4108252	2.687324
53970	-1008.374	-1218.059	209.6852	1.524589	0.7971886	2.87252
53976	-1012.766	-1222.35	209.5837	1.435194	0.4441855	3.290355
53982	-1029.08	-1240.088	211.0083	1.643918	0.372598	2.379841
53988	-1031.09	-1242.14	211.0491	1.4855	0.4339061	2.379841
53994	-1007.123	-1215.365	208.2422	1.28824	0.7753331	3.874957
54000	-1020.018	-1229.586	209.5683	1.278357	0.4616955	3.37348
54006	-1020.578	-1231.352	210.7739	1.536605	0.3006519	2.689822
54012	-1029.042	-1238.911	209.8685	1.484294	0.4196718	3.119128
54018	-1015.647	-1225.874	210.2269	1.80014	0.5526509	2.573363
54024	-1026.215	-1237.308	211.0939	1.649452	0.4221302	2.260588
54030	-1018.866	-1229.514	210.6478	1.555615	0.4221302	2.600653
54036	-1029.804	-1240.633	210.8292	1.661644	0.4887763	2.346701
54042	-1024.802	-1235.262	210.4604	1.658696	0.6537907	2.424112
54048	-1046.687	-1257.69	211.0032	1.704736	0.5137013	2.180978
54054	-1021.964	-1233.551	211.5875	2.036668	0.5679137	1.489851
54060	-1014.106	-1225.288	211.1819	1.777518	0.7518858	1.788089
54066	-1014.917	-1225.451	210.5333	1.625879	0.3325359	2.738567
54072	-1016.856	-1227.875	211.0191	1.77913	0.3121451	2.369338
54078	-1009.791	-1220.733	210.9423	1.638657	0.3170878	2.499003
54084	-1024.527	-1235.753	211.2257	1.694365	0.3565578	2.22979
54090	-1026.797	-1238.136	211.3391	2.087331	0.6462585	1.552939
54096	-1034.198	-1245.323	211.1259	2.156192	0.7852946	1.527786
54102	-1016.112	-1228.283	212.171	1.868994	0.2867536	1.573419
54108	-1016.765	-1228.487	211.7221	1.920029	0.4168115	1.662503
54114	-1026.003	-1237.246	211.2421	1.86554	0.4669793	1.96921
54120	-1038.598	-1248.077	209.4786	1.6877	0.4669793	3.179428
54126	-1021.891	-1232.317	210.4264	1.727213	0.4639179	2.58492
54132	-1030.48	-1239.588	209.1072	1.497261	0.6633586	3.334306
54138	-1028.557	-1238.935	210.3781	1.536111	0.3476565	2.867903
54144	-1023.637	-1235.258	211.6208	1.826175	0.5576805	1.6317
54150	-1034.791	-1246.168	211.3773	2.029414	0.4194199	1.824173
54156	-1028.283	-1239.758	211.4754	2.011293	0.5421766	1.620366
54162	-1030.095	-1241.36	211.2654	1.96409	0.5073402	1.840514
54168	-1039.075	-1250.352	211.2772	1.983125	0.4887249	1.840514
54174	-1024.301	-1235.519	211.2184	1.81017	0.9740947	1.561238
54180	-1017.041	-1228.178	211.1364	1.749513	0.6762364	1.905062
54186	-1025.916	-1236.049	210.1327	1.867965	1.21409	2.114434
54192	-1008.482	-1219.348	210.8658	1.647691	0.7206818	2.114434
54198	-1010.525	-1221.417	210.8912	1.696687	0.6640042	2.114434
54204	-1022.641	-1232.647	210.0063	1.756142	0.7603092	2.561005
54210	-1012.304	-1223.288	210.9832	1.721093	0.6785908	2.024788
54216	-1026.031	-1235.608	209.5777	1.305737	0.7343909	3.11443
54222	-1006.451	-1217.808	211.3566	1.834982	0.4481248	1.935063
54228	-1017.733	-1228.87	211.1366	1.847528	0.7460891	1.775928
54234	-1007.864	-1217.883	210.0185	1.778306	0.8568043	2.468982
54240	-1018.715	-1229.513	210.797	1.593027	0.7003792	2.211729
54246	-1019.271	-1230.943	211.672	2.06247	0.338113	1.70917
54252	-998.3876	-1210.243	211.8556	1.971905	0.3689889	1.596119
54258	-1010.184	-1221.532	211.3484	2.004343	0.3627268	1.936608
54264	-1011.599	-1222.774	211.1755	2.02255	0.4432363	1.936608
54270	-1007.643	-1218.078	210.4347	1.556698	0.6377467	2.517996
54276	-1020.009	-1230.17	210.1609	1.712351	0.6566501	2.575348
54282	-1035.942	-1247.584	211.6423	1.920448	0.9290198	1.175834
54288	-1019.054	-1230.341	211.2872	2.057962	0.7879606	1.478163
54294	-1024.115	-1235.858	211.7431	2.074025	0.6563903	1.236901
54300	-1024.648	-1236.407	211.7592	2.02459	0.7166708	1.197619
54306	-1031.613	-1243.001	211.388	2.02459	1.024311	1.221395
54312	-1025.015	-1236.629	211.6138	2.056894	0.6152167	1.401148
54318	-1028.615	-1239.847	211.2324	1.996774	0.4956846	1.85392
54324	-1008.541	-1220.033	211.4923	2.195804	0.9812949	1.010103
54330	-1017.553	-1228.985	211.4318	2.066668	0.8810389	1.273826
54336	-1017.609	-1228.808	211.1991	2.208416	1.21885	1.066992
54342	-1008.237	-1220.098	211.8609	2.469899	0.6751121	0.6304806
54348	-1026.291	-1238.292	212.0016	2.297622	0.6751121	0.6949497
54354	-1017.928	-1228.824	210.8958	2.410496	1.578461	0.8832382
54360	-1012.724	-1224.44	211.7166	2.3404	0.7574519	0.8832382
54366	-1028.263	-1239.823	211.5603	2.211728	1.002355	0.8997074
54372	-1024.517	-1236.212	211.6951	2.121932	0.9579827	0.8997074
54378	-1017.085	-1228.569	211.4841	2.106383	1.156752	0.9387078
54384	-1011.246	-1222.796	211.5495	2.211304	0.9414323	0.9782562
54390	-1006.635	-1218.204	211.5688	2.038495	0.7256008	1.334212
54396	-1016.878	-1227.728	210.8494	2.018158	1.507941	1.334212
54402	-1005.182	-1216.576	211.3938	2.229947	0.966673	1.085919
54408	-1024.895	-1236.855	211.9607	1.967588	0.6731535	1.120664
54414	-1022.194	-1233.382	211.1887	2.124955	0.8657147	1.433884
54420	-1024.719	-1236.687	211.9684	2.012164	0.6405662	1.113506
54426	-1020.296	-1231.798	211.5026	2.022625	1.100496	1.055815
54432	-1027.806	-1239.869	212.0634	1.789646	0.7269642	1.125314
54438	-1028.685	-1240.03	211.3446	1.742807	0.6623528	1.77956
54444	-1042.038	-1253.572	211.5342	1.683064	0.6136296	1.736199
54450	-1035.871	-1245.157	209.2864	1.396128	1.090652	3.004716
54456	-1023.271	-1233.794	210.5227	1.650659	0.5526416	2.48217
54462	-1022.044	-1232.604	210.5595	1.773569	0.9429432	2.064865
54468	-1024.426	-1235.694	211.2681	1.784584	0.6564436	1.80921
54474	-1037.978	-1249.258	211.2796	1.4933	0.7811812	1.891695
54480	-1039.487	-1251.218	211.7313	2.115182	0.990583	0.8250865
54486	-1024.563	-1236.404	211.8404	2.175609	0.7333568	0.9607289
54492	-1047.518	-1258.534	211.0155	1.701616	0.7838317	1.927313
54498	-1042.681	-1254.488	211.8074	2.059027	0.4975512	1.38961
54504	-1030.592	-1242.168	211.5765	2.015291	0.6285094	1.447453
54510	-1038.428	-1250.486	212.0583	1.913847	0.5502402	1.235987
54516	-1026.493	-1237.929	211.4359	1.848586	0.5502402	1.755151
54522	-1022.656	-1234.452	211.7968	2.059931	0.6623387	1.19641
54528	-1023.6	-1234.464	210.8643	1.69228	0.4726616	2.322286
54534	-1021.782	-1231.071	209.2892	1.58598	0.7046587	3.141919
54540	-1025.817	-1235.245	209.4283	1.526898	0.5684927	3.207301
54546	-1021.41	-1232.096	210.6861	1.636247	0.6444811	2.303349
54552	-1021.862	-1232.405	210.5426	1.659005	0.7362597	2.303349
54558	-1032.631	-1244.478	211.8463	1.789721	0.5232821	1.532861
54564	-1039.088	-1250.411	211.3224	1.999971	0.7640262	1.516911
54570	-1028.1	-1239.605	211.5048	1.86644	0.7512341	1.492068
54576	-1024.257	-1234.444	210.187	1.902589	1.561385	1.87366
54582	-1023.821	-1233.891	210.0704	1.711919	1.307729	2.20535
54588	-1026.621	-1238.105	211.4848	1.783217	0.7083044	1.608326
54594	-1026.016	-1236.647	210.6311	1.83574	0.8917697	2.012414
54600	-1030.28	-1241.938	211.6581	1.959551	0.6849314	1.367761
54606	-1028.49	-1240.191	211.7005	1.933861	0.5172548	1.541332
54612	-1026.23	-1237.76	211.5295	2.145863	0.655621	1.353257
54618	-1017.863	-1228.657	210.7936	1.86874	0.94595	1.841431
54624	-1032.563	-1241.9	209.3368	1.695372	1.441633	2.612532
54630	-1037.802	-1248.263	210.4617	1.657641	0.7851112	2.317645
54636	-1015.95	-1227.248	211.2984	1.88017	0.6096976	1.767247
54642	-1011.809	-1223.299	211.4898	1.859242	0.3596404	1.943396
54648	-1019.021	-1229.354	210.3327	1.649092	0.5175691	2.635581
54654	-1029.137	-1239.378	210.2416	1.919464	1.079135	2.089111
54660	-1027.446	-1238.059	210.6136	1.774262	0.9978598	1.991233
54666	-1031.798	-1241.217	209.4186	1.568889	0.9978598	2.875087
54672	-1029.393	-1238.769	209.3753	1.496949	1.057361	2.909535
54678	-1029.402	-1238.839	209.4364	1.408145	0.6788685	3.180188
54684	-1034.75	-1246.501	211.7513	2.068698	0.5246159	1.39139
54690	-1023.099	-1233.771	210.6712	1.941852	0.7377533	2.034633
54696	-1023.874	-1234.46	210.5864	1.830684	0.9068754	2.034633
54702	-1029.985	-1241.223	211.238	1.821493	0.8730818	1.616944
54708	-1023.106	-1234.698	211.5917	1.691268	0.7992962	1.514722
54714	-1017.151	-1227.434	210.2824	1.385638	0.7992962	2.590495
54720	-1038.802	-1246.066	207.2632	1.158913	0.4938702	4.726955
54726	-1030.978	-1239.854	208.8757	1.311468	0.8288087	3.458215
54732	-1030.539	-1241.436	210.897	1.698632	0.4083992	2.371226
54738	-1014.762	-1226.008	211.2458	1.772464	0.7705741	1.731015
54744	-1011.29	-1222.547	211.257	1.787748	0.6134276	1.855948
54750	-1009.663	-1220.371	210.708	1.787748	0.6165814	2.217138
54756	-1014.082	-1224.264	210.1817	1.562676	1.332034	2.217138
54762	-1033.63	-1244.267	210.6375	1.793672	0.917447	2.017722
54768	-1031.195	-1242.578	211.383	1.872649	0.6242334	1.698501
54774	-1035.097	-1246.877	211.7801	1.949084	0.4918475	1.501797
54780	-1024.767	-1236.211	211.4442	2.119072	0.982193	1.126703
54786	-1013.468	-1225.756	212.2883	2.148773	0.4785903	0.9068052
54792	-1009.022	-1220.59	211.5678	2.253576	1.052814	0.7770051
54798	-1009.501	-1220.859	211.3588	2.253576	1.28764	0.7770051
54804	-1009.334	-1221.01	211.6759	2.289466	0.9109188	0.7770051
54810	-1014.123	-1225.838	211.7147	2.182714	0.9109188	0.8640949
54816	-1018.595	-1230.304	211.7084	2.211707	0.7790938	1.001217
54822	-1019.185	-1230.808	211.6233	2.014414	0.8280282	1.207138
54828	-1013.277	-1224.725	211.4481	2.014414	0.8280282	1.351019
54834	-1018.886	-1230.43	211.5439	2.081743	0.5521381	1.506808
54840	-1019.087	-1230.849	211.7619	2.068612	0.7445373	1.125712
54846	-1029.046	-1240.832	211.7862	1.888926	0.7164914	1.288749
54852	-997.3819	-1208.561	211.1786	1.769294	0.5447882	1.990612
54858	-1014.113	-1225.674	211.5608	1.912614	0.557096	1.613262
54864	-1008.659	-1220.028	211.3688	1.870666	0.6130936	1.721146
54870	-1007.009	-1218.809	211.8	1.764184	0.3899157	1.754041
54876	-1011.499	-1222.794	211.2948	1.699161	0.365445	2.170097
54882	-1017.691	-1228.736	211.0453	1.748283	0.8387914	1.831444
54888	-1009.607	-1220.069	210.4621	1.618752	0.5313229	2.560641
54894	-1024.883	-1236.544	211.6611	2.171245	0.6218291	1.264224
54900	-1006.144	-1217.118	210.9748	1.826252	0.429697	2.214431
54906	-1017.462	-1227.693	210.2307	1.488256	0.90263	2.486198
54912	-1011.726	-1221.041	209.3148	1.587116	0.5801034	3.228527
54918	-1015.914	-1227.308	211.3935	1.959681	0.8738085	1.396386
54924	-1015.524	-1226.654	211.1298	1.603935	0.5424195	2.134416
54930	-1010.362	-1220.354	209.9915	1.595885	0.443612	2.952459
54936	-1006.852	-1217.721	210.8687	1.549737	0.5398773	2.340051
54942	-1015.901	-1227.003	211.1024	2.036237	0.4772768	1.936495
54948	-1025.365	-1236.482	211.1169	1.929718	0.5332988	1.936495
54954	-1030.665	-1241.862	211.1975	1.979999	0.507891	1.875485
54960	-1022.85	-1234.281	211.4316	2.038058	0.7406553	1.427236
54966	-1038.859	-1250.606	211.7471	2.015839	0.5314507	1.427236
54972	-1025.93	-1236.734	210.8042	1.961419	1.444369	1.450605
54978	-1029.899	-1240.97	211.0708	1.921005	1.083887	1.508773
54984	-1028.075	-1239.217	211.1418	2.090947	0.9577205	1.420222
54990	-1018.081	-1229.306	211.2251	1.863018	0.8412051	1.622101
54996	-1021.36	-1233.188	211.8283	2.119877	0.3080343	1.603993
55002	-1027.776	-1238.989	211.213	1.588297	0.3709083	2.287134
55008	-1017.925	-1228.808	210.8834	1.757426	0.4939472	2.245319
55014	-1025.62	-1236.529	210.9094	1.92612	1.103926	1.610057
55020	-1043.417	-1253.454	210.0379	2.038659	1.989121	1.690548
55026	-1032.259	-1243.653	211.3937	1.952924	0.9948847	1.300252
55032	-1032.957	-1244.754	211.7962	1.95687	0.8692779	1.062174
55038	-1029.365	-1241.243	211.8783	2.11094	0.7750889	0.9345889
55044	-1032.431	-1244.136	211.7058	1.935405	0.7750889	1.256729
55050	-1022.774	-1234.402	211.6279	2.061423	0.7448149	1.247554
55056	-1020.298	-1232.134	211.8356	1.997992	0.7223548	1.147923
55062	-1026.514	-1238.25	211.7364	1.997992	0.8574742	1.091881
55068	-1028.051	-1238.957	210.9063	2.052002	1.443643	1.299568
55074	-1020.896	-1231.839	210.9435	2.221894	1.443643	1.123047
55080	-1014.613	-1226.332	211.7191	1.867755	0.7213197	1.354761
55086	-998.9969	-1210.383	211.3864	1.836621	0.7809703	1.575163
55092	-1007.902	-1219.468	211.5659	1.940739	0.8211792	1.322127
55098	-1002.228	-1214.206	211.9782	2.094811	0.5903953	1.094467
55104	-1003.498	-1214.99	211.4923	1.898929	0.7820329	1.448513
55110	-1001.807	-1213.109	211.3022	2.013787	1.033128	1.294394
55116	-1011.269	-1222.806	211.537	2.074163	1.006315	1.060192
55122	-1007.107	-1218.723	211.6169	1.821853	0.425554	1.794183
55128	-999.5419	-1210.778	211.2357	1.690574	0.6018978	1.947617
55134	-1008.118	-1219.254	211.1354	1.784177	0.9985597	1.62268
55140	-1023.606	-1234.451	210.8443	1.86709	0.9796432	1.783602
55146	-1019.083	-1230.926	211.8425	1.95367	0.5551044	1.372645
55152	-1002.212	-1214.265	212.0528	2.320086	0.4263392	1.066103
55158	-1011.64	-1223.745	212.1051	1.922788	0.6518277	1.055194
55164	-1018.324	-1230.355	212.0318	2.117441	0.3778541	1.338212
55170	-1020.684	-1231.32	210.6358	1.798578	0.4587513	2.415073
55176	-1023.695	-1234.616	210.9208	1.653245	0.6858554	2.10438
55182	-1027.977	-1239.114	211.1373	2.196873	1.236699	1.120435
55188	-1023.926	-1235.151	211.2244	2.174091	1.236699	1.06103
55194	-1029.622	-1241.118	211.4958	2.230566	0.9653109	0.9881889
55200	-1040.389	-1251.939	211.55	2.242011	0.7325735	1.17309
55206	-1029.229	-1240.314	211.0845	2.20266	1.373042	1.06094
55212	-1023.317	-1235.484	212.1663	2.031659	0.4966683	1.114013
55218	-1027.192	-1238.719	211.527	2.194067	0.7709442	1.193479
55224	-1016.653	-1228.181	211.5284	1.948105	0.7709442	1.393086
55230	-1009.311	-1220.008	210.6971	1.458241	0.4320755	2.619012
55236	-1021.724	-1232.801	211.0768	1.790795	0.9966627	1.661453
55242	-1014.827	-1226.156	211.3294	1.867065	0.7165549	1.652275
55248	-1007.13	-1217.76	210.6307	1.669577	1.003631	2.045592
55254	-1004.549	-1215.847	211.2978	2.055555	0.8990631	1.374593
55260	-1031.839	-1242.871	211.0318	1.441798	0.4170561	2.437988
55266	-1029.861	-1241.078	211.2172	1.903188	0.4779174	1.948031
55272	-1022.316	-1231.901	209.585	1.478662	0.4434124	3.264786
55278	-1022.046	-1232.253	210.2069	1.592688	0.4184879	2.852077
55284	-1018.908	-1228.332	209.424	1.481633	0.6730152	3.148581
55290	-1023.266	-1233.165	209.8991	1.37494	0.4446262	3.13886
55296	-1031.21	-1241.474	210.2639	1.497539	0.6958851	2.612138
55302	-1035.115	-1246.447	211.3325	2.019992	0.6112308	1.642595
55308	-1030.591	-1241.926	211.3354	2.082585	0.4812082	1.739939
55314	-1021.983	-1233.528	211.5449	2.094269	0.5469152	1.502784
55320	-1020.293	-1232.359	212.066	2.08249	0.4084287	1.290687
55326	-1020.664	-1232.526	211.8622	2.178473	0.5196551	1.218817
55332	-1023.079	-1235.007	211.928	1.960669	0.4013051	1.503796
55338	-1000.777	-1212.078	211.3011	1.945658	0.8432144	1.503796
55344	-1009.309	-1221.162	211.8528	2.072571	0.3989886	1.479543
55350	-1007.074	-1218.613	211.5395	1.767419	0.3863817	1.935346
55356	-1010.682	-1221.564	210.8824	1.757842	0.7252302	2.027087
55362	-1018.937	-1230.666	211.7286	1.844289	0.5289824	1.572731
55368	-1010.679	-1221.659	210.9803	1.840722	0.7603002	1.876177
55374	-1001.717	-1212.866	211.1487	1.695536	0.5314767	2.073212
55380	-1014.747	-1225.876	211.1289	1.7681	1.005942	1.633646
55386	-1024.16	-1236.378	212.2183	2.148835	0.462968	1.008238
55392	-1023.652	-1235.647	211.9952	1.744952	0.5343685	1.441196
55398	-1017.487	-1228.631	211.1442	1.868487	0.5074338	1.987156
55404	-1024.313	-1235.889	211.5759	1.710293	0.3765816	1.962401
55410	-1022.768	-1234.383	211.6153	1.885466	0.5196354	1.63602
55416	-1025.577	-1237.483	211.9056	1.885466	0.5336946	1.402685
55422	-1017.428	-1229.21	211.7821	2.014616	0.4551291	1.498441
55428	-1013.931	-1225.555	211.624	2.261222	0.4551291	1.43122
55434	-1014.347	-1226.026	211.6789	2.107817	0.8444392	1.056713
55440	-1026.612	-1238.507	211.8954	2.333806	0.6492854	0.8454788
55446	-1022.765	-1235.115	212.3507	2.333806	0.4474254	0.6208592
55452	-1018.375	-1229.614	211.2385	2.448498	1.284213	0.6579007
55458	-1018.366	-1230.186	211.8192	2.458436	0.7062106	0.6579007
55464	-1025.373	-1237.145	211.7716	2.37546	0.8011541	0.6842643
55470	-1022.79	-1234.464	211.6741	2.523047	0.8011541	0.550223
55476	-1023.124	-1234.911	211.7874	2.559219	0.6815032	0.550223
55482	-1017.884	-1229.718	211.8337	2.401524	0.6815032	0.7811209
55488	-1018.53	-1230.237	211.7067	2.218756	0.9124697	0.8277064
55494	-1015.783	-1227.744	211.96	2.155309	0.6682298	0.9453507
55500	-1010.916	-1222.572	211.6564	2.23301	0.7751418	1.035955
55506	-1006.208	-1218.219	212.0105	2.175758	0.5859093	0.9919944
55512	-1008.507	-1220.433	211.9262	2.097354	0.7035416	0.9919944
55518	-1024.116	-1236.004	211.8884	2.056192	0.6329054	1.155224
55524	-1022.026	-1233.666	211.6402	2.151069	1.013698	0.8644845
55530	-1009.992	-1221.772	211.7798	2.279022	0.864592	0.7115867
55536	-1016.474	-1228.129	211.6552	2.358456	0.864592	0.7802947
55542	-1020.395	-1231.829	211.4348	2.17072	0.9208582	1.145806
55548	-1001.44	-1212.638	211.198	2.011438	1.09815	1.330334
55554	-1001.676	-1212.678	211.0023	1.942003	0.8325762	1.731604
55560	-1019.355	-1231.044	211.6896	2.101225	0.9168629	0.9741024
55566	-1014.944	-1226.432	211.4878	2.337515	1.078168	0.7354271
55572	-1010.927	-1222.8	211.8729	2.114527	0.7758006	0.9356438
55578	-999.9395	-1211.649	211.7096	2.085427	0.9070746	0.9805251
55584	-1015.816	-1227.766	211.9501	2.177666	0.7494039	0.8087106
55590	-1025.403	-1237.221	211.8178	2.408369	0.7494039	0.6512262
55596	-1021.391	-1232.804	211.4121	2.429763	1.125681	0.6184337
55602	-1052.052	-1263.942	211.89	1.86333	0.7017749	1.239721
55608	-1050.965	-1262.85	211.8843	1.831245	0.3316273	1.732415
55614	-1037.567	-1249.286	211.7183	2.041291	0.4968117	1.472627
55620	-1041.753	-1253.224	211.4708	2.636726	0.8839807	0.4904173
55626	-1029.585	-1240.983	211.3982	2.544431	1.044165	0.4904173
55632	-1023.651	-1235.067	211.4163	2.64185	0.9297804	0.487641
55638	-1015.58	-1226.461	210.8814	2.558601	1.597922	0.6754012
55644	-1030.269	-1241.573	211.3035	2.343035	1.27272	0.7451357
55650	-1026	-1237.527	211.5276	2.352705	1.014737	0.7451357
55656	-1014.944	-1226.791	211.8467	2.280647	0.7386636	0.8264802
55662	-1009.365	-1220.712	211.3475	2.119621	1.343232	0.9010915
55668	-1017.186	-1228.83	211.6444	2.21733	0.8925217	0.9270515
55674	-1025.445	-1237.192	211.747	2.21694	0.8925217	0.8059094
55680	-1017.168	-1228.895	211.727	1.985133	0.9659389	1.001788
55686	-1024.608	-1236.64	212.0328	2.360227	0.472768	0.9648076
55692	-1036.778	-1248.238	211.4601	1.800416	0.6394155	1.679976
55698	-1034.977	-1245.618	210.6413	1.785249	0.9692098	1.984771
55704	-1031.162	-1243.03	211.8687	2.068363	0.3597871	1.529494
55710	-1015.577	-1226.689	211.1119	1.869711	0.7655292	1.760974
55716	-1013.181	-1224.411	211.2295	1.957526	0.4893126	1.889917
55722	-1020.044	-1231.316	211.2722	1.735537	0.7689213	1.739837
55728	-1009.968	-1221.477	211.509	1.955962	0.9615257	1.230438
55734	-1027.452	-1238.331	210.8795	1.804061	0.512809	2.197698
55740	-1009.116	-1219.79	210.6746	1.685269	0.5669788	2.350739
55746	-1023.926	-1235.534	211.6087	1.862981	0.420978	1.777177
55752	-1017.337	-1228.357	211.0202	1.817493	0.4986693	2.112422
55758	-1017.558	-1228.319	210.7608	1.901959	0.8869819	1.884155
55764	-1028.147	-1238.542	210.3949	1.772421	0.9253855	2.185353
55770	-1002.288	-1214.017	211.7297	2.205689	0.573247	1.237437
55776	-1018.132	-1228.911	210.7791	2.092056	0.8990091	1.731033
55782	-995.1716	-1206.779	211.6078	1.944359	0.4809946	1.644962
55788	-993.3534	-1205.114	211.7602	2.066443	0.6437091	1.24348
55794	-1003.04	-1215.089	212.049	2.094328	0.5933516	1.02373
55800	-1015.466	-1227.342	211.876	2.520529	0.3954622	1.09844
55806	-1013.584	-1225.268	211.6846	2.66444	0.5596307	0.8574932
55812	-1012.895	-1223.338	210.443	2.421757	1.987054	1.066998
55818	-1015.53	-1226.698	211.168	2.171831	1.299405	1.066998
55824	-1029.198	-1240.337	211.139	2.273697	1.299405	0.9962162
55830	-1016.309	-1228.136	211.8272	2.225108	0.5986399	1.102391
55836	-1025.97	-1237.433	211.4637	1.804776	0.6413671	1.67235
55842	-1032.348	-1243.659	211.3108	1.909638	0.6143879	1.7332
55848	-1030.652	-1241.915	211.2629	1.923804	0.6985979	1.675826
55854	-1030.1	-1241.175	211.0749	1.909941	0.601484	1.908516
55860	-1040.688	-1252.207	211.519	1.859494	0.3689098	1.910635
55866	-1040.426	-1251.594	211.1682	1.908636	0.6359523	1.812054
55872	-1032.084	-1243.509	211.4249	2.170952	0.61741	1.456321
55878	-1030.229	-1241.942	211.7132	2.154585	0.6823112	1.163593
55884	-1024.107	-1235.487	211.3807	2.306564	0.779803	1.213229
55890	-1023.22	-1234.853	211.6325	2.495601	0.6338594	0.9811434
55896	-1015.516	-1227.604	212.088	2.278332	0.3431709	1.218736
55902	-1025.947	-1237.428	211.4808	1.985947	0.5787233	1.594334
55908	-1019.787	-1230.427	210.6399	1.860684	0.7647013	2.086887
55914	-1030.226	-1239.476	209.2499	1.635959	0.6360114	3.190304
55920	-1025.884	-1236.099	210.2153	1.581558	0.8916541	2.444782
55926	-1011.186	-1221.404	210.2185	1.643053	0.5672123	2.661864
55932	-1037.846	-1248.341	210.4953	1.820306	0.4929673	2.452979
55938	-1052.386	-1263.089	210.7026	1.809337	0.3782161	2.461101
55944	-1030.368	-1241.717	211.3491	1.591667	0.4976945	2.04565
55950	-1012.753	-1222.839	210.0858	1.524012	0.6174394	2.770976
55956	-1014.708	-1225.18	210.472	1.808782	0.8440611	2.169567
55962	-1031.919	-1241.884	209.965	1.829605	1.193416	2.25967
55968	-1038.735	-1249.874	211.1386	1.704746	0.5904911	2.014243
55974	-1042.24	-1254.081	211.841	1.871377	0.5240757	1.474717
55980	-1024.894	-1236.438	211.5448	1.940332	0.5887122	1.570125
55986	-1036.725	-1247.838	211.1136	2.116263	0.7047898	1.639167
55992	-1025.602	-1236.161	210.5598	2.048929	0.5312468	2.226933
55998	-1017.185	-1226.826	209.6406	1.909485	0.652286	2.777721
56004	-1013.849	-1224.212	210.3634	1.894456	0.7372469	2.266513
56010	-1002.451	-1213.893	211.4412	1.919187	0.5135258	1.742687
56016	-1026.915	-1238.362	211.4469	1.77895	0.46873	1.887358
56022	-1028.96	-1240.203	211.2424	1.823004	0.5604958	1.895176
56028	-1034.37	-1245.842	211.4719	1.814975	0.6636424	1.637348
56034	-1050.534	-1261.055	210.5207	1.966596	1.403448	1.678338
56040	-1027.118	-1238.094	210.976	2.01162	0.8608653	1.678338
56046	-1016.489	-1227.504	211.0148	1.633374	0.4426169	2.297581
56052	-1023.898	-1234.242	210.3443	1.818162	0.7748154	2.297985
56058	-1014.415	-1225.034	210.6196	1.975505	0.5583742	2.208483
56064	-1017.857	-1229.284	211.4271	2.068726	0.7513864	1.396704
56070	-1062.145	-1273.139	210.9939	1.831323	0.7996237	1.840963
56076	-1039.863	-1250.398	210.5344	1.831323	0.8310927	2.123856
56082	-1040.372	-1251.494	211.1218	1.947821	1.023782	1.493794
56088	-1023.123	-1234.346	211.2238	1.970284	0.74174	1.631105
56094	-1020.989	-1232.747	211.7586	1.991316	0.74174	1.199557
56100	-1022.617	-1233.925	211.3078	1.920905	0.8961522	1.47316
56106	-1042.74	-1254.591	211.8511	1.930866	0.639908	1.284785
56112	-1044.708	-1256.47	211.7615	2.055633	0.585254	1.319833
56118	-1026.574	-1237.705	211.1306	2.214285	1.195315	1.142839
56124	-1023.139	-1234.984	211.8454	2.047846	0.692745	1.128792
56130	-1032.923	-1244.548	211.6243	1.977773	0.9119304	1.157286
56136	-1022.002	-1233.914	211.9115	2.270006	0.6862329	0.8429709
56142	-1033.861	-1245.754	211.8931	2.085423	0.6137871	1.149107
56148	-1033.204	-1245.549	212.345	1.979412	0.304527	1.323942
56154	-1032.303	-1243.807	211.5042	1.979412	0.5638313	1.598365
56160	-1022.86	-1234.747	211.8869	2.210398	0.5155627	1.175947
56166	-1015.484	-1227.079	211.5953	2.147335	0.5675865	1.399683
56172	-1013.216	-1225.127	211.9118	2.280296	0.5060035	1.105409
56178	-1010.904	-1222.637	211.7324	2.152701	0.6060473	1.239084
56184	-1014.241	-1226.098	211.8578	2.091811	0.7352529	1.025197
56190	-1000.123	-1212.265	212.1426	2.305887	0.5620642	0.7151847
56196	-1009.14	-1220.535	211.3951	2.109962	0.386034	1.80051
56202	-1006.325	-1217.652	211.3274	2.082378	0.4363763	1.80051
56208	-1019.277	-1230.874	211.5972	2.256375	0.4859865	1.414592
56214	-1020.76	-1231.748	210.9885	2.033496	0.7140412	1.777675
56220	-1008.146	-1217.951	209.8046	1.787385	0.4738854	2.917648
56226	-1016.049	-1226.968	210.9185	1.845824	0.3310255	2.364151
56232	-1015.211	-1226.601	211.3905	2.040345	0.3177817	1.949023
56238	-1016.937	-1228.039	211.1027	2.018235	0.6119972	1.804992
56244	-1012.429	-1223.773	211.344	2.090421	0.4194942	1.804992
56250	-1008.118	-1219.522	211.4036	2.113626	0.4056345	1.765664
56256	-1014.144	-1226.141	211.9971	1.933598	0.3690338	1.520104
56262	-1022.131	-1233.717	211.5862	2.056024	0.2405889	1.933825
56268	-1025.991	-1237.616	211.625	1.875383	0.4893294	1.671951
56274	-1037.743	-1248.437	210.6944	1.538083	0.546181	2.451367
56280	-1043.596	-1255.375	211.7787	2.253136	0.7109148	0.9739085
56286	-1044.039	-1256.077	212.0386	2.205145	0.6124537	0.8892687
56292	-1032.554	-1244.303	211.7489	2.298646	0.8781787	0.7052528
56298	-1008.011	-1219.918	211.9066	2.336798	0.7170006	0.6968255
56304	-1026.599	-1238.594	211.9956	2.058008	0.7460271	0.9031118
56310	-1029.698	-1241.566	211.8675	1.963913	0.4411416	1.491138
56316	-1025.806	-1237.172	211.3662	1.780541	0.4961644	1.909493
56322	-1019.385	-1230.654	211.2684	1.588545	0.8022158	1.817022
56328	-1015.631	-1226.448	210.817	1.626919	0.8016734	2.095025
56334	-1012.995	-1223.47	210.4751	1.649233	0.7024821	2.379824
56340	-1011.37	-1222.51	211.1404	1.828125	0.5938957	1.927008
56346	-1010.412	-1221.765	211.3532	1.752122	0.5678908	1.860344
56352	-1032.349	-1244.049	211.7	1.833257	0.7121074	1.406072
56358	-1006.089	-1217.623	211.5341	1.951667	0.7121074	1.442615
56364	-1005.861	-1217.218	211.3566	2.123759	1.17895	1.030593
56370	-1012.326	-1224.04	211.7141	2.145596	0.9404349	0.871648
56376	-1008.466	-1219.939	211.4733	2.196985	1.166362	0.8374429
56382	-1006.225	-1218.585	212.3594	2.204752	0.4436189	0.8289031
56388	-1007.127	-1218.91	211.7823	2.341547	0.8124431	0.7021502
56394	-1020.699	-1232.075	211.3759	2.513377	0.9999103	0.7538154
56400	-1009.954	-1221.745	211.7909	2.25898	0.8568812	0.7399749
56406	-1015.745	-1227.322	211.5766	2.161247	0.9421965	1.000707
56412	-1019.583	-1230.976	211.3927	2.124994	0.9351492	1.209027
56418	-1026.387	-1238.085	211.6988	2.287898	0.8644686	0.8164654
56424	-1045.269	-1257.24	211.9716	2.221355	0.6038301	0.9582531
56430	-1027.695	-1239.645	211.9503	2.251114	0.6038301	0.9494015
56436	-1009.338	-1221.147	211.809	2.105732	0.8720384	0.8931813
56442	-1018.951	-1230.743	211.7928	2.072561	0.5881582	1.277157
56448	-1018.982	-1231.028	212.046	1.968269	0.571478	1.172209
56454	-1012.067	-1223.654	211.5863	1.922115	0.4811596	1.676046
56460	-1003.947	-1215.143	211.1959	1.783564	0.8710446	1.676046
56466	-1005.281	-1215.846	210.5654	1.686188	0.5911592	2.39652
56472	-1012.709	-1223.253	210.5439	1.581242	0.7555416	2.336778
56478	-1012.621	-1223.684	211.0631	1.573417	0.9272612	1.872522
56484	-1007.837	-1218.883	211.0465	1.563629	0.6441469	2.117654
56490	-1022.327	-1231.422	209.0947	1.332697	0.6086133	3.482821
56496	-1026.058	-1235.927	209.8688	1.584814	0.4346641	3.042436
56502	-1026.866	-1238.752	211.8863	2.076286	0.7657966	0.9744764
56508	-1033.728	-1245.915	212.1861	1.877084	0.5495493	1.158719
56514	-1041.458	-1252.931	211.4732	1.925494	1.011703	1.243554
56520	-1025.892	-1237.52	211.6281	1.841618	0.8196056	1.353033
56526	-1027.138	-1238.411	211.2725	1.807066	1.142556	1.400657
56532	-1028.252	-1240.114	211.8622	1.838045	0.6602106	1.328406
56538	-1016.198	-1227.728	211.529	1.829581	0.881591	1.385462
56544	-1025.872	-1237.954	212.0822	1.782809	0.3062992	1.666748
56550	-1038.884	-1250.726	211.8422	2.018036	0.9194222	0.8966189
56556	-1033.891	-1245.556	211.6657	2.292238	0.9395937	0.7434363
56562	-1057.946	-1269.633	211.6869	2.454896	0.8374498	0.6009521
56568	-1017.617	-1229.108	211.4905	2.557953	0.9380941	0.4755672
56574	-1023.627	-1235.344	211.7174	2.506457	0.7816355	0.4755672
56580	-1029.553	-1241.398	211.8443	2.059708	0.8098577	0.9805433
56586	-1010.871	-1222.436	211.5651	1.860345	0.8238457	1.384044
56592	-1026.354	-1237.375	211.0214	1.934972	1.465421	1.28777
56598	-1015.829	-1227.53	211.701	2.287046	0.9353377	0.7017831
56604	-1016.668	-1228.26	211.592	2.327886	1.001848	0.7017831
56610	-1014.273	-1226.076	211.8028	2.301212	0.8382556	0.6843483
56616	-1051.273	-1263.424	212.1511	2.365749	0.5643233	0.4824038
56622	-1024.656	-1236.537	211.8805	2.556186	0.6190491	0.5157032
56628	-1026.185	-1237.779	211.5935	2.418578	0.9726953	0.5304941
56634	-1023.147	-1235.174	212.0269	2.135062	0.6819333	0.8731985
56640	-1028.152	-1239.917	211.7644	2.008436	0.6819333	1.245205
56646	-1021.451	-1233.287	211.8363	2.008436	0.8936885	0.943872
56652	-1029.63	-1241.405	211.7747	2.250507	0.7816748	0.8859634
56658	-1030.903	-1242.522	211.6189	2.308097	0.9306561	0.8006551
56664	-1022.35	-1233.721	211.3713	2.297257	1.128006	0.8808979
56670	-1025.624	-1236.872	211.2486	2.17946	1.213763	1.051668
56676	-1006.638	-1218.023	211.3852	2.250707	1.144459	0.9010612
56682	-1007.356	-1219.17	211.814	2.22419	0.8803656	0.7168695
56688	-1011.693	-1223.758	212.0646	2.258963	0.6476966	0.7168695
56694	-1018.721	-1230.589	211.8681	2.395149	0.7236845	0.640498
56700	-1023.219	-1235.221	212.0023	2.488607	0.5792808	0.5468935
56706	-1010.86	-1222.799	211.9393	2.494572	0.6185098	0.5462306
56712	-1006.91	-1218.735	211.825	2.480074	0.7138822	0.5462306
56718	-1015.335	-1226.615	211.2807	1.93124	0.9748359	1.422714
56724	-1019.292	-1230.948	211.6557	1.928209	0.5183442	1.577164
56730	-998.5573	-1210	211.4431	1.702203	0.6682915	1.733531
56736	-1010.902	-1222.248	211.3463	1.84278	0.6420408	1.727925
56742	-1015.359	-1226.742	211.3829	1.825317	0.6283426	1.727925
56748	-1014.434	-1224.788	210.3545	1.440649	0.6428667	2.635389
56754	-1037.919	-1248.034	210.1147	1.537591	0.7522236	2.635389
56760	-1034.293	-1245.375	211.0822	1.494566	0.5570679	2.221609
56766	-1040.627	-1251.889	211.2616	1.983101	0.3916488	1.970222
56772	-1008.253	-1218.158	209.9053	1.453279	0.4740954	3.057629
56778	-1010.027	-1220.254	210.2274	1.59918	0.4468903	2.804157
56784	-1017.946	-1228.271	210.3247	1.642445	0.790809	2.409814
56790	-1011.797	-1222.596	210.7988	1.819831	0.5243751	2.227592
56796	-1000.988	-1210.744	209.7567	1.450651	0.5243751	3.098182
56802	-1015.575	-1225.194	209.6183	1.348583	0.7346891	3.064415
56808	-1028.561	-1239.925	211.3641	1.664634	0.3209835	2.209141
56814	-1034.557	-1245.661	211.104	1.664634	0.4522385	2.209141
56820	-1044.855	-1254.531	209.6763	1.819512	0.8047717	2.692736
56826	-1035.874	-1247.453	211.5787	2.018259	0.6782956	1.390891
56832	-1030.445	-1241.826	211.3807	1.898832	0.5293439	1.781416
56838	-1013.915	-1225.371	211.456	1.875079	0.4975977	1.781416
56844	-1012.062	-1224.189	212.1266	2.111421	0.3020279	1.396844
56850	-1017.544	-1229.463	211.9191	2.047594	0.3020279	1.600584
56856	-1014.941	-1226.707	211.7662	2.06501	0.2926921	1.713301
56862	-1017.295	-1228.966	211.671	1.958406	0.7317585	1.310134
56868	-1041.602	-1253.455	211.8529	1.891565	0.6445219	1.310134
56874	-1055.481	-1267.159	211.6777	2.464213	0.8331879	0.6142453
56880	-1035.303	-1246.936	211.6329	2.455232	0.8811069	0.6142453
56886	-1038.491	-1250.157	211.6661	2.455232	0.8644644	0.5656504
56892	-1045.957	-1253.808	207.851	1.375942	0.4450761	4.321883
56898	-1033.535	-1243.346	209.8111	1.683983	0.5785928	2.875101
56904	-1021.854	-1232.002	210.1479	1.443026	0.5168287	2.875101
56910	-1030.907	-1243.037	212.1299	2.454895	0.2861286	1.141169
56916	-1030.301	-1242.515	212.2138	2.159447	0.3832694	1.141169
56922	-1015.655	-1227.344	211.6891	2.014822	0.6808198	1.303134
56928	-1028.488	-1240.072	211.584	1.869987	0.5879523	1.593684
56934	-1018.201	-1229.54	211.3389	1.869987	0.5879523	1.768208
56940	-1022.682	-1232.798	210.1163	1.611254	0.4498114	2.86111
56946	-1027.737	-1237.229	209.4912	1.56945	0.5672885	3.145761
56952	-1035.832	-1245.188	209.3555	1.485439	0.3722381	3.475142
56958	-1016.592	-1224.928	208.336	1.384492	0.3081331	4.198879
56964	-1008.592	-1218.757	210.1645	1.469388	0.4327569	2.936293
56970	-1032.219	-1243.655	211.4357	1.834922	0.3266395	2.042748
56976	-1030.443	-1240.881	210.438	2.056175	1.355832	1.699956
56982	-1029.424	-1241.074	211.6501	1.847699	0.7251709	1.420552
56988	-1030.155	-1240.911	210.7553	1.972631	1.341888	1.538826
56994	-1026.088	-1237.081	210.993	1.909563	0.9598966	1.663172
57000	-1034.702	-1244.717	210.0143	1.944426	2.078289	1.737296
57006	-1032.171	-1243.359	211.1879	1.929595	1.010469	1.467543
57012	-1043.526	-1254.664	211.1376	2.227718	1.074407	1.220455
57018	-1041.023	-1252.446	211.4235	1.822554	0.8000877	1.541454
57024	-1019.652	-1231.31	211.6583	1.818735	0.598019	1.566005
57030	-1004.783	-1215.647	210.8639	1.71572	0.6802329	2.105613
57036	-1026.704	-1238.204	211.5	1.457615	0.4654789	2.070669
57042	-1017.304	-1228.549	211.2445	1.629562	0.7902592	1.814935
57048	-1036.177	-1246.559	210.3819	1.420107	0.7760719	2.52448
57054	-1013.612	-1223.707	210.0957	1.621554	1.085006	2.371675
57060	-998.748	-1209.68	210.9322	1.838673	1.058261	1.687344
57066	-1020.138	-1230.985	210.8465	1.956244	1.103561	1.633998
57072	-1024.779	-1235.909	211.1294	1.954514	0.8304843	1.633998
57078	-1008.435	-1219.451	211.0155	1.657261	0.5206439	2.196491
57084	-1014.131	-1224.536	210.4045	1.804275	0.8404116	2.218887
57090	-1011.644	-1223.054	211.4098	1.804275	0.6582717	1.694531
57096	-1010.817	-1221.972	211.1545	1.785515	0.762805	1.792278
57102	-1015.858	-1227.31	211.4511	1.871714	0.4491366	1.84465
57108	-1017.51	-1228.91	211.3993	1.746517	0.7026308	1.701141
57114	-1016.952	-1228.447	211.4951	1.887618	0.8443737	1.39904
57120	-1016.824	-1227.929	211.1052	2.09019	0.7910521	1.586587
57126	-1036.864	-1247.853	210.9891	2.51064	0.8086685	1.339302
57132	-1019.362	-1231.208	211.8453	2.439005	0.4569983	1.097178
57138	-1026.005	-1237.613	211.6077	2.569187	0.5732535	1.020044
57144	-1028.262	-1240.154	211.8916	2.391047	0.3644333	1.251678
57150	-1007.211	-1218.943	211.732	2.335644	0.5523197	1.150992
57156	-1011.735	-1223.235	211.5008	2.31503	0.6518697	1.243162
57162	-1024.063	-1235.801	211.7382	2.305595	0.5549592	1.168365
57168	-1023.951	-1235.281	211.3303	2.282785	0.8697317	1.187828
57174	-1012.939	-1224.645	211.7063	2.284341	0.5917554	1.166518
57180	-1050.372	-1261.338	210.9658	1.777228	0.6859595	1.992465
57186	-1025.941	-1237.051	211.1106	1.674378	0.5055682	2.13949
57192	-1033.136	-1245.246	212.1102	2.142553	0.3413778	1.315697
57198	-1014.97	-1226.829	211.8596	2.094287	0.3413778	1.545745
57204	-1020.289	-1231.681	211.3921	1.928585	0.8092287	1.477622
57210	-1021.392	-1233.241	211.8489	1.8975	0.5019392	1.47621
57216	-1008.234	-1219.934	211.7002	1.866403	0.7326485	1.359497
57222	-1007.47	-1219.295	211.8251	1.775706	0.6728321	1.393586
57228	-993.1614	-1203.15	209.9887	1.58003	0.6728321	2.749346
57234	-1010.829	-1221.552	210.7228	1.732626	0.4299782	2.434303
57240	-1026.844	-1237.639	210.7947	1.845362	0.4583062	2.284908
57246	-1036.198	-1246.789	210.5904	1.896427	0.5514623	2.284908
57252	-1023.495	-1233.255	209.7599	1.723016	0.7510697	2.740314
57258	-1027.054	-1236.769	209.7149	1.775858	0.570321	2.885233
57264	-1036.144	-1246.579	210.4347	1.796214	0.7107999	2.305271
57270	-1024.005	-1234.816	210.8109	1.612104	0.4735355	2.406064
57276	-1026.345	-1237.512	211.1674	1.612594	0.5021594	2.14637
57282	-1021.218	-1232.617	211.3992	1.972658	0.6665848	1.572692
57288	-1025.287	-1236.391	211.1044	1.815025	0.7265497	1.837573
57294	-1026.085	-1236.362	210.2768	1.711674	0.5008829	2.64827
57300	-1019.589	-1230.854	211.2647	1.556126	0.9037131	1.762725
57306	-1029.479	-1240.728	211.2493	1.893014	0.5430267	1.861182
57312	-1013.67	-1224.78	211.1099	1.743317	0.8828665	1.755925
57318	-1016.93	-1228.176	211.2464	1.66423	0.5425926	2.017712
57324	-1018.634	-1229.331	210.6977	1.525296	0.5693602	2.435007
57330	-1028.985	-1238.8	209.815	1.592121	0.694025	2.83073
57336	-1013.416	-1222.951	209.5348	1.617747	0.9480404	2.805816
57342	-1017.321	-1229.354	212.0325	2.180896	0.2602227	1.493389
57348	-1008.357	-1219.994	211.6376	2.158119	0.4843345	1.461064
57354	-1011.467	-1223.459	211.991	2.158119	0.4096405	1.288236
57360	-1019.834	-1228.807	208.9734	1.501758	0.9737356	3.196413
57366	-1018.312	-1229.177	210.865	1.699231	0.3578443	2.454393
57372	-1014.969	-1226.13	211.1608	1.917828	0.5629559	1.883688
57378	-1010.343	-1221.634	211.2913	2.066661	0.5032408	1.756159
57384	-1030.731	-1241.966	211.2351	1.74725	0.7776641	1.750183
57390	-1022.462	-1233.71	211.2479	2.07731	0.7349566	1.541586
57396	-1030.116	-1242.12	212.0036	1.976708	0.4948931	1.302467
57402	-999.8461	-1211.543	211.6966	1.852521	0.5361147	1.58191
57408	-995.2718	-1206.859	211.5872	1.946289	0.6245208	1.495853
57414	-1014.563	-1225.943	211.3797	1.860234	0.6802974	1.655016
57420	-1014.876	-1226.388	211.5121	2.147464	0.8387292	1.177715
57426	-1015.8	-1227.591	211.7903	1.932148	0.6010644	1.376658
57432	-1026.498	-1237.836	211.3379	1.874394	0.9726254	1.424197
57438	-1012.925	-1224.295	211.3694	1.926556	0.929664	1.393927
57444	-1014.352	-1226.033	211.6806	1.971734	0.6347862	1.393927
57450	-1007.036	-1218.834	211.7981	2.112638	0.5547748	1.281083
57456	-1036.026	-1247.995	211.9692	2.112638	0.5768777	1.104759
57462	-1043.334	-1254.903	211.5695	2.591776	0.8322403	0.4542208
57468	-1019.678	-1231.332	211.6544	2.591776	0.7605152	0.4537882
57474	-1019.293	-1230.289	210.9962	2.803001	1.148623	0.3631316
57480	-1024.215	-1235.884	211.6683	2.366466	0.7835031	0.8722746
57486	-1022.755	-1234.632	211.877	2.366466	0.7377419	0.6452159
57492	-1016.385	-1228.088	211.7028	2.522417	0.7706982	0.585271
57498	-1010.734	-1222.271	211.5368	2.573261	0.8701138	0.5846938
57504	-1006.577	-1218.177	211.6002	2.569897	0.8172944	0.5846938
57510	-1010.377	-1221.842	211.4658	2.483069	0.9896472	0.6709111
57516	-1009.145	-1221.432	212.2865	2.096976	0.4856983	0.951721
57522	-1018.521	-1230.212	211.6908	2.144729	0.855117	0.9973605
57528	-1000.567	-1212.454	211.8868	2.36028	0.6625087	0.7996394
57534	-1014.078	-1225.005	210.9275	2.331181	1.588959	0.9282023
57540	-1013.563	-1225.336	211.7724	2.079874	0.8528601	0.9830384
57546	-1002.588	-1214.301	211.7128	2.169099	0.9395365	0.8462325
57552	-996.6217	-1208.232	211.6099	2.169099	1.031353	0.8584101
57558	-1006.45	-1218.139	211.6889	2.076966	0.7979978	1.125546
57564	-1027.017	-1238.476	211.4592	2.583806	0.9410924	0.5435496
57570	-1022.248	-1233.892	211.6436	2.43668	0.8765672	0.6454741
57576	-1014.031	-1225.718	211.6875	2.328446	0.889295	0.7368519
57582	-1030.739	-1242.468	211.729	2.22337	0.889295	0.8254129
57588	-1029.598	-1241.212	211.6148	2.22337	0.9911523	0.834796
57594	-1021.483	-1232.446	210.9636	1.600325	1.018558	1.858397
57600	-1017.273	-1229.065	211.7922	2.038012	0.9338177	0.9130628
57606	-1013.258	-1225.234	211.9751	2.038012	0.572227	1.172246
57612	-1025.41	-1236.314	210.9036	1.836157	0.850864	1.859007
57618	-1025.14	-1236.064	210.9242	1.659749	0.7646261	2.031948
57624	-1019.037	-1230.664	211.6268	2.00698	0.9014631	1.139148
57630	-1026.413	-1237.604	211.1909	1.796138	0.686876	1.826337
57636	-1017.4	-1228.82	211.4202	2.119056	0.8757717	1.244787
57642	-1018.345	-1229.713	211.3682	1.844847	0.8626383	1.512618
57648	-1038.798	-1249.729	210.9307	1.932451	0.6178508	1.974584
57654	-1014.419	-1225.353	210.9343	2.095776	1.152198	1.432206
57660	-1010.879	-1222.851	211.9728	2.158642	0.6701257	0.9253767
57666	-1019.368	-1231.36	211.9918	2.191874	0.4195864	1.244284
57672	-1036.455	-1248.279	211.8249	2.115805	0.5624802	1.246618
57678	-1035.565	-1247.209	211.6442	2.141739	0.8014772	1.103614
57684	-1043.133	-1254.647	211.5141	2.080397	1.090965	0.9969514
57690	-1031.654	-1243.171	211.5172	2.046812	1.078573	1.038404
57696	-1019.45	-1231.168	211.7178	2.200031	0.7436488	1.045818
57702	-1021.513	-1232.574	211.0612	2.339318	1.496033	0.8418029
57708	-1014.935	-1226.538	211.6034	2.339318	0.9550951	0.7419628
57714	-1011.89	-1223.233	211.3437	2.354028	1.214864	0.7419628
57720	-1018.962	-1230.507	211.5446	2.397627	0.9125503	0.8060048
57726	-1036.915	-1248.35	211.4356	2.430299	1.066467	0.6857171
57732	-1035.162	-1247.099	211.9364	2.074901	0.4784695	1.299774
57738	-1038.483	-1250.177	211.6932	1.866216	0.5764648	1.528695
57744	-1033.01	-1244.163	211.1526	2.743107	1.093302	0.5137692
57750	-1029.666	-1241.014	211.3482	2.760264	0.8792197	0.4539488
57756	-1030.423	-1241.405	210.9821	2.63442	1.4119	0.5739164
57762	-1040.473	-1251.396	210.9234	2.704531	1.397127	0.5739164
57768	-1026.303	-1237.999	211.6964	2.48988	0.7550182	0.7129854
57774	-1028.726	-1240.461	211.7349	2.306508	0.8118138	0.8233985
57780	-1027.985	-1239.567	211.5823	2.251499	0.8536498	1.000748
57786	-1029.839	-1241.298	211.4586	1.909561	0.9261325	1.339939
57792	-1033.301	-1244.73	211.4286	1.979832	0.8373877	1.385202
57798	-1034.789	-1246.724	211.9352	1.970086	0.5856572	1.247134
57804	-1022.289	-1233.844	211.5551	2.181793	0.8790504	1.06723
57810	-1027.046	-1239.34	212.2949	1.906472	0.5016137	1.103456
57816	-1038.045	-1250.402	212.3576	1.800438	0.5016137	1.142536
57822	-1027.872	-1239.635	211.7635	2.232421	0.7587493	0.9487072
57828	-1027.099	-1238.689	211.5906	1.986214	0.7587493	1.325484
57834	-1037.405	-1248.877	211.4711	1.986214	0.7877956	1.392219
57840	-1038.759	-1250.256	211.4967	1.978832	0.9506588	1.231033
57846	-1025.541	-1237.284	211.7429	1.940438	0.6973083	1.302206
57852	-1022.59	-1233.711	211.1212	2.173988	1.117927	1.245318
57858	-1031.588	-1243.054	211.4669	1.786044	0.8456248	1.497129
57864	-1004.565	-1215.072	210.5063	1.972742	0.5566752	2.284787
57870	-1010.198	-1221.204	211.0058	1.900246	0.5976846	1.965302
57876	-1013.319	-1224.074	210.7553	1.893597	0.3667384	2.389494
57882	-1013.406	-1225.215	211.8093	2.366762	0.4580291	1.191655
57888	-1019.106	-1231.024	211.9177	2.448579	0.5427639	0.8680325
57894	-1016.692	-1228.414	211.7219	2.133952	0.5160146	1.37421
57900	-1012.93	-1224.271	211.3413	2.15112	0.777707	1.37421
57906	-1012.866	-1224.547	211.6807	2.023779	0.4733165	1.54359
57912	-1018.043	-1229.716	211.6733	2.152775	0.4060701	1.54359
57918	-1012.879	-1224.482	211.6038	2.198121	0.3773835	1.602436
57924	-1015.419	-1226.677	211.2578	1.878156	0.4607743	1.957441
57930	-1016.871	-1227.105	210.2338	1.801471	1.167053	2.118774
57936	-1021.315	-1231.85	210.5342	1.743214	0.8087878	2.198098
57942	-1040.449	-1251.734	211.2851	2.637304	1.064572	0.4797127
57948	-1024.288	-1235.591	211.3028	2.637304	1.046845	0.4920334
57954	-1012.291	-1223.482	211.1909	2.637304	1.159613	0.4420001
57960	-1032.921	-1243.944	211.0235	1.69388	0.5199774	2.168229
57966	-1010.054	-1220.124	210.0699	1.497302	0.4061299	3.006255
57972	-1015.875	-1227.147	211.2719	2.700491	1.005791	0.4389778
57978	-997.6642	-1208.761	211.0965	2.686636	1.209912	0.4389778
57984	-1031.116	-1240.331	209.2157	1.490417	0.539704	3.380213
57990	-1031.706	-1243.225	211.5195	1.628428	0.4628983	1.946963
57996	-1023.946	-1235.253	211.3069	1.668111	0.5696044	1.946963
58002	-1012.595	-1224.588	211.993	1.831029	0.6522405	1.235852
58008	-1006.899	-1218.371	211.4719	1.801154	0.7476884	1.568259
58014	-1028.616	-1239.806	211.1898	1.924523	0.286459	2.205396
58020	-1045.487	-1256.787	211.2997	2.252731	0.2268538	2.018987
58026	-1022.272	-1233.816	211.544	2.072101	0.4270255	1.66757
58032	-1031.756	-1243.647	211.8906	2.056232	0.6226939	1.165897
58038	-1035.504	-1246.496	210.992	1.89081	0.6687256	1.91395
58044	-1022.689	-1234.361	211.6716	1.885267	0.6114283	1.492277
58050	-1026.098	-1237.801	211.7031	2.009422	0.6058431	1.379005
58056	-1029.575	-1241.444	211.8696	2.164531	0.6058431	1.109479
58062	-1036.626	-1247.629	211.003	2.590146	1.441259	0.5775486
58068	-1023.659	-1234.798	211.1389	2.627383	1.229253	0.5671026
58074	-1026.316	-1237.881	211.5643	2.191032	0.8903532	1.037829
58080	-1052.671	-1264.212	211.5418	2.191032	0.8398345	1.111571
58086	-1028.932	-1240.672	211.7397	2.192719	0.8567755	0.8924221
58092	-1025.223	-1236.463	211.2394	2.192299	0.602356	1.594544
58098	-1032.921	-1244.212	211.2912	2.373325	0.4778391	1.567323
58104	-1029.68	-1240.833	211.1527	2.295155	0.7164503	1.467272
58110	-1032.445	-1244.463	212.0188	2.305301	0.6917841	0.5872538
58116	-1040.092	-1252.154	212.0621	2.223085	0.6906214	0.6831112
58122	-1030.738	-1242.899	212.1614	1.998102	0.363218	1.353612
58128	-1030.267	-1241.577	211.3094	1.922867	0.6095362	1.729828
58134	-1026.487	-1237.516	211.0289	1.661593	0.5706631	2.134346
58140	-1018.299	-1229.525	211.2254	1.704546	0.769957	1.793186
58146	-1019.17	-1228.998	209.8286	1.579603	0.4690403	3.033128
58152	-1030.616	-1241.47	210.8531	1.713977	0.5161835	2.269224
58158	-1010.281	-1222.312	212.0303	1.931829	0.4543906	1.372477
58164	-1010.265	-1221.287	211.022	1.818583	0.9801124	1.692556
58170	-1023.861	-1234.435	210.5742	2.065299	1.193806	1.692556
58176	-1022.409	-1233.103	210.6935	1.927091	0.5752286	2.175439
58182	-1017.89	-1229.628	211.7377	1.88673	0.4576502	1.621953
58188	-1019.155	-1230.072	210.9169	1.823556	0.6415466	2.034146
58194	-1010.702	-1222.123	211.4207	1.622063	0.3293664	2.188028
58200	-1020.926	-1232.641	211.7147	1.841005	0.5854118	1.521498
58206	-1022.51	-1232.993	210.4838	1.757015	0.5997967	2.395309
58212	-1005.573	-1217.196	211.6236	1.827384	0.4262458	1.784797
58218	-1011.559	-1222.29	210.7313	1.676657	0.8346555	2.093475
58224	-1010.371	-1221.128	210.7569	1.857062	1.057952	1.797575
58230	-999.2185	-1210.45	211.2319	1.890497	0.6184338	1.797575
58236	-1020.103	-1231.416	211.3128	1.926415	0.7366055	1.60313
58242	-1016.979	-1228.573	211.5938	2.08266	0.7602229	1.242343
58248	-1016.326	-1227.982	211.6565	2.339476	0.8652419	0.8032651
58254	-1018.316	-1230.096	211.78	2.398601	0.7385893	0.7570051
58260	-1019.879	-1231.673	211.7946	2.237855	0.6180857	1.094911
58266	-1005.51	-1216.732	211.2225	1.956213	0.4931009	1.891264
58272	-1020.525	-1231.741	211.2159	1.858577	0.5290372	1.92221
58278	-1015.424	-1226.329	210.9055	1.910759	0.5388506	2.083977
58284	-1005.51	-1216.699	211.1886	1.934242	0.488697	1.934071
58290	-1019.678	-1231.12	211.4417	1.921879	0.6992142	1.54698
58296	-1002.316	-1214.046	211.7299	1.878331	0.5604795	1.510284
58302	-1014.333	-1226.273	211.94	2.254522	0.4873028	1.131293
58308	-1008.621	-1220.428	211.8077	2.158904	0.4213548	1.415661
58314	-999.7632	-1211.519	211.7562	1.91741	0.4415305	1.607135
58320	-1012.343	-1224.18	211.8372	2.058019	0.4602179	1.416626
58326	-1010.583	-1222.42	211.8362	2.219043	0.4293049	1.334458
58332	-1002.481	-1213.923	211.4414	1.949656	0.3340792	1.951548
58338	-1024.317	-1235.201	210.8841	2.082117	0.7774409	1.761682
58344	-1015.949	-1227.855	211.906	1.96129	0.4354874	1.471765
58350	-1013.089	-1224.118	211.0283	1.863852	0.5697372	2.002294
58356	-1027.422	-1238.477	211.0549	1.764935	0.7684233	1.87018
58362	-1021.823	-1232.526	210.7032	1.661149	1.036709	1.981343
58368	-1010.845	-1222.213	211.3678	1.710932	0.5867293	1.859277
58374	-1030.816	-1242.426	211.6103	2.074013	0.3651567	1.704494
58380	-1027.783	-1239.226	211.443	2.010828	0.4130697	1.799884
58386	-1005.781	-1217.025	211.2439	1.970467	0.5540062	1.799884
58392	-1007.925	-1218.816	210.8909	1.695226	0.4008158	2.38644
58398	-1018.218	-1229.456	211.2382	1.903939	0.3981642	2.030163
58404	-1010.617	-1222.07	211.4533	1.87983	0.4363173	1.853355
58410	-1010.331	-1221.934	211.603	2.022045	0.4363173	1.649009
58416	-1020.459	-1232.017	211.5576	2.035206	0.5564335	1.526416
58422	-1033.027	-1244.893	211.8663	1.807624	0.2950115	1.819183
58428	-1030.609	-1242.047	211.4381	1.914376	0.498609	1.765375
58434	-1035.404	-1246.296	210.8921	1.793872	0.7586001	1.968858
58440	-1021.924	-1233.019	211.0948	1.963962	0.8641099	1.624663
58446	-1024.267	-1235.685	211.4175	1.916446	0.5696925	1.699467
58452	-1024.728	-1236.283	211.555	2.026085	0.8300953	1.252817
58458	-1009.721	-1221.25	211.5287	1.930217	0.7481447	1.428365
58464	-1001.999	-1213.394	211.3948	1.738006	0.7481447	1.669375
58470	-1010.894	-1221.858	210.9644	1.891565	0.744904	1.865254
58476	-1005.362	-1216.267	210.905	1.874959	0.744904	1.91694
58482	-1022.589	-1234.82	212.2311	1.944041	0.5774056	1.015652
58488	-1018.964	-1230.562	211.5982	2.243492	0.9829856	0.8406247
58494	-1009.018	-1221	211.9821	2.227174	0.6602213	0.851504
58500	-1018.521	-1229.86	211.3392	2.252049	1.03315	1.054073
58506	-1010.084	-1221.519	211.4352	2.252408	1.21509	0.7568095
58512	-1010.237	-1222.043	211.8053	2.287592	0.8221549	0.7345944
58518	-1019.009	-1231.202	212.1926	2.098049	0.6649315	0.7321161
58524	-1016.5	-1227.913	211.4126	2.332981	1.094253	0.8254869
58530	-1023.41	-1234.854	211.4438	2.335229	1.149108	0.7040981
58536	-1027.678	-1238.841	211.163	2.496812	1.28742	0.7040981
58542	-1018.654	-1230.151	211.4975	2.443176	0.9818054	0.700781
58548	-1009.808	-1221.586	211.778	2.267914	0.8820184	0.700781
58554	-1017.125	-1229.009	211.8841	2.104927	0.7159678	1.010516
58560	-1012.101	-1223.816	211.7146	2.07288	0.7159678	1.195247
58566	-1018.387	-1229.794	211.4067	2.208249	1.176951	0.8919213
58572	-1013.691	-1225.515	211.8243	2.151943	0.7258491	1.010774
58578	-1011.134	-1223.395	212.2612	2.327677	0.5075996	0.6008772
58584	-1017.794	-1229.619	211.8251	2.372275	0.709999	0.7820122
58590	-1018.282	-1229.853	211.5709	2.600561	0.825589	0.5312847
58596	-1009.147	-1220.724	211.5774	2.594259	0.825589	0.4710526
58602	-1007.576	-1218.715	211.1395	2.452084	1.325615	0.7623195
58608	-989.3212	-1201.02	211.699	2.105156	0.9370945	0.9376927
58614	-999.4654	-1211.18	211.7143	1.873211	0.8407043	1.237293
58620	-1010.973	-1222.472	211.4989	1.923867	0.9245865	1.297312
58626	-1009.294	-1220.506	211.2128	1.92079	0.9808433	1.477867
58632	-1026.145	-1237.801	211.6558	1.996943	0.8460831	1.176417
58638	-1016.761	-1228.019	211.2572	1.901187	1.007243	1.438811
58644	-1022.013	-1232.866	210.8535	2.089761	1.186765	1.474951
58650	-1003.039	-1215.258	212.2188	1.980063	0.6067338	0.9476632
58656	-1011.848	-1223.451	211.6027	1.927211	0.9297738	1.203394
58662	-1009.899	-1221.237	211.3385	1.880205	0.9297738	1.453401
58668	-1030.646	-1241.839	211.1925	1.846475	1.142747	1.43188
58674	-1052.38	-1263.567	211.1868	1.898298	1.118873	1.413113
58680	-1029.925	-1241.36	211.4349	1.898722	0.8720026	1.413113
58686	-1022.557	-1233.925	211.3674	2.085637	1.083621	1.136728
58692	-1027.852	-1239.282	211.4297	1.955336	1.015032	1.252169
58698	-1025.31	-1236.834	211.5234	1.979807	0.7516669	1.390605
58704	-1017.481	-1229.127	211.6458	1.858437	0.3988696	1.783709
58710	-1014.017	-1225.574	211.5567	1.943326	0.3988696	1.786662
58716	-1012.759	-1223.898	211.1392	1.705372	0.3988696	2.223822
58722	-1011.055	-1221	209.9444	1.502532	0.3988696	3.086547
58728	-1004.477	-1213.925	209.4488	1.343595	0.5506353	3.319526
58734	-1000.058	-1209.603	209.5448	1.430162	0.555952	3.206914
58740	-1009.232	-1219.777	210.5451	1.565964	0.4868545	2.586963
58746	-1010.855	-1221.699	210.8439	1.431099	0.650134	2.328558
58752	-1012.805	-1222.316	209.5109	1.404772	0.6061212	3.197778
58758	-1013.235	-1224.911	211.6759	1.792562	0.5073845	1.673417
58764	-1011.166	-1221.994	210.8275	1.917436	0.6215732	2.049698
58770	-1027.442	-1238.596	211.154	1.74321	0.5572927	2.011567
58776	-1029.192	-1240.531	211.339	1.867199	0.4728956	1.895824
58782	-1039.572	-1250.643	211.0716	1.738612	0.5240944	2.103337
58788	-1034.793	-1245.4	210.6064	1.615857	0.6500503	2.362159
58794	-1022.511	-1233.073	210.5622	1.531437	0.748718	2.362159
58800	-1018.946	-1229.959	211.0127	1.721255	0.8592128	1.856497
58806	-1021.47	-1232.792	211.3214	1.832862	0.6555938	1.739268
58812	-1020.948	-1232.563	211.6144	1.757164	0.5823234	1.659188
58818	-1030.058	-1240.899	210.8416	1.516789	0.4798696	2.439941
58824	-1026.219	-1236.946	210.7269	1.505513	0.3698922	2.645345
58830	-1030.89	-1242.817	211.9266	2.187058	0.8038668	0.7354406
58836	-1030.849	-1241.936	211.0874	2.16504	1.343668	1.114574
58842	-1023.14	-1233.485	210.3458	1.687576	0.5014438	2.619979
58848	-1022.253	-1233.07	210.8165	1.666224	0.47774	2.363704
58854	-1023.406	-1234.195	210.7891	1.582637	0.7502166	2.182658
58860	-1029.318	-1240.112	210.7944	1.520383	0.4980977	2.448116
58866	-1025.424	-1236.323	210.8989	1.563257	0.4145597	2.448116
58872	-1032.584	-1244.006	211.4218	1.49284	0.5435199	2.014122
58878	-1018.405	-1230.093	211.6882	1.990369	0.8512261	1.148652
58884	-1034.881	-1247.014	212.133	1.937469	0.4358055	1.312663
58890	-1032.279	-1243.401	211.1222	2.080905	0.4358055	1.942257
58896	-1027.458	-1238.818	211.3609	1.842209	0.4358055	1.942257
58902	-1026.02	-1237.905	211.8853	1.906841	0.5506665	1.38117
58908	-1033.516	-1244.989	211.4731	2.001113	0.70468	1.458797
58914	-1028.168	-1239.543	211.3747	1.673377	0.5531866	1.914523
58920	-1021.546	-1233.281	211.7348	2.014302	0.4848574	1.495653
58926	-1015.593	-1227.183	211.5895	2.115234	0.674222	1.309577
58932	-1038.127	-1249.942	211.8153	1.886546	0.3706454	1.684074
58938	-1028.039	-1240.203	212.1635	2.031474	0.4209328	1.232679
58944	-1026.358	-1238.143	211.7854	2.015684	0.546004	1.37981
58950	-1012.929	-1224.483	211.5542	1.944084	0.7589881	1.387428
58956	-1034.076	-1244.985	210.9091	2.106998	1.023141	1.534248
58962	-1042.274	-1253.596	211.3219	2.033242	0.7242246	1.529394
58968	-1047.154	-1257.964	210.8103	1.962493	0.4269588	2.235928
58974	-1026.343	-1237.574	211.2314	1.90407	0.3588578	2.086487
58980	-1036.686	-1248.097	211.4107	1.934111	0.7169854	1.543945
58986	-1046.976	-1258.523	211.5475	2.002391	0.6492246	1.457437
58992	-1014.047	-1225.68	211.633	1.848659	0.3776575	1.828155
58998	-1016.17	-1227.647	211.4772	1.745265	0.4474775	1.914988
59004	-1031.262	-1242.789	211.5275	1.856091	0.5570499	1.677817
59010	-1013.159	-1224.717	211.5583	1.85819	0.7726807	1.437835
59016	-1018.6	-1230.288	211.6877	1.858255	0.4200732	1.726386
59022	-1038.619	-1250.536	211.9173	1.819275	0.5344017	1.443865
59028	-1023.958	-1235.913	211.9549	1.802241	0.5344017	1.428057
59034	-1039.352	-1250.459	211.1073	1.785578	1.06966	1.591781
59040	-1024.447	-1236.095	211.6477	2.039317	0.6358115	1.365666
59046	-1027.639	-1239.509	211.8696	1.986082	0.6349501	1.229336
59052	-1027.718	-1238.939	211.2215	2.142157	1.015198	1.269735
59058	-1016.572	-1228.187	211.615	1.826439	0.5771029	1.614478
59064	-1014.513	-1224.891	210.3774	1.95723	0.9581965	2.053416
59070	-1042.157	-1250.925	208.7685	1.466687	1.066686	3.284156
59076	-1024.973	-1235.453	210.4802	1.611936	0.428312	2.66227
59082	-1025.212	-1235.076	209.8649	1.530976	0.6642429	2.861587
59088	-1048.316	-1260.139	211.8231	1.90908	0.4582034	1.542479
59094	-1053.321	-1262.943	209.6226	1.688182	0.7597751	2.838623
59100	-1032.025	-1243.896	211.8707	2.454122	0.6225841	0.7687362
59106	-1030.119	-1241.276	211.1566	2.454122	1.340437	0.7142465
59112	-1020.32	-1231.675	211.3551	2.388789	1.189138	0.7033057
59118	-1019.467	-1230.836	211.3691	2.270717	1.189138	0.8501367
59124	-1023.259	-1234.846	211.5867	2.218753	1.003427	0.8597307
59130	-1021.005	-1232.591	211.5858	2.302503	0.7574686	1.057671
59136	-1023.011	-1234.79	211.7795	2.207844	0.6273075	1.124079
59142	-1024.2	-1235.924	211.7236	2.201146	0.5597293	1.26333
59148	-1032.928	-1244.932	212.0041	2.042291	0.4536514	1.30631
59154	-1031.843	-1243.309	211.466	2.200774	1.024614	0.9882406
59160	-1019.042	-1230.84	211.7981	1.959821	0.9348699	0.9882406
59166	-1009.201	-1220.839	211.6382	2.078416	0.9348699	1.029212
59172	-1016.324	-1228.246	211.922	2.149414	0.6398524	1.029212
59178	-1011.202	-1223.113	211.9114	2.149414	0.5788273	1.121254
59184	-1010.307	-1222.32	212.0129	2.10934	0.5050682	1.169094
59190	-1009.691	-1221.571	211.8799	2.10327	0.4665574	1.338921
59196	-1010.145	-1221.795	211.6491	1.923699	0.4188531	1.709109
59202	-1019.363	-1230.918	211.5556	1.728736	0.5458322	1.760001
59208	-1016.87	-1228.435	211.5647	1.935029	0.8402819	1.309946
59214	-1022.411	-1233.153	210.7418	1.996439	1.351166	1.525686
59220	-1020.028	-1231.262	211.2342	1.904705	0.6437328	1.761481
59226	-1015.392	-1226.691	211.2988	1.720689	0.4718675	2.022371
59232	-1017.195	-1228.635	211.4401	1.713274	0.6212465	1.773318
59238	-1019.281	-1230.717	211.4358	2.012957	0.4364748	1.773318
59244	-1009.756	-1221.187	211.4308	1.938825	0.4815662	1.773318
59250	-1014.105	-1225.155	211.05	1.951412	0.5941705	1.90447
59256	-1007.32	-1218.794	211.4746	1.915469	0.4771999	1.76426
59262	-1019.332	-1230.65	211.3186	1.927231	0.544619	1.788184
59268	-1014.081	-1225.354	211.2732	1.841305	0.5253543	1.899139
59274	-1017.418	-1229.035	211.6165	1.843604	0.4477222	1.751269
59280	-1023.029	-1234.634	211.6053	1.693039	0.6230899	1.669299
59286	-1013.626	-1224.998	211.3725	1.748534	0.6477708	1.770025
59292	-1012.203	-1223.162	210.9584	1.751378	0.589651	2.10322
59298	-1019.536	-1229.586	210.0499	1.487212	0.5324306	2.892555
59304	-1019.626	-1229.813	210.1869	1.656162	0.703525	2.555423
59310	-1006.98	-1217.9	210.9192	1.850804	0.5465285	2.106499
59316	-999.9557	-1211.079	211.1233	1.786134	0.5619913	1.998591
59322	-1001.602	-1212.444	210.8418	1.808554	0.6598109	2.077141
59328	-1007.78	-1218.85	211.0709	1.755057	0.6139102	2.003182
59334	-1009.371	-1220.601	211.2302	1.946328	0.6360058	1.742661
59340	-1006.416	-1216.041	209.6252	1.510266	0.6360058	3.041691
59346	-1006.181	-1216.579	210.3982	1.593459	0.4944357	2.652893
59352	-1006.246	-1216.805	210.5589	1.634164	0.4039442	2.628225
59358	-1012.332	-1222.582	210.2496	1.744973	0.532881	2.612548
59364	-1006.55	-1217.059	210.5088	1.655749	0.4686982	2.573001
59370	-1004.654	-1215.161	210.5075	1.763268	0.5791106	2.395664
59376	-997.9403	-1209.469	211.5292	2.112323	0.370602	1.726845
59382	-1006.425	-1217.631	211.206	2.033957	0.5254539	1.813123
59388	-1005.327	-1216.473	211.1453	2.151089	0.4909396	1.813123
59394	-1006.168	-1216.906	210.7382	1.894023	0.634198	2.112239
59400	-1004.506	-1215.077	210.5707	1.720815	0.6290438	2.336646
59406	-1006.679	-1217.428	210.7496	1.73603	0.4646071	2.376192
59412	-1014.816	-1225.141	210.3249	1.657622	0.5594053	2.594499
59418	-1028.288	-1238.773	210.4848	1.722043	0.369422	2.661721
59424	-1020.841	-1231.267	210.4269	1.64081	0.9366684	2.242008
59430	-1021.586	-1232.408	210.822	1.758107	0.6896962	2.097055
59436	-1020.016	-1231.358	211.3418	1.897864	0.5637956	1.771906
59442	-1028.78	-1240.208	211.4288	1.931321	0.5365686	1.717015
59448	-1035.623	-1245.762	210.139	1.811239	0.577059	2.597967
59454	-1026.593	-1236.712	210.119	1.766894	0.3930262	2.829185
59460	-1014.554	-1225.759	211.2047	1.711946	0.4458432	2.120286
59466	-1011.229	-1222.393	211.1646	1.905165	0.7760754	1.689938
59472	-1015.978	-1226.619	210.6411	2.260945	1.382299	1.382103
59478	-1022.69	-1233.512	210.8219	1.85918	0.7645748	1.967202
59484	-1019.566	-1230.831	211.2651	1.706168	0.6492231	1.871918
59490	-1004.129	-1215.087	210.9579	1.751693	0.5778969	2.114773
59496	-1016.076	-1227.319	211.2428	1.683742	0.5659475	1.983191
59502	-1018.75	-1229.614	210.8638	1.790192	0.7001135	2.039381
59508	-1015.101	-1226.278	211.1765	1.824333	0.4747476	2.031512
59514	-1036.68	-1248.13	211.45	2.156019	0.6985789	1.362798
59520	-1037.585	-1249.232	211.647	1.957964	0.7649874	1.296541
59526	-1031.853	-1243.921	212.0683	1.875866	0.5028348	1.321067
59532	-1023.74	-1234.758	211.018	1.991818	0.4732512	2.027212
59538	-1008.182	-1219.777	211.5956	2.262371	0.6181635	1.247264
59544	-1011.78	-1222.736	210.9567	1.829691	0.864518	1.816444
59550	-1021.179	-1232.418	211.2394	1.871932	0.7845428	1.652985
59556	-1022.557	-1232.979	210.4221	1.517269	0.5714685	2.609878
59562	-1020.57	-1230.833	210.2634	1.696131	0.5656984	2.602808
59568	-1024.102	-1235.374	211.2722	1.851236	0.497826	1.923424
59574	-1032.227	-1243.95	211.7229	1.834369	0.4642034	1.66202
59580	-1040.927	-1252.796	211.8693	2.046917	0.2931624	1.652025
59586	-1031.924	-1242.976	211.0512	1.873773	0.865585	1.718966
59592	-1028.583	-1239.337	210.7535	1.960147	0.5656474	2.124181
59598	-1021.902	-1233.735	211.8332	2.05218	0.3607715	1.566156
59604	-1024.325	-1235.842	211.5171	2.175721	0.3711267	1.689855
59610	-1022.89	-1234.042	211.1523	1.927475	0.5047821	1.945095
59616	-1035.287	-1246.479	211.1919	1.96503	0.3819435	2.041415
59622	-1033.643	-1245.5	211.8573	2.150767	0.3901053	1.429684
59628	-1020.004	-1231.088	211.0845	1.996831	0.3917556	2.078546
59634	-1038.555	-1249.568	211.0125	1.834374	0.7719818	1.848757
59640	-1026.129	-1237.713	211.5846	2.0685	0.8245192	1.197406
59646	-1017.297	-1229.098	211.8014	1.890688	0.7069094	1.284947
59652	-1010.978	-1222.8	211.8217	1.962126	0.5348291	1.406966
59658	-1014.435	-1225.906	211.4713	1.813437	0.5116646	1.797544
59664	-1020.692	-1231.986	211.2934	1.930804	0.5116646	1.839319
59670	-1013.823	-1224.379	210.5563	1.846337	1.152703	1.882366
59676	-1007.322	-1218.19	210.8681	1.776997	0.447949	2.293421
59682	-998.0834	-1209.239	211.156	1.732938	0.6036289	1.970993
59688	-1020.701	-1230.76	210.0586	1.410809	0.6488403	2.829713
59694	-1009.478	-1220.029	210.5505	1.706451	0.6259187	2.361415
59700	-1004.367	-1215.19	210.8231	2.067694	0.6081898	1.965347
59706	-997.4818	-1208.722	211.2404	1.906155	0.6711999	1.729913
59712	-1000.07	-1211.059	210.9889	1.783137	0.9655569	1.751351
59718	-1007.269	-1218.368	211.0982	1.808053	0.8412599	1.751351
59724	-1008.602	-1219.823	211.2204	1.716228	0.5477903	1.995021
59730	-1025.185	-1236.292	211.1067	2.040764	1.041792	1.421111
59736	-1009.248	-1220.569	211.3201	2.281213	1.139994	0.9432909
59742	-1016.708	-1228.279	211.5711	2.281213	1.02089	0.7771052
59748	-1007.109	-1218.48	211.3712	2.370645	1.201539	0.6876963
59754	-1012.523	-1223.773	211.2502	2.354016	1.354138	0.7067704
59760	-1005.048	-1216.413	211.3652	2.382295	1.225394	0.6335177
59766	-1016.445	-1227.911	211.466	2.211556	1.225394	0.7586216
59772	-1030.26	-1241.352	211.0927	1.785668	0.7468078	1.848338
59778	-1019.04	-1230.607	211.5666	2.007354	0.9048683	1.188414
59784	-1022.292	-1233.736	211.4445	1.869234	1.017785	1.308475
59790	-1018.539	-1230.29	211.7516	2.134473	0.5336199	1.327829
59796	-1011.176	-1222.326	211.1493	1.997777	0.7068653	1.696361
59802	-1004.893	-1216.609	211.7163	2.089703	0.6555938	1.247083
59808	-1017.143	-1229.106	211.9627	1.844633	0.4426366	1.507142
59814	-1009.417	-1220.059	210.6425	1.602055	0.4426366	2.551855
59820	-1012.86	-1223.32	210.4603	1.773738	0.7302348	2.287417
59826	-1043.698	-1255.515	211.8168	1.769242	0.4420283	1.669518
59832	-1024.214	-1235.634	211.4199	1.736807	0.4582425	1.946516
59838	-1019.503	-1230.648	211.1457	1.728888	0.4872366	2.100744
59844	-1021.777	-1232.658	210.8815	1.697624	0.4058631	2.384759
59850	-1008.448	-1218.275	209.8273	1.684077	0.7272626	2.741103
59856	-1021.219	-1231.396	210.1765	1.597495	0.727385	2.579299
59862	-1022.944	-1232.736	209.7918	1.619858	0.6166998	2.891955
59868	-1018.508	-1228.919	210.4115	1.454118	0.3518756	2.891955
59874	-1031.991	-1243.941	211.9502	2.016217	0.5125318	1.290155
59880	-1036.019	-1247.614	211.5954	2.116127	0.9631039	1.005297
59886	-1033.669	-1245.235	211.5659	2.179176	0.9631039	0.9714209
59892	-1038.263	-1249.808	211.5456	1.838212	0.5044402	1.736694
59898	-1028.381	-1239.436	211.0557	1.863824	0.5044402	2.052322
59904	-1007.694	-1218.838	211.1432	1.745694	0.6666201	1.911787
59910	-1019.89	-1230.499	210.6085	1.724771	0.6666201	2.277003
59916	-1004.66	-1215.43	210.7698	1.490996	0.4104664	2.578633
59922	-1017.35	-1228.568	211.2183	1.76625	0.4393096	2.083463
59928	-1015.644	-1227.364	211.7197	1.72255	0.562345	1.629996
59934	-1014.432	-1225.929	211.4974	1.677166	0.669981	1.711258
59940	-1027.735	-1238.752	211.0176	1.747593	0.3949984	2.279671
59946	-1030.947	-1241.899	210.9515	1.750067	0.7014	2.006646
59952	-1024.767	-1235.905	211.1381	1.814728	0.5705149	1.960943
59958	-1026.609	-1238.079	211.4699	2.121244	0.5888761	1.491149
59964	-1009.035	-1220.557	211.5219	1.857953	0.5225609	1.718765
59970	-1000.749	-1212.041	211.2919	1.867925	0.4983627	1.898181
59976	-1011.274	-1222.315	211.0402	1.916044	0.5629239	1.966335
59982	-1012.911	-1223.6	210.6888	1.63453	0.6834194	2.268992
59988	-1006.197	-1216.496	210.2989	1.78462	0.6834194	2.421425
59994	-1021.035	-1232.284	211.2486	1.622732	0.4481234	2.147234
60000	-1015.769	-1227.355	211.5865	1.893491	0.5604774	1.60474
60006	-1019.254	-1230.627	211.3723	1.793847	0.4876152	1.906054
60012	-1030.95	-1242.264	211.3145	1.816793	0.4876152	1.929608
60018	-1046.821	-1257.849	211.0281	1.793345	0.7317836	1.899935
60024	-1019.528	-1230.937	211.4092	1.784438	0.7008813	1.668764
60030	-1028.877	-1239.981	211.1042	2.004716	0.8443122	1.60452
60036	-1029.046	-1240.757	211.7103	1.97364	0.6284352	1.37621
60042	-1011.93	-1223.491	211.5614	1.752911	0.4100151	1.899452
60048	-1016.106	-1227.491	211.3849	1.597402	0.3236852	2.235228
60054	-1027.361	-1239.521	212.16	1.996811	0.4036924	1.291242
60060	-1018.335	-1230.073	211.7378	1.996715	0.5325119	1.447681
60066	-1016.161	-1227.901	211.7404	1.904834	0.5744561	1.466539
60072	-1011.022	-1222.836	211.8132	1.918298	0.4902278	1.502056
60078	-1009.408	-1220.64	211.2321	1.763637	0.6654987	1.839945
60084	-1013.808	-1224.394	210.5862	1.760336	0.5222863	2.403246
60090	-1013.866	-1224.561	210.6948	1.997293	0.9377815	1.826805
60096	-1018.974	-1230.493	211.5187	1.914514	0.567418	1.630985
60102	-999.1365	-1210.583	211.4465	1.986719	0.567418	1.630985
60108	-988.5663	-1200.418	211.8516	1.899119	0.3260549	1.716287
60114	-1009.722	-1220.567	210.845	1.907361	0.3260549	2.378632
60120	-1022.119	-1233.195	211.0757	2.193146	0.8576037	1.474976
60126	-1010.934	-1222.544	211.61	2.027386	0.9187927	1.119263
60132	-1023.145	-1235.02	211.8755	2.059453	0.6692818	1.119263
60138	-1014.156	-1225.617	211.4606	2.280803	0.6356117	1.322538
60144	-1017.814	-1229.661	211.8476	2.212482	0.5409601	1.173159
60150	-1029.602	-1241.248	211.6457	1.957734	0.5409601	1.536287
60156	-1031.382	-1242.922	211.5399	1.852544	0.6148751	1.609997
60162	-1017.833	-1229.887	212.0538	2.042966	0.4746954	1.234497
60168	-1024.445	-1236.366	211.9211	2.113008	0.5782255	1.145934
60174	-1013.572	-1224.908	211.3351	2.569423	1.0236	0.6907677
60180	-1015.38	-1226.553	211.1735	2.758995	1.054935	0.5022847
60186	-1017.964	-1229.726	211.7616	2.618191	0.6448644	0.6101444
60192	-1019.98	-1232.192	212.212	2.518082	0.4091769	0.6752428
60198	-1007.271	-1219.332	212.0607	2.203295	0.6989731	0.7015499
60204	-1026.229	-1238.205	211.9768	1.79266	0.635646	1.299861
60210	-1033.332	-1244.481	211.1493	1.898627	0.5579792	1.909654
60216	-1028.617	-1240.285	211.668	1.89152	0.4506163	1.677437
60222	-1020.318	-1231.503	211.1858	2.039975	0.6083	1.73563
60228	-1031.683	-1241.632	209.9486	2.208889	1.264962	1.982075
60234	-1011.09	-1222.765	211.6749	2.62396	0.6313577	0.7877252
60240	-1007.511	-1219.48	211.9699	2.318009	0.5532029	0.9377095
60246	-1009.473	-1221.189	211.7161	1.980098	0.5949864	1.404061
60252	-1010.394	-1221.525	211.1311	1.987572	1.143986	1.369053
60258	-1007.631	-1218.863	211.2318	1.92184	0.916459	1.513161
60264	-1020.831	-1232.082	211.2507	1.90429	0.8757726	1.544924
60270	-1018.169	-1229.721	211.5521	1.983232	0.8114849	1.308052
60276	-1017.597	-1229.047	211.4496	2.209087	0.7608149	1.256618
60282	-1014.485	-1225.886	211.4015	2.03748	1.016255	1.205655
60288	-1008.372	-1219.941	211.5688	2.092365	0.998557	1.01956
60294	-1016.735	-1228.262	211.5267	2.126809	0.9803903	1.044769
60300	-1012.4	-1224.098	211.6979	2.147166	0.8976476	0.9389228
60306	-997.3483	-1209.512	212.1639	2.161022	0.5455765	0.9102452
60312	-1006.084	-1217.194	211.1107	2.338465	1.443687	0.8298725
60318	-1010.326	-1221.947	211.6207	2.402983	0.8574375	0.777425
60324	-1011.431	-1223.408	211.9772	1.931843	0.4822222	1.376365
60330	-1016.497	-1227.816	211.3186	1.844797	0.778147	1.621075
60336	-1018.48	-1228.86	210.3798	1.845254	1.457995	1.832663
60342	-1020.318	-1231.836	211.5174	1.897598	0.582527	1.627744
60348	-1025.006	-1236.569	211.563	1.800924	0.5751904	1.672268
60354	-996.0045	-1207.406	211.4016	1.880597	0.8164345	1.500315
60360	-1011.189	-1222.905	211.7155	1.962716	0.5683419	1.448408
60366	-1005.318	-1216.169	210.8505	1.825906	0.7238266	2.004234
60372	-1017.661	-1228.167	210.5059	1.541233	0.5005065	2.612401
60378	-1020.862	-1232.289	211.4272	1.683364	0.6497561	1.775409
60384	-1014.933	-1226.293	211.3596	1.767103	0.567356	1.846229
60390	-1006.635	-1218.216	211.5803	1.830129	0.5573417	1.65833
60396	-1007.327	-1218.555	211.2283	1.901068	0.5744136	1.837136
60402	-1022.568	-1233.698	211.1303	2.671624	1.197432	0.4929483
60408	-999.9021	-1210.789	210.887	2.671624	1.489874	0.4356267
60414	-1000.371	-1210.225	209.8537	1.56323	0.7367099	2.791464
60420	-1020.12	-1230.692	210.5717	2.880075	1.572023	0.3501008
60426	-1020.38	-1230.929	210.5493	2.959583	1.491262	0.3486865
60432	-1001.796	-1212.412	210.6167	1.820113	0.7527676	2.138253
60438	-1015.297	-1226.196	210.8995	1.951736	0.6074797	1.992497
60444	-1015.52	-1226.632	211.1123	2.92755	0.9027864	0.3614265
60450	-1012.792	-1224.279	211.4872	1.925865	0.6610796	1.547894
60456	-1014.596	-1226.393	211.7972	1.679562	0.6844456	1.476929
60462	-1013.092	-1224.039	210.9471	2.809158	1.196414	0.3624021
60468	-1023.992	-1235.139	211.1467	2.826513	0.9730051	0.3710546
60474	-1012.992	-1223.284	210.2918	1.797562	0.9009361	2.25257
60480	-1021.366	-1232.508	211.1418	2.828341	0.9952472	0.4045231
60486	-1011.577	-1222.441	210.8643	2.770963	1.373614	0.4045231
60492	-1016.643	-1227.779	211.1369	2.682394	1.177283	0.515885
60498	-1014.102	-1225.347	211.245	2.692737	1.049127	0.5124387
60504	-1020.497	-1231.745	211.2481	2.423778	1.273387	0.7033583
60510	-1015.034	-1226.984	211.95	2.259799	0.7406709	0.7033583
60516	-1014.32	-1225.898	211.5774	2.431085	0.932433	0.6697109
60522	-1021.198	-1232.793	211.5949	2.314509	1.030031	0.6697109
60504	-1155.481	-1366.655	211.1741	2.102771	0.5356554	1.776321
60510	-1073.011	-1284.152	211.141	2.526309	1.307961	0.6582255
60516	-1058.362	-1269.559	211.1975	2.526309	1.289544	0.5079977
60522	-1057.083	-1268.219	211.1363	2.625837	1.243715	0.5079977
60528	-1053.834	-1265.097	211.2629	2.695184	1.02152	0.443793
60534	-1045.588	-1257.581	211.9931	2.063023	0.5504066	1.163724
60540	-1041.792	-1253.248	211.4557	2.063023	0.8623248	1.274255
60546	-1042.479	-1254.07	211.5904	2.013187	0.8623248	1.203008
60552	-1035.658	-1247.278	211.6193	2.039153	0.9647027	1.055263
60558	-1041.297	-1252.861	211.5637	1.959356	0.9647027	1.178
60564	-1033.553	-1244.937	211.3841	2.049357	1.054896	1.178
60570	-1019.928	-1230.536	210.608	1.661415	0.4114024	2.572164
60576	-1020.605	-1231.313	210.7077	1.588493	0.397398	2.572164
60582	-1016.406	-1227.945	211.539	1.744983	0.7732961	1.537057
60588	-1024.302	-1235.771	211.4694	1.88281	0.7184314	1.537057
60594	-1021.65	-1233.342	211.6915	1.904156	0.765957	1.303139
60600	-1029.393	-1241.03	211.6373	1.885411	0.765957	1.361562
60606	-1781.675	-1991.764	210.0895	1.677799	1.205085	2.270678
60702	-5068.659	-5165.472	96.8131	2.232626	5126954	37.48487
60708	-6781.848	-6863.582	81.73349	1.582664	3.469141e+08	33.9432
60804	-10786.31	-10783.08	-3.232245	2.178307	7.93028e+13	30.04878
60906	-10249.98	-9794.697	-455.2813	3.230274	1.315515e+14	254.3214
61002	-30557.58	-10782.84	-19774.74	1.816166	9.99574e+15	9895.654
61008	-31765.9	-12107.48	-19658.42	1.501153	8.954596e+16	9826.153
61104	-203483.1	-13047.65	-190435.4	0.8835983	1.67418e+18	95199.81
