Iteration	Posterior	Likelihood	Prior	rate_log_sd	rate_neo	tree_length
0	-1013.154	-1223.451	210.2973	1.481119	0.6028337	2.680575
6	-1019.844	-1230.216	210.3714	1.8157	0.3543731	2.692903
12	-1010.137	-1220.99	210.8533	1.735407	0.7046554	2.07857
18	-1014.102	-1225.558	211.4557	2.010999	0.6143428	1.556284
24	-1022.372	-1232.998	210.6254	1.836762	0.9830681	1.951428
30	-1007.522	-1218.152	210.63	1.858754	0.8049493	2.062938
36	-1012.689	-1224.384	211.6955	1.923906	0.7738174	1.276005
42	-1008.244	-1220.253	212.009	2.244244	0.5686005	0.9496337
48	-1024.664	-1236.657	211.9939	2.010516	0.5686005	1.184603
54	-1016.337	-1228.306	211.9687	2.02939	0.5727619	1.184603
60	-1023.455	-1234.491	211.0353	1.666441	0.537181	2.160655
66	-1011.047	-1222.016	210.9686	1.898699	0.5398254	2.049298
72	-1010.937	-1221.065	210.1283	1.57722	0.7882593	2.575415
78	-1014.238	-1224.575	210.3363	1.607429	0.6868436	2.50627
84	-1007.687	-1219.751	212.0638	2.160967	0.5961869	0.9363334
90	-1022.748	-1234.514	211.7655	2.003552	0.5040467	1.456352
96	-1025.802	-1237.867	212.0644	2.016444	0.4690042	1.255986
102	-1026.076	-1237.719	211.6436	1.979657	0.8334209	1.214172
108	-1030.389	-1242.059	211.6697	1.940637	0.8334209	1.225058
114	-1009.499	-1221.223	211.724	2.063115	0.9502235	0.9412783
120	-1014.766	-1225.904	211.1375	1.715951	0.8524852	1.779331
126	-1028.175	-1239.518	211.3429	1.683339	0.459048	2.032708
132	-1021.466	-1233.285	211.8196	1.866424	0.4397404	1.600449
138	-1017.081	-1228.293	211.2111	1.705795	0.6883452	1.873097
144	-1015.37	-1226.827	211.457	1.832379	0.5776242	1.722525
150	-1017.23	-1228.055	210.8246	1.881277	0.5284057	2.166985
156	-1005.269	-1216.875	211.6064	1.789216	0.3603655	1.910939
162	-1015.53	-1227.211	211.6814	2.144436	0.4831314	1.439647
168	-1025.636	-1236.831	211.195	2.006456	0.8684081	1.516508
174	-1013.648	-1224.327	210.6787	2.08031	0.8252118	1.865839
180	-1012.556	-1223.266	210.7097	1.808262	0.483547	2.335076
186	-1005.838	-1216.643	210.8052	1.787469	0.4954867	2.274578
192	-1005.099	-1215.671	210.5717	1.751254	0.677163	2.274578
198	-1034.932	-1245.819	210.8869	1.737462	0.5730637	2.175094
204	-1032.896	-1243.461	210.5655	1.772279	0.3103304	2.65935
210	-1001.42	-1212.115	210.6947	1.677894	0.6808717	2.239501
216	-1009.444	-1220.714	211.2702	1.583468	0.4667275	2.137396
222	-998.8574	-1207.46	208.6022	1.352036	0.4703681	3.882386
228	-1010.087	-1220.462	210.3753	1.554992	0.3519964	2.852642
234	-1003.302	-1213.616	210.3141	1.616141	0.3519964	2.852642
240	-1019.486	-1228.385	208.8983	1.345764	0.770638	3.465112
246	-1024.975	-1235.583	210.6077	1.499157	0.7337571	2.365603
252	-1027.39	-1238.154	210.7637	1.661681	0.6230249	2.256545
258	-1014.041	-1224.991	210.9504	1.597604	0.5301502	2.267077
264	-1007.853	-1218.893	211.0396	1.694307	0.6111027	2.066891
270	-1017.419	-1228.432	211.0133	2.066536	0.4703146	1.983996
276	-1021.173	-1231.855	210.6823	1.7153	0.2824438	2.662857
282	-1004.735	-1215.437	210.7019	1.652569	0.2532477	2.734201
288	-1020.46	-1231.231	210.7714	1.631392	0.3701237	2.539536
294	-1005.415	-1216.735	211.3202	1.705653	0.4299925	2.06739
300	-1001.152	-1211.847	210.6947	1.812115	0.6637408	2.16755
306	-1003.819	-1214.899	211.0798	1.809303	0.4187209	2.170585
312	-1007.595	-1218.751	211.1568	1.903266	0.2428483	2.310985
318	-998.3375	-1208.898	210.5609	1.70391	0.6780794	2.310985
324	-1002.741	-1213.813	211.0715	1.755121	0.4909046	2.128163
330	-1008.368	-1219.597	211.2288	1.848193	0.6231316	1.824332
336	-1008.054	-1219.143	211.0884	2.130694	0.5788463	1.770479
342	-1007.358	-1218.78	211.4216	1.75877	0.4785773	1.906743
348	-1001.04	-1212.785	211.7451	2.17179	0.4390145	1.428998
354	-1017.002	-1229.275	212.2731	2.121878	0.3293709	1.219804
360	-1002.496	-1214.464	211.9675	2.122082	0.4205507	1.319912
366	-1015.308	-1227.086	211.7781	2.106091	0.5411282	1.319912
372	-1013.322	-1225.104	211.7818	2.089598	0.5411282	1.330124
378	-1003.368	-1215.348	211.9798	2.02037	0.5202703	1.252027
384	-1014.794	-1226.82	212.0255	2.285202	0.4879432	1.021662
390	-1023.806	-1235.411	211.6051	2.166915	0.7141189	1.210537
396	-1022.623	-1234.24	211.6167	2.072335	0.4351844	1.60427
402	-1023.99	-1234.588	210.5977	1.961797	0.7288034	2.077492
408	-1022.314	-1233.711	211.3977	2.016882	0.5070012	1.712066
414	-1035.424	-1246.534	211.1105	2.2463	0.5431304	1.712066
420	-1027.764	-1239.454	211.6901	1.953474	0.3098213	1.816475
426	-1040.132	-1251.742	211.6104	2.108473	0.2539969	1.857829
432	-1032.197	-1243.499	211.3022	1.969127	0.4830426	1.839521
438	-1015.474	-1225.794	210.3207	1.846621	0.4951029	2.543402
444	-1005.571	-1216.658	211.0872	1.674676	0.5231169	2.136003
450	-1014.997	-1225.513	210.5163	1.475412	0.5231169	2.623945
456	-1015.377	-1225.952	210.5743	1.70636	0.399511	2.579269
462	-1037.633	-1248.758	211.1256	1.660148	0.7572084	1.902692
468	-1037.749	-1249.582	211.8327	2.025697	0.7495595	1.094724
474	-1031.436	-1242.825	211.3894	1.830596	0.5574622	1.79229
480	-1044.259	-1254.338	210.0785	1.62898	0.634858	2.696179
486	-1035.448	-1246.604	211.1555	1.69316	0.7726058	1.847043
492	-1026.828	-1237.944	211.1152	1.70848	0.4735055	2.149316
498	-1011.692	-1223.087	211.3948	1.677941	0.808015	1.660751
504	-1015.189	-1225.708	210.5191	1.734743	1.216762	1.94492
510	-1027.268	-1237.391	210.1234	1.566418	0.6736613	2.674436
516	-1031.81	-1241.472	209.6614	1.344165	0.6528225	3.10536
522	-1017.5	-1228.549	211.0491	1.797144	0.5394686	2.063632
528	-1014.251	-1226.221	211.9703	2.030006	0.6440111	1.091064
534	-1022.473	-1233.45	210.9776	1.870959	0.4604142	2.147924
540	-1032.071	-1242.975	210.9044	1.857501	0.4929426	2.168134
546	-1016.429	-1227.916	211.4869	2.05235	0.4523907	1.689612
552	-1027.85	-1239.364	211.5137	1.974373	0.3895876	1.807468
558	-1025.321	-1236.835	211.514	2.083492	0.4335021	1.672347
564	-1019.194	-1230.924	211.7306	2.145336	0.4907196	1.391081
570	-1017.75	-1229.115	211.3658	2.027139	0.6617309	1.562035
576	-1014.795	-1226.578	211.7831	2.165314	0.4935811	1.329975
582	-1006.274	-1217.845	211.5713	2.298064	0.4970746	1.387896
588	-1018.281	-1230.295	212.0141	2.086426	0.4970746	1.199304
594	-1021.937	-1233.633	211.6954	2.162399	0.6089161	1.258428
600	-1012.86	-1224.471	211.6109	2.085782	0.6089161	1.387946
606	-1011.267	-1222.995	211.7289	2.082274	0.5004721	1.428691
612	-1009.049	-1220.321	211.2721	1.956554	0.7787869	1.573004
618	-1017.419	-1229.185	211.7663	2.088638	0.6522784	1.209656
624	-1032.792	-1244.25	211.4584	1.838236	0.5157111	1.784727
630	-1024.65	-1235.483	210.8335	1.703509	0.7631967	2.064124
636	-1023.657	-1234.636	210.9786	1.804028	0.3913994	2.272947
642	-1023.96	-1235.809	211.8496	2.255412	0.3743036	1.378855
648	-1034.526	-1246.47	211.9436	2.257653	0.4257474	1.219848
654	-1026.643	-1237.903	211.2598	1.823572	0.8549707	1.614284
660	-1049.142	-1260.956	211.8145	2.122463	0.2434179	1.72578
666	-1042.37	-1254.273	211.9032	2.061945	0.3250316	1.563661
672	-1035.948	-1247.087	211.1385	2.292283	1.484177	0.8147103
678	-1040.189	-1251.387	211.1981	2.073666	0.969315	1.380633
684	-1033.02	-1244.688	211.6685	1.829773	0.8111328	1.338152
690	-1033.194	-1245.478	212.2835	2.165938	0.4974793	0.8557379
696	-1030.368	-1242.069	211.7014	2.213393	0.9466356	0.7946413
702	-1038.269	-1249.943	211.6741	2.240268	0.9158395	0.8370869
708	-1029.281	-1240.837	211.5556	2.30608	0.9718232	0.8299078
714	-1035.149	-1246.754	211.6058	2.274359	1.05002	0.6883439
720	-1041.862	-1252.56	210.6978	1.800784	0.5456541	2.283169
726	-1037.724	-1248.959	211.2347	1.856863	0.6095242	1.827675
732	-1046.478	-1257.89	211.4122	1.975323	0.3790546	1.890648
738	-1024.655	-1236.072	211.4164	2.143111	0.3317838	1.840539
744	-1051.999	-1263.465	211.4659	1.95627	0.3696911	1.879913
750	-1042.073	-1253.791	211.7188	1.893616	0.5122734	1.563475
756	-1044.331	-1255.664	211.3331	1.937701	0.9449631	1.401053
762	-1033.597	-1245.437	211.8406	1.824927	0.6945227	1.319539
768	-1037.562	-1248.932	211.3696	2.21643	1.166272	0.9344326
774	-1026.959	-1238.285	211.3255	2.205147	0.7598403	1.361213
780	-1020.044	-1230.978	210.934	2.073318	0.7598403	1.747891
786	-1003.252	-1213.883	210.6311	1.918723	0.7779501	2.04382
792	-1008.128	-1218.954	210.8262	1.961323	0.7016101	1.948946
798	-1000.338	-1211.302	210.9645	1.881776	0.7016101	1.909299
804	-1012.015	-1223.313	211.298	1.916793	0.8667585	1.507905
810	-1030.262	-1241.21	210.9479	1.7479	0.8517935	1.888253
816	-1029.426	-1240.994	211.5677	1.878486	0.4322104	1.780549
822	-1025.247	-1236.831	211.5838	1.88881	0.4322104	1.76213
828	-1013.409	-1224.522	211.1129	1.994007	0.6664817	1.76213
834	-1029.529	-1240.957	211.4277	1.968626	0.6664817	1.554835
840	-1021.291	-1232.464	211.1726	2.770777	1.041307	0.4675629
846	-1008.852	-1219.733	210.8804	2.94542	1.141192	0.3940781
852	-1011.806	-1223.058	211.2523	2.721082	1.012658	0.4871933
858	-1003.216	-1214.58	211.364	2.741202	0.8755164	0.4270226
864	-1007.814	-1219.011	211.1969	2.741202	1.041064	0.4403757
870	-1002.446	-1213.666	211.2196	2.741202	1.025381	0.4876317
876	-1002.014	-1213.058	211.0437	2.741202	1.216004	0.4773823
882	-1008.724	-1219.902	211.1785	2.892093	0.8923329	0.3907377
888	-1020.609	-1231.262	210.6526	3.186036	1.000709	0.2755677
894	-1023.789	-1235.437	211.6483	2.196679	0.8686582	0.9724188
900	-1030.269	-1241.512	211.243	2.064917	1.001809	1.32589
906	-1033.316	-1245.033	211.7174	2.29887	0.7832477	0.8939162
912	-1024.301	-1235.943	211.6419	2.015482	0.802377	1.215772
918	-1018.074	-1229.811	211.7364	2.009915	0.8024828	1.13834
924	-1024.913	-1235.887	210.9735	2.898678	1.117763	0.4751389
930	-1017.091	-1227.953	210.8623	2.980477	1.117763	0.3862311
936	-1016.659	-1227.206	210.5475	2.980477	1.485977	0.3678963
942	-1014.203	-1225.336	211.133	2.797928	0.9878062	0.3378886
948	-1002.005	-1213.302	211.2968	2.797928	0.8783975	0.4084259
954	-1012.703	-1224.311	211.6076	2.214154	1.071171	0.7509554
960	-1014.097	-1225.669	211.5721	2.224519	1.090331	0.7614551
966	-1013.728	-1225.396	211.6682	2.224519	0.9398152	0.8325177
972	-1009.1	-1220.658	211.5575	2.224519	1.049964	0.8325177
978	-1020.245	-1231.696	211.4511	2.442553	1.049964	0.6624658
984	-1014.556	-1226.267	211.7105	2.557719	0.7447847	0.4701483
990	-1021.806	-1233.431	211.6247	2.482496	0.8712162	0.4193052
996	-1014.439	-1226.146	211.7074	2.493288	0.7999007	0.5375369
1002	-1018.092	-1230.011	211.9197	2.363674	0.7233595	0.5872372
1008	-1025.341	-1236.812	211.4712	2.347663	1.031248	0.8086065
1014	-1035.228	-1246.996	211.7678	2.121295	0.9580931	0.8128429
1020	-1031.086	-1242.469	211.3833	2.438703	1.131021	0.653514
1026	-1007.474	-1218.518	211.0444	2.555046	1.445897	0.5241952
1032	-993.2751	-1204.545	211.2696	2.374509	1.316452	0.6897699
1038	-1001.073	-1212.462	211.3892	2.374509	1.134954	0.7491241
1044	-1015.679	-1227.169	211.49	2.230737	1.132343	0.8123097
1050	-1007.737	-1219.274	211.5368	2.352173	1.059433	0.6532842
1056	-1008.549	-1219.985	211.4358	2.527379	1.022235	0.5236778
1062	-1021.739	-1233.026	211.287	2.583402	1.106411	0.4222088
1068	-1021.776	-1233.009	211.2331	2.84721	0.896713	0.4222088
1074	-1009.459	-1220.691	211.2313	2.849024	0.896713	0.4222088
1080	-1008.075	-1219.776	211.7005	2.310137	0.9422958	0.6435319
1086	-1008.396	-1220.246	211.8506	2.310137	0.8115507	0.6300212
1092	-1020.171	-1231.752	211.5803	2.606643	0.8115507	0.4643609
1098	-1024.105	-1235.691	211.5855	2.597154	0.8115507	0.4432898
1104	-1026.244	-1237.572	211.3276	2.724653	0.9351892	0.5157545
1110	-1024.865	-1236.308	211.4435	2.552584	0.9699768	0.6084067
1116	-1022.942	-1234.534	211.5912	2.43824	0.8663807	0.7546821
1122	-1019.371	-1230.637	211.2667	2.12338	0.5519932	1.678739
1128	-1023.778	-1235.469	211.6911	2.259279	0.8436683	0.888754
1134	-1014.349	-1226.162	211.8123	2.117275	0.4978178	1.33942
1140	-1021.107	-1232.704	211.597	2.117275	0.6098237	1.373125
1146	-1007.301	-1218.623	211.3213	1.93605	0.8713587	1.472002
1152	-1013.557	-1225.312	211.7544	1.951729	0.8012444	1.175015
1158	-1015.631	-1227.219	211.5874	2.103896	0.9727407	1.015602
1164	-1019.37	-1230.408	211.0373	1.930501	0.7539504	1.780468
1170	-1015.453	-1227.204	211.7504	2.250878	0.8587656	0.8057641
1176	-1039.297	-1251.439	212.1424	2.313658	0.5898801	0.6157183
1182	-1018.222	-1229.712	211.4903	2.256851	1.1457	0.7592567
1188	-995.7819	-1207.349	211.567	2.374213	0.9417436	0.7649104
1194	-995.534	-1206.847	211.3126	2.434037	1.201408	0.6789609
1200	-994.5399	-1205.916	211.3761	2.400374	1.180146	0.6565603
1206	-1005.843	-1217.574	211.7311	2.312424	0.909711	0.6471522
1212	-1023.935	-1235.861	211.9258	2.337825	0.6564798	0.7884343
1218	-1013.03	-1224.339	211.3091	2.316264	1.298733	0.7446145
1224	-1007.442	-1219.228	211.7866	2.277492	0.8498322	0.7300893
1230	-1010.142	-1221.591	211.449	2.277704	1.147021	0.7865561
1236	-1009.143	-1220.863	211.72	2.135658	0.9566351	0.8564102
1242	-1008.026	-1219.837	211.8107	2.061105	0.7961508	1.028741
1248	-1015.565	-1226.499	210.9332	1.694418	1.014527	1.817371
1254	-1029.663	-1240.526	210.8624	1.705966	1.075818	1.817371
1260	-1033.919	-1244.992	211.073	1.678575	0.8948879	1.817371
1266	-1019.332	-1230.542	211.2096	1.639294	0.6426557	1.960819
1272	-1001.703	-1211.693	209.9896	1.591379	0.7682316	2.667216
1278	-1003.363	-1213.304	209.941	1.621978	1.370507	2.313902
1284	-1014.989	-1225.932	210.9436	1.505089	0.5468155	2.313902
1290	-1048.66	-1259.111	210.4502	1.841734	1.370964	1.832632
1296	-1026.832	-1237.181	210.3491	1.808397	0.7781549	2.298617
1302	-1026.853	-1237.756	210.9027	1.800843	0.3444356	2.38436
1308	-1015.816	-1227.276	211.4604	2.014136	0.3354491	1.893165
1314	-1031.734	-1243.233	211.4984	2.160711	0.289465	1.838457
1320	-1014.595	-1226.563	211.9672	2.132765	0.7647377	0.820335
1326	-1015.577	-1226.92	211.3428	2.187635	1.262426	0.904345
1332	-1016.464	-1227.697	211.2327	2.297115	1.229823	0.9352641
1338	-1006.521	-1218.157	211.6355	2.219775	0.8820764	0.9461713
1344	-1017.875	-1229.593	211.7171	2.25303	0.8820764	0.8126843
1350	-1016.861	-1228.446	211.5844	2.25303	1.039321	0.7727104
1356	-1017.289	-1228.682	211.3925	2.315493	1.09777	0.8674539
1362	-1017.021	-1228.736	211.7148	2.18037	0.8541572	0.936727
1368	-1019.231	-1230.818	211.5867	2.242691	0.9986892	0.8362503
1374	-1010.72	-1222.889	212.1687	2.228997	0.5778373	0.7572956
1380	-1020.089	-1231.774	211.6857	2.275662	0.9276949	0.7570443
1386	-1016.512	-1228.345	211.8327	2.411153	0.7607944	0.559181
1392	-993.7477	-1205.458	211.7106	2.508411	0.7866823	0.5042859
1398	-1013.617	-1224.908	211.2916	2.654226	1.04104	0.5042859
1404	-1024.673	-1236.132	211.4591	2.124131	0.4056435	1.719354
1410	-1030.123	-1241.191	211.0681	2.124131	0.2444681	2.223431
1416	-1024.317	-1235.076	210.7593	1.779856	0.4827087	2.322476
1422	-1015.566	-1226.791	211.2254	2.537595	1.226112	0.5892496
1428	-1013.968	-1225.223	211.255	2.421336	1.323867	0.6055904
1434	-1024.847	-1236.548	211.7016	2.421336	0.8526835	0.6055904
1440	-1016.833	-1228.574	211.7418	2.386928	0.8526835	0.5874803
1446	-1019.14	-1230.454	211.3138	2.385215	1.266799	0.6630275
1452	-1030.018	-1241.41	211.3916	2.561251	1.027362	0.5585253
1458	-1016.599	-1227.939	211.3406	2.595393	1.047433	0.5443235
1464	-1015.299	-1226.616	211.3168	2.622536	1.045907	0.4707157
1470	-1007.116	-1218.445	211.3287	2.611371	1.045907	0.4767864
1476	-995.8076	-1207.419	211.611	2.695548	0.6956954	0.3942099
1482	-1007.117	-1218.22	211.1024	2.799844	1.085949	0.4807397
1488	-1014.768	-1226.064	211.2968	2.799844	0.8608755	0.376623
1494	-1018.461	-1229.683	211.2227	2.799844	0.9291433	0.376623
1500	-1013.627	-1224.863	211.2353	2.799844	0.8942276	0.34466
1506	-1005.231	-1216.523	211.2923	2.787981	0.8382166	0.3270101
1512	-1005.371	-1216.593	211.2213	2.858991	0.8382166	0.3270101
1518	-1026.309	-1237.528	211.2197	2.858991	0.8382166	0.3255602
1524	-1027.426	-1238.59	211.1641	1.907531	0.3512809	2.138658
1530	-1016.996	-1227.981	210.9851	1.916202	0.4493471	2.126253
1536	-1037.824	-1249.458	211.6334	1.941477	0.4493471	1.668129
1542	-1029.947	-1241.252	211.3051	2.658666	1.01339	0.435081
1548	-1025.157	-1236.047	210.8894	2.658666	1.508105	0.4459019
1554	-1012.159	-1223.23	211.071	1.698141	0.9212242	1.785672
1560	-1012.199	-1223.511	211.3125	1.849949	0.5966323	1.791628
1566	-1029.429	-1241.06	211.6315	2.140237	0.5757265	1.36726
1572	-1019.387	-1230.362	210.9751	2.109943	0.8605391	1.608585
1578	-1000.505	-1211.448	210.9432	1.902063	0.7345419	1.881408
1584	-1012.65	-1222.789	210.1393	1.777137	0.6329043	2.568869
1590	-1040.354	-1251.259	210.9049	1.953127	0.5809947	2.013789
1596	-1044.704	-1255.992	211.2878	1.95604	0.3775146	1.989498
1602	-1041.646	-1253.137	211.491	2.079532	0.606727	1.487094
1608	-1023.093	-1234.892	211.7986	2.137884	0.6499122	1.141508
1614	-1022.317	-1233.646	211.3291	2.214674	0.6499122	1.461415
1620	-1008.103	-1220.06	211.9571	2.354897	0.5506562	0.9158566
1626	-1026.202	-1237.986	211.7831	2.379249	0.5297187	1.097547
1632	-1029.241	-1240.751	211.5104	2.095968	0.5030173	1.578972
1638	-1028.594	-1239.942	211.3475	2.309424	0.6233183	1.402922
1644	-1028.74	-1239.8	211.0603	2.392586	1.430524	0.8376601
1650	-1035.202	-1246.813	211.6109	2.334183	0.8557131	0.8791891
1656	-1012.634	-1223.532	210.8982	2.327003	1.738993	0.8501863
1662	-1016.529	-1227.101	210.5716	2.185316	1.828047	1.247472
1668	-1012.164	-1224.179	212.0142	1.938553	0.5538825	1.247472
1674	-1018.779	-1230.981	212.2022	1.966408	0.3284543	1.404454
1680	-1026.562	-1238.169	211.6074	2.17499	0.4198723	1.556613
1686	-1020.634	-1232.069	211.4349	2.122743	0.4198723	1.718471
1692	-1011.742	-1219.565	207.8231	1.303359	0.4799725	4.344286
1698	-1015.332	-1224.314	208.9828	1.558952	0.728806	3.320896
1704	-1014.53	-1224.141	209.6107	1.435198	0.4017392	3.320896
1710	-1021.905	-1233.565	211.6596	2.006321	0.4633842	1.584509
1716	-1036.394	-1247.3	210.9057	1.70038	0.4563801	2.308811
1722	-1027.285	-1238.322	211.0371	1.951598	0.2870787	2.285289
1728	-1027.235	-1237.574	210.3391	1.777028	0.3733323	2.712557
1734	-1020.826	-1231.305	210.4795	1.636707	0.3733323	2.712557
1740	-1016.361	-1226.485	210.1241	1.488193	0.6016725	2.783303
1746	-1031.614	-1243.333	211.719	1.697461	0.420634	1.815909
1752	-1016.361	-1227.092	210.731	1.731741	0.6369305	2.219939
1758	-1002.303	-1213.906	211.6029	1.83033	0.5962837	1.59985
1764	-1006.35	-1217.588	211.2375	1.913085	0.6908747	1.708596
1770	-1007.2	-1219.463	212.263	1.792634	0.4128456	1.35856
1776	-1008.76	-1219.427	210.667	1.678533	0.5495978	2.376698
1782	-1026.485	-1237.752	211.2678	1.620709	0.5459847	2.028904
1788	-1025.931	-1236.355	210.4242	1.803384	0.6982241	2.317761
1794	-1027.729	-1238.718	210.9887	1.655169	0.4276029	2.317761
1800	-1005.464	-1216.858	211.3939	1.834533	0.4232663	1.940696
1806	-1020.432	-1231.85	211.4179	1.674806	0.4231019	2.031593
1812	-1037.354	-1249.242	211.8878	2.098125	0.7569389	0.961571
1818	-1036.059	-1246.654	210.5957	1.920217	0.8809033	1.987652
1824	-1033.193	-1244.891	211.698	1.752359	0.5215376	1.669967
1830	-1004.313	-1215.785	211.4717	1.813329	0.5849523	1.717907
1836	-1037.909	-1249.129	211.2196	1.620049	0.9017364	1.751058
1842	-1039.029	-1250.121	211.0916	1.609578	0.8514494	1.884882
1848	-1040.353	-1251.271	210.9181	1.73689	0.8201034	1.940395
1854	-1031.434	-1242.278	210.8434	1.766388	0.5752741	2.182411
1860	-1034.944	-1246.578	211.6334	1.738518	0.47744	1.776583
1866	-1046.409	-1257.9	211.4901	1.871933	0.6660343	1.580411
1872	-1024.442	-1235.189	210.747	1.714878	0.5701798	2.282591
1878	-1024.187	-1235.886	211.6992	1.799938	0.7654803	1.380555
1884	-1024.335	-1235.408	211.073	1.991554	1.117625	1.429862
1890	-1014.346	-1225.494	211.1479	1.938052	1.037668	1.47125
1896	-1003.669	-1215.065	211.3953	2.057856	1.202274	1.037197
1902	-1020.85	-1232.114	211.2639	1.937411	0.8283129	1.550248
1908	-1016.558	-1227.849	211.2905	1.818989	0.7716289	1.665432
1914	-1021.61	-1232.457	210.8471	2.289065	1.365824	1.201423
1920	-1032.703	-1243.805	211.1028	1.959542	1.449762	1.209207
1926	-1026.471	-1238.156	211.6846	2.060661	0.8212051	1.119648
1932	-1020.557	-1232.684	212.1269	2.10231	0.6535852	0.8382417
1938	-1022.073	-1234.204	212.1308	2.182277	0.5811738	0.8616964
1944	-1039.75	-1251.481	211.7311	1.725499	0.5409749	1.643411
1950	-1019.76	-1231.614	211.854	2.11763	0.7006484	1.046652
1956	-1014.196	-1226.488	212.2922	2.12073	0.5983378	0.6827257
1962	-1019.428	-1230.838	211.4097	2.162132	1.138778	0.9752289
1968	-1023.012	-1234.108	211.0959	2.010861	1.333594	1.24797
1974	-1017.787	-1229.045	211.2579	2.060987	1.070894	1.262125
1980	-1016.1	-1226.944	210.8437	2.015544	1.629904	1.270748
1986	-1027.568	-1238.639	211.0706	2.133554	1.439267	1.090683
1992	-1030.537	-1241.591	211.0547	2.223311	1.432372	1.025678
1998	-1025.088	-1235.939	210.8505	2.386354	1.432372	1.06511
2004	-1028.459	-1240.126	211.6672	2.343213	0.8679201	0.7796635
2010	-1013.362	-1225.099	211.7362	2.344799	0.7329015	0.8906371
2016	-1021.709	-1233.604	211.8955	2.321367	0.6305979	0.8906371
2022	-1019.922	-1231.526	211.6041	2.17328	1.045518	0.8436522
2028	-1012.957	-1225.026	212.0691	2.291169	0.5617448	0.8400079
2034	-1012.544	-1224.119	211.5745	2.24304	0.9950676	0.8552607
2040	-1025.708	-1237.154	211.4457	2.019246	0.9067906	1.278352
2046	-1021.35	-1232.794	211.4436	2.054387	0.9067906	1.251002
2052	-1030.523	-1241.371	210.8482	2.42894	1.593624	0.904301
2058	-1032.993	-1244.309	211.3161	2.046206	1.034589	1.255123
2064	-1015.664	-1227.387	211.7227	2.419015	0.7603933	0.7712873
2070	-1008.065	-1219.415	211.3497	2.463097	1.108118	0.710242
2076	-1020.546	-1231.93	211.3843	2.437418	1.098552	0.710242
2082	-1020.23	-1231.644	211.4147	2.407056	1.098552	0.710242
2088	-1009.764	-1221.706	211.9421	2.411524	0.6351103	0.6953846
2094	-1013.094	-1225.025	211.931	2.475106	0.5982567	0.6953846
2100	-1015.046	-1226.526	211.4806	2.292311	1.055225	0.8376618
2106	-1001.826	-1213.511	211.6857	2.364634	0.8515167	0.7483483
2112	-1005.66	-1217.349	211.6891	2.412285	0.7840708	0.7875092
2118	-996.1957	-1207.925	211.7297	2.268541	0.8737189	0.7875092
2124	-1012.518	-1224.494	211.9757	2.1618	0.6452371	0.9550438
2130	-1015.706	-1227.749	212.043	1.858892	0.393653	1.50497
2136	-1008.455	-1220.715	212.26	1.891706	0.46822	1.197371
2142	-1002.941	-1214.715	211.7734	1.860759	0.4511282	1.623265
2148	-1013.097	-1224.902	211.805	2.00244	0.7832736	1.103745
2154	-999.5483	-1211.316	211.7677	1.84065	0.9189833	1.145102
2160	-1024.584	-1236.504	211.9203	1.776657	0.4388761	1.593632
2166	-1039.933	-1251.033	211.0994	1.732829	0.6266968	1.98688
2172	-1021.95	-1232.866	210.9162	1.937544	1.252635	1.499716
2178	-1028.405	-1240.12	211.7153	1.898712	0.5731559	1.491603
2184	-1025.593	-1237.175	211.5817	1.835849	0.632462	1.573578
2190	-1038.197	-1249.547	211.3504	1.727738	0.3875737	2.08606
2196	-1026.85	-1236.937	210.0862	1.541439	0.6918429	2.697828
2202	-1022.893	-1233.626	210.7333	1.740194	0.6572943	2.194846
2208	-1006.511	-1217.25	210.7394	1.722521	0.5943098	2.259636
2214	-1007.923	-1218.707	210.7842	1.79845	0.4649035	2.314242
2220	-1016.522	-1226.72	210.1979	1.743728	0.5755264	2.604762
2226	-1014.091	-1224.423	210.3321	1.710863	0.5100419	2.605351
2232	-1012.182	-1223.295	211.1126	1.819983	0.3826511	2.187459
2238	-1021.74	-1232.987	211.2467	1.876999	0.4376882	1.993216
2244	-1025.855	-1236.1	210.2454	1.601878	0.5327885	2.703398
2250	-1018.125	-1228.891	210.7661	1.898333	0.6293214	2.095579
2256	-1028.319	-1239.286	210.9671	1.792655	0.4523162	2.214796
2262	-1016.458	-1227.701	211.2426	1.718416	0.5570778	1.96916
2268	-1022.597	-1233.583	210.9857	1.75853	0.5985324	2.072052
2274	-1030.148	-1240.322	210.1735	1.349478	0.6206813	2.821038
2280	-1015.701	-1227.104	211.4035	1.633776	0.3659689	2.141209
2286	-1000.71	-1212.376	211.6657	1.799438	0.4995451	1.684924
2292	-1006.911	-1218.339	211.4278	1.806956	0.3233732	2.07123
2298	-1021.248	-1232.547	211.2993	1.707059	0.5621521	1.933478
2304	-1019.257	-1231.049	211.7925	1.941658	0.4861184	1.505247
2310	-1020.721	-1232.755	212.0342	1.862235	0.3488414	1.576264
2316	-1013.129	-1225.26	212.1317	2.005613	0.3205905	1.442017
2322	-1020.099	-1232.039	211.9392	2.195466	0.3102189	1.46182
2328	-1025.349	-1237.312	211.9626	2.171256	0.3105877	1.46182
2334	-1020.305	-1232.41	212.1052	2.125397	0.3996616	1.236575
2340	-1013.383	-1224.75	211.3671	2.240205	0.6749049	1.386341
2346	-1017.13	-1228.77	211.6399	2.129154	0.6647219	1.267454
2352	-1006.895	-1217.857	210.9619	2.012978	0.7685684	1.763096
2358	-1012.004	-1223.718	211.714	2.08658	0.4489517	1.503751
2364	-1014.493	-1225.569	211.0759	2.315218	0.8981672	1.345506
2370	-1029.867	-1241.488	211.6212	2.128828	0.5646225	1.397404
2376	-1037.1	-1249.291	212.1914	2.101063	0.6558585	0.748308
2382	-1030.827	-1242.124	211.2961	2.147633	0.8952793	1.305844
2388	-1020.286	-1231.937	211.6502	2.147416	0.8952793	0.9908551
2394	-998.5227	-1210.283	211.7604	2.018789	0.6911601	1.229669
2400	-997.311	-1208.723	211.4116	2.087057	0.6827642	1.462006
2406	-1007.311	-1218.638	211.3262	2.094198	0.6809398	1.522656
2412	-999.0941	-1210.293	211.1993	1.972082	0.7550128	1.635586
2418	-997.6864	-1208.92	211.2338	1.983824	0.5545538	1.797066
2424	-1016.028	-1227.161	211.1334	1.943109	0.6936948	1.758112
2430	-1011.505	-1222.986	211.4809	2.263418	1.108857	0.8096238
2436	-1001.295	-1212.927	211.632	2.188936	0.9104367	0.9499092
2442	-1029.255	-1240.803	211.5481	2.188936	0.9104367	1.034518
2448	-1018.563	-1229.602	211.0389	2.24112	1.613504	0.885322
2454	-1014.794	-1225.542	210.748	2.038003	1.556309	1.371147
2460	-1009.838	-1220.448	210.6096	1.839095	0.6097285	2.253734
2466	-1017.04	-1227.862	210.8222	1.833187	0.5053984	2.223707
2472	-1024.127	-1235.869	211.7412	1.901517	0.6117277	1.42671
2478	-1034.063	-1246.057	211.9935	2.203115	0.6117277	0.9424032
2484	-1008.623	-1218.564	209.9409	1.803147	0.7603463	2.572418
2490	-1009.77	-1221.139	211.3693	1.938431	0.4029584	1.913005
2496	-1025.268	-1236.299	211.0317	1.7453	0.4029584	2.262256
2502	-1014.669	-1224.625	209.956	1.908806	0.5684364	2.658757
2508	-1024.078	-1235.077	210.9989	1.724696	0.5089715	2.175822
2514	-1008.34	-1219.162	210.8221	1.913596	0.5016049	2.175822
2520	-1006.476	-1217.788	211.3122	1.956646	0.6397749	1.673686
2526	-1013.948	-1225.506	211.5587	1.751458	0.4954752	1.798405
2532	-1014.942	-1225.777	210.8349	1.772812	0.4865793	2.274495
2538	-1031.217	-1241.37	210.1524	1.774516	0.6405279	2.555795
2544	-1047.402	-1256.685	209.2829	1.67623	0.4368493	3.333354
2550	-1039.182	-1249.644	210.4615	1.611095	0.5663965	2.531925
2556	-1030.669	-1241.577	210.9073	1.824326	0.3697065	2.333178
2562	-1021.92	-1232.518	210.5977	1.772564	0.4496165	2.465515
2568	-1023.447	-1233.471	210.0238	1.469121	0.4496165	3.002794
2574	-1024.461	-1234.542	210.081	1.612033	0.39598	2.942389
2580	-1020.497	-1231.721	211.2237	1.919432	0.3108733	2.149665
2586	-1035.137	-1245.615	210.4788	1.845862	0.3750739	2.581853
2592	-1033.006	-1244.916	211.9102	2.089485	0.827092	0.853131
2598	-1033.809	-1245.68	211.8701	1.985082	0.8051588	1.034491
2604	-1020.772	-1232.674	211.9015	1.991529	0.8051588	0.9972568
2610	-1029.249	-1240.361	211.1114	2.02215	1.493331	1.118324
2616	-1017.933	-1229.464	211.5309	1.892762	1.154949	1.104029
2622	-1012.779	-1224.319	211.5406	2.14906	1.068535	0.9194969
2628	-1017.552	-1229.317	211.7644	2.184074	0.8375041	0.8988656
2634	-1026.471	-1238.324	211.8534	1.798774	0.5329623	1.509407
2640	-1028.026	-1239.15	211.1233	1.714181	0.8162689	1.819058
2646	-1013.231	-1224.403	211.1724	1.707726	0.6754133	1.909736
2652	-1016.005	-1227.246	211.2409	2.027282	1.011449	1.349969
2658	-1020.169	-1231.7	211.5309	2.027282	0.7542252	1.344821
2664	-1033.824	-1245.876	212.0522	2.05539	0.5533183	1.113869
2670	-1015.25	-1226.634	211.384	2.071538	1.308557	0.9443252
2676	-1014.467	-1225.923	211.4561	2.071538	1.102406	1.051862
2682	-1020.973	-1232.287	211.3143	1.901854	0.581934	1.769351
2688	-1026.771	-1238.017	211.2467	1.868671	0.4731485	1.956884
2694	-1030.383	-1241.112	210.7288	1.784695	0.3729996	2.466755
2700	-1011.33	-1222.231	210.9012	1.656604	0.443396	2.354242
2706	-1028.477	-1239.1	210.6226	1.552648	0.5635838	2.470458
2712	-1020.477	-1231.553	211.0763	2.028294	0.7777463	1.66366
2718	-1011.741	-1223.311	211.5706	1.842836	0.5460894	1.668601
2724	-1023.792	-1235.737	211.9452	1.976689	0.3746209	1.518209
2730	-1021.959	-1233.702	211.7428	2.041953	0.4183971	1.556885
2736	-1021.447	-1232.41	210.9629	1.894763	0.4183971	2.191374
2742	-1024.718	-1235.338	210.6193	1.815673	0.4492752	2.425253
2748	-1029.673	-1240.594	210.9209	2.014757	0.4492752	2.103808
2754	-1014.963	-1227.249	212.2859	1.989197	0.5280289	0.9919648
2760	-1031.431	-1243.709	212.2779	2.20539	0.5347205	0.7275862
2766	-1016.213	-1228.388	212.1746	2.223737	0.5431726	0.8281767
2772	-1023.241	-1234.992	211.7512	2.380744	0.6787043	0.9121968
2778	-1027.195	-1238.707	211.5122	2.499496	0.935234	0.6572259
2784	-1026.154	-1237.297	211.1431	1.888737	1.118655	1.454192
2790	-1013.599	-1225.316	211.7174	1.765124	0.7028637	1.454192
2796	-1009.317	-1221.317	212.0002	1.734733	0.4877549	1.502653
2802	-1006.98	-1218.312	211.3319	1.796869	0.8531843	1.582736
2808	-998.2229	-1209.505	211.2824	1.789866	0.9044444	1.582736
2814	-1001.865	-1213.447	211.582	1.936759	0.5548731	1.582736
2820	-1011.287	-1222.87	211.5827	1.817855	0.9469156	1.296246
2826	-1006.664	-1218.388	211.7239	1.881935	0.7173837	1.343678
2832	-1013.266	-1225.175	211.909	1.772305	0.5163312	1.507499
2838	-1009.852	-1220.758	210.9064	1.715849	1.122652	1.749623
2844	-1016.668	-1228.007	211.3392	1.467292	0.5796755	2.049284
2850	-1021.512	-1232.609	211.0976	1.291698	0.5488042	2.349706
2856	-1010.537	-1220.004	209.4668	1.353186	0.5488042	3.304917
2862	-1010.182	-1219.844	209.6618	1.473255	0.8205858	2.901168
2868	-1013.749	-1223.813	210.0632	1.385048	0.2820939	3.23535
2874	-1026.855	-1235.397	208.5416	1.253619	0.7138841	3.766626
2880	-1024.441	-1234.867	210.4262	1.455827	0.6282199	2.594265
2886	-1020.271	-1231.229	210.9578	1.799661	0.5769511	2.084274
2892	-998.1333	-1209.2	211.0671	1.738099	0.9575412	1.73388
2898	-1016.308	-1227.551	211.2425	1.767312	0.9575412	1.587461
2904	-1026.628	-1237.621	210.993	1.653012	0.5652359	2.168686
2910	-1027.619	-1238.11	210.4907	1.636535	0.6545515	2.418304
2916	-1025.148	-1235.796	210.6477	1.569845	0.6458631	2.36877
2922	-1037.187	-1248.19	211.0028	1.396411	0.5234782	2.36877
2928	-1023.03	-1233.031	210.001	1.481313	0.4970754	2.960165
2934	-1020.664	-1230.985	210.3203	1.748337	0.4970754	2.602633
2940	-1011.842	-1221.874	210.0319	1.695869	0.7341805	2.602633
2946	-1023.708	-1234.862	211.1545	1.752603	0.6348748	1.92892
2952	-1011.58	-1222.907	211.3268	1.755513	0.5741209	1.869639
2958	-1006.786	-1217.551	210.7652	1.736883	0.3520487	2.50088
2964	-1010.502	-1221.315	210.813	1.517392	0.3273655	2.640414
2970	-1014.752	-1224.954	210.2018	1.603568	0.9081513	2.428186
2976	-1004.524	-1215.505	210.9804	1.383342	0.5788887	2.336897
2982	-1011.963	-1220.278	208.3149	1.306783	0.3147485	4.246405
2988	-1021.526	-1230.895	209.369	1.355918	0.59785	3.317549
2994	-1019.148	-1229.289	210.1418	1.748254	0.3316231	2.903379
3000	-1014.357	-1225.556	211.1994	1.961862	0.3439382	2.09018
3006	-1027.407	-1238.846	211.439	1.961862	0.5506767	1.672508
3012	-1021.336	-1233.43	212.0947	2.165199	0.6044955	0.8839361
3018	-1038.364	-1250.598	212.2334	2.09764	0.6044955	0.7959837
3024	-1027.305	-1238.972	211.6671	2.057093	0.7174919	1.247213
3030	-1023.494	-1235.104	211.6102	2.108539	0.8317042	1.132607
3036	-1021.545	-1233.121	211.5763	2.33361	0.9138341	0.8452896
3042	-1022.121	-1233.511	211.3892	1.681789	0.4230248	2.046069
3048	-1027.736	-1239.769	212.033	1.961418	0.4289655	1.383059
3054	-1028.17	-1239.471	211.3018	2.535457	1.145739	0.5766862
3060	-1023.515	-1234.751	211.2358	2.535457	1.220643	0.5766862
3066	-1018.973	-1230.496	211.5229	2.427581	0.9777493	0.690674
3072	-1016.56	-1228.147	211.5872	2.427581	0.9520293	0.6078258
3078	-1020.36	-1232.357	211.9968	2.484988	0.5840182	0.5576099
3084	-1023.033	-1234.3	211.2672	2.001491	0.9106893	1.430709
3090	-1023.888	-1235.079	211.1906	2.081754	0.7438041	1.572376
3096	-1019.424	-1231.114	211.69	1.930192	0.54114	1.523652
3102	-1012.203	-1223.929	211.7262	2.303015	0.7466666	0.9290666
3108	-1023.458	-1235.214	211.7563	2.263703	0.5063253	1.254392
3114	-1017.326	-1229.058	211.7318	2.322651	0.4976844	1.237519
3120	-1030.918	-1242.54	211.6223	2.301011	0.973612	0.7425312
3126	-1039.421	-1251.113	211.6918	2.227742	0.973612	0.7482853
3132	-1023.739	-1235.203	211.4639	2.088581	0.672207	1.431643
3138	-1024.501	-1234.987	210.4862	1.705705	0.4445091	2.582443
3144	-1027.775	-1239.505	211.7291	2.162627	0.8533037	0.9414014
3150	-1022.679	-1234.302	211.6228	2.114117	0.994592	0.9464249
3156	-1033.713	-1245.661	211.9477	2.145077	0.6945118	0.9321821
3162	-1032.054	-1243.249	211.1954	2.053381	1.110265	1.289499
3168	-1026.113	-1236.706	210.5934	1.913426	1.470687	1.627721
3174	-1033.028	-1243.504	210.4765	1.999557	1.801509	1.482665
3180	-1048.745	-1259.119	210.3736	1.601054	0.3951082	2.772693
3186	-1023.976	-1233.856	209.88	1.68384	0.5864881	2.82631
3192	-1015.66	-1227.166	211.5061	2.045007	1.042895	1.082868
3198	-1041.041	-1252.666	211.6244	2.07062	1.042895	0.9403531
3204	-1022.075	-1233.348	211.2724	1.798337	0.4878111	1.970097
3210	-1023.363	-1233.333	209.9695	1.880895	0.2289526	3.077916
3216	-1010.418	-1221.961	211.5424	1.964658	0.6127021	1.528137
3222	-1012.759	-1224.513	211.7541	1.864845	0.5020247	1.571001
3228	-1011.704	-1222.834	211.13	1.82081	0.463148	2.077772
3234	-1008.97	-1219.477	210.5068	1.494563	0.3741562	2.781686
3240	-1017.165	-1227.809	210.6438	1.825246	0.396613	2.465273
3246	-1022.9	-1234.19	211.2901	1.962671	0.2089801	2.247926
3252	-1031.434	-1242.485	211.0508	1.879256	0.2914205	2.316105
3258	-1037.47	-1249.403	211.9333	2.007192	0.4148005	1.445175
3264	-1021.256	-1232.749	211.4923	1.951933	0.3131658	1.947044
3270	-1016.878	-1227.323	210.4449	1.673301	0.3318639	2.764542
3276	-1012.347	-1223.76	211.4124	1.688033	0.4044149	2.049824
3282	-1019.489	-1231.191	211.7025	1.83412	0.2791336	1.938694
3288	-1018.414	-1230.064	211.6496	2.269361	0.6140304	1.200639
3294	-1019.045	-1230.836	211.7912	2.229281	0.3544855	1.475201
3300	-1020.037	-1231.743	211.7056	1.963624	0.3298786	1.767524
3306	-1020.966	-1232.574	211.6081	2.200644	0.4166328	1.541604
3312	-1026.416	-1238.225	211.8095	2.039161	0.6095385	1.265238
3318	-1018.026	-1230.04	212.0136	2.083455	0.5937424	1.067579
3324	-1037.284	-1246.953	209.6692	1.540527	0.4573875	3.163584
3330	-1025.695	-1237.365	211.6695	2.263117	0.5388402	1.283478
3336	-1028.888	-1240.796	211.9077	2.091216	0.4250662	1.385235
3342	-1018.113	-1229.493	211.3805	2.17879	0.5852285	1.519088
3348	-1023.502	-1234.269	210.7664	1.944298	0.7571273	1.953462
3354	-1032.334	-1243.514	211.1795	2.028138	0.7191776	1.641831
3360	-1014.84	-1226.834	211.9943	1.949294	0.4909458	1.337364
3366	-1019.211	-1231.169	211.9579	2.162772	0.5888864	1.051957
3372	-1031.372	-1242.756	211.3842	1.981341	0.8117312	1.441327
3378	-1035.95	-1247.243	211.2929	1.895053	0.5542835	1.817886
3384	-1033.002	-1244.855	211.8533	2.166634	0.411478	1.388602
3390	-1021.844	-1233.373	211.5291	2.199388	0.4991384	1.493196
3396	-1027.695	-1239.694	211.9981	1.965769	0.5069239	1.299742
3402	-1019.653	-1231.661	212.0079	1.934447	0.3095943	1.605642
3408	-1021.765	-1233.833	212.0677	1.920685	0.3095943	1.572016
3414	-1037.363	-1249.168	211.8051	2.169306	0.4058715	1.432145
3420	-1025.106	-1237.038	211.9321	2.11664	0.4058715	1.374381
3426	-1026.808	-1238.752	211.9447	1.794179	0.3708262	1.657392
3432	-1013.722	-1225.54	211.8186	1.852759	0.4767073	1.563721
3438	-1018.572	-1229.537	210.9651	1.969835	1.000839	1.609936
3444	-1025.997	-1237.17	211.1723	2.012862	0.8904056	1.510598
3450	-1014.073	-1225.407	211.3345	1.869752	0.7149883	1.64813
3456	-1003.098	-1214.365	211.2677	1.869752	0.9949118	1.464197
3462	-1013.483	-1225.105	211.6216	1.877185	0.674703	1.470021
3468	-1015.943	-1227.936	211.9925	1.838033	0.4351957	1.499826
3474	-1014.74	-1226.176	211.4356	1.896056	0.8436291	1.439143
3480	-1019.808	-1231.457	211.6483	2.111452	0.7581234	1.173509
3486	-1014.08	-1226.08	212	2.251857	0.5479225	0.9838665
3492	-1011.53	-1223.559	212.0294	2.222398	0.5479225	0.9838665
3498	-1025.321	-1236.902	211.5814	2.305724	0.9080181	0.8797537
3504	-1035.889	-1247.995	212.1062	2.0123	0.387928	1.346769
3510	-1034.42	-1244.305	209.8854	1.569688	0.8537552	2.683185
3516	-1023.355	-1233.807	210.4519	1.444898	0.4531508	2.754546
3522	-1015.583	-1226.231	210.6472	1.447933	0.3261266	2.786266
3528	-1031.903	-1242.111	210.2085	1.447933	0.4050611	2.953893
3534	-1027.611	-1236.974	209.3627	1.455076	0.4050611	3.450962
3540	-1026.276	-1236.189	209.9127	1.476033	0.3573271	3.170679
3546	-1021.819	-1231.977	210.1586	1.627874	0.3942371	2.887999
3552	-1033.677	-1243.451	209.7745	1.81797	0.2259188	3.236156
3558	-1028.819	-1239.134	210.3148	1.557882	0.1947018	3.12371
3564	-1025.198	-1236.644	211.4464	1.898048	0.7137196	1.547292
3570	-1020.102	-1229.86	209.7583	1.38426	0.4453719	3.21606
3576	-1021.911	-1231.629	209.7181	1.750354	0.4072583	3.064103
3582	-1019.776	-1230.92	211.1446	1.865619	0.6167879	1.876269
3588	-1023.427	-1234.647	211.2199	1.658596	0.4008839	2.199365
3594	-1016.95	-1228.084	211.1339	1.994063	0.2181042	2.311073
3600	-1013.337	-1224.639	211.3016	1.776619	0.8483855	1.623374
3606	-1016.755	-1227.954	211.1991	1.818646	0.9065472	1.620777
3612	-1045.683	-1257.621	211.9377	1.858863	0.3000514	1.725543
3618	-1009.418	-1220.763	211.345	2.073877	0.6252697	1.579985
3624	-1014.784	-1226.681	211.8964	1.841034	0.5132019	1.469033
3630	-1012.313	-1223.213	210.8995	1.812177	0.4425744	2.256916
3636	-1015.273	-1226.431	211.1585	1.698982	0.8470815	1.780788
3642	-1020.324	-1231.46	211.1358	1.623296	0.3991209	2.278431
3648	-1014.422	-1224.997	210.5753	1.655348	0.360387	2.658438
3654	-1015.516	-1227.02	211.5038	2.145722	0.6645716	1.364058
3660	-1027.646	-1239.171	211.5254	1.941871	0.5675459	1.606173
3666	-1021.228	-1233.297	212.0692	2.065669	0.4440761	1.247597
3672	-1035.454	-1247.49	212.036	2.185704	0.4360081	1.186277
3678	-1011.687	-1223.253	211.5653	2.041584	0.6977681	1.362968
3684	-1011.001	-1222.845	211.8442	1.995128	0.6885286	1.181225
3690	-1009.433	-1220.391	210.9577	2.084222	1.468597	1.214543
3696	-1028.163	-1239.822	211.6599	1.932013	0.512729	1.577905
3702	-1019.141	-1230.916	211.775	2.013224	0.3884605	1.596411
3708	-1009.892	-1221.176	211.284	1.691412	0.7505834	1.778067
3714	-1018.594	-1229.281	210.6864	1.832717	0.599432	2.217974
3720	-1020.408	-1231.546	211.139	1.823493	0.4471067	2.088751
3726	-1008.733	-1220.043	211.3095	1.709019	0.7156145	1.778744
3732	-1012.321	-1223.884	211.5633	1.830611	0.8399439	1.394263
3738	-1034.466	-1246.153	211.6865	1.764122	0.5604219	1.626064
3744	-1023.479	-1235.473	211.9943	2.121	0.4212184	1.298129
3750	-1041.193	-1252.728	211.5345	2.143943	0.5029691	1.52592
3756	-1025.981	-1237.797	211.8153	2.226717	0.5903539	1.122757
3762	-1032.793	-1244.915	212.1225	2.077798	0.5300989	1.061704
3768	-1020.02	-1232.127	212.1068	2.184662	0.4522915	1.098229
3774	-1013.21	-1225.395	212.185	2.350296	0.522347	0.6706955
3780	-1022.197	-1233.918	211.7215	2.410489	0.7961847	0.7206099
3786	-1028.406	-1239.857	211.4515	2.467302	1.041232	0.6249981
3792	-1018.961	-1230.596	211.6353	2.429556	0.8755446	0.679215
3798	-1011.47	-1223.232	211.7624	2.453215	0.7787747	0.5846577
3804	-1008.037	-1219.84	211.8032	2.398214	0.7584866	0.6786626
3810	-1010.206	-1221.671	211.4655	2.312314	1.082941	0.797328
3816	-1018.506	-1229.495	210.9896	2.392979	1.674464	0.6847006
3822	-1020.879	-1232.68	211.8017	2.323525	0.7939449	0.735601
3828	-1032.356	-1243.467	211.1109	2.392989	1.431161	0.7694913
3834	-1012.047	-1223.259	211.2111	2.402833	1.316397	0.7401371
3840	-1015.541	-1226.789	211.2478	2.402833	1.255428	0.7606232
3846	-1022.671	-1233.876	211.205	2.281603	1.432749	0.7918606
3852	-1016.277	-1227.877	211.5999	2.400613	0.934684	0.68049
3858	-1004.061	-1216.018	211.9571	2.324211	0.6793178	0.7160065
3864	-1020.381	-1232.38	211.9999	2.262236	0.6793178	0.7464496
3870	-1023.264	-1234.681	211.4176	2.318641	1.167549	0.7464496
3876	-1023.148	-1234.713	211.5646	2.318641	0.9379253	0.846712
3882	-1032.777	-1244.742	211.9649	2.397866	0.6009086	0.7586948
3888	-1016.22	-1227.858	211.638	2.269738	0.9572872	0.789205
3894	-1021.78	-1233.803	212.0226	2.269738	0.5965515	0.8594536
3900	-1010.3	-1221.817	211.5171	2.364734	0.8483076	0.9578087
3906	-1001.795	-1213.463	211.668	2.339434	0.8183949	0.8558579
3912	-997.9271	-1209.724	211.7966	2.422884	0.68583	0.7948604
3918	-1016.996	-1228.86	211.8635	2.325129	0.6892666	0.8290807
3924	-1009.184	-1220.858	211.6737	2.38596	0.8864389	0.6660424
3930	-1018.844	-1230.933	212.0892	2.176576	0.6475049	0.8021175
3936	-1013.351	-1225.356	212.0051	2.214486	0.6865413	0.7934203
3942	-1018.07	-1230.173	212.1031	2.281816	0.6236046	0.6667589
3948	-1021.428	-1233.349	211.9203	2.108242	0.7515368	0.9232039
3954	-1018.994	-1230.763	211.7692	2.078078	0.8130047	1.033296
3960	-1022.922	-1234.69	211.7683	2.156817	0.8245789	0.9407572
3966	-1031.286	-1243.203	211.9175	2.193737	0.6745557	0.9407572
3972	-1041.151	-1252.131	210.9805	1.719752	0.7503996	1.966053
3978	-1041.271	-1252.465	211.1941	1.834679	0.5169487	1.966053
3984	-1031.553	-1243.467	211.9147	2.223631	0.7437918	0.8040369
3990	-1027.352	-1239.245	211.8934	2.057063	0.7588692	0.9953366
3996	-1026.655	-1238.616	211.9609	2.102468	0.7588692	0.8737657
4002	-1028.836	-1240.043	211.2072	1.891256	0.489677	1.949384
4008	-1019.359	-1231.149	211.7894	2.072219	0.5144026	1.371708
4014	-1040.977	-1252.802	211.8246	1.877823	0.3292683	1.745298
4020	-1040.923	-1251.309	210.3865	1.848056	0.6282319	2.373541
4026	-1038.329	-1248.88	210.5503	1.750717	0.513348	2.441067
4032	-1040.14	-1250.369	210.2291	1.751813	0.6737698	2.493844
4038	-1029.225	-1240.521	211.2962	2.097039	0.4896998	1.747265
4044	-1014.812	-1225.925	211.1124	1.793742	0.7947138	1.789076
4050	-1025.39	-1236.933	211.543	1.968164	0.5182898	1.630081
4056	-1023.003	-1234.345	211.3422	2.151351	1.138228	1.052943
4062	-1016.809	-1228.682	211.8722	1.94756	0.8190527	1.052943
4068	-1027.336	-1238.908	211.5724	1.820516	0.8328515	1.401354
4074	-1009.693	-1221.452	211.7588	2.051937	0.8813664	0.9930075
4080	-1005.39	-1217.168	211.7783	1.968764	0.9407473	0.9930075
4086	-1010.758	-1222.772	212.0138	1.928173	0.657342	1.127526
4092	-1023.98	-1235.809	211.8289	1.910739	0.5703875	1.398675
4098	-1022.255	-1233.651	211.3961	2.135881	0.6486078	1.471711
4104	-1011.757	-1222.847	211.0901	1.836874	0.8290847	1.746556
4110	-1021.427	-1233.07	211.6434	1.980981	0.6687644	1.379384
4116	-1036.956	-1247.988	211.0318	2.012091	0.9311325	1.582683
4122	-1009.647	-1221.268	211.6213	1.933734	0.8899601	1.218463
4128	-1017.081	-1228.656	211.5745	2.159342	0.8203762	1.130863
4134	-1021.767	-1233.514	211.7474	2.240954	0.8884568	0.7788135
4140	-1016.849	-1228.393	211.5444	2.251974	0.8884568	0.9995466
4146	-1022.397	-1234.15	211.7523	2.178711	0.8884568	0.8529398
4152	-1028.303	-1239.872	211.5692	2.37082	0.8884568	0.8419295
4158	-1038.35	-1248.91	210.5596	2.092923	1.161636	1.703469
4164	-1025.44	-1236.386	210.9451	1.980392	0.8549009	1.726998
4170	-1031.411	-1242.858	211.4475	1.666393	0.5890581	1.83278
4176	-1026.155	-1238.045	211.8903	1.640572	0.5890581	1.536006
4182	-1014.777	-1226.432	211.6546	1.896523	0.8702602	1.240008
4188	-1011.517	-1222.43	210.9126	1.809532	1.221641	1.616013
4194	-1007.568	-1218.715	211.147	1.610527	0.878847	1.825411
4200	-1019.838	-1230.981	211.1431	1.856288	0.4887938	2.016613
4206	-1010.747	-1221.77	211.0235	1.690129	0.7557399	1.952621
4212	-998.1737	-1210.097	211.9237	1.993283	0.4074107	1.473713
4218	-1001.467	-1213.021	211.554	1.834639	0.5026693	1.735334
4224	-1000.046	-1210.293	210.2467	1.637885	0.7433559	2.497973
4230	-1013.04	-1224.267	211.2273	1.769474	0.887979	1.650359
4236	-1006.363	-1217.252	210.8894	1.745359	0.7796677	1.985967
4242	-1005.99	-1217.427	211.4366	1.814225	0.5715546	1.755928
4248	-1014.771	-1225.454	210.6837	1.754876	0.5715546	2.296233
4254	-1038.263	-1249.139	210.8755	2.117526	0.8315253	1.698099
4260	-1025.3	-1236.372	211.0725	1.803729	0.643992	1.941182
4266	-1026.714	-1237.365	210.6517	1.690878	0.5574015	2.370986
4272	-1026.042	-1236.249	210.2066	1.761635	1.254815	2.112913
4278	-1034.287	-1245.688	211.4007	1.842249	0.8303651	1.517632
4284	-1029.124	-1241.109	211.9844	1.949507	0.5069295	1.323931
4290	-1021.339	-1232.974	211.6357	1.818283	0.7079812	1.470863
4296	-1026.466	-1237.285	210.8196	1.931527	0.6954159	1.978795
4302	-1018.514	-1229.721	211.2072	2.094403	0.7446081	1.550119
4308	-1008.237	-1218.894	210.6571	1.721443	0.9428505	2.034849
4314	-1018.79	-1229.608	210.8184	1.513552	0.913218	2.086308
4320	-1027.244	-1238.566	211.3227	1.720921	0.3123538	2.212077
4326	-1023.115	-1233.593	210.4784	1.653647	0.3658443	2.712175
4332	-1044.85	-1253.713	208.8632	1.396206	0.3343437	3.857828
4338	-1048.417	-1257.047	208.6301	1.294852	0.5134605	3.857828
4344	-1042.279	-1252.427	210.1479	1.617448	0.6248257	2.669277
4350	-1017.209	-1227.684	210.4752	1.710144	0.7714251	2.286027
4356	-1030.167	-1240.433	210.2661	1.712191	0.3201415	2.865316
4362	-1033.352	-1241.625	208.2723	1.487135	1.077279	3.55691
4368	-1023.853	-1232.539	208.6857	1.560053	0.7389061	3.486914
4374	-1029.83	-1240.438	210.6072	1.5123	0.3964854	2.682367
4380	-1016.844	-1226.751	209.907	1.443908	0.3964854	3.146474
4386	-1029.22	-1238.537	209.3176	1.513356	0.4737412	3.370408
4392	-1011.837	-1221.117	209.2801	1.365467	0.5906579	3.370408
4398	-1007.633	-1217.974	210.3404	1.530702	0.5532737	2.669122
4404	-1015.963	-1225.793	209.8299	1.326009	0.5256343	3.127611
4410	-1029.563	-1238.741	209.1785	1.758942	0.5939438	3.19539
4416	-1019.66	-1230.192	210.5322	1.78388	0.7733031	2.200442
4422	-1018.487	-1230.019	211.532	1.791396	0.8130419	1.472254
4428	-1030.182	-1241.93	211.7471	2.074129	0.8950196	0.9670055
4434	-1008.708	-1218.931	210.2224	1.639643	0.5265711	2.700379
4440	-1019.233	-1228.907	209.6744	1.659904	0.536166	3.011093
4446	-1017.879	-1227.929	210.0501	1.565981	0.4518549	2.926291
4452	-1011.932	-1222.587	210.6557	1.691465	0.3893606	2.550226
4458	-1019.113	-1230.021	210.908	2.015131	0.5474657	2.004358
4464	-1045.92	-1256.298	210.3774	1.58735	0.7432674	2.447788
4470	-1022.267	-1233.466	211.1991	1.955047	0.7449043	1.656993
4476	-1018.682	-1229.71	211.0277	1.805399	0.7029364	1.917016
4482	-1044.658	-1256.42	211.762	1.858579	0.4352242	1.653596
4488	-1025.716	-1236.542	210.8261	1.886935	0.7600846	1.949403
4494	-1007.679	-1219.022	211.3431	1.910724	0.5247686	1.80432
4500	-1005.53	-1217.161	211.6311	1.885739	0.5614455	1.576785
4506	-1020.512	-1231.956	211.4445	1.906814	0.677743	1.576785
4512	-1030.358	-1242.201	211.843	1.768167	0.6515035	1.407955
4518	-1007.863	-1219.2	211.337	1.923455	0.5708427	1.749953
4524	-1012.807	-1224.106	211.2996	1.786391	0.6392986	1.802524
4530	-1014.144	-1224.981	210.8369	1.778383	0.6703652	2.090861
4536	-1003.01	-1214.594	211.5835	1.786626	0.6703652	1.570212
4542	-1046.89	-1258.652	211.7618	2.010965	0.8156571	1.100503
4548	-1029.312	-1241.51	212.1975	2.118273	0.6326768	0.761223
4554	-1025.716	-1237.003	211.2868	1.849929	0.6180998	1.788011
4560	-1004.092	-1215.65	211.5579	1.888755	0.7148105	1.469752
4566	-1004.686	-1216.023	211.3362	1.772132	0.761725	1.674877
4572	-1003.811	-1215.655	211.8443	1.954393	0.4016545	1.569965
4578	-1006.876	-1217.642	210.7656	1.593412	0.6273358	2.295168
4584	-1010.528	-1222.074	211.5454	1.848061	0.3263407	1.961353
4590	-1022.149	-1232.318	210.1685	1.717994	0.5952683	2.620775
4596	-1013.894	-1224.091	210.1961	1.717994	0.3888765	2.817016
4602	-1022.575	-1234.414	211.8383	2.058519	0.6492909	1.177171
4608	-1029.148	-1240.673	211.5249	2.001505	0.8927983	1.239982
4614	-1025.524	-1237.701	212.1776	1.941577	0.5452593	1.114703
4620	-1007.396	-1218.92	211.5241	1.784748	0.6347123	1.650102
4626	-1029.582	-1239.584	210.0014	1.69354	0.7846028	2.58465
4632	-1010.423	-1220.651	210.228	1.661594	0.7306132	2.504817
4638	-1011.234	-1221.603	210.3699	1.5939	0.7479366	2.444735
4644	-1011.775	-1222.186	210.4103	1.682654	0.3758603	2.72365
4650	-1004.794	-1214.784	209.9892	1.766731	0.7970019	2.537597
4656	-999.0017	-1209.393	210.391	1.615231	0.6051253	2.537597
4662	-1004.423	-1215.281	210.8581	1.674394	0.6410187	2.171098
4668	-1034.604	-1245.928	211.3242	1.828365	0.6512436	1.744683
4674	-1028.286	-1239.936	211.6507	2.458852	0.8724593	0.5774723
4680	-1033.272	-1244.782	211.5094	2.119366	0.8766501	1.167505
4686	-1022.511	-1234.407	211.8958	2.144384	0.6822297	1.003371
4692	-1021.885	-1233.474	211.5894	1.965952	0.601254	1.504419
4698	-1031.036	-1242.686	211.6494	1.955116	0.7112302	1.35102
4704	-1030.306	-1241.963	211.6579	2.287551	0.7755992	0.9798822
4710	-1028.738	-1240.28	211.5411	2.082871	0.9654474	1.086868
4716	-1045.682	-1255.696	210.0135	1.941975	1.595519	1.948176
4722	-1019.204	-1230.234	211.03	1.660497	0.8907843	1.86238
4728	-1014.778	-1225.715	210.9371	1.567544	0.7563825	2.090955
4734	-1005.874	-1216.428	210.5543	1.55569	0.7563825	2.34577
4740	-1016.243	-1226.069	209.8267	1.608343	0.8812243	2.676731
4746	-1015.102	-1225.055	209.9529	1.640109	0.6756829	2.732205
4752	-1006.52	-1216.763	210.2424	1.423514	0.6756829	2.687483
4758	-1000.903	-1210.994	210.0914	1.506486	0.821939	2.617515
4764	-992.1166	-1203.224	211.1078	1.723778	0.4837785	2.132718
4770	-997.6347	-1209.238	211.6036	2.012308	0.6094549	1.449751
4776	-1019.077	-1230.697	211.6206	2.373469	0.8857284	0.7749903
4782	-1013.146	-1224.578	211.432	2.70095	0.8492528	0.42242
4788	-1018.103	-1229.192	211.0882	2.759992	1.130636	0.42242
4794	-1016.639	-1227.661	211.0215	2.7551	1.226456	0.5139121
4800	-1020.339	-1231.394	211.055	2.716727	1.226456	0.4507163
4806	-1014.571	-1225.355	210.7832	2.811955	1.434159	0.4199763
4812	-1009.75	-1221.149	211.3993	2.613822	0.9692564	0.4549705
4818	-1011.812	-1223.203	211.3911	2.621988	0.9692564	0.4548523
4824	-1008.513	-1220.1	211.5869	2.670677	0.7259935	0.3773114
4830	-1019.76	-1230.788	211.0276	2.670443	1.294661	0.4029085
4836	-1016.715	-1227.841	211.1259	2.670443	1.179179	0.4029085
4842	-1019.67	-1230.841	211.1704	2.660067	1.161818	0.4621239
4848	-1012.905	-1224.063	211.1576	2.675855	1.161818	0.4970476
4854	-1023.884	-1235.308	211.4246	2.569465	0.9894765	0.4635105
4860	-1031.506	-1243.575	212.0689	2.124792	0.5861364	0.9841948
4866	-1025.343	-1236.933	211.5908	2.124792	0.8385368	1.128478
4872	-1017.822	-1228.49	210.6681	2.212458	1.682176	1.223215
4878	-1019.256	-1230.159	210.903	2.094866	1.364089	1.317345
4884	-1021.415	-1232.465	211.05	2.114685	1.105949	1.360252
4890	-1022.675	-1234.357	211.6817	2.45953	0.8475219	0.5619336
4896	-1025.307	-1236.919	211.6123	2.514186	0.8440125	0.6223948
4902	-1019.212	-1230.401	211.1884	2.482309	1.24869	0.7389573
4908	-1019.272	-1230.484	211.2129	2.586318	1.176959	0.6092218
4914	-1019.21	-1230.552	211.3419	2.619654	1.0039	0.6092218
4920	-1024.609	-1235.485	210.8761	1.586789	0.5814406	2.271156
4926	-1029.918	-1240.98	211.0613	1.89527	0.6400099	1.890583
4932	-1018.871	-1229.286	210.4154	1.645031	0.8070215	2.338627
4938	-1025.537	-1234.978	209.4409	1.59028	0.7350217	3.0257
4944	-1016.85	-1227.901	211.0511	2.669661	1.288871	0.5443662
4950	-1011.753	-1222.944	211.1913	2.752193	1.040104	0.4602379
4956	-1033.799	-1244.832	211.0328	2.633753	1.358089	0.5315343
4962	-1021.039	-1232.591	211.5514	2.586476	0.8462319	0.5812846
4968	-1018.18	-1229.336	211.1566	2.502164	1.355352	0.5812846
4974	-1026.292	-1237.645	211.3527	2.010113	0.307124	2.010693
4980	-1013.529	-1224.242	210.7136	2.079334	1.140499	1.616591
4986	-1021.283	-1232.662	211.3787	1.80179	0.6488617	1.727325
4992	-1017.704	-1228.744	211.0397	1.901053	1.142704	1.50643
4998	-1028.169	-1239.538	211.3696	1.821942	1.142704	1.311861
5004	-1021.525	-1232.908	211.3831	1.739007	0.6008506	1.815294
5010	-1017.977	-1229.312	211.3347	1.608521	0.5241236	2.015497
5016	-1038.552	-1248.989	210.4364	1.30382	0.5277949	2.773703
5022	-1037.646	-1248.458	210.8116	1.438102	0.4292234	2.563807
5028	-1016.418	-1226.013	209.5945	1.687759	0.6869394	2.911932
5034	-1036.19	-1246.958	210.7676	1.874814	0.5638798	2.172349
5040	-1031.225	-1241.572	210.3466	1.923456	0.5221689	2.451557
5046	-1017.037	-1228.3	211.2623	1.810793	0.4894167	1.96673
5052	-1013.218	-1224.65	211.4318	1.658239	0.5180681	1.923594
5058	-1011.943	-1223.416	211.4727	2.093811	0.5621414	1.539464
5064	-1003.96	-1214.72	210.7603	1.908173	0.6363294	2.086471
5070	-1021.25	-1232.492	211.2417	1.908173	0.5985302	1.798435
5076	-1003.766	-1215.465	211.6988	2.056976	0.533	1.430835
5082	-1002.834	-1214.298	211.4643	1.884553	0.7196287	1.538406
5088	-1008.298	-1218.675	210.3773	1.710014	0.7196287	2.389322
5094	-1019.895	-1231.006	211.1112	1.771076	0.7663752	1.829089
5100	-1008.863	-1219.838	210.9747	1.836896	0.8260391	1.829089
5106	-999.6701	-1210.212	210.5421	1.948515	0.6709263	2.171787
5112	-1029.106	-1240.412	211.3058	1.887288	0.2753993	2.171787
5118	-1036.081	-1246.697	210.616	1.610414	0.4963987	2.505248
5124	-1053.01	-1263.784	210.774	1.708765	0.8832559	2.008029
5130	-1039.517	-1250.964	211.447	1.732289	0.6436283	1.733244
5136	-1044.32	-1256.059	211.7389	1.836182	0.3694223	1.775012
5142	-1016.18	-1227.091	210.9107	1.766317	0.5416426	2.172153
5148	-1011.347	-1222.589	211.2421	1.981449	0.5769853	1.769297
5154	-1019.534	-1231.105	211.5705	1.908862	0.4229613	1.769297
5160	-1018.936	-1229.965	211.0288	2.052014	0.4429004	2.01549
5166	-1026.072	-1237.157	211.0856	1.96907	0.4429004	2.032839
5172	-1021.043	-1232.552	211.5091	1.944705	1.071514	1.146188
5178	-1021.832	-1233.315	211.483	1.820438	0.7140959	1.577071
5184	-1020.79	-1232.367	211.5765	1.690131	0.8046942	1.522138
5190	-1023.674	-1235.15	211.4761	1.690131	0.8548336	1.553904
5196	-1022.279	-1233.495	211.2159	1.640844	0.4658757	2.136371
5202	-1023.667	-1235.514	211.8478	1.669911	0.5533498	1.585202
5208	-1018.572	-1229.295	210.7233	1.748515	0.6274896	2.222597
5214	-1040.616	-1251.146	210.5296	1.476865	0.6115034	2.531737
5220	-1024.548	-1235.459	210.9109	1.54509	0.5309092	2.325139
5226	-1020.372	-1231.035	210.6631	1.491195	0.5466454	2.499876
5232	-1025.355	-1235.994	210.639	1.842576	0.8613855	2.024939
5238	-1022.961	-1234.062	211.1011	2.152468	0.4633807	1.87484
5244	-1019.375	-1230.042	210.6673	1.791218	0.8512075	2.047797
5250	-1029.97	-1241.01	211.0399	1.583555	0.7138733	2.047797
5256	-1034.697	-1245.055	210.3579	1.559513	0.3810987	2.824338
5262	-1036.399	-1248.044	211.6451	1.912296	0.5855525	1.520113
5268	-1028.296	-1240.088	211.7923	1.789968	0.615026	1.469237
5274	-1026.049	-1236.885	210.8366	1.929981	0.5948309	2.060853
5280	-1019.167	-1230.067	210.9007	1.726314	0.6754939	2.078572
5286	-1014.093	-1225.663	211.5701	1.760847	0.3603781	1.954527
5292	-1009.397	-1220.536	211.1389	1.759555	0.6853974	1.888317
5298	-1016.731	-1226.625	209.8937	1.625683	0.5665383	2.871364
5304	-1010.643	-1222.039	211.3954	1.648586	0.6696755	1.80282
5310	-1016.464	-1227.943	211.4793	2.001689	0.4929239	1.681521
5316	-1007.833	-1218.636	210.8034	2.039458	0.5593128	2.045534
5322	-1016.389	-1226.662	210.2731	1.869035	1.199588	2.029477
5328	-1012.277	-1223.744	211.467	1.904132	0.5506019	1.693708
5334	-1012.393	-1223.682	211.2882	1.882001	0.7101132	1.676963
5340	-1013.229	-1225.049	211.8201	2.027356	0.6995915	1.161538
5346	-1017.794	-1229.522	211.7287	2.151727	0.6745855	1.161538
5352	-1022.902	-1233.813	210.9106	1.849869	0.9558195	1.76647
5358	-1021.298	-1232.375	211.0761	1.846207	0.7515898	1.814054
5364	-1038.561	-1249.523	210.9622	1.622584	0.7081249	2.078202
5370	-1021.636	-1232.513	210.8768	1.86317	0.6427456	2.033361
5376	-1016.48	-1227.814	211.3334	1.829754	0.5672495	1.821323
5382	-1012.307	-1223.794	211.4866	1.919944	0.5203527	1.702434
5388	-1016.409	-1227.873	211.4643	2.115656	0.7793375	1.302732
5394	-1016.865	-1228.078	211.213	2.088105	0.6704601	1.620384
5400	-1018.456	-1230.31	211.8542	2.163028	0.6192525	1.107413
5406	-1018.324	-1230.586	212.2623	2.106562	0.404763	1.107413
5412	-1028.243	-1240.285	212.042	2.49306	0.4080396	0.9383022
5418	-1034.361	-1246.524	212.1637	2.27077	0.5146732	0.8396843
5424	-1033.241	-1243.973	210.7317	1.696751	0.6147486	2.262106
5430	-1033.143	-1244.117	210.9748	1.909432	0.543206	2.034633
5436	-1030.022	-1241.991	211.969	2.14484	0.3789649	1.364544
5442	-1035.976	-1247.843	211.8672	2.142308	0.6545431	1.06904
5448	-1018.948	-1230.722	211.7749	2.114251	0.7470606	1.06904
5454	-1028.804	-1240.206	211.402	2.118812	0.8163659	1.315138
5460	-1039.371	-1251.317	211.9467	1.86255	0.6118487	1.294814
5466	-1030.269	-1241.628	211.3592	1.833046	0.6118487	1.755556
5472	-1022.801	-1234.377	211.5761	1.950602	0.8585749	1.271075
5478	-1017.199	-1228.912	211.713	1.963057	0.729427	1.274487
5484	-1012.084	-1223.457	211.373	2.242521	1.248593	0.8165865
5490	-1010.276	-1222.176	211.8999	2.165078	0.7696789	0.856252
5496	-1019.117	-1230.84	211.7227	1.991874	0.8682385	1.099031
5502	-1009.755	-1221.619	211.8643	2.002093	0.7530595	1.083284
5508	-1013.83	-1225.436	211.606	1.859438	0.7766951	1.396265
5514	-1031.96	-1243.115	211.1549	1.821713	0.9026631	1.653392
5520	-1011.182	-1223.012	211.8304	1.888389	0.7108411	1.258773
5526	-1017.951	-1230.097	212.1454	2.094684	0.4539646	1.141938
5532	-1014.031	-1225.892	211.8612	1.943279	0.7433426	1.150282
5538	-1003.64	-1215.209	211.5689	2.129207	0.8808813	1.101321
5544	-1004.442	-1216.612	212.1694	2.068816	0.599899	0.9158818
5550	-1016.199	-1228.159	211.9599	2.317671	0.4192129	1.164534
5556	-1010.041	-1222.106	212.0641	1.953884	0.5749111	1.164534
5562	-1020.401	-1232.307	211.9059	1.914168	0.5909665	1.310639
5568	-1012.421	-1223.978	211.557	1.922114	0.3841659	1.821027
5574	-1011.38	-1223.632	212.2516	1.979856	0.4562373	1.146006
5580	-1017.027	-1229.107	212.0801	1.946187	0.5076579	1.247339
5586	-1027.951	-1239.6	211.6484	2.164882	0.808832	1.070293
5592	-1023.133	-1234.674	211.5416	2.024375	0.8688937	1.228761
5598	-1013.948	-1225.648	211.6995	2.009149	0.7780003	1.196835
5604	-1017.175	-1228.198	211.0233	2.576195	1.421752	0.6052281
5610	-1016.187	-1227.466	211.2792	2.22667	1.224298	0.9654979
5616	-1019.362	-1231.695	212.3326	1.901411	0.5043792	1.068995
5622	-1022.996	-1234.403	211.4075	1.773765	0.9505319	1.465312
5628	-1029.008	-1240.51	211.5017	2.196912	0.9505319	1.030746
5634	-1010.44	-1222.097	211.6567	2.11741	0.5186842	1.434331
5640	-1027.369	-1239.155	211.7854	1.751721	0.6167919	1.501335
5646	-1037.294	-1248.246	210.9515	1.835323	0.7807792	1.882517
5652	-1016.815	-1227.47	210.6557	1.937855	1.193731	1.725064
5658	-1028.817	-1238.887	210.0707	1.977477	1.687027	1.842671
5664	-1027.793	-1238.701	210.9078	1.811676	0.499882	2.18815
5670	-1039.753	-1250.287	210.5337	1.625802	0.5527228	2.490726
5676	-1018.504	-1229.396	210.8921	1.596925	0.43184	2.411039
5682	-1030.266	-1241.42	211.1541	1.763238	0.5633617	1.991964
5688	-1031.843	-1243.314	211.471	1.802934	0.6318904	1.677884
5694	-1037.566	-1249.395	211.8289	1.754603	0.692454	1.38677
5700	-1023.195	-1234.276	211.081	1.672912	0.9933999	1.744266
5706	-1036.679	-1248.192	211.5129	1.836086	0.5505	1.709515
5712	-1021.91	-1232.669	210.7597	1.558248	0.9220674	2.089326
5718	-1020.753	-1231.75	210.9974	1.756311	0.7748195	1.9099
5724	-1018.223	-1229.649	211.4252	1.724535	0.4940019	1.9099
5730	-1023.683	-1235.152	211.4687	1.632538	0.714717	1.721631
5736	-1016.715	-1227.712	210.9972	1.572762	0.3330347	2.483822
5742	-1015.004	-1225.964	210.9599	1.770977	0.6602632	2.023476
5748	-1005.48	-1216.15	210.67	1.797279	0.7212265	2.144201
5754	-1011.805	-1221.723	209.9175	1.574513	1.161197	2.469631
5760	-1024.292	-1235.793	211.5006	1.807684	0.4420142	1.863333
5766	-1022.311	-1233.276	210.9651	1.533884	0.4890813	2.341221
5772	-1034.722	-1245.362	210.64	1.71696	0.4890813	2.43105
5778	-1032.511	-1242.837	210.3254	1.602034	0.7958885	2.43105
5784	-1026.792	-1238.074	211.2819	1.856374	0.9851451	1.47107
5790	-1022.497	-1234.02	211.5229	1.981202	0.5730384	1.573246
5796	-1020.004	-1231.115	211.1103	1.803349	0.4797734	2.08339
5802	-1024.136	-1236.16	212.0234	2.425134	0.4178285	1.008391
5808	-1004.936	-1216.842	211.9053	2.035481	0.5963938	1.203783
5814	-1015.839	-1227.717	211.8775	2.047079	0.6987074	1.093255
5820	-1000.921	-1212.902	211.9804	2.103895	0.6699907	0.9752676
5826	-996.0534	-1208.13	212.0762	2.007211	0.5725217	1.109318
5832	-1005.084	-1216.749	211.6651	1.764178	0.6966033	1.500609
5838	-1006.118	-1217.532	211.4142	1.83433	0.8220327	1.520588
5844	-1022.466	-1234.169	211.703	1.784377	0.4840017	1.6876
5850	-1017.4	-1229.049	211.6484	1.618784	0.5941383	1.720924
5856	-1016.282	-1227.434	211.152	1.889018	1.130834	1.438627
5862	-1023.615	-1234.41	210.7954	1.520876	0.6303882	2.319686
5868	-1007.184	-1217.764	210.5798	1.739543	0.6013163	2.344164
5874	-1007.974	-1219.428	211.454	1.898923	0.5244383	1.735611
5880	-1014.763	-1225.931	211.1681	1.635608	0.4658361	2.170903
5886	-1029.495	-1239.732	210.2365	1.510854	0.620643	2.683968
5892	-1019.502	-1230.392	210.8904	1.70833	0.5314951	2.233139
5898	-1013.374	-1224.452	211.0776	1.805061	0.3722465	2.233139
5904	-1032.687	-1243.666	210.9787	1.69865	0.3443238	2.401036
5910	-1024.569	-1235.23	210.6609	1.662002	0.304216	2.677124
5916	-1024.339	-1235.418	211.0792	1.63613	0.4015166	2.303458
5922	-1028.05	-1239.278	211.2275	1.732074	0.6246326	1.903172
5928	-1019.245	-1230.842	211.5974	1.967719	0.5970589	1.501749
5934	-1022.538	-1233.59	211.0525	1.809246	0.5744529	2.017804
5940	-1016.589	-1227.168	210.5788	1.57849	0.7561636	2.315853
5946	-1013.625	-1225.049	211.4245	1.888968	0.4447898	1.856359
5952	-1021.903	-1234.149	212.246	1.751022	0.4447898	1.358472
5958	-1014.4	-1225.8	211.3995	1.791059	0.5249936	1.847637
5964	-1051.287	-1262.198	210.9111	1.96597	0.7184864	1.873589
5970	-1024.905	-1236.59	211.6855	1.721365	0.3764011	1.881119
5976	-1028.368	-1240.533	212.1641	1.991899	0.3764011	1.335128
5982	-1028.174	-1240.047	211.8726	2.046149	0.5654951	1.261053
5988	-1038.744	-1250.299	211.5544	2.046149	0.9082946	1.162054
5994	-1037.117	-1247.563	210.4459	1.569741	0.4711159	2.662447
6000	-1038.195	-1249.837	211.6422	2.134003	0.5551328	1.388278
6006	-1033.02	-1244.991	211.9718	2.193256	0.3176106	1.425802
6012	-1036.158	-1247.952	211.7937	1.975685	0.3769842	1.626554
6018	-1045.967	-1257.452	211.4851	1.932124	0.5552233	1.655815
6024	-1035.712	-1247.456	211.7439	1.867631	0.6100542	1.452428
6030	-1039.078	-1249.973	210.8944	1.834507	0.844598	1.871247
6036	-1027.021	-1238.452	211.431	1.834507	0.7990045	1.527961
6042	-1016.772	-1228.192	211.42	1.778723	0.6982828	1.667537
6048	-1027.894	-1237.881	209.9868	1.514807	0.5138541	2.931938
6054	-1037.055	-1249.07	212.0147	2.123747	0.3471388	1.396575
6060	-1030.977	-1242.318	211.3414	1.956778	0.5320096	1.765495
6066	-1028.318	-1240.107	211.7897	1.658855	0.3371846	1.908241
6072	-1018.091	-1229.515	211.4245	1.881959	0.4478513	1.857407
6078	-1018.545	-1230.143	211.5983	1.761918	0.5137922	1.742505
6084	-1020.288	-1231.717	211.4285	1.53481	0.6405235	1.885525
6090	-1031.197	-1241.902	210.7059	1.60176	0.491175	2.459805
6096	-1031.617	-1240.467	208.85	1.435514	0.4202081	3.743504
6102	-1026.317	-1236.816	210.4999	1.425829	0.5307409	2.657156
6108	-1037.158	-1248.417	211.2591	1.43164	0.4380454	2.275618
6114	-1030.727	-1241.747	211.0199	1.696266	0.4421053	2.254583
6120	-1034.531	-1245.472	210.9408	1.638553	0.5297799	2.247323
6126	-1012.588	-1223.211	210.6223	1.580963	0.6432604	2.380119
6132	-1017.144	-1228.413	211.2683	1.613567	0.5375017	2.0421
6138	-1018.825	-1229.903	211.0778	1.807867	0.5375017	2.039566
6144	-1025.477	-1236.429	210.9526	1.71912	0.7196418	2.010914
6150	-1015.158	-1226.645	211.4866	1.896737	0.8820735	1.365614
6156	-1034.908	-1246.125	211.2172	1.757169	0.9732366	1.601554
6162	-1044.275	-1256.108	211.8327	2.140581	0.5654949	1.21528
6168	-1033.507	-1245.031	211.5235	2.023211	0.5654949	1.550297
6174	-1038.922	-1250.829	211.9073	2.196589	0.3779483	1.373982
6180	-1045.371	-1256.877	211.5058	1.675925	0.5946852	1.780222
6186	-1048.957	-1260.644	211.6866	1.676648	0.5946852	1.652101
6192	-1029.453	-1240.982	211.5296	1.805698	0.6990063	1.567991
6198	-1030.916	-1242.124	211.2079	1.702056	0.7071989	1.860997
6204	-1030.623	-1242.321	211.6977	1.672144	0.4011199	1.873199
6210	-1024.703	-1236.123	211.4192	1.672144	0.4011199	2.059981
6216	-1038.998	-1250.592	211.594	1.73866	0.2882442	2.059981
6222	-1022.494	-1233.561	211.0667	1.681901	0.2882442	2.435852
6228	-1018.906	-1229.351	210.4454	1.422711	0.5301039	2.693174
6234	-1012.194	-1222.311	210.1168	1.705498	0.7285128	2.548407
6240	-1014.021	-1224.337	210.3156	1.750492	0.6350848	2.473651
6246	-1016.951	-1228.321	211.3698	1.887557	0.6350848	1.686474
6252	-1017.506	-1229.2	211.6939	1.921318	0.4558889	1.630891
6258	-1020.387	-1231.806	211.4186	1.932722	0.5621968	1.695174
6264	-1017.724	-1229.55	211.8263	1.920305	0.6681911	1.282111
6270	-1032.558	-1243.829	211.2711	1.677789	0.4449504	2.100228
6276	-1025.242	-1236.426	211.1845	1.779208	0.923017	1.646981
6282	-1036.05	-1246.028	209.9783	1.635903	0.5183661	2.859496
6288	-1032.679	-1242.379	209.7001	1.602176	0.7777203	2.830553
6294	-1028.161	-1237.91	209.7492	1.637997	0.95803	2.655842
6300	-1015.336	-1225.741	210.4056	1.487209	0.4875875	2.72063
6306	-1014.222	-1225.316	211.0942	1.801245	0.6696716	1.904555
6312	-1034.356	-1245.187	210.8304	1.911166	0.891815	1.826563
6318	-1034.626	-1244.566	209.9393	1.73007	0.8272213	2.569493
6324	-1034.731	-1245.683	210.9519	2.310628	1.42958	1.042657
6330	-1027.26	-1238.336	211.0763	1.997533	1.142068	1.405474
6336	-1025.005	-1236.919	211.914	2.182509	0.6629666	0.9724512
6342	-1032.174	-1243.188	211.0136	2.018308	0.8337191	1.668651
6348	-1021.908	-1233.007	211.0996	1.798472	1.046076	1.604453
6354	-1036.495	-1248.504	212.0091	2.18929	0.6457814	0.8876344
6360	-1022.018	-1233.782	211.7642	2.204513	0.8587137	0.8470593
6366	-1029.515	-1241.481	211.9663	2.281543	0.7051532	0.7153055
6372	-1004.422	-1215.903	211.4808	1.95861	0.7125733	1.477462
6378	-1019.358	-1231.093	211.7347	1.792924	0.7125733	1.409925
6384	-1025.008	-1236.326	211.3184	1.839931	0.5626783	1.829383
6390	-1027.856	-1238.751	210.895	1.822827	0.6616235	2.030921
6396	-1024.857	-1236.151	211.2941	1.844758	0.399243	2.030921
6402	-1021.213	-1232.827	211.6141	2.030732	0.917355	1.113881
6408	-1033.989	-1245.329	211.3391	2.030732	1.131999	1.170602
6414	-1029.216	-1240.511	211.2952	2.15087	1.218241	1.030606
6420	-1028.33	-1238.664	210.3343	1.469004	0.6867946	2.59361
6426	-1029.512	-1239.999	210.4874	1.596896	0.7180735	2.392447
6432	-1036.978	-1248.188	211.2093	1.718004	0.8305351	1.745192
6438	-1013.322	-1223.88	210.5578	1.640381	0.6556484	2.372543
6444	-1012.174	-1222.765	210.5906	1.761717	0.5494337	2.372543
6450	-1004.221	-1215.672	211.451	1.897814	0.6657798	1.590345
6456	-1020.264	-1231.41	211.146	1.750091	0.6319874	1.939084
6462	-1039.357	-1250.22	210.863	1.778776	1.28257	1.636965
6468	-1017.504	-1228.813	211.3084	1.677913	0.5902727	1.918559
6474	-1026.693	-1238.135	211.442	1.980656	0.904027	1.31523
6480	-1024.549	-1234.285	209.7356	1.478666	0.6621316	2.972899
6486	-1025.774	-1235.714	209.9402	1.562188	0.632307	2.823614
6492	-1033.947	-1245.247	211.2995	1.955586	0.7900573	1.543556
6498	-1029.484	-1240.864	211.3803	1.726141	0.7128049	1.719671
6504	-1035.614	-1245.682	210.0679	1.524901	0.5283937	2.862764
6510	-1042.027	-1251.823	209.7957	1.540233	0.7081693	2.862764
6516	-1024.78	-1235.5	210.7206	1.707147	0.4933787	2.381802
6522	-1052.647	-1263.529	210.8824	1.780523	0.452418	2.276907
6528	-1046.269	-1256.87	210.601	1.671701	0.3973075	2.586877
6534	-1037.558	-1249.065	211.507	2.215969	1.093324	0.8545539
6540	-1041.445	-1252.736	211.2915	2.322762	1.330264	0.7218858
6546	-1047.586	-1259.57	211.9842	2.210418	0.7439932	0.7218858
6552	-1039.533	-1251.076	211.5433	1.936178	0.4194519	1.773776
6558	-1032.881	-1244.017	211.1369	1.796825	0.5100266	2.036907
6564	-1033.072	-1244.065	210.9923	1.815717	0.67553	1.958258
6570	-1019.831	-1231.042	211.2112	1.947073	0.5706897	1.821113
6576	-1015.026	-1226.321	211.2944	2.069385	0.4673339	1.794322
6582	-1034.171	-1245.875	211.7045	2.2225	0.9013055	0.8407888
6588	-1038.96	-1250.09	211.1299	2.073344	1.120727	1.318557
6594	-1044.443	-1255.875	211.4322	1.935843	0.9440567	1.324968
6600	-1018.452	-1230.399	211.9476	1.946303	0.5813939	1.261819
6606	-1029.165	-1241.374	212.209	1.956971	0.5591082	1.051391
6612	-1022.275	-1232.073	209.7978	1.504864	0.6419908	2.936258
6618	-1023.918	-1234.016	210.0983	1.644684	0.788712	2.551781
6624	-1032.702	-1243.444	210.7418	1.632288	0.5501118	2.358126
6630	-1025.941	-1236.081	210.1398	1.694828	0.5840293	2.662979
6636	-1019.197	-1229.531	210.3334	1.49404	0.4821699	2.766192
6642	-1025.985	-1236.522	210.5365	1.433118	0.4364192	2.728383
6648	-1023.204	-1231.659	208.4545	1.288858	0.6865892	3.816943
6654	-1026.032	-1237.585	211.5529	2.430616	0.9561862	0.6700964
6660	-1029.633	-1241.388	211.7555	2.424926	0.7772632	0.674994
6666	-1038.233	-1249.654	211.4209	2.430681	1.087598	0.674994
6672	-1033.016	-1244.813	211.7976	2.374967	0.7523508	0.7402636
6678	-1040.555	-1252.128	211.5725	2.307221	0.9171715	0.8769795
6684	-1032.605	-1244.363	211.7583	2.577936	0.6929735	0.5021349
6690	-1028.936	-1240.746	211.8103	2.133433	0.8161253	0.9312201
6696	-1031.004	-1242.26	211.2562	2.133433	1.329067	0.9952018
6702	-1027.064	-1238.797	211.7324	2.096721	0.8318958	1.029681
6708	-1026.029	-1237.7	211.671	1.89633	0.7882503	1.304373
6714	-1035.243	-1245.754	210.5114	3.054437	1.470268	0.4148316
6720	-1037.636	-1248.185	210.55	3.007716	1.470268	0.3971062
6726	-1039.998	-1250.242	210.244	2.739814	2.419177	0.6110354
6732	-1020.226	-1231.564	211.3378	1.865016	1.044125	1.376348
6738	-1002.545	-1214.144	211.5989	2.172628	0.6073492	1.330549
6744	-1018.19	-1229.38	211.19	1.99	0.6775024	1.700353
6750	-1026.324	-1237.596	211.2727	2.502258	1.183036	0.6544166
6756	-1027.692	-1239.451	211.7587	2.334466	0.7883052	0.7918375
6762	-1032.675	-1244.463	211.7881	2.218485	0.7148886	0.9943813
6768	-1016.049	-1228.098	212.0491	2.403928	0.5879134	0.6307676
6774	-1024.785	-1236.933	212.1481	2.434697	0.4929352	0.6719072
6780	-1024.807	-1236.847	212.0407	2.375308	0.6082178	0.6476986
6786	-1018.356	-1229.988	211.6313	2.400219	0.9165764	0.657082
6792	-1037.08	-1249.169	212.0894	2.400219	0.5599765	0.6431603
6798	-1033.147	-1245.074	211.9263	2.59039	0.5599765	0.5635986
6804	-1036.065	-1245.314	209.2491	1.553992	0.5453359	3.318061
6810	-1025.84	-1235.861	210.0207	1.56054	0.3921466	3.014015
6816	-1019.638	-1230.189	210.5506	1.576943	0.623762	2.445026
6822	-1031.517	-1242.34	210.8224	1.796749	0.3492233	2.431172
6828	-1022.578	-1233.515	210.9363	1.769157	0.5423277	2.152982
6834	-1034.276	-1245.502	211.2261	1.554956	0.4133214	2.246948
6840	-1020.915	-1231.331	210.4159	1.654672	0.5552441	2.543812
6846	-1029.854	-1240.912	211.0585	1.662847	0.3725374	2.336052
6852	-1021.453	-1233.056	211.6031	1.766213	0.4946086	1.75821
6858	-1027.464	-1238.711	211.247	1.641595	0.4868979	2.091925
6864	-1013.183	-1224.92	211.7366	2.139259	0.5372031	1.331516
6870	-1011.017	-1223.02	212.0031	1.990944	0.5372031	1.23463
6876	-1002.678	-1214.671	211.9932	1.93424	0.6880818	1.103408
6882	-1017.377	-1229.248	211.8712	2.34087	0.4996564	1.096625
6888	-1022.662	-1234.605	211.9428	2.336014	0.3992816	1.19631
6894	-1027.803	-1239.694	211.8906	2.284025	0.725402	0.7861985
6900	-1015.509	-1227.415	211.9064	2.370504	0.561863	0.9353585
6906	-1016.144	-1227.729	211.5844	2.171793	1.005576	0.913722
6912	-1022.21	-1233.856	211.6456	2.147304	0.7884616	1.111392
6918	-1011.991	-1223.842	211.8504	1.862944	0.5199081	1.479097
6924	-1018.8	-1230.379	211.5794	1.859258	0.6226316	1.568254
6930	-1008.705	-1220.726	212.0216	1.859258	0.5529702	1.307704
6936	-1020.96	-1232.699	211.7392	1.987466	0.7491208	1.211546
6942	-1018.287	-1229.875	211.5881	2.07062	0.8054862	1.211546
6948	-1016.149	-1227.744	211.5945	2.060881	0.7964312	1.223401
6954	-1007.592	-1218.826	211.2337	1.896025	0.7964312	1.629566
6960	-1016.564	-1226.867	210.3029	1.79329	1.303161	2.001889
6966	-1015.169	-1226.762	211.5927	1.867807	0.5363553	1.645796
6972	-1005.857	-1217.488	211.6303	2.125089	0.5127339	1.455976
6978	-996.4565	-1207.816	211.3591	2.0399	0.6090636	1.611281
6984	-1009.743	-1219.975	210.2316	1.877817	0.6090636	2.46958
6990	-1013.709	-1224.331	210.6219	1.795888	0.4966512	2.384676
6996	-1006.89	-1217.04	210.1499	1.665403	0.8506699	2.461751
7002	-1004.865	-1215.926	211.0613	1.74977	0.7000657	1.934471
7008	-1003.003	-1214.583	211.5801	2.069922	0.8105634	1.213866
7014	-1002.972	-1214.624	211.6517	1.998314	0.8105634	1.213866
7020	-1014.419	-1226.439	212.0204	2.188408	0.3975731	1.258167
7026	-1018.771	-1230.284	211.5122	2.009364	0.6713374	1.456128
7032	-1009.128	-1220.704	211.5755	2.041308	0.5561115	1.508837
7038	-1025.621	-1237.224	211.6032	2.092889	0.6678399	1.323463
7044	-1008.846	-1220.383	211.5371	1.91445	0.6678399	1.512464
7050	-1004.445	-1215.682	211.237	1.78399	0.6876182	1.802231
7056	-1007.528	-1218.967	211.4389	1.80525	0.4912504	1.848691
7062	-1009.429	-1220.815	211.3863	2.021127	0.5475832	1.671279
7068	-1011.955	-1222.46	210.5055	1.948517	0.7601334	2.121089
7074	-1021.974	-1232.826	210.8527	1.93155	0.9412029	1.760426
7080	-1032.251	-1243.149	210.8981	1.760879	0.514946	2.21134
7086	-1008.693	-1219.561	210.8681	1.937396	0.5789328	2.050651
7092	-1008.062	-1219.225	211.1623	2.029197	0.54551	1.824744
7098	-1005.041	-1215.936	210.8943	1.697955	1.064674	1.808148
7104	-1006.556	-1217.69	211.1344	1.52907	0.4943723	2.230235
7110	-1015.266	-1225.903	210.6362	1.636431	0.4982625	2.474363
7116	-1018.259	-1228.086	209.8264	1.565076	0.5446962	2.968746
7122	-1003.297	-1214.65	211.3535	1.896975	0.3999387	1.955569
7128	-1017.786	-1229.361	211.5752	1.989067	0.3591311	1.797164
7134	-999.6777	-1210.83	211.1527	2.004721	0.5084988	1.888453
7140	-1001.121	-1212.576	211.4545	2.020777	0.5084988	1.667194
7146	-1018.564	-1229.94	211.3764	2.053636	0.4973841	1.712379
7152	-1010.854	-1222.595	211.7414	1.656749	0.6710379	1.548949
7158	-1006.021	-1217.659	211.6389	1.86967	0.6791331	1.458153
7164	-1011.883	-1222.983	211.1005	1.694699	0.5039906	2.134508
7170	-1016.877	-1227.782	210.9049	1.742992	0.5053628	2.228575
7176	-1014.03	-1225.49	211.4597	1.706762	0.8171177	1.58529
7182	-1017.407	-1229.302	211.8955	1.899362	0.823328	1.071785
7188	-1022.749	-1234.406	211.6577	2.127241	0.823328	1.081082
7194	-1013.852	-1225.613	211.7619	2.219106	0.8459229	0.8497431
7200	-1005.154	-1216.354	211.2005	2.318393	1.299512	0.8825378
7206	-1010.551	-1222.209	211.6581	2.415665	0.7744913	0.8384043
7212	-1024.928	-1236.396	211.4673	2.376187	0.8828652	0.9576348
7218	-1031.316	-1243.08	211.764	2.347368	0.8381218	0.6706639
7224	-1014.187	-1225.509	211.3221	2.551167	1.117007	0.5209615
7230	-1012.165	-1223.535	211.3699	2.550489	1.066661	0.5209615
7236	-1017.75	-1229.305	211.5555	2.529179	0.8641661	0.6653051
7242	-1022.356	-1234.04	211.6848	2.307965	0.784625	0.9183711
7248	-1024.844	-1236.485	211.6416	2.46021	0.8449228	0.6742228
7254	-1028.939	-1240.649	211.7098	2.419541	0.8294543	0.6540567
7260	-1011.695	-1223.547	211.8511	2.418555	0.6685442	0.75664
7266	-1029.829	-1241.578	211.7495	2.418555	0.8001024	0.6444034
7272	-1012.127	-1223.392	211.2652	2.392113	1.224942	0.7877747
7278	-1020.244	-1231.561	211.3178	2.392113	1.224942	0.7083779
7284	-1020.717	-1232.554	211.8372	2.260376	0.6588431	0.9770854
7290	-1014.303	-1226.282	211.9787	2.260179	0.6246572	0.874848
7296	-1018.271	-1229.906	211.6349	2.255624	0.8408962	0.9575157
7302	-1016.169	-1227.936	211.7664	2.11398	0.7207984	1.107612
7308	-1009.907	-1221.547	211.6407	2.002546	0.6982592	1.333532
7314	-1017.421	-1228.799	211.3782	1.95645	0.3576724	1.95578
7320	-1016.531	-1227.574	211.0432	1.959672	1.043782	1.529099
7326	-1019.886	-1231.389	211.503	1.803816	0.7263679	1.563126
7332	-1005.5	-1216.644	211.1437	1.855961	0.7313132	1.777983
7338	-1016.866	-1228.223	211.3573	1.868696	0.5670623	1.777983
7344	-1014.893	-1226.211	211.3187	1.741182	0.4604236	2.008771
7350	-1009.307	-1220.599	211.2917	1.945681	0.4673912	1.881115
7356	-1016.879	-1228.06	211.181	1.763503	0.3609173	2.208198
7362	-1025.568	-1236.642	211.0733	1.8728	0.5251344	2.012488
7368	-1025.785	-1237.025	211.2404	2.100553	0.4007543	1.893343
7374	-1022.17	-1233.356	211.1857	1.724936	0.3498502	2.244922
7380	-1022.432	-1233.079	210.6468	1.784379	0.6317609	2.244922
7386	-1020.803	-1231.899	211.0968	1.722666	0.480765	2.143979
7392	-1025.694	-1236.781	211.0876	1.886777	0.4146951	2.119901
7398	-1029.11	-1240.789	211.6791	1.924356	0.4146951	1.692935
7404	-1025.115	-1236.404	211.2888	1.829034	0.3988587	2.045338
7410	-1015.578	-1226.891	211.3123	1.814126	0.6912173	1.725348
7416	-1021.608	-1232.605	210.997	1.827326	0.6811715	1.942254
7422	-1017.263	-1228.33	211.0668	1.766543	0.9178406	1.743366
7428	-1026.844	-1238.004	211.1598	1.78337	0.8190037	1.743366
7434	-1023.132	-1235.116	211.984	1.877083	0.5212707	1.363385
7440	-1017.762	-1229.628	211.8655	2.326121	0.740202	0.7342111
7446	-1004.752	-1216.048	211.2961	2.438391	1.15832	0.7612158
7452	-1000.72	-1212.004	211.284	2.544346	1.155857	0.5760999
7458	-1006.856	-1218.399	211.5426	2.600478	0.8431662	0.4319523
7464	-1010.51	-1221.768	211.2585	2.554045	1.184986	0.4852856
7470	-1016.024	-1227.218	211.1948	2.636655	1.162812	0.4762438
7476	-1018.488	-1230.064	211.5759	2.596128	0.8257274	0.4762438
7482	-1014.944	-1226.352	211.4076	2.606147	0.9716561	0.4762438
7488	-1024.725	-1236.149	211.4236	2.535961	1.015595	0.4286189
7494	-1022.727	-1234.05	211.3225	2.641526	1.015595	0.4439844
7500	-1033.165	-1243.202	210.0371	1.486719	0.5199853	2.912598
7506	-1030.159	-1240.731	210.572	1.684294	0.7808245	2.233136
7512	-1032.309	-1243.749	211.4393	2.410859	1.016452	0.7861572
7518	-1033.905	-1245.415	211.5102	2.411354	1.044532	0.6094209
7524	-1029.994	-1241.755	211.7608	2.39842	0.8029276	0.6562881
7530	-1033.531	-1245.051	211.5194	2.245589	0.9759359	0.9366995
7536	-1014.374	-1226.334	211.9592	2.204384	0.5367515	1.086147
7542	-1020.322	-1231.782	211.4596	2.13627	0.8551617	1.216452
7548	-1028.224	-1239.605	211.3812	2.012085	0.8252025	1.407865
7554	-1021.931	-1233.255	211.3238	2.002021	0.8852346	1.407865
7560	-1025.783	-1237.374	211.591	2.35009	0.9916978	0.6819555
7566	-1028.001	-1238.757	210.7552	2.523721	1.836181	0.6819555
7572	-1033.969	-1244.865	210.8962	1.997707	0.7400917	1.84343
7578	-1020.458	-1231.453	210.9953	2.018339	0.4043141	2.107067
7584	-1038.769	-1250.394	211.6253	2.45173	0.9121633	0.4902398
7590	-1029.167	-1239.089	209.9224	1.822283	0.4617504	2.837991
7596	-1027.774	-1239.163	211.3889	1.86745	0.2876645	2.111081
7602	-1040.98	-1252.718	211.7378	1.961962	0.4296564	1.603835
7608	-1037.058	-1249.074	212.0163	2.219583	0.3300545	1.348842
7614	-1022.237	-1233.237	211.0005	1.87792	0.5869136	1.994344
7620	-1026.491	-1238.121	211.6306	2.029683	0.3374112	1.762347
7626	-1029.416	-1241.061	211.645	1.952948	0.4364543	1.66819
7632	-1011.315	-1222.823	211.5087	2.22781	1.042313	0.8953467
7638	-1025.567	-1237.111	211.5439	2.40364	0.8359386	0.9019018
7644	-1025.525	-1236.55	211.0251	2.159028	1.39029	1.142915
7650	-1026.556	-1237.841	211.2852	2.055247	0.9791654	1.318093
7656	-1026.252	-1237.94	211.6874	2.121018	0.6060791	1.302292
7662	-1025.654	-1237.096	211.4417	2.085001	0.5552898	1.576473
7668	-1010.948	-1222.05	211.1028	1.942456	0.5552898	1.914297
7674	-1012.057	-1223.891	211.8346	2.251164	0.7108786	0.9167044
7680	-1023.69	-1234.969	211.2792	1.874048	0.6179339	1.776699
7686	-1036.875	-1247.993	211.1186	1.833784	0.7511754	1.793589
7692	-1034.835	-1246.453	211.6183	2.234997	0.8821623	0.9481525
7698	-1033.611	-1244.99	211.3792	1.956795	1.017431	1.29065
7704	-1022.106	-1232.672	210.5668	1.580077	0.5153534	2.535467
7710	-1016.141	-1226.829	210.6873	1.503811	0.4207691	2.609831
7716	-1016.559	-1227.513	210.9544	1.898901	0.678532	1.925071
7722	-1031.95	-1243.437	211.4868	1.845413	0.4838965	1.796544
7728	-1014.23	-1224.824	210.5932	1.910414	0.9618784	1.938091
7734	-1013.615	-1224.969	211.354	1.840761	0.9115864	1.486222
7740	-1017.367	-1228.975	211.6077	1.97509	0.6263488	1.456632
7746	-1026.965	-1238.812	211.8474	2.00939	0.5325426	1.352559
7752	-1021.294	-1232.681	211.3876	2.029546	0.9741907	1.259587
7758	-1030.108	-1241.524	211.4154	1.957733	0.9741907	1.295739
7764	-1018.803	-1230.281	211.4772	1.941286	0.6504022	1.55462
7770	-1020.05	-1231.34	211.2896	1.954953	0.9211834	1.440612
7776	-1016.05	-1227.266	211.2158	1.99871	1.044898	1.366547
7782	-1013.289	-1224.697	211.4089	1.663283	0.8256296	1.646476
7788	-1003.468	-1215.328	211.8602	1.883364	0.6851867	1.265966
7794	-1012.928	-1224.956	212.0285	1.909348	0.4473839	1.401217
7800	-1034.823	-1246.626	211.8028	1.609191	0.2885133	2.006966
7806	-1035.706	-1246.9	211.1941	1.621855	0.5172674	2.106778
7812	-1045.275	-1257.459	212.1844	1.824919	0.427921	1.372938
7818	-1031.959	-1243.771	211.8114	1.882778	0.749512	1.23863
7824	-1015.951	-1227.214	211.263	1.858355	0.9662713	1.49831
7830	-1015.652	-1227.497	211.8451	1.897187	0.6694311	1.284302
7836	-1013.823	-1225.121	211.2977	1.982985	0.5747483	1.731681
7842	-1016.306	-1227.253	210.9477	1.782214	0.3803134	2.320647
7848	-1014.823	-1225.692	210.8694	1.764358	0.4759943	2.269318
7854	-1030.394	-1241.304	210.9092	1.727665	0.913761	1.88209
7860	-1013.956	-1224.536	210.5799	1.713397	0.5359505	2.423137
7866	-1015.786	-1226.526	210.7397	1.78462	0.4027414	2.423137
7872	-1015.121	-1226.911	211.7894	1.734879	0.4132629	1.750609
7878	-1023.007	-1234.847	211.8403	1.929397	0.3449777	1.673749
7884	-1021.058	-1231.179	210.1203	1.637821	0.8813858	2.476141
7890	-1024.451	-1236.116	211.6659	1.853792	0.3468007	1.845724
7896	-1024.216	-1235.466	211.2492	1.707819	0.5934504	1.93518
7902	-1012.191	-1223.524	211.3327	1.758367	0.3675783	2.103865
7908	-1020.684	-1231.879	211.1952	1.697625	0.359764	2.24308
7914	-1008.467	-1218.854	210.387	1.633423	0.7673331	2.394048
7920	-1023.138	-1233.504	210.3662	1.894212	0.7422065	2.260919
7926	-1027.783	-1238.616	210.8327	1.89625	0.559392	2.120432
7932	-1025.607	-1236.195	210.5882	1.553647	0.4145632	2.647367
7938	-1016.771	-1227.569	210.7981	1.532575	0.425725	2.51742
7944	-1022.508	-1231.995	209.4864	1.57563	1.022573	2.81501
7950	-1030.107	-1240.793	210.6852	1.857645	0.3227232	2.514965
7956	-1034.156	-1245.596	211.4405	2.041229	0.4770569	1.69997
7962	-1028.155	-1240.193	212.0381	2.115988	0.430218	1.252549
7968	-1018.424	-1229.775	211.3507	2.151063	0.582615	1.564524
7974	-1027.85	-1238.93	211.08	2.093626	0.5622426	1.819308
7980	-1030.819	-1242.803	211.9843	2.172977	0.4625125	1.201062
7986	-1037.862	-1249.474	211.612	2.03895	0.6773065	1.349383
7992	-1029.153	-1240.503	211.3502	1.743474	0.5061113	1.934276
7998	-1027.101	-1238.005	210.9038	1.63145	0.5447211	2.260576
8004	-1039.588	-1250.389	210.8003	1.718546	1.017956	1.889548
8010	-1042.129	-1253.677	211.5478	2.095734	0.7232532	1.307404
8016	-1031.079	-1242.899	211.8204	2.182818	0.7232532	0.9870287
8022	-1037.666	-1249.631	211.9645	2.184707	0.683689	0.8852337
8028	-1043.676	-1255.108	211.4322	2.122509	0.986836	1.130202
8034	-1010.683	-1222.185	211.5016	2.291866	1.06134	0.8038487
8040	-1012.318	-1223.544	211.2257	2.254997	1.40046	0.8317779
8046	-1003.432	-1214.857	211.4248	2.380131	1.08336	0.7588518
8052	-1012.831	-1224.264	211.433	2.322263	1.117209	0.7846318
8058	-1007.656	-1218.979	211.3234	2.504265	1.148751	0.5996914
8064	-1025.788	-1237.011	211.2234	2.593453	1.179109	0.5258967
8070	-1027.681	-1239.078	211.3967	2.685703	0.907294	0.4963344
8076	-1030.457	-1242.149	211.6918	2.292818	0.8750529	0.8038392
8082	-1025.914	-1237.559	211.6455	2.183429	0.8913244	0.9632271
8088	-1018.129	-1229.814	211.685	2.030629	0.8936841	1.072127
8094	-1031.559	-1243.311	211.7519	2.122624	0.8936841	0.9116142
8100	-1026.67	-1238.355	211.6852	2.122624	0.8936841	0.9823312
8106	-1035.831	-1247.04	211.2094	2.095713	1.4531	0.983074
8112	-1045.348	-1257.206	211.8582	1.983907	0.54187	1.352602
8118	-1034.425	-1245.882	211.4568	2.170922	0.9152941	1.131315
8124	-1047.194	-1258.921	211.727	2.124039	0.7412681	1.110897
8130	-1032.6	-1243.776	211.1756	2.220695	1.084041	1.186163
8136	-1031.605	-1243.248	211.6424	2.220695	0.9018529	0.9143998
8142	-1041.712	-1253.433	211.7214	2.300619	0.9039988	0.7006849
8148	-1021.385	-1233.07	211.6842	2.358823	0.9039988	0.6610622
8154	-1016.849	-1228.138	211.2896	2.296792	1.318749	0.777689
8160	-1035.894	-1247.053	211.1589	2.449611	1.343508	0.7138167
8166	-1037.06	-1248.681	211.6203	2.323614	1.02477	0.6004985
8172	-1023.989	-1235.249	211.2594	2.450349	1.260915	0.6508822
8178	-1032.413	-1244.023	211.6104	2.451532	0.9227521	0.5457222
8184	-1025.234	-1237.246	212.0126	1.961336	0.3643313	1.494886
8190	-1025.479	-1236.689	211.2092	2.583141	1.198742	0.4374876
8196	-1023.53	-1234.733	211.2032	2.591528	1.198742	0.4462256
8202	-1017.555	-1229.723	212.1677	2.154626	0.5723601	0.86634
8208	-1018.332	-1230.566	212.2336	2.033787	0.5763928	0.9219025
8214	-1019.058	-1230.705	211.6462	2.070679	1.073226	0.8839569
8220	-1017.409	-1229.403	211.9942	2.151806	0.7355757	0.8073748
8226	-1022.952	-1235.039	212.0864	1.94186	0.8232773	0.8232042
8232	-1017.924	-1229.824	211.9004	2.251883	0.7209395	0.8232042
8238	-1024.038	-1235.745	211.7074	2.230409	0.9434129	0.7672865
8244	-1022.242	-1233.997	211.7555	2.269251	0.9060202	0.6920033
8250	-1015.134	-1226.968	211.8342	2.100358	0.8838554	0.8547932
8256	-1019.355	-1231.202	211.8471	2.204036	0.7476496	0.9035581
8262	-1012.243	-1224.111	211.8683	1.906522	0.8103481	1.104302
8268	-1034.275	-1245.238	210.9637	1.985746	1.462822	1.295083
8274	-1011.969	-1223.964	211.9948	2.117671	0.7730092	0.7906387
8280	-1008.845	-1220.421	211.5765	2.286022	1.059332	0.7037493
8286	-1016.577	-1228.081	211.5047	2.267565	1.156792	0.7037493
8292	-1010.449	-1221.53	211.0808	2.280254	1.307545	1.040488
8298	-1020.623	-1231.778	211.1548	2.266704	1.216517	1.055613
8304	-1024.474	-1235.632	211.1571	2.196331	1.271479	1.075847
8310	-1011.353	-1222.666	211.3123	2.383245	1.152535	0.8212721
8316	-1005.356	-1216.557	211.2015	2.27952	1.376631	0.8542563
8322	-1017.315	-1229.131	211.8158	2.308551	0.7851268	0.7530401
8328	-1023.646	-1234.741	211.0948	2.324753	1.383464	0.9186081
8334	-1027.27	-1239.249	211.9786	2.001229	0.8592456	0.8326208
8340	-1031.172	-1242.981	211.8097	2.02545	0.8092685	1.049118
8346	-1021.309	-1232.923	211.6137	1.763161	0.9002369	1.355121
8352	-1021.218	-1232.692	211.4742	2.071438	0.6634875	1.445889
8358	-1002.846	-1214.163	211.3166	2.089262	0.6693854	1.544914
8364	-1010.216	-1221.788	211.5717	2.331383	0.9682386	0.7801013
8370	-1010.628	-1222.328	211.6995	2.374169	0.8914064	0.622762
8376	-1025.098	-1237.063	211.965	2.472526	0.6007127	0.622762
8382	-1042.32	-1253.254	210.9342	2.487998	1.635424	0.6590463
8388	-1040.839	-1252.281	211.4411	2.361457	1.180615	0.5891749
8394	-1035.493	-1247.24	211.7474	2.404501	0.788682	0.7020948
8400	-1010.591	-1222.412	211.8208	2.328564	0.7944595	0.6944281
8406	-1031.354	-1242.981	211.6273	2.130124	0.722809	1.213477
8412	-1016.546	-1228.345	211.7995	2.097793	0.722809	1.089742
8418	-1021.655	-1233.401	211.7465	2.09496	0.7517868	1.10771
8424	-1040.692	-1252.342	211.6501	2.109495	0.7308751	1.202906
8430	-1018.549	-1230.505	211.9561	2.203359	0.6326886	0.9502611
8436	-1021.704	-1233.344	211.6398	2.106768	0.6338806	1.320332
8442	-1011.744	-1223.509	211.7656	1.857028	0.6338806	1.417992
8448	-1017.146	-1228.589	211.4433	1.84543	0.9073811	1.417992
8454	-1028.845	-1239.957	211.1124	1.77484	0.8483108	1.75907
8460	-1029.583	-1240.148	210.5653	1.645263	0.8637893	2.200709
8466	-1037.919	-1249.125	211.2065	1.683465	0.5517954	2.021947
8472	-1017.315	-1228.358	211.0436	1.776228	0.5517954	2.068368
8478	-1023.659	-1235.849	212.1906	2.191148	0.4173572	1.073533
8484	-1032.642	-1243.899	211.2565	2.099352	0.7675657	1.488609
8490	-1027.858	-1238.796	210.9377	1.812364	0.9598224	1.770792
8496	-1037.88	-1248.088	210.2085	1.812219	0.8126198	2.359668
8502	-1028.273	-1239.553	211.2798	1.761289	0.8551384	1.644687
8508	-1035.566	-1246.219	210.6528	1.773266	1.200199	1.837561
8514	-1021.832	-1233.211	211.3789	1.948099	0.8569354	1.431169
8520	-1006.114	-1217.391	211.2766	2.01785	0.7021723	1.594833
8526	-1003.918	-1212.96	209.0424	1.564637	0.5911841	3.392549
8532	-1005.551	-1214.813	209.2617	1.645044	0.5279277	3.273108
8538	-1022.459	-1232.341	209.8819	1.501309	0.498508	3.018249
8544	-1018.474	-1228.481	210.0071	1.810621	0.5554857	2.699797
8550	-1031.902	-1243.631	211.7284	2.118642	0.742142	1.113526
8556	-1021.036	-1232.948	211.9117	2.158567	0.4107797	1.350008
8562	-1022.636	-1234.253	211.6168	2.015257	0.6573825	1.385442
8568	-1027.536	-1238.591	211.0548	1.673977	0.5942105	2.086367
8574	-1034.312	-1245.033	210.7209	1.739388	0.5423078	2.310968
8580	-1023.292	-1234.225	210.9328	1.762001	0.8026938	1.927225
8586	-1020.162	-1231.818	211.6561	1.982128	0.5357514	1.516484
8592	-1017.3	-1228.901	211.6004	2.097631	0.5075921	1.505611
8598	-1031.825	-1242.572	210.7471	2.01544	0.4984123	2.16176
8604	-1041.809	-1252.752	210.9427	2.0146	0.707708	1.828127
8610	-1034.666	-1246.324	211.6573	2.119082	0.9621296	0.9396022
8616	-1024.691	-1236.025	211.334	1.989892	0.9621296	1.345316
8622	-1027.367	-1239.09	211.7229	1.90404	0.8647599	1.180613
8628	-1037.829	-1249.899	212.0699	2.044329	0.594895	1.049636
8634	-1026.674	-1238.108	211.434	2.096185	1.1681	0.9908426
8640	-1032.685	-1243.756	211.0712	2.590997	1.355914	0.5660211
8646	-1025.639	-1236.904	211.265	2.515601	1.2183	0.5420631
8652	-1046	-1257.413	211.4131	2.298346	1.093461	0.8680817
8658	-1031.432	-1242.847	211.4158	2.233772	1.093461	0.9374709
8664	-1028.46	-1240.274	211.8146	2.002116	0.8823307	0.9858454
8670	-1023.15	-1234.899	211.7486	2.002192	0.7998777	1.137112
8676	-1031.234	-1241.984	210.75	1.809316	1.491703	1.578312
8682	-1028.503	-1238.674	210.1713	1.493003	0.5291939	2.818602
8688	-1044.124	-1254.562	210.4382	1.317482	0.5657248	2.728286
8694	-1013.374	-1225.099	211.7249	2.209057	0.8503501	0.8987759
8700	-1015.202	-1226.931	211.7292	2.156521	0.8503501	0.9513155
8706	-1017	-1228.626	211.6263	1.900836	0.7344816	1.388645
8712	-1023.387	-1235.256	211.8685	1.852228	0.6471532	1.326331
8718	-1017.642	-1229.214	211.5725	1.751989	0.6086386	1.665324
8724	-1022.797	-1234.902	212.1047	1.935419	0.7128613	0.9627704
8730	-1022.188	-1234.038	211.8493	1.97024	0.7016651	1.183468
8736	-1023.841	-1235.474	211.6333	1.981436	0.8478423	1.207465
8742	-1024.612	-1236.802	212.1895	2.067314	0.5901136	0.91115
8748	-1045.379	-1257.462	212.0832	2.133798	0.6468606	0.8641716
8754	-1002.075	-1213.347	211.2727	1.899375	0.5971171	1.784474
8760	-1014.695	-1225.994	211.2991	1.77706	0.5373449	1.912232
8766	-1016.428	-1226.512	210.0841	1.476829	0.8165712	2.64418
8772	-1018.596	-1228.406	209.8107	1.445478	0.7629593	2.869375
8778	-1010.717	-1221.161	210.444	1.628049	0.7629593	2.364736
8784	-1019.168	-1230.159	210.9909	1.739501	0.6793705	2.006713
8790	-1000.541	-1211.291	210.7501	1.623507	0.4152646	2.502767
8796	-1011.832	-1222.333	210.5004	1.436593	0.4153594	2.772109
8802	-1005.01	-1215.308	210.2981	1.503253	0.4549471	2.810795
8808	-1014.307	-1223.762	209.4554	1.552388	0.5102562	3.230243
8814	-1005.569	-1215.866	210.2968	1.581693	0.5603088	2.657902
8820	-1002.759	-1214.144	211.385	1.710773	0.5122497	1.926066
8826	-997.1581	-1208.379	211.2205	1.704275	0.9237352	1.674322
8832	-995.8702	-1207.509	211.6389	1.70576	0.3849924	1.911697
8838	-1015.105	-1225.502	210.3965	1.580277	0.7925082	2.402493
8844	-1008.971	-1219.012	210.041	1.573411	0.5560625	2.823421
8850	-1004.918	-1214.939	210.021	1.609402	0.5457061	2.823421
8856	-1007.456	-1217.856	210.4005	1.602772	0.6866442	2.469152
8862	-1018.035	-1226.448	208.4137	1.405181	0.3839302	4.051169
8868	-1026.622	-1236.564	209.9429	1.378818	0.4362328	3.119467
8874	-1030.553	-1241.283	210.7301	1.548796	0.5623707	2.40647
8880	-1029.027	-1239.474	210.4469	1.541864	0.4996452	2.649348
8886	-1029.84	-1240.295	210.4547	1.593853	0.5253155	2.586581
8892	-1026.484	-1237.488	211.0031	1.525406	0.7298593	2.096944
8898	-1025.087	-1235.56	210.4734	1.42712	0.7294759	2.498912
8904	-1021.373	-1231.573	210.2003	1.425284	0.9721629	2.498912
8910	-1014.064	-1225.016	210.9519	1.629133	0.4517066	2.330067
8916	-1025.753	-1236.743	210.9904	1.652999	0.4948045	2.242737
8922	-1025.222	-1236.08	210.8581	1.726245	0.624904	2.152047
8928	-1027.776	-1238.467	210.6908	1.715601	0.624904	2.26701
8934	-1028.761	-1240.081	211.32	1.57703	0.5393063	2.030174
8940	-1037.291	-1247.864	210.5724	1.561272	0.4269969	2.638139
8946	-1040.981	-1251.443	210.4613	1.540483	0.6819134	2.474037
8952	-1020.805	-1230.024	209.2188	1.505555	1.011263	3.025442
8958	-1026.746	-1236.386	209.6393	1.517228	1.011263	2.764236
8964	-1024.357	-1235.227	210.8702	1.517228	0.4793892	2.422196
8970	-1027.154	-1238.533	211.3788	1.907858	0.6337134	1.66694
8976	-1023.248	-1235.047	211.7987	1.924354	0.3720725	1.66694
8982	-1018.671	-1229.365	210.6944	1.655609	0.6254061	2.302676
8988	-1032.246	-1243.214	210.9672	1.696156	0.3736529	2.371439
8994	-1008.867	-1219.762	210.8946	1.837556	1.211769	1.614949
9000	-1019.868	-1231.964	212.0959	1.759157	0.3905599	1.544357
9006	-1027.899	-1238.695	210.7958	1.559356	0.9921193	2.01685
9012	-1035.926	-1246.508	210.5819	1.568502	1.002679	2.144695
9018	-1028.404	-1238.429	210.0252	1.4315	0.6047166	2.875074
9024	-1027.52	-1237.401	209.881	1.636178	0.4876136	2.9487
9030	-1013.524	-1224.01	210.4858	1.520252	0.6059515	2.536989
9036	-1011.16	-1222.296	211.136	1.632177	0.6506609	2.007425
9042	-1024.19	-1234.922	210.7314	1.757612	0.7685762	2.091385
9048	-1032.724	-1244.335	211.6103	1.671376	0.6237889	1.680487
9054	-1026.961	-1237.995	211.0345	1.825666	0.4699623	2.129513
9060	-1022.365	-1232.662	210.2964	1.745641	0.4638958	2.653876
9066	-1025.125	-1236.668	211.5423	1.781641	0.4638958	1.825991
9072	-1047.312	-1258.687	211.3749	1.958344	0.3082215	2.028693
9078	-1017.226	-1228.441	211.2149	1.904303	0.540396	1.87977
9084	-1017.856	-1229.117	211.2606	1.924402	0.4868131	1.894174
9090	-1010.678	-1221.732	211.0539	2.148506	0.945238	1.453428
9096	-1007.362	-1218.695	211.333	2.122736	0.5895645	1.590677
9102	-1012.756	-1224.392	211.6356	2.011243	0.5647543	1.476362
9108	-1038.245	-1249.968	211.7232	1.867636	0.3818575	1.746562
9114	-1039.79	-1250.366	210.5764	1.78587	0.706489	2.224539
9120	-1031.977	-1242.758	210.7817	1.845713	0.592042	2.15475
9126	-1014.955	-1225.731	210.7752	1.881797	0.5210406	2.206251
9132	-1015.3	-1226.42	211.1196	1.991853	0.4612559	1.973371
9138	-1001.788	-1213.199	211.4113	1.991853	0.3872162	1.868998
9144	-1020.523	-1232.443	211.9199	2.075584	0.5408917	1.228568
9150	-1027.547	-1238.889	211.3422	2.007371	0.7487606	1.510643
9156	-1023.678	-1234.327	210.6488	1.810893	0.8735198	2.030465
9162	-1025.751	-1236.762	211.0108	1.75274	0.8400609	1.851058
9168	-1033.24	-1244.366	211.127	2.068093	0.4784891	1.8969
9174	-1025.192	-1236.425	211.2326	2.067812	0.8753533	1.435836
9180	-1026.548	-1238.143	211.5956	1.887367	0.517423	1.651362
9186	-1027.091	-1238.561	211.4707	1.887367	0.517423	1.739906
9192	-1019.246	-1230.289	211.0428	1.82228	0.564214	2.025843
9198	-1013.423	-1224.541	211.1177	1.723977	0.5733039	2.03228
9204	-1027.487	-1238.803	211.3158	1.813226	0.6731214	1.740397
9210	-1011.851	-1223.003	211.1529	1.643878	0.5125915	2.124292
9216	-1018.709	-1228.421	209.7119	1.424622	0.7292605	2.966824
9222	-1007.852	-1218.343	210.491	1.670194	0.6026499	2.4429
9228	-1017.743	-1228.715	210.9729	2.159315	0.7655618	1.654459
9234	-1017.13	-1227.306	210.1756	1.392982	0.314277	3.119226
9240	-1027.066	-1238.782	211.7159	2.111291	0.4474843	1.485745
9246	-1014.688	-1226.198	211.51	1.955162	0.4050363	1.802622
9252	-1026.889	-1238.515	211.6264	1.808207	0.6556271	1.537387
9258	-1028.492	-1240.137	211.6446	2.066954	0.9775126	0.9905461
9264	-1038.675	-1249.713	211.0376	1.982536	0.5537488	1.932841
9270	-1033.741	-1245.388	211.6469	2.205873	0.6146894	1.255723
9276	-1016.763	-1228.418	211.6556	2.048605	0.6659897	1.318934
9282	-1020.053	-1231.823	211.7698	1.757254	0.5193128	1.617362
9288	-1031.697	-1243.454	211.7565	1.871606	0.5767706	1.476819
9294	-1024.735	-1236.717	211.9824	1.957051	0.3221331	1.587203
9300	-1026.742	-1238.384	211.6416	1.786401	0.3047863	1.970772
9306	-1032.846	-1243.942	211.096	1.739589	0.4698299	2.145661
9312	-1042.088	-1253.265	211.1777	1.804312	0.4723903	2.046668
9318	-1026.975	-1238.847	211.8719	1.974116	0.4400161	1.481644
9324	-1021.52	-1232.256	210.7365	1.584623	0.5178539	2.423824
9330	-1018.705	-1229.378	210.6729	1.586778	0.5568765	2.423824
9336	-1023.332	-1234.672	211.3396	1.698201	0.631153	1.843536
9342	-1023.545	-1234.395	210.8505	1.714984	0.5631466	2.222907
9348	-1009.546	-1220.857	211.3109	1.894353	0.5092308	1.855002
9354	-1014.264	-1226.115	211.851	2.069256	0.5092308	1.331843
9360	-1021.081	-1232.263	211.1817	1.874296	0.411391	2.070401
9366	-1010.958	-1221.839	210.8807	1.793368	0.5456418	2.170004
9372	-1019.91	-1231.037	211.1271	1.622848	0.4983938	2.170004
9378	-1018.272	-1229.027	210.7551	1.719928	0.6201007	2.227279
9384	-1010.566	-1222.34	211.7736	2.034398	0.9148431	0.9585716
9390	-1009.022	-1221.118	212.0958	1.895896	0.6478194	1.094171
9396	-1019.724	-1231.611	211.8863	1.895896	0.5527956	1.386414
9402	-1019.741	-1230.919	211.1778	1.609139	0.6294477	2.014508
9408	-1019.963	-1231.293	211.3298	1.774577	0.885911	1.574011
9414	-1017.579	-1228.868	211.2889	1.702881	0.4431781	2.074129
9420	-1007.365	-1218.542	211.1773	1.679381	0.4431781	2.16251
9426	-1006.658	-1217.876	211.2178	1.915681	0.973532	1.483572
9432	-999.7334	-1211.511	211.7774	1.934415	0.8260711	1.144616
9438	-1023.154	-1234.342	211.1875	2.070815	1.084916	1.300951
9444	-1031.586	-1243.508	211.922	2.22069	0.7277448	0.8244753
9450	-1027.622	-1239.031	211.4095	2.304501	1.088383	0.8707144
9456	-1027.082	-1238.585	211.503	2.30839	1.088383	0.7420827
9462	-1016.668	-1228.184	211.5158	2.349809	1.003177	0.7830506
9468	-1010.385	-1222.133	211.748	2.493651	0.767846	0.4940788
9474	-1033.767	-1245.35	211.5831	2.005051	0.5797582	1.503574
9480	-1021.862	-1233.704	211.8418	1.864476	0.4242341	1.606314
9486	-1008.312	-1220.013	211.7005	1.799191	0.5462785	1.606314
9492	-1002.941	-1214.415	211.4737	1.734722	0.5559992	1.801871
9498	-1012.241	-1223.988	211.747	1.650315	0.3540439	1.918673
9504	-1008.855	-1219.116	210.2611	1.672844	0.407383	2.783127
9510	-1017.005	-1228.076	211.0709	1.826656	0.4321884	2.148853
9516	-1015.749	-1226.789	211.0398	1.833241	0.3647717	2.249138
9522	-1014.646	-1225.858	211.2126	1.742527	0.3042286	2.28093
9528	-1013.019	-1224.421	211.4024	1.708419	0.3755868	2.080237
9534	-1010.081	-1221.858	211.7764	2.037759	0.4401157	1.505473
9540	-1024.587	-1235.817	211.2296	2.105478	0.9127531	1.377392
9546	-1017.039	-1228.373	211.3341	2.121686	0.7321434	1.446102
9552	-1021.758	-1233.117	211.3589	2.087439	0.6470655	1.537423
9558	-1018.28	-1228.929	210.649	2.055099	0.8219246	1.905768
9564	-1031.56	-1242.912	211.3516	1.762891	0.4815901	1.947809
9570	-1035.233	-1245.932	210.6995	1.90331	0.5674785	2.194519
9576	-1028.514	-1239.857	211.3434	1.928906	0.4449538	1.884263
9582	-1027.667	-1238.842	211.1756	1.918941	0.5064929	1.933238
9588	-1024.26	-1234.866	210.606	1.907171	0.5748988	2.245178
9594	-1036.321	-1247.681	211.3601	1.873269	0.3978186	1.969777
9600	-1043.58	-1254.657	211.077	1.704114	0.5712622	2.074378
9606	-1035.736	-1244.862	209.1261	1.502274	0.4441478	3.519325
9612	-1019.699	-1230.337	210.6373	1.728239	0.4755918	2.440013
9618	-1007.457	-1218.772	211.3145	1.60532	0.7110403	1.850864
9624	-1023.321	-1234.69	211.3697	1.60532	0.6823394	1.838734
9630	-1030.843	-1240.362	209.5188	1.545001	0.6438269	3.078022
9636	-1043.134	-1253.373	210.2386	1.576381	0.6117351	2.650204
9642	-1044.153	-1254.399	210.2458	1.670188	0.5071236	2.686556
9648	-1028.052	-1238.577	210.5248	1.78864	0.4171473	2.538102
9654	-1023.107	-1233.78	210.673	1.722575	0.3894076	2.520062
9660	-1023.789	-1234.795	211.0061	1.812085	0.4539468	2.175042
9666	-1029.166	-1239.938	210.7719	1.78042	0.5143891	2.28054
9672	-1025.545	-1236.26	210.7149	1.847804	0.5467895	2.24086
9678	-1008.571	-1219.216	210.6445	1.796967	0.6215064	2.247591
9684	-1019.994	-1231.447	211.4535	1.84894	0.5747455	1.71637
9690	-1031.868	-1243.502	211.6335	2.121464	0.8043173	1.128672
9696	-1012.591	-1224.061	211.4705	2.012754	0.8961102	1.2728
9702	-1029.131	-1240.559	211.4275	2.010034	0.8961102	1.310077
9708	-1026.333	-1237.245	210.9119	1.850008	0.8961102	1.809335
9714	-1034.777	-1246.519	211.7421	2.067885	0.5626874	1.352626
9720	-1018.709	-1230.118	211.4093	2.133449	0.9278767	1.194124
9726	-1021.965	-1232.947	210.982	2.257921	1.483824	1.025109
9732	-1013.384	-1225.228	211.8437	2.140777	0.6193094	1.136879
9738	-1030.059	-1241.123	211.0637	2.013249	1.250499	1.328339
9744	-1026.896	-1237.905	211.0087	2.012629	0.8574122	1.65701
9750	-1029.965	-1240.647	210.6825	1.710058	0.8021413	2.128314
9756	-1024.03	-1234.967	210.9377	1.756036	0.627367	2.078112
9762	-1034.807	-1246.352	211.5453	2.036516	0.5784425	1.509757
9768	-1020.342	-1231.679	211.3368	1.891391	0.7593926	1.590551
9774	-1023.631	-1234.933	211.3022	1.659619	0.3973187	2.149742
9780	-1025.499	-1237.037	211.5386	1.994166	0.673533	1.445381
9786	-1031.444	-1242.609	211.165	1.829531	0.9728507	1.587151
9792	-1034.932	-1246.36	211.4283	1.800155	0.5235958	1.823148
9798	-1025.882	-1236.919	211.0373	1.785746	0.9092118	1.757049
9804	-1025.459	-1237.104	211.645	1.726959	0.6678733	1.571352
9810	-1026.713	-1238.091	211.3785	1.669382	0.7378993	1.738519
9816	-1024.758	-1235.305	210.5468	1.785518	0.9122696	2.08677
9822	-1029.755	-1240.969	211.214	1.80655	0.4335846	2.066587
9828	-1045.341	-1254.981	209.6399	1.784258	0.6404642	2.864153
9834	-1052.526	-1263.376	210.8496	1.779726	0.957316	1.855945
9840	-1043.426	-1254.1	210.6735	1.64255	0.6046042	2.343223
9846	-1023.535	-1234.714	211.1788	1.809131	0.6046042	1.90335
9852	-1024.697	-1235.729	211.0319	1.931162	1.002119	1.588537
9858	-1027.747	-1239.143	211.3967	2.148385	1.002119	1.125065
9864	-1025.131	-1236.789	211.6575	2.066232	0.8347289	1.125065
9870	-1020.291	-1230.858	210.5668	1.741253	0.688396	2.274557
9876	-1011.023	-1221.972	210.9485	1.76444	0.6156034	2.076447
9882	-1018.08	-1229.686	211.6062	1.906017	0.7164858	1.417965
9888	-1023.901	-1235.463	211.5617	1.942604	0.5267833	1.625192
9894	-1005.535	-1216.531	210.9954	1.962259	0.7438361	1.796219
9900	-1016.75	-1227.772	211.0221	1.777641	0.620347	2.014516
9906	-1018.536	-1227.767	209.2306	1.710829	1.295594	2.739171
9912	-1033.458	-1242.773	209.3157	1.835382	2.034922	2.292126
9918	-1034.535	-1242.28	207.7448	1.541429	1.556306	3.604312
9924	-1029.253	-1238.593	209.3401	1.736749	1.334167	2.636701
9930	-1040.139	-1250.939	210.8006	1.576843	0.4971805	2.409639
9936	-1044.583	-1254.751	210.1678	1.630245	0.433042	2.836707
9942	-1033.121	-1243.601	210.4801	1.536985	0.5555831	2.576711
9948	-1021.488	-1231.818	210.3297	1.54086	0.4772302	2.744983
9954	-1007.62	-1218.073	210.4534	1.54086	0.2758804	2.918353
9960	-997.088	-1206.881	209.7933	1.515589	0.6063958	2.962804
9966	-1014.858	-1225.333	210.4751	1.585799	0.6063958	2.502394
9972	-1019.154	-1229.219	210.065	1.710825	0.6899359	2.608094
9978	-1024.018	-1234.776	210.7586	1.316187	0.6531984	2.452464
9984	-1023.128	-1231.556	208.4279	1.174413	0.5647677	3.996525
9990	-1010.893	-1221.241	210.3477	1.400441	0.3818592	2.925897
9996	-1024.913	-1235.464	210.5509	1.702702	0.5501381	2.434213
10002	-1014.127	-1224.784	210.6564	1.781705	0.4984736	2.369895
10008	-1031.748	-1242.887	211.139	1.904171	0.5110609	1.962788
10014	-1011.144	-1222.033	210.8892	1.461705	0.7814163	2.171469
10020	-1010.911	-1221.698	210.7867	1.969855	1.11798	1.657606
10026	-1014.335	-1226.074	211.7386	1.928263	0.751293	1.259509
10032	-1029.53	-1241.069	211.5397	2.081147	0.751293	1.297298
10038	-1018.163	-1228.882	210.7184	1.809961	0.5386641	2.271067
10044	-1011.394	-1222.552	211.1573	1.665055	0.7133197	1.915273
10050	-1008.416	-1219.752	211.336	1.894684	0.7920644	1.559804
10056	-1015.365	-1227.412	212.0465	1.962617	0.509042	1.259707
10062	-1003.699	-1215.439	211.7405	1.950374	0.7976889	1.191901
10068	-1026.538	-1238.549	212.0115	2.025895	0.542702	1.19046
10074	-1031.908	-1242.985	211.0775	2.047829	1.221626	1.30914
10080	-1025.584	-1236.833	211.2485	2.053	1.152589	1.213413
10086	-1023.661	-1235.045	211.3841	1.97893	1.061187	1.233008
10092	-1031.723	-1243.139	211.4168	1.749008	0.6199736	1.76594
10098	-1031.311	-1242.508	211.1965	1.876998	0.6874531	1.76594
10104	-1020.137	-1231.833	211.6964	2.00672	0.6351265	1.353659
10110	-1016.04	-1228.025	211.9848	1.8104	0.6351265	1.279434
10116	-1022.961	-1234.663	211.7022	1.742271	0.631817	1.554467
10122	-1018.458	-1230.326	211.8676	1.810064	0.7543325	1.247384
10128	-1015.056	-1226.451	211.3955	1.834769	0.6909842	1.651819
10134	-1003.571	-1215.682	212.1103	2.084951	0.4217836	1.23114
10140	-1009.683	-1220.966	211.2838	2.355336	1.241037	0.7937622
10146	-1007.658	-1218.948	211.2906	2.343896	1.246602	0.7937622
10152	-1010.368	-1221.998	211.6302	2.344899	0.8574907	0.8409199
10158	-1010.835	-1222.709	211.8738	2.195457	0.7436294	0.8887208
10164	-1021.224	-1232.749	211.5244	2.217935	1.042376	0.8887208
10170	-1035.85	-1246.936	211.0855	2.001005	0.6573445	1.784912
10176	-1040.207	-1251.805	211.5977	1.991568	0.2377117	1.97459
10182	-1024.213	-1236.3	212.0867	2.145563	0.631833	0.8707877
10188	-1024.867	-1236.678	211.8113	2.168803	0.7877235	0.9280871
10194	-1015.397	-1227.126	211.7292	1.952451	0.8320212	1.16519
10200	-1039.784	-1250.309	210.5252	1.615727	0.3844963	2.68365
10206	-1049.45	-1259.299	209.8493	1.632891	0.8766096	2.650796
10212	-1023.336	-1234.362	211.0253	1.964913	0.4288073	2.092318
10218	-1027.647	-1237.564	209.9178	1.644169	0.6805353	2.74724
10224	-1024.76	-1236.556	211.7952	2.197553	0.7114578	1.012532
10230	-1030.428	-1240.54	210.1119	1.961177	0.8451399	2.302543
10236	-1035.308	-1246.088	210.7793	1.611933	0.4561048	2.445143
10242	-1021.734	-1232.626	210.8928	1.71844	0.368633	2.410813
10248	-1019.88	-1231.03	211.1497	1.598088	0.6034214	2.065045
10254	-1016.786	-1228.338	211.5524	1.826723	0.6617838	1.572145
10260	-1024.701	-1236.061	211.3598	2.275357	1.210294	0.8331584
10266	-1009.38	-1220.747	211.3665	2.064913	0.9473015	1.270641
10272	-1008.07	-1219.228	211.158	2.046155	1.006357	1.404218
10278	-1013.911	-1224.975	211.064	1.922192	1.138338	1.475152
10284	-1033.782	-1244.43	210.6482	1.753754	1.174275	1.869665
10290	-1031.012	-1242.92	211.908	2.044913	0.8147289	0.9230203
10296	-1009.708	-1221.275	211.567	2.151838	0.6853977	1.28603
10302	-1018.725	-1230.368	211.6428	2.078978	0.5140443	1.47982
10308	-1025.748	-1237.011	211.2631	2.078978	0.4003305	1.893171
10314	-1027.993	-1239.509	211.5161	1.90856	0.6457947	1.554744
10320	-1014.957	-1225.545	210.5883	1.727531	0.5178372	2.427146
10326	-1023.043	-1233.712	210.669	1.8746	0.3895034	2.427146
10332	-1026.482	-1237.241	210.759	1.575251	0.6120726	2.324805
10338	-1026.25	-1235.146	208.8959	1.435822	0.6120726	3.535726
10344	-1015.004	-1225.947	210.9433	1.818449	0.4773599	2.185302
10350	-1016.327	-1227.925	211.598	2.02662	0.6786627	1.368812
10356	-1007.326	-1218.493	211.1674	1.775162	0.6786627	1.864346
10362	-1031.69	-1242.216	210.526	1.738028	0.4813848	2.497502
10368	-1019.861	-1229.869	210.0085	1.780369	0.466041	2.806602
10374	-1022.425	-1232.631	210.2067	1.583632	0.5709335	2.702194
10380	-1023.39	-1233.576	210.1852	1.554586	0.364806	2.951653
10386	-1025.168	-1235.256	210.0881	1.419203	0.3817304	3.070568
10392	-1022.422	-1232.548	210.1262	1.517517	0.703324	2.678771
10398	-1016.107	-1225.722	209.6147	1.489586	0.3876294	3.302677
10404	-1015.79	-1226.335	210.5449	1.464062	0.6912223	2.461804
10410	-1020.303	-1230.94	210.6376	1.531384	0.576926	2.461804
10416	-1031.167	-1241.932	210.765	1.367777	0.5188227	2.540757
10422	-1016.639	-1225.951	209.3124	1.528804	0.7278442	3.144465
10428	-1007.021	-1219.036	212.0157	1.813307	0.5731263	1.324823
10434	-1010.097	-1221.809	211.7112	1.872162	0.6336883	1.448349
10440	-1022.66	-1234.439	211.7788	1.914717	0.6336883	1.362868
10446	-1011.975	-1223.736	211.7601	1.93697	0.6336883	1.36005
10452	-1003.287	-1214.92	211.6338	2.086314	0.80961	1.154132
10458	-1000.407	-1211.417	211.0107	1.968712	1.298978	1.373702
10464	-1007.156	-1219.076	211.92	2.114624	0.6348302	1.070995
10470	-1008.394	-1219.872	211.4781	1.846192	0.4854907	1.800169
10476	-1016.142	-1227	210.8576	1.941415	0.3813455	2.275157
10482	-1014.878	-1226.219	211.3415	1.907461	0.3813455	1.98098
10488	-1029.94	-1241.395	211.455	1.962287	0.3913192	1.853761
10494	-1033.574	-1244.718	211.1445	1.676012	0.4280511	2.203812
10500	-1037.203	-1248.758	211.5558	1.631234	0.6202429	1.750837
10506	-1027.324	-1238.795	211.4709	1.724094	0.6041365	1.761402
10512	-1035.176	-1246.031	210.855	1.740038	0.7241385	2.057926
10518	-1023.635	-1235.356	211.7208	1.94807	0.448251	1.60185
10524	-1036.287	-1246.752	210.4648	1.966775	1.173094	1.850165
10530	-1029.117	-1240.514	211.3975	1.998087	0.6518266	1.570045
10536	-1028.485	-1239.46	210.9757	1.787176	0.6952877	1.970994
10542	-1035.579	-1246.777	211.1981	1.992259	0.7794418	1.600334
10548	-1015.582	-1226.473	210.8911	1.887614	0.5416781	2.105775
10554	-1012.437	-1222.434	209.9968	1.363951	0.3315168	3.21986
10560	-1028.822	-1238.951	210.1293	1.671795	0.629504	2.6432
10566	-1017.247	-1227.329	210.0825	1.473086	0.629504	2.793653
10572	-1018.242	-1229.555	211.3121	1.558801	0.5435957	2.043067
10578	-1029.33	-1239.827	210.497	1.69824	0.6271366	2.39941
10584	-1014.562	-1225.228	210.6658	1.65329	0.6951272	2.261846
10590	-1025.59	-1236.247	210.6571	1.645	0.3766807	2.593827
10596	-1022.367	-1233.416	211.0491	1.765371	0.6360761	1.989995
10602	-1021.195	-1231.705	210.5096	1.616452	0.7738235	2.322007
10608	-1021.443	-1231.437	209.994	1.581809	0.8150631	2.636081
10614	-1032.112	-1243.254	211.1415	1.348916	0.6595769	2.181889
10620	-1021.941	-1232.292	210.3518	1.471425	0.6239084	2.634418
10626	-1028.064	-1238.016	209.9521	1.453837	0.8514598	2.714917
10632	-1021.136	-1230.564	209.4277	1.509332	0.5884817	3.200393
10638	-1019.938	-1231.429	211.4904	1.671702	0.3459777	2.086744
10644	-1013.34	-1224.662	211.3219	1.72228	0.3442783	2.166182
10650	-1020.335	-1232.318	211.9838	1.94248	0.4740168	1.373784
10656	-1017.131	-1228.415	211.2838	1.796506	0.5032167	1.94645
10662	-1016.434	-1227.659	211.2245	1.951469	0.4474291	1.94645
10668	-1002.427	-1213.679	211.2515	1.73675	0.4212369	2.102826
10674	-1018.846	-1228.987	210.1417	1.546666	0.639821	2.703693
10680	-1020.815	-1231.839	211.0241	1.593497	0.501477	2.252194
10686	-1019.681	-1231.571	211.8902	1.944872	0.3953036	1.552266
10692	-1022.756	-1233.94	211.1833	2.320187	0.8443	1.303257
10698	-1013.758	-1224.836	211.0783	2.097767	0.7766927	1.613126
10704	-1017.699	-1229.171	211.4719	1.800574	0.7766927	1.54261
10710	-1034.097	-1245.509	211.4113	2.044931	0.5189233	1.668747
10716	-1018.764	-1230.956	212.1914	2.046729	0.2830932	1.43147
10722	-1023.444	-1235.28	211.8356	1.936119	0.5224787	1.43147
10728	-1012.302	-1224.014	211.7123	1.967583	0.2408627	1.90787
10734	-1014.204	-1225.477	211.2727	1.897147	0.4159397	1.989154
10740	-1008.301	-1219.855	211.5549	2.001728	0.346229	1.821167
10746	-1024.968	-1236.157	211.1897	2.001728	0.455602	1.926237
10752	-1024.805	-1236.498	211.6931	1.612826	0.3661819	1.963291
10758	-1018.015	-1228.435	210.4193	1.71473	0.5138946	2.544914
10764	-1015.763	-1226.645	210.8819	1.698879	0.5138946	2.262819
10770	-1017.556	-1229.258	211.7013	2.199078	0.477852	1.388927
10776	-1021.934	-1234.118	212.1845	2.047062	0.2769431	1.447971
10782	-1020.433	-1231.488	211.0545	2.074702	0.6158563	1.795442
10788	-1007.31	-1218.679	211.3697	2.140013	0.6158563	1.522815
10794	-1025.938	-1237.606	211.6674	1.865122	0.3914206	1.774091
10800	-1008.73	-1220.388	211.6573	2.050977	0.5515297	1.44505
10806	-1020.158	-1231.416	211.2586	1.943189	0.6168577	1.743859
10812	-1011.225	-1222.661	211.436	1.743536	0.6325904	1.743859
10818	-1023.681	-1234.94	211.2591	1.903439	0.3892365	2.028125
10824	-1020.454	-1232.243	211.7895	2.071434	0.5405052	1.339282
10830	-1023.054	-1234.752	211.6982	2.419966	0.6156363	1.01687
10836	-1025.396	-1237.628	212.232	2.281591	0.3797056	1.01687
10842	-1025.912	-1237.706	211.7941	2.412089	0.5561129	1.01687
10848	-1036.829	-1247.954	211.1253	2.324163	0.8311749	1.358542
10854	-1027.974	-1239.805	211.8311	2.06197	0.505315	1.358542
10860	-1024.47	-1236.033	211.5635	2.096988	0.6508324	1.37014
10866	-1032.069	-1243.747	211.6774	2.088856	0.4831435	1.484956
10872	-1026.998	-1238.815	211.8168	1.921324	0.42092	1.587621
10878	-1016.037	-1227.713	211.676	2.02244	0.5981646	1.398744
10884	-1029.216	-1241.012	211.7955	2.27537	0.5981646	1.086001
10890	-1015.926	-1227.905	211.979	2.187617	0.3629856	1.348379
10896	-1013.744	-1225.993	212.2487	2.281927	0.4157739	0.9273495
10902	-1021.35	-1233.491	212.1404	2.259813	0.489294	0.9273495
10908	-1021.383	-1233.15	211.7662	2.336247	0.790376	0.7755511
10914	-1029.882	-1239.417	209.5358	1.599002	0.6705389	3.013749
10920	-1032.184	-1242.032	209.8487	1.710412	0.6705389	2.757114
10926	-1025.238	-1234.646	209.408	1.479777	0.5176741	3.293984
10932	-1024.746	-1234.394	209.6479	1.620661	0.459127	3.126784
10938	-1011.679	-1222.649	210.9702	1.553293	0.6032391	2.211582
10944	-1001.771	-1211.222	209.4513	1.538241	0.6829568	3.090742
10950	-1021.47	-1231.547	210.0777	1.829081	0.6829568	2.532509
10956	-996.5876	-1208.229	211.6417	1.91396	0.5595914	1.550339
10962	-1004.16	-1215.306	211.1463	1.935727	0.8985002	1.580332
10968	-1009.029	-1220.128	211.0982	1.789908	0.6610935	1.917347
10974	-1018.892	-1229.63	210.7373	1.62823	0.6610935	2.261086
10980	-1016.356	-1227.626	211.2701	1.775949	0.7127707	1.762054
10986	-1006.618	-1218.507	211.8891	1.933581	0.5490038	1.359205
10992	-1029.137	-1240.925	211.7888	1.931671	0.4902452	1.510321
10998	-1027.812	-1238.91	211.0987	1.813169	0.6657537	1.896987
11004	-1029.727	-1240.241	210.514	1.813169	0.5193648	2.418478
11010	-1044.999	-1256.21	211.2107	1.781577	0.5730337	1.931872
11016	-1028.563	-1240.419	211.8565	1.845805	0.3612348	1.697416
11022	-1026.094	-1235.657	209.5624	1.582439	0.6971899	2.986572
11028	-1038.875	-1249.38	210.5053	1.824048	0.6971899	2.253541
11034	-1021.392	-1232.237	210.8449	1.611483	0.4381111	2.424405
11040	-1016.518	-1226.75	210.2321	1.59859	0.3875415	2.869204
11046	-1026.792	-1236.83	210.0379	1.54375	0.6844003	2.732032
11052	-1018.282	-1228.604	210.3214	1.36597	0.6844003	2.667146
11058	-1018.475	-1230.024	211.549	1.659307	0.6389718	1.717392
11064	-1007.47	-1218.575	211.1044	1.700602	0.5090586	2.122663
11070	-996.9466	-1208.142	211.1951	1.846833	0.5090586	1.965825
11076	-1007.684	-1218.662	210.9785	2.006427	0.8101178	1.721352
11082	-1001.54	-1213.15	211.6096	2.020402	0.8101178	1.231264
11088	-1009.526	-1221.246	211.7207	1.965893	0.8101178	1.182944
11094	-1016.314	-1228.176	211.8627	1.898539	0.7481482	1.182944
11100	-1001.445	-1213.544	212.0982	2.122207	0.6652952	0.8293859
11106	-997.227	-1209.155	211.9279	2.22545	0.6629355	0.9119117
11112	-1000.826	-1212.343	211.5177	2.281526	0.8886419	0.9965753
11118	-1011.3	-1222.904	211.6035	2.236722	0.9299699	0.9065075
11124	-1008.754	-1220.144	211.3898	2.240677	0.9299699	1.1148
11130	-1004.16	-1215.779	211.6195	2.081372	0.8910035	1.08861
11136	-1022.649	-1234.445	211.7952	2.122169	0.8910035	0.8659697
11142	-1035.723	-1245.836	210.113	1.727072	1.249373	2.199367
11148	-1037.197	-1248.068	210.871	1.495848	1.01204	1.995865
11154	-1034.192	-1245.761	211.5693	2.281766	0.9595072	0.8584318
11160	-1020.326	-1231.957	211.6305	2.286554	0.9281256	0.8172123
11166	-1027.853	-1239.372	211.5193	2.26491	0.9281256	0.96863
11172	-1019.081	-1230.497	211.4158	2.085523	0.9645728	1.196898
11178	-1023.159	-1234.319	211.1596	2.247299	1.408795	0.9109539
11184	-1024.94	-1236.473	211.5332	2.13934	1.17354	0.8266657
11190	-1008.986	-1220.501	211.515	2.048073	0.9583335	1.148649
11196	-1010.218	-1222.272	212.0548	2.118871	0.5451379	1.064486
11202	-1018.54	-1230.479	211.9386	2.330282	0.6836159	0.7270488
11208	-1023.153	-1234.544	211.3916	2.455979	1.028536	0.773184
11214	-1018.371	-1229.805	211.4345	2.472732	0.9727186	0.7677394
11220	-1028.586	-1240.158	211.5721	2.472732	0.8919259	0.6832528
11226	-1028.764	-1240.289	211.5254	2.55394	0.8777826	0.6446495
11232	-1020.2	-1231.695	211.4945	2.544684	0.9329085	0.5946591
11238	-1007.862	-1219.331	211.4691	2.544684	0.9727663	0.4951216
11244	-1016.925	-1228.062	211.1368	2.544684	1.288921	0.6612336
11250	-1020.255	-1230.065	209.81	1.465337	0.4843949	3.09684
11256	-1026.422	-1236.071	209.649	1.502177	0.5985712	3.064168
11262	-1013.661	-1224.676	211.0145	1.664808	0.5985712	2.114657
11268	-1012.994	-1224.456	211.4622	1.653462	0.5646256	1.856648
11274	-1014.168	-1225.857	211.6892	1.733057	0.3866562	1.856648
11280	-1033.197	-1244.224	211.0278	2.661161	1.332303	0.5070711
11286	-1031.319	-1242.263	210.9444	2.686679	1.405834	0.4930995
11292	-1038.924	-1250.277	211.3522	2.628253	0.9796834	0.6235926
11298	-1032.816	-1243.753	210.9376	2.215542	1.555004	1.058763
11304	-1014.267	-1225.646	211.3785	2.215542	1.048467	1.037096
11310	-1006.906	-1218.634	211.7281	1.9012	0.8125023	1.229488
11316	-1011.561	-1222.649	211.0877	1.879204	0.7262822	1.805072
11322	-1020.991	-1232.025	211.0344	1.848912	0.7421799	1.848876
11328	-1004.833	-1216.017	211.1841	1.822349	0.7421799	1.763743
11334	-1014.701	-1226.306	211.6042	1.723196	0.5551134	1.719738
11340	-1007.967	-1218.436	210.4688	1.74667	0.5020068	2.506261
11346	-1005.976	-1216.706	210.7302	2.010386	0.5020068	2.172212
11352	-1020.478	-1230.732	210.254	1.614404	0.6371643	2.595001
11358	-1020.729	-1231.726	210.9963	1.821573	0.5300795	2.092028
11364	-1031.331	-1242.922	211.591	2.166299	1.046822	0.8663354
11370	-1034.276	-1244.714	210.4382	1.542698	0.8212413	2.378571
11376	-1029.53	-1240.357	210.8265	1.808913	0.8156096	1.957034
11382	-1026.926	-1238.325	211.3988	1.673233	0.5655726	1.885422
11388	-1018.712	-1229.196	210.484	1.599916	0.5183526	2.571571
11394	-1044.877	-1256.344	211.4664	2.10284	1.197052	0.923143
11400	-1039.883	-1251.906	212.023	1.990801	0.621374	1.10776
11406	-1033.076	-1244.718	211.6424	1.990801	0.8110445	1.227687
11412	-1021.143	-1233.327	212.1848	1.976204	0.4232908	1.257403
11418	-1018.536	-1230.288	211.753	2.079155	0.8883158	0.9632977
11424	-1053.527	-1264.949	211.4219	2.039431	0.5689013	1.608981
11430	-1030.979	-1242.855	211.8755	2.276129	0.3937011	1.311157
11436	-1023.045	-1234.804	211.7589	2.30848	0.6136914	1.068272
11442	-1019.957	-1231.766	211.8091	2.304663	0.7969358	0.747879
11448	-1011.479	-1223.029	211.5498	2.351425	0.9919933	0.747879
11454	-1028.342	-1239.9	211.5578	2.431528	0.9887777	0.5669532
11460	-1012.196	-1223.924	211.7282	2.031916	0.9599236	0.9591837
11466	-1023.212	-1233.219	210.0066	1.681199	0.5037801	2.829242
11472	-1013.169	-1224.901	211.7317	2.329678	0.8918304	0.65037
11478	-1018.39	-1230.076	211.6862	2.336851	0.9286916	0.6477094
11484	-1027.59	-1238.781	211.1902	1.835551	0.7505238	1.742975
11490	-1018.969	-1230.489	211.5203	1.864442	0.654309	1.575484
11496	-1020.133	-1230.97	210.8366	1.656754	0.9070727	1.983718
11502	-1016.498	-1227.4	210.902	1.769125	0.7613705	1.976479
11508	-1018.049	-1229.853	211.8035	2.048034	0.3257884	1.644973
11514	-1019.386	-1231.205	211.8193	1.804664	0.621165	1.430764
11520	-1002.519	-1214.313	211.7942	2.007051	0.7364922	1.160684
11526	-1000.275	-1212.004	211.7293	1.951439	0.5338062	1.486948
11532	-1001.199	-1212.635	211.4365	2.0308	0.9291282	1.256797
11538	-1001.008	-1212.974	211.9665	2.132638	0.4579498	1.256797
11544	-1016.659	-1228.436	211.7764	2.083115	0.7906783	1.046849
11550	-1009.91	-1221.618	211.7086	2.150864	0.7906783	1.046849
11556	-1008.843	-1220.942	212.0983	2.175031	0.5769407	0.9143883
11562	-1006.379	-1218.106	211.7269	2.231122	0.7771358	0.9649395
11568	-1006.069	-1217.504	211.4347	2.221428	1.101723	0.9220436
11574	-1022.389	-1234.305	211.9158	2.329784	0.7031994	0.723287
11580	-1014.1	-1225.085	210.9855	2.576125	1.408709	0.7065415
11586	-1010.499	-1221.43	210.931	2.470294	1.534997	0.8047304
11592	-1005.477	-1216.823	211.3459	2.470294	1.103106	0.7123899
11598	-1008.081	-1219.689	211.608	2.396403	0.9249058	0.6922734
11604	-1021.679	-1233.451	211.7723	2.43234	0.7328478	0.7281587
11610	-1020.779	-1232.082	211.303	2.529943	1.155258	0.5590496
11616	-1028.434	-1239.885	211.4514	2.360858	1.150853	0.6352797
11622	-1025.592	-1236.838	211.2454	2.518068	1.158778	0.7156875
11628	-1029.573	-1240.946	211.3735	2.418467	1.193713	0.5861852
11634	-1025.15	-1236.221	211.0713	2.362779	1.51965	0.7751944
11640	-1025.97	-1237.224	211.2538	2.131819	1.335657	0.9939282
11646	-1026.34	-1237.523	211.1835	2.012348	1.388921	1.133361
11652	-1017.757	-1229.442	211.685	2.042027	0.7677689	1.191639
11658	-1013.073	-1224.839	211.7662	1.840653	0.7214982	1.338672
11664	-1011.108	-1223.199	212.0919	1.924575	0.6122618	1.1171
11670	-1004.951	-1216.726	211.7755	2.13291	0.6122618	1.211818
11676	-1021.456	-1232.005	210.5484	2.193058	1.388266	1.501427
11682	-999.2485	-1211.163	211.914	1.959211	0.4513298	1.445569
11688	-1007.142	-1218.768	211.6267	1.954759	0.7487942	1.33156
11694	-1003.7	-1214.529	210.8283	2.042597	1.159058	1.547399
11700	-1017.516	-1229.294	211.7782	2.023419	0.4162731	1.547399
11706	-1019.063	-1230.554	211.4918	1.946668	0.5898151	1.603005
11712	-1025.299	-1237.275	211.9768	2.092243	0.3947095	1.375368
11718	-1020.389	-1232.037	211.6481	1.633218	0.718679	1.588916
11724	-1025.977	-1237.351	211.3739	1.807511	0.460423	1.927263
11730	-1037.264	-1248.892	211.6274	2.102599	0.6615385	1.302992
11736	-1031.727	-1243.809	212.0824	2.102599	0.3370981	1.37697
11742	-1032.649	-1244.425	211.7764	1.960263	0.3459924	1.6957
11748	-1031.819	-1242.376	210.5564	1.944256	0.3661427	2.483527
11754	-1022.919	-1234.326	211.4067	1.836908	0.6058408	1.725572
11760	-1012.756	-1224.385	211.6292	1.744381	0.3532918	1.935765
11766	-1004.098	-1216.14	212.0413	1.844336	0.3945325	1.515854
11772	-1013.739	-1225.365	211.626	1.780239	0.5644479	1.653585
11778	-1021.074	-1232.704	211.6306	1.73913	0.4425529	1.820474
11784	-1025.781	-1237.242	211.4611	1.900212	0.8143801	1.442158
11790	-1027.129	-1239.318	212.1889	1.698226	0.4468843	1.441018
11796	-1025.701	-1237.136	211.4356	1.702171	0.554812	1.851792
11802	-1021.923	-1232.981	211.0572	1.651703	0.4376857	2.264393
11808	-1017.801	-1228.813	211.0121	1.761372	0.5177933	2.133972
11814	-1012.627	-1223.381	210.7539	1.816206	0.6739226	2.117337
11820	-1017.796	-1229.08	211.2841	1.836434	0.3742111	2.075673
11826	-1008.409	-1220.437	212.0287	2.041097	0.2861915	1.552454
11832	-1016.678	-1228.529	211.8513	2.007688	0.2680951	1.73587
11838	-1032.629	-1243.522	210.892	2.130243	0.5295665	1.95684
11844	-1048.01	-1259.779	211.7686	1.700567	0.5797388	1.59146
11850	-1023.944	-1235.721	211.7776	1.652349	0.543081	1.660167
11856	-1036.501	-1248.354	211.8528	1.840075	0.4866632	1.5353
11862	-1038.256	-1249.622	211.3662	1.784085	0.6197176	1.776973
11868	-1028.65	-1239.683	211.0331	1.823359	0.9255391	1.721349
11874	-1018.587	-1229.969	211.3811	1.925102	0.6494611	1.63729
11880	-1028.087	-1239.946	211.8588	2.040582	0.4174497	1.472652
11886	-1025.84	-1237.333	211.4931	1.981164	0.4174497	1.780026
11892	-1031.191	-1242.204	211.0131	1.880105	0.5198889	2.053128
11898	-1022.265	-1232.482	210.2169	1.638022	0.5999057	2.636069
11904	-1022.705	-1233.61	210.9045	1.781621	0.6737977	2.041081
11910	-1014.133	-1225.049	210.9156	1.965756	0.6737977	1.910383
11916	-1008.182	-1219.566	211.3834	2.092568	0.4671492	1.716125
11922	-1012.269	-1223.084	210.815	2.025514	0.6339447	1.974519
11928	-1013.006	-1224.291	211.2852	2.044506	0.5441556	1.730048
11934	-1024.105	-1235.565	211.4594	2.09035	0.429666	1.711232
11940	-1019.98	-1231.051	211.071	2.046508	0.7134931	1.711232
11946	-1017.055	-1228.308	211.2527	1.695758	0.4076789	2.145496
11952	-1022.928	-1234.654	211.7258	2.092553	0.3367122	1.651603
11958	-1007.957	-1219.37	211.4129	1.859878	0.3196786	2.05154
11964	-1016.555	-1228.207	211.6517	1.938942	0.8155593	1.258863
11970	-1016.401	-1228.424	212.0225	2.274875	0.3833129	1.207117
11976	-1029.766	-1241.763	211.9964	1.908099	0.6222505	1.203021
11982	-1018.741	-1229.937	211.1968	1.688016	0.5010195	2.078919
11988	-1029.309	-1240.254	210.9454	1.567408	0.5942495	2.226911
11994	-1031.899	-1242.817	210.918	1.724541	0.4804972	2.258757
12000	-1021.508	-1232.299	210.7907	1.824245	0.6758199	2.086243
12006	-1022.937	-1233.193	210.2559	1.581408	0.5510122	2.69204
12012	-1035.539	-1246.652	211.1135	2.198694	1.340824	1.061422
12018	-1027.246	-1239.222	211.9761	2.126652	0.4988484	1.19484
12024	-1024.467	-1236.224	211.7571	1.985364	0.6272931	1.331049
12030	-1017.703	-1228.842	211.1387	1.837369	0.4479792	2.078803
12036	-1045.43	-1256.616	211.1859	1.837369	0.3534585	2.16721
12042	-1014.334	-1224.801	210.4667	1.748165	0.686475	2.335708
12048	-1020.432	-1229.923	209.4919	1.512132	0.6840767	3.081174
12054	-1021.332	-1231.469	210.1373	1.539097	0.9743544	2.465738
12060	-1018.661	-1228.81	210.1489	1.451456	0.4789803	2.90735
12066	-1024.592	-1235.587	210.995	1.608873	0.5025394	2.259893
12072	-1027.483	-1239.073	211.5905	1.672626	0.6062553	1.711402
12078	-1018.799	-1230.232	211.4335	1.698023	0.5032408	1.911899
12084	-1009.136	-1221.25	212.1141	2.004331	0.4156204	1.304062
12090	-1009.445	-1221.372	211.9277	1.878377	0.5244188	1.402508
12096	-1023.067	-1234.905	211.8381	1.991031	0.4643803	1.461704
12102	-1027.034	-1238.72	211.6863	1.854569	0.791667	1.322389
12108	-1025.882	-1238.23	212.348	1.863007	0.5059342	1.088103
12114	-1029.853	-1241.041	211.1882	1.988355	0.7298152	1.654475
12120	-1028.63	-1239.878	211.2475	1.72236	0.5930117	1.926941
12126	-1035.349	-1244.556	209.2064	1.441304	0.5930117	3.36713
12132	-1025.557	-1235.049	209.4923	1.415139	0.6249704	3.186703
12138	-1020.771	-1230.842	210.0708	1.399924	0.687381	2.797349
12144	-1020.839	-1230.499	209.6602	1.790853	0.5199811	2.956472
12150	-1028.155	-1239.921	211.766	2.0109	0.3550865	1.653351
12156	-1016.465	-1227.871	211.4064	1.799641	0.5362983	1.824661
12162	-1026.708	-1237.797	211.0893	1.726052	0.4773583	2.15048
12168	-1030.219	-1241.839	211.6196	1.662691	0.3690515	1.975205
12174	-1030.09	-1241.094	211.0038	1.695393	0.5819133	2.117677
12180	-1019.572	-1230.21	210.6382	1.484218	0.6758682	2.403194
12186	-1027.363	-1237.308	209.945	1.567995	0.5643081	2.877233
12192	-1022.464	-1233.69	211.2261	1.723673	0.5643081	1.969304
12198	-1011.41	-1223.44	212.0303	2.102449	0.4177346	1.289203
12204	-1004.788	-1216.271	211.4838	2.127845	0.9137092	1.147178
12210	-1009.65	-1220.999	211.349	1.937543	0.9023315	1.423843
12216	-1012.871	-1224.392	211.5207	1.749541	0.474165	1.850652
12222	-1022.056	-1233.74	211.6842	2.054549	0.4324518	1.571653
12228	-1029.57	-1241.217	211.6463	2.054549	0.3848034	1.664627
12234	-1025.347	-1236.756	211.4088	1.851573	0.4549999	1.880217
12240	-1042.283	-1254.07	211.787	2.068607	0.4192633	1.503073
12246	-1027.598	-1239.478	211.8795	1.86913	0.4113123	1.593152
12252	-1017.312	-1228.435	211.1237	1.873909	0.553519	1.948266
12258	-1020.189	-1230.946	210.7569	1.817508	0.8675976	1.958345
12264	-1030.601	-1242.163	211.5617	1.944277	0.450418	1.715636
12270	-1020.564	-1232.005	211.4414	1.754975	0.5036732	1.867306
12276	-1021.671	-1233.376	211.7043	2.119062	0.3647843	1.605363
12282	-1025.291	-1237.335	212.0441	2.082754	0.4318219	1.272617
12288	-1031.01	-1243.15	212.1403	2.002513	0.389021	1.325617
12294	-1022.388	-1233.865	211.4773	2.128672	0.5005676	1.58222
12300	-1015.577	-1226.894	211.3169	2.059208	0.436839	1.823196
12306	-1012.371	-1223.563	211.1913	2.059208	0.5098732	1.823196
12312	-1013.909	-1224.979	211.0699	1.799427	0.5098732	2.079583
12318	-1012.134	-1223.503	211.3688	2.125018	0.362319	1.841245
12324	-1018.048	-1229.721	211.6725	1.98044	0.29032	1.841245
12330	-1011.412	-1222.863	211.4515	1.904245	0.4335873	1.841245
12336	-1022.421	-1233.6	211.1798	1.874094	0.3554577	2.144536
12342	-1032.642	-1242.805	210.1624	1.843805	0.460683	2.679418
12348	-1025.784	-1235.59	209.8068	1.59813	0.5712118	2.936232
12354	-1026.608	-1237.289	210.6809	1.75361	0.5375385	2.33217
12360	-1020.02	-1230.602	210.5822	1.709942	0.633667	2.33217
12366	-1028.37	-1239.428	211.0586	1.83363	0.4757037	2.102031
12372	-1033.871	-1243.404	209.5334	1.642374	0.4351069	3.207343
12378	-1027.844	-1238.303	210.459	1.518231	0.478048	2.67877
12384	-1011.221	-1222.109	210.8876	1.744891	0.3723817	2.392605
12390	-1011.215	-1222.127	210.9125	1.884974	0.3275229	2.348012
12396	-1015.283	-1226.09	210.8072	1.800825	0.335328	2.456835
12402	-1033.121	-1244.428	211.307	1.786551	0.533946	1.904076
12408	-1019.678	-1231.221	211.5433	1.872341	0.6053946	1.603086
12414	-1022.765	-1233.897	211.131	1.721708	0.6382501	1.962321
12420	-1013.549	-1224.565	211.0163	1.696165	0.7450344	1.962321
12426	-1012.324	-1223.495	211.1708	1.599831	0.5347751	2.118119
12432	-1025.728	-1236.977	211.2493	1.791506	0.6199069	1.852326
12438	-1030.981	-1242.732	211.7504	1.842737	0.4728954	1.62543
12444	-1014.016	-1225.83	211.8142	1.937656	0.4194093	1.579691
12450	-1018.358	-1230.039	211.6814	2.096311	0.4056777	1.579691
12456	-1040.051	-1251.736	211.6853	2.032823	0.4590288	1.551812
12462	-1032.284	-1244.273	211.9889	2.170335	0.3863976	1.316518
12468	-1033.723	-1245.573	211.8501	1.996048	0.3347803	1.634645
12474	-1016.692	-1228.542	211.8508	2.362801	0.7366872	0.7054372
12480	-1007.679	-1219.242	211.5633	2.535878	0.8895438	0.535797
12486	-1000.47	-1211.852	211.3824	2.577921	1.02373	0.535797
12492	-1002.075	-1213.675	211.5997	2.394167	0.9526601	0.6563465
12498	-998.8732	-1210.884	212.0109	2.035769	0.7284965	0.9348
12504	-1006.467	-1218.494	212.0272	2.016631	0.6720029	1.013271
12510	-1000.483	-1212.741	212.2584	2.065391	0.5954801	0.8224968
12516	-1013.228	-1224.622	211.3946	2.219263	1.149214	0.9207516
12522	-1025.791	-1237.819	212.0278	2.310102	0.623892	0.7467709
12528	-1017.093	-1228.455	211.3615	2.431975	1.168651	0.6417278
12534	-1011.985	-1222.892	210.9073	2.71888	1.398674	0.4310348
12540	-1001.937	-1212.844	210.9067	2.71888	1.398674	0.4292231
12546	-986.6509	-1198.155	211.5045	2.641876	0.8492751	0.4993944
12552	-1000.795	-1212.066	211.2715	2.593095	1.11675	0.5730462
12558	-988.3249	-1199.383	211.0583	2.563767	1.37392	0.6418769
12564	-993.534	-1204.594	211.06	2.701299	1.225877	0.5952648
12570	-990.6838	-1201.936	211.2527	2.743537	0.9887929	0.526551
12576	-992.4599	-1203.97	211.5097	2.715233	0.7747229	0.4375982
12582	-992.9283	-1203.845	210.917	2.747647	1.354816	0.4451613
12588	-1003.82	-1215.239	211.4184	2.370894	1.192902	0.597164
12594	-1002.295	-1213.932	211.6371	2.412737	0.892891	0.6716454
12600	-1016.01	-1227.566	211.5566	2.389642	0.9622555	0.7248673
12606	-1004.464	-1216.298	211.8337	2.508991	0.6488571	0.6805174
12612	-1007.353	-1218.733	211.3797	2.51236	0.993979	0.7585499
12618	-1014.638	-1226.134	211.496	2.187491	0.9845312	1.011447
12624	-1018.199	-1229.873	211.6737	2.346874	0.8383302	0.8107844
12630	-1030.506	-1242.693	212.187	2.119783	0.6135467	0.8107844
12636	-1028.388	-1240.544	212.1559	1.928508	0.6135467	1.052417
12642	-1038.436	-1250.169	211.7334	1.926563	0.6951446	1.323431
12648	-1020.973	-1232.305	211.332	1.827472	0.764426	1.635918
12654	-1046.409	-1258.18	211.7712	1.808051	0.4031675	1.725496
12660	-1027.807	-1239.734	211.9276	1.636896	0.3831446	1.763179
12666	-1036.119	-1247.706	211.5867	1.631263	0.361664	2.028164
12672	-1012.75	-1224.572	211.8216	1.738665	0.4597015	1.665471
12678	-1011.692	-1223.224	211.5321	1.651184	0.4671393	1.918113
12684	-1011.233	-1222.954	211.7205	1.825769	0.3138145	1.876939
12690	-1002.333	-1213.642	211.309	1.777281	0.3848263	2.084286
12696	-1011.751	-1221.732	209.9807	1.719059	0.5004419	2.825336
12702	-1016.953	-1228.943	211.9901	1.888812	0.3466199	1.592559
12708	-1008.376	-1220.355	211.9797	1.797671	0.4011828	1.58626
12714	-1007.9	-1219.237	211.3364	1.75889	0.6484563	1.787267
12720	-1008.286	-1220.207	211.9211	1.792141	0.409245	1.621665
12726	-1014.978	-1226.53	211.5521	1.744073	0.4135904	1.907146
12732	-1039.061	-1249.229	210.1679	1.573321	0.8232538	2.527609
12738	-1037.447	-1247.915	210.4679	1.556196	0.8232538	2.349685
12744	-1032.711	-1243.61	210.8993	1.8103	0.5721436	2.120415
12750	-1027.836	-1238.833	210.9966	1.762161	0.6786828	1.988408
12756	-1036.581	-1246.751	210.1704	1.695718	0.5960502	2.632637
12762	-1012.873	-1223.096	210.2234	1.758805	0.5492358	2.604404
12768	-1039.136	-1250.016	210.88	2.09254	0.8192568	1.722577
12774	-1036.002	-1247.515	211.5132	1.867638	0.3899165	1.880582
12780	-1016.565	-1227.986	211.4205	1.902196	0.6252083	1.649722
12786	-1018.738	-1229.489	210.7511	1.923199	0.5527713	2.162659
12792	-1019.666	-1230.861	211.195	1.794039	0.8867741	1.656827
12798	-1017.544	-1228.76	211.216	1.977986	1.024169	1.398463
12804	-1031.182	-1242.267	211.0854	1.844591	0.6124249	1.93486
12810	-1029.317	-1240.578	211.2611	1.765484	0.4557252	2.036322
12816	-1026.065	-1237.75	211.6845	1.775336	0.4775511	1.714869
12822	-1020.96	-1233.145	212.1853	1.928682	0.5638623	1.093294
12828	-1019.057	-1230.578	211.5206	1.842182	0.5874611	1.660057
12834	-1016.231	-1227.123	210.892	1.630649	1.027355	1.880708
12840	-1025.981	-1237.631	211.6497	1.732747	0.5821141	1.651597
12846	-1033.949	-1245.806	211.8569	1.762029	0.8331926	1.218054
12852	-1017.627	-1229.618	211.9913	1.937056	0.757957	1.018463
12858	-1024.796	-1236.053	211.2578	1.909492	1.208281	1.284358
12864	-1021.207	-1232.541	211.3342	1.884283	0.9913924	1.404699
12870	-1007.7	-1219.298	211.5975	1.93686	0.9455876	1.185372
12876	-1004.002	-1215.321	211.3194	1.808854	1.162775	1.348105
12882	-1012.325	-1223.513	211.1882	1.800696	0.9763444	1.58863
12888	-1011.162	-1222.057	210.8952	1.830867	0.7852206	1.920105
12894	-1010.884	-1222.781	211.897	1.895919	0.5979434	1.324337
12900	-1021.428	-1233.214	211.7867	1.931811	0.7580013	1.209152
12906	-1011.804	-1223.511	211.7065	2.004924	0.8918987	1.07793
12912	-1014.866	-1226.198	211.3322	1.852071	0.8729029	1.525571
12918	-1020.764	-1232.438	211.6744	2.02359	0.8703715	1.112072
12924	-1025.997	-1237.546	211.5495	2.113946	1.093211	0.922718
12930	-1008.036	-1219.372	211.3363	2.113946	1.258075	0.9930193
12936	-1002.817	-1213.708	210.8914	2.312624	1.578337	0.9930193
12942	-1009.875	-1221.141	211.2652	2.153672	1.295798	0.9930193
12948	-1015.212	-1226.515	211.3029	2.190162	1.18416	1.01367
12954	-1008.183	-1219.614	211.4307	2.263234	1.166681	0.8069436
12960	-1002.974	-1214.259	211.2856	2.445497	1.025152	0.9200453
12966	-1018.435	-1229.172	210.7377	2.393058	1.898537	0.8422768
12972	-1023.006	-1234.189	211.1827	2.455627	1.309839	0.7092858
12978	-999.847	-1211.015	211.168	2.383223	1.372147	0.7671528
12984	-1007.355	-1219.165	211.8102	2.266212	0.7695925	0.8425161
12990	-998.6229	-1209.974	211.3514	2.333112	1.190497	0.7914569
12996	-1003.145	-1214.399	211.2538	2.675447	1.057781	0.4842137
13002	-1020.079	-1231.161	211.0826	2.732411	1.181914	0.482698
13008	-1010.255	-1221.257	211.0021	2.704126	1.297761	0.4295198
13014	-1015.652	-1226.79	211.1373	2.537268	1.341765	0.5610479
13020	-997.6803	-1209.1	211.4192	2.406375	1.077854	0.735465
13026	-1008.454	-1219.821	211.367	2.500167	1.099244	0.616055
13032	-1008.338	-1220.137	211.7985	2.424632	0.7540699	0.6453622
13038	-1003.424	-1214.934	211.5095	2.424632	1.039503	0.5858096
13044	-997.2014	-1209.08	211.8786	2.373875	0.6761398	0.7668614
13050	-1008.99	-1220.619	211.6291	2.254264	0.9444306	0.8381617
13056	-1021.079	-1232.824	211.7447	2.219026	0.7871062	0.9464508
13062	-1035.56	-1247.44	211.8804	2.041815	0.7996809	0.9741812
13068	-1016.334	-1227.969	211.6356	2.101901	0.97128	0.9705433
13074	-1007.06	-1218.62	211.5603	2.166007	0.8434094	1.113753
13080	-1017.786	-1229.252	211.4659	1.923799	1.096138	1.182068
13086	-1025.922	-1237.436	211.5139	1.952963	0.9312818	1.255229
13092	-1023.812	-1234.531	210.7181	1.962395	1.334589	1.578068
13098	-1037.804	-1248.984	211.1801	2.069643	1.133528	1.271153
13104	-1039.259	-1250.297	211.038	2.8766	1.036191	0.3775586
13110	-1008.906	-1220.32	211.4146	2.751931	0.8222907	0.4304617
13116	-1012.387	-1223.753	211.366	2.67033	0.9366723	0.4186293
13122	-1023.168	-1234.639	211.4709	2.39628	1.039182	0.7282657
13128	-1014.592	-1226.34	211.7484	2.417097	0.8116124	0.6178656
13134	-1019.442	-1230.897	211.4547	2.309907	1.192985	0.6578486
13140	-1015.872	-1227.313	211.441	2.415491	1.118342	0.5960402
13146	-1014.332	-1225.48	211.1484	2.659293	1.166976	0.4040389
13152	-1026.013	-1237.119	211.1065	2.697488	1.166976	0.3965911
13158	-1016.456	-1227.824	211.368	2.653496	0.9349238	0.3848101
13164	-1008.481	-1219.713	211.2326	2.733858	0.9884168	0.3848101
13170	-1002.855	-1214.071	211.2164	2.60109	1.175568	0.4576412
13176	-1013.896	-1225.52	211.6241	2.527537	0.8442229	0.4859778
13182	-1012.258	-1223.53	211.2722	2.527537	1.197028	0.5372957
13188	-1025.813	-1236.856	211.043	2.303324	1.39317	0.9877139
13194	-1013.563	-1224.877	211.314	2.192563	1.284344	0.9105992
13200	-1016.48	-1228.211	211.7304	2.082472	0.7291901	1.158585
13206	-1008.467	-1220.367	211.9002	1.995826	0.6599848	1.165124
13212	-1017.168	-1228.515	211.3474	1.904293	0.9049283	1.448424
13218	-1012.977	-1224.609	211.6328	2.022651	0.9504663	1.071963
13224	-1023.742	-1234.746	211.0031	2.133762	1.539773	1.084251
13230	-1034.636	-1243.944	209.3074	1.472227	0.9586826	3.024249
13236	-1021.477	-1231.645	210.1677	1.595446	0.7395624	2.576556
13242	-1031.294	-1241.087	209.7933	1.799454	0.6226743	2.776815
13248	-1026.009	-1236.626	210.6169	1.799454	0.3997449	2.494483
13254	-1015.91	-1227.244	211.3332	1.920449	0.5212711	1.808323
13260	-1022.645	-1234.021	211.3754	1.818385	0.5212711	1.849482
13266	-1022.799	-1234.245	211.446	2.041466	0.87484	1.288424
13272	-1026.795	-1239.204	212.4097	2.148742	0.3531637	1.026061
13278	-1019.643	-1231.588	211.9459	2.249662	0.5097627	1.096588
13284	-1019.513	-1231.731	212.2188	2.350195	0.4258905	0.8625912
13290	-1010.372	-1222.613	212.2416	2.146785	0.4523149	1.005765
13296	-1018.704	-1230.485	211.7814	2.156264	0.5396677	1.278282
13302	-1028.992	-1240.289	211.2968	2.3123	1.045945	1.024882
13308	-1029.614	-1240.954	211.3398	2.19075	0.9372268	1.196162
13314	-1024.451	-1236.768	212.3169	2.077866	0.4782293	0.9531877
13320	-1018.771	-1230.13	211.359	2.040647	1.029527	1.227951
13326	-1018.974	-1230.827	211.8535	2.015035	0.7856982	1.043902
13332	-1025.789	-1236.828	211.0394	2.184468	1.547	0.9954501
13338	-1005.7	-1217.346	211.6468	2.070212	0.8365099	1.12924
13344	-1012.598	-1224.325	211.7269	1.947926	0.7899776	1.21345
13350	-1023.043	-1234.796	211.753	2.201992	0.7883083	0.9541701
13356	-1015.272	-1226.761	211.4892	2.133934	0.9829848	1.070982
13362	-1008.388	-1220.233	211.8455	1.961009	0.805831	1.079991
13368	-1009.625	-1221.353	211.7284	2.104887	0.8595878	0.9945953
13374	-1014.293	-1225.106	210.8131	2.323133	1.673596	0.9950332
13380	-1014.927	-1226.003	211.0765	2.717549	1.179821	0.6163079
13386	-1008.902	-1220.617	211.7143	2.194225	0.8535965	0.9229971
13392	-1003.799	-1215.124	211.3244	2.241627	1.179917	0.9428229
13398	-989.7488	-1200.89	211.1414	2.340771	1.292681	0.9297231
13404	-994.6073	-1205.856	211.2491	2.190916	1.043209	1.182055
13410	-988.9682	-1200.143	211.1744	1.838497	0.6939767	1.802084
13416	-998.2229	-1209.054	210.8314	2.080184	1.312945	1.417662
13422	-1005.418	-1216.697	211.2787	2.148839	1.259135	1.01476
13428	-1016.279	-1227.77	211.4909	1.963929	0.7449251	1.434556
13434	-1017.131	-1228.185	211.0538	2.022487	1.355088	1.259053
13440	-1051.227	-1262.538	211.3111	1.99458	0.6673374	1.620129
13446	-1032.733	-1244.251	211.5184	1.848253	0.6385396	1.604512
13452	-1022.36	-1233.36	211.0002	1.720506	0.5217942	2.16422
13458	-1026.763	-1236.958	210.1957	1.733271	0.642488	2.552792
13464	-1013.168	-1224.197	211.0287	1.850129	0.4309687	2.162496
13470	-1022.61	-1234.043	211.4327	1.872812	0.3586876	1.973935
13476	-1014.307	-1225.358	211.0516	1.660858	0.4037914	2.302546
13482	-1012.774	-1223.479	210.7056	1.657133	0.5714899	2.344599
13488	-1022.365	-1234.033	211.668	1.981422	0.4761952	1.580438
13494	-1020.791	-1232.37	211.5789	1.905356	0.9138464	1.256134
13500	-1033.278	-1245.049	211.7713	2.03191	0.7840773	1.106802
13506	-1012.943	-1224.689	211.7463	2.120382	0.6925613	1.152704
13512	-1013.53	-1225.391	211.8617	2.120382	0.6581712	1.089938
13518	-1017.683	-1229.695	212.012	2.120382	0.5542204	1.089938
13524	-1026.73	-1237.701	210.9712	1.616059	0.5413801	2.230475
13530	-1033.35	-1244.838	211.4878	1.986054	0.8232373	1.346444
13536	-1037.615	-1248.779	211.164	1.900418	0.8002631	1.67317
13542	-1047.209	-1257.158	209.9486	1.573505	0.5163727	2.917115
13548	-1035.537	-1247.121	211.5834	2.012944	0.6267022	1.445883
13554	-1024.842	-1236.519	211.6775	2.327535	0.7176016	0.9924114
13560	-1030.897	-1242.638	211.7414	2.200885	0.3385279	1.558761
13566	-1022.875	-1233.987	211.1129	2.220491	0.5398622	1.732177
13572	-1010.202	-1221.462	211.2599	2.164478	0.801424	1.405298
13578	-1007.537	-1218.888	211.3503	2.151164	0.5996862	1.546265
13584	-1016.628	-1227.565	210.9372	1.852496	0.6306742	2.011507
13590	-1020.368	-1230.324	209.9556	1.723764	0.7309651	2.635045
13596	-1022.022	-1232.085	210.0625	2.140769	0.8431981	2.220385
13602	-1019.737	-1230.992	211.2544	2.089485	0.4205132	1.865877
13608	-1025.608	-1236.98	211.372	2.171587	0.6199008	1.493162
13614	-1021.125	-1232.448	211.3224	1.972119	0.5339379	1.765902
13620	-1014.424	-1225.807	211.3824	1.722139	0.5100287	1.922635
13626	-1006.378	-1218.468	212.0895	2.065724	0.2390544	1.577608
13632	-1018.363	-1230.604	212.2414	2.274523	0.2142103	1.356077
13638	-1011.266	-1222.534	211.2686	1.988945	0.4050152	1.944227
13644	-1018.854	-1229.693	210.8388	1.816363	0.3770285	2.372348
13650	-1029.901	-1240.898	210.9971	1.822355	0.3008491	2.372348
13656	-1012.218	-1223.995	211.7771	2.017729	0.2526197	1.808074
13662	-1019.894	-1231.016	211.1226	2.039581	0.3788935	2.041942
13668	-1011.661	-1222.894	211.233	1.927422	0.5708499	1.819449
13674	-1001.982	-1213.68	211.698	2.224091	0.4015578	1.478279
13680	-1011.647	-1223.482	211.835	2.099435	0.2843533	1.654042
13686	-1020.086	-1231.187	211.1008	1.763069	0.3722976	2.245174
13692	-1029.109	-1240.709	211.6006	1.760357	0.3204015	1.991933
13698	-1018.182	-1229.108	210.9259	1.815678	0.2880757	2.440512
13704	-1029.085	-1240.699	211.6138	1.864764	0.3893142	1.814353
13710	-1022.158	-1233.689	211.5311	1.676461	0.3787885	2.012001
13716	-1016.056	-1227.928	211.872	2.019037	0.3507341	1.577312
13722	-1022.248	-1234.224	211.9753	1.818891	0.4587366	1.495538
13728	-1030.802	-1242.822	212.0193	2.152459	0.6627617	0.8915319
13734	-1035.721	-1247.73	212.0089	2.21607	0.6627617	0.827875
13740	-1024.149	-1235.81	211.6608	1.969091	0.4134888	1.675708
13746	-1019.629	-1231.21	211.5809	1.962157	0.5243675	1.59988
13752	-1020.951	-1232.438	211.4875	2.246897	1.201265	0.701447
13758	-1037.868	-1249.341	211.4722	2.437874	0.9789303	0.7543487
13764	-1041.966	-1253.509	211.5434	2.401959	0.9789303	0.6976274
13770	-1022.635	-1234.071	211.4356	2.091912	0.3498318	1.835969
13776	-1022.467	-1234.353	211.8861	1.971931	0.4105035	1.513618
13782	-1019.223	-1230.914	211.6917	2.059548	0.4695827	1.513618
13788	-1007.695	-1219.822	212.1271	2.256189	0.4114651	1.08238
13794	-1026.249	-1238.436	212.1866	2.525347	0.2824371	1.031527
13800	-1024.923	-1236.045	211.1223	2.650476	1.225729	0.5507481
13806	-1009	-1220.593	211.5932	2.570139	0.8103286	0.627204
13812	-1002.193	-1213.423	211.23	2.491436	1.254063	0.6374237
13818	-1007.961	-1219.364	211.4031	2.563169	1.008327	0.5805246
13824	-1003.99	-1215.615	211.6244	2.460141	0.894489	0.5805246
13830	-1009.53	-1220.731	211.2009	2.481538	1.329574	0.569509
13836	-1019.505	-1230.588	211.0836	2.574328	1.35367	0.5886611
13842	-1003.219	-1214.429	211.2094	2.714995	1.040191	0.4017474
13848	-1002.551	-1213.704	211.1539	2.779425	1.040191	0.4225417
13854	-1039.876	-1251.731	211.8547	2.092159	0.6622197	1.117111
13860	-1014.803	-1226.248	211.4448	2.239332	1.09899	0.8936914
13866	-1012.499	-1224.185	211.6853	2.298627	0.6308222	1.122741
13872	-999.3872	-1211.016	211.6287	2.17382	0.6939306	1.206802
13878	-1010.024	-1221.63	211.606	1.954359	0.6752356	1.422401
13884	-1011.005	-1222.237	211.2326	1.874102	0.7505481	1.68585
13890	-1010.878	-1222.383	211.5051	1.918533	0.7034066	1.498238
13896	-999.5626	-1211.023	211.4603	2.175564	0.6248444	1.417561
13902	-1003.244	-1214.759	211.5144	2.137248	0.6137648	1.417561
13908	-999.4098	-1210.697	211.2872	2.062137	0.5964805	1.660206
13914	-1015.648	-1227.103	211.4549	1.911794	0.6389138	1.604107
13920	-1035.552	-1247.241	211.6896	1.91122	0.5547615	1.522351
13926	-1017.102	-1228.228	211.1265	2.119552	1.166603	1.24953
13932	-1030.549	-1241.611	211.0615	2.099593	1.007255	1.436743
13938	-1015.343	-1226.726	211.3824	2.002772	0.5303104	1.706288
13944	-1015.186	-1226.539	211.3533	1.943419	0.588168	1.706288
13950	-1014.407	-1225.322	210.9154	1.791282	0.4063077	2.303138
13956	-1002.986	-1213.262	210.2763	1.623447	0.501747	2.701962
13962	-1014.845	-1224.815	209.9699	1.518415	0.5723848	2.884834
13968	-1019.47	-1229.947	210.4769	1.611999	0.647377	2.448622
13974	-1005.724	-1215.879	210.1557	1.625657	0.5754087	2.703589
13980	-1002.844	-1211.654	208.8098	1.495858	0.7068913	3.475698
13986	-1012.203	-1222.943	210.7401	1.73111	0.5132526	2.333489
13992	-1028.559	-1240.031	211.4717	1.790603	0.4119923	1.932079
13998	-1037.08	-1247.481	210.4013	1.631861	0.7421572	2.405603
14004	-1018.176	-1228.337	210.1604	1.800026	1.147689	2.178824
14010	-1033.339	-1244.638	211.299	1.870936	0.7407911	1.649364
14016	-1011.903	-1223.578	211.6746	2.295185	0.6354661	1.129602
14022	-1012.617	-1224.224	211.6073	2.344498	0.6556109	1.120773
14028	-1023.376	-1235.238	211.8615	2.223799	0.6516463	0.999458
14034	-1029.083	-1238.362	209.2782	1.427621	0.5826493	3.341928
14040	-1020.047	-1229.694	209.6476	1.585472	0.4099902	3.201026
14046	-1017.246	-1227.656	210.4099	1.466514	0.4811973	2.737313
14052	-1024.282	-1235.328	211.0458	1.58072	0.7553981	2.011176
14058	-1022.441	-1233.567	211.1261	1.596521	0.3908771	2.312024
14064	-1030.605	-1242.423	211.8176	2.012236	0.3313878	1.651731
14070	-1023.595	-1233.904	210.3094	1.769104	0.6585702	2.445562
14076	-1007.447	-1218.926	211.479	1.938005	0.4093142	1.830168
14082	-1013.678	-1224.375	210.6974	1.785558	0.5135222	2.325751
14088	-1033.49	-1244.621	211.1304	1.981847	0.4076985	2.037846
14094	-1027.252	-1236.449	209.1975	1.620015	0.7161138	3.167413
14100	-1035.898	-1245.916	210.0181	1.659884	0.3184867	3.048258
14106	-1029.584	-1240.715	211.1311	1.662978	0.4093732	2.243401
14112	-1025.662	-1237.302	211.6395	2.094968	0.6694953	1.290581
14118	-1020.537	-1232.326	211.7891	1.874164	0.6692031	1.348279
14124	-1021.296	-1231.981	210.6852	1.600295	0.482427	2.482949
14130	-1004.776	-1216.254	211.4782	1.892275	0.482427	1.77173
14136	-1013.635	-1225.148	211.5135	1.670005	0.482427	1.900184
14142	-1023.129	-1234.494	211.3649	1.583125	0.6160325	1.919252
14148	-1009.91	-1221.235	211.3245	1.820166	0.6160325	1.784549
14154	-1028.811	-1240.224	211.4128	1.808368	0.4324819	1.934149
14160	-1024.65	-1234.987	210.3375	1.748666	0.3283878	2.788682
14166	-1035.71	-1246.113	210.4023	1.654569	0.613284	2.498721
14172	-1027.881	-1239.337	211.4561	1.815568	0.4574066	1.869588
14178	-1040.69	-1251.989	211.299	1.884996	0.553457	1.821466
14184	-1046.53	-1257.188	210.6582	1.726522	0.4934564	2.408935
14190	-1023.411	-1234.169	210.7577	1.586988	0.5103682	2.416585
14196	-1039.733	-1250.79	211.0576	1.730469	0.5378135	2.10359
14202	-1035.066	-1247.023	211.9571	2.19103	0.5932594	1.019152
14208	-1035.666	-1247.819	212.153	2.275528	0.6144652	0.5921836
14214	-1026.393	-1237.899	211.5065	2.479671	0.9991946	0.5224725
14220	-1030.983	-1243.329	212.3458	2.192614	0.5051947	0.7152178
14226	-1024.414	-1236.31	211.8962	2.184676	0.4811048	1.238651
14232	-1039.791	-1251.497	211.7061	2.019729	0.9075593	1.048286
14238	-1017.859	-1229.551	211.6928	2.157664	0.9075593	0.9215874
14244	-1012.418	-1224.271	211.8529	2.248369	0.4162847	1.316891
14250	-1008.736	-1220.473	211.7372	2.416392	0.7511562	0.7705175
14256	-1014.003	-1225.447	211.4443	2.518415	1.007767	0.5944424
14262	-1018.924	-1230.365	211.4412	2.564722	0.9685491	0.5821218
14268	-1011.157	-1223.061	211.9037	2.363519	0.7238414	0.6307619
14274	-1016.947	-1228.487	211.5404	2.3328	1.057739	0.6874613
14280	-1022.323	-1233.678	211.3555	2.310803	1.128537	0.8829903
14286	-1027.51	-1239.027	211.5173	2.496913	0.8792687	0.756109
14292	-1025.158	-1236.77	211.6121	2.460681	0.8437371	0.7271911
14298	-1017.156	-1228.714	211.5576	2.427152	0.8804054	0.7958136
14304	-1028.896	-1240.311	211.4147	2.702082	0.8715709	0.5498528
14310	-1023.911	-1235.008	211.0978	2.651218	1.243986	0.5851555
14316	-1012.851	-1223.88	211.0289	2.596066	1.396958	0.5851555
14322	-1025.414	-1236.424	211.0105	2.499763	1.505662	0.6670204
14328	-1017.216	-1228.502	211.2861	2.411759	1.088496	0.8892478
14334	-1026.208	-1235.924	209.7161	1.638211	0.5026679	3.031409
14340	-1017.09	-1226.87	209.7801	1.820647	0.5406933	2.846179
14346	-1023.067	-1233.423	210.3561	1.760344	0.7768013	2.325828
14352	-1024.824	-1235.855	211.0316	1.814808	0.4555533	2.154869
14358	-1022.908	-1233.745	210.8376	1.801322	0.6329776	2.108959
14364	-1035.83	-1247.158	211.328	2.020646	0.5874571	1.670151
14370	-1026.153	-1237.612	211.4589	1.882286	0.4165015	1.872876
14376	-1023.435	-1234.647	211.2114	1.751397	0.4940846	2.035012
14382	-1036.059	-1247.019	210.9602	1.579882	0.6964985	2.117491
14388	-1028.442	-1239.231	210.7892	1.556349	0.708333	2.233755
14394	-1014.389	-1224.456	210.0664	1.647627	0.6087093	2.714908
14400	-1031.276	-1242.574	211.2986	1.929361	1.208052	1.23423
14406	-1022.904	-1234.646	211.7421	2.138622	0.6356649	1.207242
14412	-1020.131	-1231.173	211.0418	2.081649	0.7148075	1.705861
14418	-1013.111	-1224.432	211.3214	1.944553	0.7315961	1.588201
14424	-1021.535	-1232.928	211.3939	1.93137	0.4132341	1.887895
14430	-1023.532	-1234.783	211.2514	1.857112	0.6473872	1.779123
14436	-1029.073	-1240.663	211.5901	1.902378	0.5057271	1.658154
14442	-1034.815	-1245.514	210.6986	1.792673	0.5065444	2.327658
14448	-1023.941	-1234.792	210.8506	1.767332	0.4559205	2.301731
14454	-1047.573	-1258.828	211.2557	1.680321	0.4690729	2.08076
14460	-1028.834	-1239.937	211.1037	1.92386	0.9575659	1.574495
14466	-1039.474	-1251.322	211.8482	2.021985	0.646586	1.203325
14472	-1035.047	-1246.854	211.8071	2.098152	0.7817522	1.012752
14478	-1045.633	-1257.464	211.8308	2.18019	0.6648881	1.054323
14484	-1027.237	-1239.255	212.0184	1.915774	0.4462133	1.405667
14490	-1024.662	-1235.847	211.1848	1.837711	0.4329699	2.066015
14496	-1020.938	-1232.537	211.5993	1.837711	0.4091189	1.816647
14502	-1030.809	-1242.419	211.61	1.949217	0.5659565	1.540541
14508	-1021.962	-1233.269	211.3066	1.801208	0.3553688	2.109453
14514	-1013.006	-1224.744	211.7383	2.04726	0.8183093	1.085879
14520	-1032.18	-1243.6	211.4201	1.901082	0.6608708	1.615287
14526	-1019.377	-1230.096	210.7185	1.736822	0.6986597	2.170861
14532	-1022.276	-1233.714	211.4383	2.358064	1.058453	0.8036757
14538	-1024.882	-1236.561	211.6783	2.367934	0.820747	0.8036757
14544	-1014.431	-1226.181	211.75	2.210421	0.8972715	0.8036757
14550	-1035.783	-1247.438	211.655	2.218446	0.832086	0.9854585
14556	-1024.622	-1235.93	211.3082	2.147612	1.097244	1.122793
14562	-1016.185	-1228.043	211.8584	2.323654	0.757968	0.7140008
14568	-1021.849	-1233.177	211.3278	2.374569	1.157776	0.8062478
14574	-996.3301	-1207.858	211.5279	2.092297	0.7669038	1.282205
14580	-1004.782	-1216.139	211.357	2.266943	1.003661	1.050615
14586	-1012.309	-1224.085	211.7757	2.231888	0.6327683	1.098719
14592	-1024.053	-1234.875	210.822	1.490472	0.5134321	2.43375
14598	-1017.079	-1228.012	210.9323	1.758351	1.000707	1.783274
14604	-995.91	-1207.377	211.4669	1.706897	0.8319706	1.567387
14610	-1013.651	-1224.983	211.3326	1.838399	0.8344252	1.567387
14616	-1020.678	-1232.239	211.5609	1.943729	1.115587	1.062123
14622	-1023.776	-1235.302	211.5258	1.976896	1.011571	1.154382
14628	-1026.957	-1238.137	211.1793	1.603369	0.7635775	1.899522
14634	-1012.07	-1221.996	209.9269	1.545668	0.9319201	2.619989
14640	-1032.483	-1242.703	210.2206	1.578586	0.5646225	2.702626
14646	-1016.245	-1226.748	210.5029	1.75218	0.5854607	2.399585
14652	-1011.481	-1222.925	211.4444	1.787759	0.3591453	2.022193
14658	-1023.496	-1234.693	211.1972	1.91773	0.4188081	2.022193
14664	-1005.809	-1217.217	211.4076	1.765366	0.3839662	2.028135
14670	-1003.229	-1214.739	211.5097	1.759193	0.4089125	1.931565
14676	-1012.153	-1222.769	210.6157	1.660603	0.4333514	2.542575
14682	-1014.032	-1224.767	210.7354	1.682925	0.61898	2.26473
14688	-1010.341	-1220.378	210.0365	1.470718	0.8177015	2.676465
14694	-1032.916	-1243.228	210.3122	1.451958	0.3595099	2.943553
14700	-1015.735	-1226.086	210.3512	1.699069	0.488951	2.622404
14706	-1013.614	-1224.061	210.4461	1.658896	0.611719	2.469953
14712	-1022.854	-1233.695	210.8415	1.544176	0.7811478	2.149122
14718	-1015.143	-1224.976	209.8333	1.584158	0.6410694	2.867717
14724	-1015.437	-1226.57	211.1329	1.619557	0.5461334	2.118394
14730	-1014.5	-1225.932	211.4322	1.72764	0.5220227	1.871886
14736	-1018.236	-1229.842	211.6059	1.791809	0.6566381	1.563593
14742	-1016.078	-1227.288	211.2101	1.708138	0.640344	1.916239
14748	-1014.478	-1226.271	211.7932	1.924553	0.6430139	1.333234
14754	-1014.683	-1226.235	211.5518	2.206788	0.7076005	1.22901
14760	-1012.383	-1223.583	211.1998	2.010573	0.980939	1.41915
14766	-1004.998	-1216.732	211.7335	2.243317	0.6207874	1.141777
14772	-1001.759	-1212.863	211.104	1.947467	0.6807867	1.787369
14778	-1006.744	-1217.75	211.0054	1.891307	0.8048263	1.787369
14784	-1018.652	-1229.062	210.4097	1.693258	1.286512	2.00652
14790	-1031.294	-1243.276	211.9822	1.965176	0.7410452	1.020292
14796	-1035.344	-1246.928	211.5843	1.919083	0.7410452	1.400752
14802	-1028.721	-1239.815	211.094	2.019135	1.252443	1.297733
14808	-1014.522	-1226.091	211.5692	2.045868	0.8950751	1.161847
14814	-1036.623	-1247.793	211.17	2.169544	0.6744318	1.588609
14820	-1030.146	-1242.029	211.8833	2.006683	0.5658775	1.284284
14826	-1010.951	-1222.521	211.5704	1.908984	0.5658775	1.59919
14832	-1025.244	-1235.98	210.7362	1.576977	0.5412507	2.405341
14838	-1020.023	-1230.651	210.6281	1.859997	0.473119	2.365318
14844	-1028.837	-1239.736	210.8992	1.757156	0.473119	2.257983
14850	-1019.302	-1230.583	211.2812	1.908925	0.9051186	1.494938
14856	-1016.212	-1227.079	210.8671	2.178895	1.046455	1.494938
14862	-1011.917	-1222.816	210.8986	1.977466	0.4882428	2.098682
14868	-1017.282	-1228.404	211.1221	2.113797	0.4882428	1.857829
14874	-1010.726	-1222.054	211.3275	1.858391	0.9808615	1.438067
14880	-1027.852	-1239.209	211.3576	1.905548	0.5383895	1.782918
14886	-1033.087	-1244.068	210.9814	1.951568	0.8147708	1.753998
14892	-1028.358	-1239.751	211.3922	2.051786	0.6560932	1.530018
14898	-1014.222	-1225.883	211.6616	1.955486	0.763695	1.28798
14904	-1011.533	-1223.045	211.5122	1.928476	0.588422	1.602862
14910	-1017.87	-1229.866	211.9955	1.990192	0.492342	1.301545
14916	-1024.374	-1236.141	211.767	2.178848	0.4909417	1.335582
14922	-1026.221	-1237.399	211.1781	2.100047	0.4831379	1.834786
14928	-1034.931	-1246.432	211.501	1.938581	0.3751814	1.860413
14934	-1046.651	-1256.314	209.663	1.82077	1.007875	2.564843
14940	-1028.457	-1238.712	210.2555	1.668481	1.007875	2.287557
14946	-1020.439	-1231.964	211.5254	1.733837	0.4566473	1.878966
14952	-1017.869	-1229.532	211.663	1.940387	0.5324444	1.546262
14958	-1018.577	-1229.893	211.3156	2.190724	0.7469369	1.392739
14964	-1018.835	-1230.845	212.01	2.643171	0.4569019	0.6544685
14970	-1009.769	-1221.727	211.9589	2.448595	0.4193073	1.045644
14976	-1021.194	-1232.978	211.7849	2.453039	0.5170898	1.045644
14982	-1014.491	-1226.211	211.7207	2.320398	0.6293688	1.072074
14988	-1014.018	-1226.039	212.0208	1.735268	0.6293688	1.317776
14994	-1002.762	-1213.756	210.9938	1.842804	0.8025115	1.830741
15000	-1010.274	-1221.147	210.8727	1.926322	0.4509862	2.190908
15006	-1001.291	-1212.129	210.838	1.826125	0.4029441	2.334353
15012	-1010.425	-1222.139	211.714	1.773769	0.4029441	1.789732
15018	-1004.878	-1216.55	211.672	2.023789	0.4151815	1.626139
15024	-1006.893	-1218.455	211.5617	2.006172	0.4282447	1.700253
15030	-1030.757	-1241.451	210.6942	1.616993	0.6655686	2.292043
15036	-1012.447	-1222.549	210.1026	1.669554	0.884993	2.464892
15042	-1023.657	-1234.601	210.944	1.693805	0.3658929	2.397563
15048	-1014.308	-1225.377	211.0685	1.882311	0.5431141	1.990403
15054	-1015.574	-1225.611	210.0367	1.491318	0.6347858	2.805882
15060	-1010.016	-1221.049	211.0335	1.657252	0.4103639	2.308393
15066	-1004.857	-1216.146	211.2886	1.595525	0.500366	2.080131
15072	-1012.528	-1223.447	210.9194	1.721524	0.3921214	2.362392
15078	-1001.837	-1213.306	211.4683	1.803209	0.2670542	2.134219
15084	-1020.456	-1231.112	210.6562	1.673701	1.067804	1.984353
15090	-1014.548	-1225.005	210.457	1.465343	0.4721364	2.718655
15096	-1005.636	-1216.618	210.9822	1.585269	0.5107173	2.274649
15102	-1012.943	-1224.379	211.4361	1.886709	0.4582252	1.833618
15108	-1005.595	-1216.475	210.8801	1.592129	0.327048	2.552965
15114	-994.7608	-1204.879	210.1187	1.624039	0.7873602	2.552965
15120	-1013.076	-1224.323	211.2471	1.76431	0.6393995	1.853743
15126	-1016.78	-1228.401	211.6216	1.859937	0.4087559	1.786363
15132	-1019.824	-1231.221	211.3974	2.033221	0.5472289	1.655059
15138	-1026.825	-1238.439	211.6143	1.829307	0.6075371	1.580388
15144	-1033.938	-1245.629	211.6905	1.891281	0.7325012	1.347548
15150	-1022.942	-1233.873	210.931	1.891281	0.8670715	1.789632
15156	-1022.893	-1232.712	209.8198	1.858819	1.4829	2.184372
15162	-1018.031	-1229.009	210.9785	1.798768	0.5829434	2.065396
15168	-1026.979	-1238.145	211.1664	1.798768	0.7358159	1.797966
15174	-1037.711	-1249.121	211.4098	1.869911	0.9882198	1.359237
15180	-1040.914	-1252.268	211.3539	1.730207	0.4868166	1.962267
15186	-1051.451	-1262.227	210.7759	1.679623	0.8333263	2.063164
15192	-1039.454	-1251.082	211.6285	1.895292	0.8706952	1.262344
15198	-1036.282	-1248.068	211.786	2.205112	0.8706952	0.8016592
15204	-1031.444	-1240.9	209.4566	1.662474	0.8195925	2.911539
15210	-1043.033	-1254.252	211.219	2.342502	1.186952	0.941056
15216	-1041.101	-1252.406	211.305	2.067961	1.05422	1.230269
15222	-1024.794	-1235.526	210.7317	1.958394	0.4939829	2.213529
15228	-1038.481	-1249.53	211.0489	1.947323	0.5385457	1.96478
15234	-1024.797	-1235.42	210.6237	1.737441	0.5811647	2.336431
15240	-1015.473	-1226.563	211.0897	1.925602	0.6948209	1.79961
15246	-1019.173	-1230.832	211.6588	2.073552	0.513148	1.472976
15252	-1008.923	-1219.978	211.055	1.737498	0.58491	2.053396
15258	-1019.389	-1230.489	211.1004	1.682196	0.5377937	2.107223
15264	-1017.072	-1228.034	210.9624	1.820119	0.5377937	2.107223
15270	-1019.183	-1230.412	211.2286	1.674644	0.46472	2.107223
15276	-1027.888	-1239.235	211.347	1.596163	0.3928748	2.167523
15282	-1039.583	-1251.332	211.749	2.215481	0.6385804	1.130509
15288	-1053.583	-1265.15	211.5675	2.296835	0.8819513	0.9366114
15294	-1024.708	-1236.49	211.7821	1.909083	0.7046998	1.287984
15300	-1027.101	-1238.573	211.4719	1.969155	0.665508	1.52265
15306	-1030.935	-1242.463	211.5283	1.807373	0.7469525	1.52265
15312	-1029.715	-1240.881	211.1662	1.627334	0.5885621	2.049167
15318	-1050.42	-1261.697	211.2777	1.854203	0.6185161	1.790927
15324	-1023.307	-1235.404	212.0978	1.854203	0.5233621	1.287659
15330	-1020.788	-1232.616	211.8281	2.050019	0.5233621	1.347201
15336	-1036.838	-1248.93	212.0919	2.243644	0.5879131	0.8217147
15342	-1045.902	-1258.195	212.2931	2.254609	0.4929746	0.7328432
15348	-1018.556	-1230.655	212.0989	2.254609	0.6054397	0.7626782
15354	-1014.239	-1226.024	211.7845	2.305611	0.8551219	0.6745041
15360	-1007.312	-1219.281	211.9699	2.305611	0.7208955	0.6193223
15366	-1011.886	-1223.746	211.8606	2.433745	0.7208955	0.5561211
15372	-1022.586	-1234.158	211.5718	2.457273	0.9505734	0.5640804
15378	-1032.078	-1243.93	211.8517	2.430812	0.7307156	0.5527134
15384	-1013.205	-1224.947	211.7414	2.419988	0.8314943	0.5527134
15390	-1019.973	-1231.029	211.0565	2.695713	1.253735	0.5287826
15396	-1013.92	-1225.904	211.9847	2.529897	0.5602733	0.5702399
15402	-1016.759	-1228.376	211.6172	2.468008	0.8211317	0.7481606
15408	-1030.269	-1241.613	211.3435	2.46406	1.071369	0.7713611
15414	-1014.876	-1226.047	211.1713	2.573333	1.202391	0.681049
15420	-1007.981	-1219.959	211.9778	2.149175	0.683387	0.9108586
15426	-1021.446	-1232.644	211.1986	1.872651	1.168374	1.389136
15432	-1025.046	-1234.617	209.571	2.025639	1.403927	2.275737
15438	-1000.737	-1212.284	211.5465	2.060654	0.4876044	1.597143
15444	-1004.863	-1216.973	212.1098	2.181795	0.5149541	0.9965015
15450	-1010.383	-1222.213	211.83	2.181795	0.8355078	0.8262414
15456	-1011.854	-1223.429	211.5754	2.418039	0.8355078	0.8489916
15462	-1007.004	-1218.419	211.4144	2.407453	1.043288	0.7889964
15468	-1015.601	-1227.116	211.5145	1.864816	0.7755303	1.463553
15474	-1031.696	-1243.099	211.4027	1.949755	0.9137724	1.362873
15480	-1031.12	-1241.884	210.7643	2.048798	1.449156	1.411366
15486	-1024.005	-1235.546	211.5415	1.936285	0.750668	1.411366
15492	-1031.126	-1242.285	211.159	2.258935	1.234537	1.044334
15498	-1021.307	-1232.474	211.1673	2.160926	1.278699	1.093712
15504	-1051.125	-1262.779	211.654	1.672771	0.4416796	1.851087
15510	-1057.21	-1268.819	211.6094	2.10706	0.7052967	1.266646
15516	-1061.782	-1273.815	212.0325	1.997692	0.285759	1.582306
15522	-1033.458	-1244.673	211.215	2.253455	1.216702	1.009967
15528	-1026.094	-1237.644	211.55	2.352545	0.9305043	0.8324288
15534	-1022.466	-1233.37	210.9044	2.476803	1.485815	0.873992
15540	-1021.186	-1232.464	211.2785	2.318104	1.186538	0.9030723
15546	-1013.275	-1224.343	211.0679	2.29589	1.186538	1.132879
15552	-1024.579	-1235.866	211.287	2.217052	1.153699	1.029412
15558	-1019.083	-1230.652	211.5687	2.3858	0.828648	0.9035574
15564	-998.9777	-1210.449	211.4715	2.403633	0.9874096	0.7917111
15570	-1009.676	-1221.346	211.6704	2.40356	0.8107347	0.7818011
15576	-1016.878	-1228.111	211.2329	2.47346	1.199847	0.7486574
15582	-1027.751	-1237.654	209.9036	1.667411	0.7617355	2.678237
15588	-1023.515	-1233.688	210.1734	1.591427	0.7151629	2.594646
15594	-1029.684	-1241.449	211.7642	2.128123	0.908819	0.872752
15600	-1018.482	-1229.554	211.0718	2.678003	1.258431	0.4971682
15606	-1016.702	-1227.943	211.2407	2.646518	1.102797	0.4971682
15612	-1020.589	-1231.744	211.1549	2.622626	1.222418	0.4631687
15618	-1043.335	-1254.681	211.3458	2.633119	1.006751	0.482668
15624	-1004.811	-1216.401	211.5898	2.486726	0.8731464	0.6615152
15630	-1019.356	-1229.553	210.1971	1.63381	0.6329154	2.621828
15636	-1023.217	-1233.64	210.4224	1.633141	0.5159775	2.591538
15642	-1011.336	-1222.493	211.1571	2.467218	1.219515	0.8367901
15648	-1012.631	-1224.193	211.5623	2.187754	0.9123053	1.019948
15654	-1013.079	-1224.439	211.3605	2.124066	1.08934	1.103353
15660	-1011.054	-1222.903	211.8486	2.090625	0.5965629	1.204948
15666	-1008.92	-1220.75	211.8301	1.987422	0.829644	1.043442
15672	-1013.527	-1224.826	211.299	1.945018	0.7340545	1.601898
15678	-1015.612	-1226.924	211.3128	1.945018	1.049192	1.328798
15684	-1013.427	-1224.51	211.083	2.270099	1.028751	1.26746
15690	-996.9668	-1208.427	211.4605	2.292323	0.9438825	0.9838641
15696	-1017.463	-1228.962	211.4983	2.254482	0.9438825	0.9838641
15702	-1035.522	-1247.156	211.6342	1.832398	0.8394819	1.337349
15708	-1019.613	-1231.015	211.4017	1.880887	0.9555936	1.383213
15714	-1021.348	-1232.767	211.4197	2.443972	1.06732	0.688173
15720	-1008.366	-1219.773	211.4071	2.469621	1.053692	0.688173
15726	-1020.582	-1231.53	210.9474	2.5081	1.58908	0.6568055
15732	-1027.842	-1239.099	211.2565	2.082757	0.9282516	1.361135
15738	-1019.776	-1230.87	211.0936	2.191817	1.24545	1.157311
15744	-1015.707	-1227.571	211.8639	1.94641	0.7210089	1.169897
15750	-1002.323	-1214.364	212.0411	2.328183	0.427203	1.068009
15756	-1013.4	-1224.328	210.9284	1.880483	1.014651	1.69054
15762	-1030.014	-1240.74	210.7256	1.787248	0.4006018	2.43291
15768	-1021.791	-1232.842	211.0509	1.74785	0.7741131	1.879864
15774	-1007.058	-1218.154	211.0961	1.792993	0.5682703	2.005791
15780	-1013.618	-1224.878	211.2606	1.933721	0.3901658	2.005791
15786	-1014.964	-1226.144	211.1806	1.962701	0.3901658	2.039692
15792	-1014.959	-1225.683	210.7239	1.747815	0.3559843	2.514702
15798	-1021.51	-1232.63	211.1207	1.639616	0.5748616	2.084507
15804	-1021.505	-1232.454	210.9491	1.670149	0.9490559	1.868667
15810	-1027.512	-1238.848	211.3361	1.713784	0.4071735	2.079692
15816	-1025.661	-1236.052	210.3902	1.861238	0.5325379	2.452886
15822	-1016.59	-1228.242	211.6525	1.924324	0.6720895	1.412955
15828	-1015.705	-1227.482	211.777	1.752133	0.7149695	1.406429
15834	-1021.763	-1232.66	210.8968	1.699984	0.5238625	2.24218
15840	-1021.813	-1232.963	211.1503	1.76471	1.06901	1.576058
15846	-1029.71	-1241.267	211.5566	1.896995	0.67508	1.503738
15852	-1022.537	-1234.217	211.68	1.889473	0.7695274	1.320824
15858	-1014.13	-1225.64	211.51	1.729275	0.6987181	1.638076
15864	-1026.433	-1237.91	211.4773	1.955445	0.7600615	1.437126
15870	-1026.17	-1236.965	210.7952	1.812122	1.318895	1.640324
15876	-1013.672	-1224.225	210.5533	1.683736	1.348074	1.882657
15882	-1022.764	-1233.825	211.0607	1.648271	0.8300642	1.896087
15888	-1024.266	-1235.779	211.5134	1.796471	0.9949524	1.329879
15894	-1027.021	-1238.268	211.2464	1.735532	0.7467506	1.776834
15900	-1019.792	-1229.558	209.7655	1.376079	1.004016	2.777741
15906	-1017.916	-1228.803	210.8869	1.319285	0.4658435	2.550173
15912	-1022.721	-1234.125	211.4041	1.520902	0.7821876	1.786381
15918	-1025.088	-1236.735	211.6469	1.78701	1.001034	1.222825
15924	-1031.488	-1242.495	211.0068	1.824095	1.165108	1.57283
15930	-1020.751	-1232.232	211.4808	1.908552	0.704207	1.523047
15936	-1023.279	-1234.582	211.3028	1.858271	0.9053382	1.516461
15942	-1016.124	-1227.655	211.5314	1.814986	0.5699042	1.690399
15948	-1018.595	-1229.939	211.3444	1.93323	0.616672	1.690513
15954	-1028.569	-1239.592	211.023	2.088604	0.96445	1.507003
15960	-1018.299	-1229.24	210.9413	1.732455	0.7054185	2.021658
15966	-1016.638	-1227.98	211.3422	1.646833	0.4272413	2.095008
15972	-1011.387	-1222.662	211.2758	1.683664	0.3886675	2.162288
15978	-1023.324	-1233.55	210.2255	1.557877	0.5350734	2.740274
15984	-1053.226	-1264.275	211.0487	1.770576	0.3160276	2.350396
15990	-1029.172	-1240.84	211.6685	2.056765	0.3306985	1.727054
15996	-1012.57	-1223.492	210.9219	1.74405	0.4675271	2.257981
16002	-1021.987	-1232.49	210.5035	1.629578	0.4675271	2.593761
16008	-1022.385	-1232.669	210.2844	1.582437	0.5921182	2.635723
16014	-1015.498	-1226.073	210.5751	1.507558	0.457517	2.635723
16020	-1001.894	-1213.007	211.1122	1.819926	0.5033099	2.045222
16026	-1004.492	-1215.293	210.8016	1.99329	0.5643315	2.07216
16032	-1014.25	-1224.884	210.6343	1.86225	0.6999679	2.142964
16038	-1012.696	-1223.243	210.547	1.809697	0.652778	2.274036
16044	-1013.554	-1224.947	211.3927	1.777017	0.6447822	1.738869
16050	-1012.653	-1224.21	211.557	1.963374	0.6387975	1.490666
16056	-1030.02	-1241.769	211.7493	1.760787	0.4479179	1.71589
16062	-1038.048	-1248.828	210.7803	1.677883	0.6159979	2.241881
16068	-1038.581	-1248.725	210.1443	1.471911	0.8466767	2.588678
16074	-1025.701	-1236.828	211.1272	1.99912	0.6866461	1.729637
16080	-1017.742	-1229.949	212.207	2.163138	0.3337345	1.232681
16086	-1015.781	-1227.702	211.9208	2.329125	0.5793336	0.935969
16092	-1029.422	-1241.301	211.8799	2.012201	0.6993444	1.122075
16098	-1012.804	-1224.902	212.0983	1.866524	0.4539974	1.370915
16104	-1015.512	-1226.153	210.6406	1.845733	0.6187414	2.221218
16110	-1034.014	-1245.632	211.618	1.514674	0.4633605	1.956626
16116	-1018.602	-1229.455	210.8537	1.6172	0.357493	2.513257
16122	-1021.693	-1231.947	210.2534	1.73008	0.6490023	2.513257
16128	-1024.015	-1234.137	210.1224	1.738336	0.6553795	2.584187
16134	-1018	-1228.07	210.0704	1.605801	0.5483769	2.793025
16140	-1010.829	-1220.52	209.6911	1.703937	0.7522888	2.793025
16146	-1010.508	-1221.735	211.2262	1.87734	0.6122979	1.816714
16152	-1026.808	-1237.595	210.787	1.700627	0.4442379	2.397711
16158	-1034.58	-1245.053	210.4725	1.887015	0.6224728	2.299262
16164	-1044.488	-1254.934	210.4458	1.98285	0.8697596	2.053817
16170	-1031.634	-1242.212	210.5781	1.779397	0.6252938	2.297991
16176	-1025.23	-1236.731	211.5007	1.896334	0.4808177	1.755054
16182	-1012.075	-1223.603	211.5283	1.785151	0.55334	1.731481
16188	-1019.881	-1231.058	211.1778	1.88544	0.7212157	1.742501
16194	-1019.235	-1230.498	211.2635	1.720877	0.8197088	1.713852
16200	-1024.991	-1237.049	212.0584	1.942197	0.3145146	1.554874
16206	-1021.831	-1233.598	211.7665	1.789231	0.4224161	1.716427
16212	-1032.974	-1244.742	211.7682	1.978885	0.5409947	1.427887
16218	-1035.435	-1246.411	210.9761	1.741741	0.3034244	2.432747
16224	-1050.389	-1262.164	211.7746	2.136261	0.7900308	0.9973244
16230	-1024.043	-1235.673	211.6301	1.952841	0.8624697	1.220491
16236	-1024.114	-1235.252	211.1371	1.840631	0.8615422	1.684833
16242	-1034.301	-1243.979	209.6789	1.90441	0.5242078	2.872512
16248	-1015.855	-1226.356	210.5012	1.688004	0.2977928	2.768207
16254	-1029.423	-1240.664	211.2412	1.903644	0.6637039	1.738169
16260	-1021.65	-1233.082	211.4323	1.818373	0.5642106	1.763804
16266	-1020.437	-1231.673	211.2367	1.791535	0.7573748	1.735343
16272	-1016.425	-1227.822	211.3969	1.798042	0.724506	1.646109
16278	-1019.134	-1230.573	211.4392	1.9662	0.8993954	1.333095
16284	-1027.402	-1239.153	211.7515	2.121506	0.752571	1.077714
16290	-1029.175	-1240.792	211.6169	2.159935	0.7733155	1.142182
16296	-1023.601	-1235.397	211.7962	2.055925	0.6548397	1.209094
16302	-1049.201	-1260.252	211.0507	2.15348	1.124105	1.31529
16308	-1047.181	-1258.191	211.0094	2.089762	1.161707	1.371899
16314	-1039.624	-1251.308	211.6838	1.80618	0.5213385	1.641797
16320	-1033.452	-1245.372	211.9206	1.932205	0.6566849	1.206294
16326	-1043.085	-1254.708	211.6226	1.775609	0.5593612	1.664853
16332	-1030.967	-1242.488	211.521	1.816752	0.6710749	1.593251
16338	-1020.064	-1231.708	211.6442	2.127632	0.6512288	1.280346
16344	-1031.054	-1242.585	211.5302	2.160882	0.7082841	1.284283
16350	-1043.758	-1254.519	210.7608	1.883933	1.169228	1.704177
16356	-1031.956	-1243.507	211.5515	1.80665	0.7348424	1.517205
16362	-1033.656	-1245.559	211.9035	1.904878	0.6725802	1.225788
16368	-1027.421	-1239.13	211.7095	2.102282	0.6701085	1.225788
16374	-1015.449	-1226.881	211.4323	2.168518	0.7794147	1.285647
16380	-1003.09	-1214.883	211.793	1.9761	0.5520043	1.397562
16386	-1007.895	-1219.394	211.4992	1.893999	0.580076	1.646059
16392	-1022.676	-1233.822	211.1459	1.990276	0.8098449	1.613512
16398	-1019.956	-1231.346	211.3901	1.855556	0.7201336	1.613512
16404	-1036.264	-1247.144	210.8798	1.818429	1.118326	1.698883
16410	-1007.57	-1218.015	210.445	1.827551	1.062269	2.026053
16416	-1001.577	-1212.206	210.629	1.843015	0.7767542	2.096073
16422	-1005.778	-1216.876	211.0981	1.926307	0.6431016	1.841337
16428	-1025.515	-1237.068	211.552	1.997684	0.5183916	1.602032
16434	-1020.935	-1232.035	211.0997	2.123997	1.116529	1.305185
16440	-1040.881	-1252.48	211.5983	2.35479	0.9772439	0.6868509
16446	-1027.788	-1239.234	211.4467	2.612151	0.9045612	0.6241746
16452	-1032.837	-1243.927	211.0896	1.79668	0.7866096	1.809549
16458	-1034.768	-1246.079	211.3112	1.711185	0.5860739	1.898356
16464	-1020.888	-1231.81	210.9219	1.699253	0.9061043	1.898356
16470	-1022.04	-1233.712	211.6717	1.888816	0.5963487	1.505942
16476	-1025.85	-1237.631	211.7805	1.752288	0.4305661	1.722053
16482	-1007.484	-1218.908	211.4249	1.879194	0.7937441	1.503826
16488	-1005.062	-1216.93	211.8679	1.892061	0.4418674	1.543431
16494	-1001.534	-1213.471	211.9369	1.967019	0.7161561	1.091527
16500	-1009.682	-1221.601	211.9183	2.104225	0.7161561	0.9765325
16506	-1022.59	-1234.54	211.9504	2.192897	0.6540227	0.9360874
16512	-1010.181	-1221.798	211.6168	2.199828	0.8929898	0.9740646
16518	-1001.717	-1213.788	212.07	2.049971	0.6497392	0.9668259
16524	-1029.38	-1241.016	211.6359	1.886518	0.7329339	1.393855
16530	-1012.651	-1223.832	211.1804	1.764429	0.8083405	1.750941
16536	-1020.066	-1231.455	211.3887	1.839937	0.8453486	1.515501
16542	-1024.491	-1236.03	211.5389	2.088662	0.8301562	1.21371
16548	-1029.051	-1240.691	211.6406	2.070532	0.4843883	1.524645
16554	-1018.968	-1230.167	211.1989	1.787721	1.194051	1.437042
16560	-1003.942	-1215.355	211.4129	1.879784	0.8809949	1.437042
16566	-1012.668	-1224.479	211.8111	1.877558	0.7520561	1.240589
16572	-1014.004	-1225.658	211.6536	2.021907	0.84113	1.161429
16578	-999.1362	-1210.447	211.3108	2.058055	1.144632	1.161429
16584	-1030.059	-1241.95	211.8909	2.371102	0.7259589	0.6368142
16590	-1017.858	-1229.112	211.2545	2.265349	1.340957	0.8413944
16596	-1026.589	-1238.378	211.789	2.10358	0.8226939	0.9769768
16602	-1021.168	-1232.913	211.7448	1.93048	0.8226939	1.180052
16608	-1022.507	-1234.323	211.8156	1.726275	0.589703	1.527106
16614	-1038.76	-1249.661	210.9014	1.723014	0.7903489	1.984353
16620	-1031.938	-1242.435	210.4974	1.506548	0.5830064	2.55917
16626	-1031.177	-1240.985	209.8085	1.379443	0.4602903	3.173495
16632	-1041.443	-1252.764	211.3209	1.851114	0.8200786	1.578784
16638	-1021.043	-1232.984	211.9402	2.106259	0.5228802	1.209577
16644	-1035.084	-1247.159	212.075	2.082604	0.4742252	1.183333
16650	-1012.246	-1223.909	211.6632	2.0123	0.9436233	1.059856
16656	-1015.198	-1227.037	211.839	1.900366	0.6426388	1.316363
16662	-1007.527	-1219.335	211.8074	1.994368	0.7646996	1.129268
16668	-1006.404	-1218.184	211.7797	2.113839	0.5477077	1.304007
16674	-998.6787	-1210.703	212.024	2.129022	0.6106773	0.9891474
16680	-1008.902	-1220.614	211.7118	2.082741	0.7855508	1.113018
16686	-1024.334	-1236.404	212.0694	1.984518	0.598581	1.100973
16692	-1024.648	-1235.771	211.1232	1.880909	0.4848743	2.01787
16698	-1024.093	-1234.203	210.1102	1.837807	0.9185001	2.330898
16704	-1023.178	-1234.176	210.9981	1.886264	0.7252909	1.862683
16710	-1019.444	-1230.36	210.9161	1.918424	0.4257375	2.197501
16716	-1029.031	-1239.322	210.2904	1.823074	0.6047473	2.470959
16722	-1014.868	-1225.324	210.4558	1.817578	0.609224	2.366097
16728	-1025.213	-1236.097	210.8845	1.718316	0.4089083	2.366097
16734	-1025.286	-1235.748	210.4627	1.500263	0.4620793	2.70445
16740	-1017.85	-1226.805	208.955	1.243558	0.4612911	3.750859
16746	-1017.391	-1226.508	209.1171	1.225684	0.3210621	3.826695
16752	-1026.561	-1234.979	208.4181	1.672067	0.3098302	3.986081
16758	-1021.808	-1231.472	209.6647	1.646149	0.657609	2.918401
16764	-1018.799	-1228.983	210.1843	1.743711	0.7465199	2.468304
16770	-1023.314	-1233.883	210.5683	1.631063	0.5500784	2.468304
16776	-1011.781	-1222.762	210.9807	1.602212	0.6569118	2.123986
16782	-1023.946	-1234.848	210.9024	1.483104	0.3980339	2.515813
16788	-1014.771	-1225.337	210.5667	1.65624	0.8085078	2.233524
16794	-1021.244	-1232.252	211.0081	1.727838	0.4493441	2.233524
16800	-1011.824	-1221.737	209.9129	1.305835	0.4134548	3.205658
16806	-1004.656	-1215.589	210.9327	1.592366	0.7868027	2.053178
16812	-1008.077	-1220.306	212.2288	1.506921	0.4772293	1.515336
16818	-1009.65	-1220.623	210.9733	1.623605	0.3311541	2.469509
16824	-1014.339	-1224.592	210.253	1.764953	0.5871873	2.546632
16830	-1021.488	-1232.458	210.9691	1.724633	0.6106854	2.093715
16836	-1035.597	-1247.153	211.556	1.5062	0.5159035	1.944702
16842	-1025.785	-1236.161	210.3754	1.512686	0.4671287	2.744913
16848	-1030.852	-1241.098	210.246	1.642107	0.4671287	2.744913
16854	-1021.538	-1232.193	210.6556	1.745901	0.8094845	2.116791
16860	-1026	-1235.903	209.9033	1.443463	0.5946573	2.950305
16866	-1024.181	-1234.611	210.4294	1.489127	0.4171266	2.781342
16872	-1019.15	-1229.206	210.0562	1.489127	0.7826318	2.678506
16878	-1016.788	-1227.627	210.8391	1.60942	0.6208394	2.243655
16884	-1023.245	-1234.617	211.3719	1.703116	0.6638048	1.786807
16890	-1005.713	-1217.118	211.4048	1.932453	0.6098915	1.654964
16896	-1006.318	-1218.344	212.0262	2.074893	0.4904985	1.208178
16902	-1023.505	-1234.979	211.4735	1.925746	0.745957	1.475892
16908	-1016.09	-1227.341	211.2509	2.012073	0.4841118	1.844069
16914	-1017.108	-1228.673	211.5643	1.866391	0.5704656	1.629451
16920	-1016.11	-1228.349	212.2398	1.989743	0.3959761	1.243496
16926	-1002.937	-1215.102	212.1653	2.064815	0.3904211	1.252045
16932	-1017.108	-1229.182	212.0742	2.065347	0.5008995	1.159957
16938	-1011.669	-1223.202	211.5325	1.825449	0.4340502	1.839186
16944	-1011.807	-1223.541	211.7345	2.140703	0.4231043	1.483012
16950	-1010.181	-1221.701	211.5199	1.979669	0.5342633	1.620002
16956	-1006.63	-1218.366	211.7364	1.985167	0.6338409	1.340403
16962	-1009.01	-1220.532	211.5213	2.020007	0.7070186	1.404883
16968	-1004.174	-1215.363	211.1894	1.783884	0.8580451	1.690729
16974	-1014.898	-1225.882	210.9843	1.928241	0.6251037	1.934501
16980	-1031.753	-1243.788	212.0341	2.425821	0.3678914	1.0906
16986	-1029.148	-1241.006	211.858	2.421922	0.4620274	1.093048
16992	-1033.605	-1245.593	211.9885	2.034905	0.6648329	1.042595
16998	-1032.663	-1243.923	211.2601	2.158189	0.7933579	1.417365
17004	-1013.585	-1225.462	211.8765	1.978733	0.5323794	1.35403
17010	-1019.468	-1231.474	212.0066	2.094555	0.3921187	1.35403
17016	-1008.769	-1220.801	212.0317	2.206935	0.3921187	1.242118
17022	-1010.731	-1222.967	212.2359	2.200147	0.4554235	0.9514138
17028	-1026.773	-1238.728	211.9551	2.094893	0.5831523	1.125196
17034	-1022.852	-1234.025	211.1729	2.170401	0.515988	1.751863
17040	-1019.137	-1231.106	211.9688	2.217154	0.6658294	0.8703343
17046	-1020.904	-1232.877	211.9733	2.291979	0.6931355	0.712316
17052	-1024.829	-1237.281	212.4523	2.302791	0.3286227	0.8736939
17058	-1025.43	-1237.467	212.037	2.532615	0.5039612	0.6617081
17064	-1022.392	-1234.799	212.4068	2.552769	0.3147273	0.5939124
17070	-1023.291	-1233.505	210.2141	1.952319	0.6110363	2.431992
17076	-1016.35	-1226.687	210.3361	1.701272	0.6110363	2.512899
17082	-1017.968	-1228.563	210.5956	1.76621	0.4451987	2.475779
17088	-1016.928	-1227.278	210.3507	1.660714	0.5451115	2.590262
17094	-999.6245	-1210.149	210.5241	1.633833	0.7119566	2.350812
17100	-1024.198	-1234.481	210.2832	1.851678	0.6229274	2.441168
17106	-1012.098	-1223.594	211.4964	1.892606	0.6869479	1.540064
17112	-1003.904	-1215.606	211.7024	2.060055	0.775258	1.152842
17118	-1009.766	-1221.502	211.7357	2.205439	0.6532498	1.133289
17124	-1010.289	-1222.175	211.8862	2.129411	0.6503845	1.068601
17130	-1017.604	-1229.538	211.9339	2.126218	0.6503845	1.026029
17136	-1019.732	-1231.748	212.0166	2.114215	0.4272085	1.276333
17142	-1020.509	-1232.274	211.7651	2.166138	0.5452881	1.276333
17148	-1028.836	-1240.355	211.5198	2.174343	0.6355997	1.360228
17154	-1011.169	-1222.854	211.6848	2.272006	0.466308	1.360228
17160	-1006.039	-1217.909	211.8697	2.197446	0.4056344	1.360276
17166	-1008.366	-1219.985	211.6189	1.873797	0.6200016	1.531126
17172	-1018.058	-1229.59	211.5323	1.766996	0.407275	1.913182
17178	-1038.672	-1250.415	211.743	1.932816	0.4637156	1.576832
17184	-1025.311	-1236.937	211.6262	2.089048	0.9777696	0.9865028
17190	-1020.698	-1231.953	211.2551	2.122084	1.345761	0.9942828
17196	-1020.601	-1232.167	211.5657	2.164425	0.9692149	0.9803178
17202	-1023.992	-1235.543	211.5507	2.201804	1.107782	0.8001522
17208	-1017.351	-1229.066	211.7143	2.266698	0.8006487	0.9102994
17214	-1025.789	-1238.12	212.3312	1.880271	0.5388978	1.037726
17220	-1022.092	-1233.617	211.5246	2.035197	1.005232	1.10889
17226	-1035.314	-1246.835	211.5213	1.922996	1.190373	1.055634
17232	-1013.851	-1225.696	211.8453	2.172274	0.8166223	0.8461404
17238	-1026.774	-1238.588	211.8133	2.20605	0.8150514	0.8461404
17244	-1005.515	-1216.956	211.4411	2.361669	0.9790384	0.8914687
17250	-1033.02	-1244.782	211.7613	2.300339	0.7478965	0.8913732
17256	-1025.676	-1237.604	211.9281	2.098551	0.6900376	1.006625
17262	-1028.489	-1240.244	211.7549	2.301411	0.6352651	1.049902
17268	-1036.046	-1247.893	211.8467	2.407356	0.4642778	1.113142
17274	-1037.631	-1249.453	211.8221	1.95288	0.3574276	1.651244
17280	-1010.299	-1221.684	211.3858	1.980214	0.5481645	1.700043
17286	-1013.075	-1224.22	211.1448	2.033925	0.630963	1.746049
17292	-1016.144	-1227.617	211.4737	1.849352	0.5339111	1.746049
17298	-1017.684	-1227.643	209.9585	1.824943	1.055004	2.347813
17304	-1016.434	-1227.816	211.3819	1.947407	0.4061914	1.894183
17310	-1009.145	-1220.421	211.2765	1.73687	0.5963557	1.894183
17316	-1005.084	-1215.86	210.7758	1.889052	0.3649799	2.381672
17322	-1025.946	-1237.1	211.1546	1.893633	0.4730393	2.001907
17328	-1026.436	-1237.664	211.2283	1.881937	0.8087253	1.633235
17334	-1027.31	-1238.787	211.4774	1.885648	0.6897975	1.556501
17340	-1023.076	-1234.407	211.3314	2.089113	0.4917959	1.725619
17346	-1025.708	-1237.353	211.6451	2.1188	0.4454106	1.535817
17352	-1031.057	-1242.413	211.3568	1.947732	0.4539769	1.85124
17358	-1031.399	-1242.831	211.4316	1.759777	0.5211814	1.85124
17364	-1021.828	-1232.884	211.0558	2.633024	1.310904	0.5997213
17370	-1028.211	-1239.533	211.3223	1.979247	0.7397175	1.554663
17376	-1022.344	-1233.759	211.4146	2.284715	0.6545269	1.335392
17382	-1024.757	-1236.057	211.3	2.339508	0.6408716	1.397314
17388	-1025.051	-1236.701	211.6503	2.185449	0.508546	1.399398
17394	-1042.186	-1253.51	211.3238	2.521151	1.087699	0.6872818
17400	-1035.292	-1246.283	210.9906	2.378417	1.518462	0.8601441
17406	-1025.397	-1237.044	211.6468	2.31495	0.9557056	0.7103863
17412	-1028.451	-1239.525	211.0738	2.050671	0.672049	1.74458
17418	-1039.062	-1249.321	210.2586	1.944206	0.7958943	2.255982
17424	-1042.539	-1253.218	210.6796	1.976234	0.719112	2.021917
17430	-1028.295	-1239.446	211.1511	2.654351	1.192452	0.4784673
17436	-1016.355	-1227.879	211.5238	2.554559	0.9110259	0.5017956
17442	-1003.873	-1215.394	211.5215	2.393574	1.061461	0.5782931
17448	-1016.202	-1227.797	211.5947	2.427696	0.957628	0.561419
17454	-1016.125	-1226.633	210.5074	2.498705	2.245575	0.7422476
17460	-1009.376	-1219.82	210.4441	2.547208	2.245575	0.7642151
17466	-1033.272	-1244.119	210.8464	2.525073	1.611542	0.7714054
17472	-1021.069	-1232.436	211.3674	2.269205	1.135451	0.9094699
17478	-1030.009	-1241.666	211.6568	2.39349	0.848212	0.7540411
17484	-1027.574	-1238.765	211.1911	2.541715	1.207573	0.6945492
17490	-1010.938	-1222.197	211.2591	2.672847	1.054923	0.4832217
17496	-1017.142	-1228.56	211.4186	2.672903	0.898467	0.4856865
17502	-1015.721	-1227.265	211.5435	2.056825	0.7031289	1.362592
17508	-1013.224	-1225.186	211.9626	1.991232	0.455474	1.377511
17514	-1011.291	-1222.956	211.6647	2.201327	0.9505514	0.8515138
17520	-1011.354	-1222.521	211.1672	2.159497	1.194322	1.159685
17526	-1015.993	-1226.891	210.8979	2.112197	1.576521	1.174591
17532	-1008.831	-1220.159	211.3281	2.074543	1.082842	1.181684
17538	-1022.62	-1233.927	211.3069	2.053637	1.082842	1.217817
17544	-1008.957	-1220.044	211.0875	1.774032	0.7497723	1.857361
17550	-1019.506	-1231.167	211.6603	1.939269	0.9436527	1.129676
17556	-1009.375	-1221.042	211.6672	2.276894	0.9436527	0.7578486
17562	-1037.813	-1247.858	210.0448	1.540175	0.4339941	2.964383
17568	-1032.248	-1242.931	210.6837	1.543585	0.346443	2.678483
17574	-1011.603	-1223.405	211.8021	2.034075	0.633404	1.247478
17580	-1006.765	-1218.188	211.4224	2.103509	0.8509533	1.278777
17586	-1018.74	-1230.525	211.785	2.117464	0.4645763	1.405144
17592	-1015.238	-1226.699	211.4613	2.080885	0.4645763	1.672353
17598	-1021.785	-1233.582	211.7967	2.274887	0.3922588	1.377078
17604	-1019.156	-1230.891	211.735	2.094957	0.4262959	1.512503
17610	-1016.482	-1228.153	211.6709	2.019535	0.3506955	1.72136
17616	-1022.301	-1233.804	211.5027	2.014144	0.520544	1.623374
17622	-1011.201	-1222.9	211.6987	2.146501	0.6495803	1.221095
17628	-1003.538	-1215.334	211.796	2.182329	0.6161744	1.146239
17634	-1014.631	-1225.782	211.1512	2.04352	0.9119817	1.485937
17640	-1020.524	-1232.228	211.7042	2.020747	0.576892	1.402537
17646	-1016.791	-1228.326	211.5357	1.998461	0.5260865	1.604341
17652	-1021.06	-1232.097	211.037	2.372076	1.44608	0.8760948
17658	-1037.564	-1249.278	211.7148	2.291541	0.8739319	0.7760052
17664	-1018.743	-1230.221	211.478	1.866826	0.567217	1.694351
17670	-1015.549	-1226.941	211.3922	1.843127	0.6992649	1.640368
17676	-1028.872	-1239.988	211.1152	1.587391	0.7558362	1.959942
17682	-1001.277	-1211.067	209.7903	1.550497	0.5314701	3.011673
17688	-1005.61	-1216.309	210.6988	1.747459	0.5140006	2.348572
17694	-1018.154	-1228.188	210.0341	1.612516	0.5713978	2.789626
17700	-1015.494	-1226.152	210.6582	1.512798	0.5477493	2.488335
17706	-1005.647	-1215.253	209.6059	1.568577	0.5477493	3.095809
17712	-1008.789	-1219.288	210.4999	1.568577	0.4891325	2.610961
17718	-1019.684	-1229.835	210.1508	1.620174	0.6457039	2.647839
17724	-1010.461	-1221.959	211.498	1.934423	0.3577534	1.889592
17730	-1012.894	-1224.608	211.7138	2.163911	0.4813621	1.401982
17736	-1015.296	-1226.717	211.4207	2.174759	0.5871314	1.4899
17742	-1018.057	-1229.283	211.2259	2.076471	0.5880497	1.702434
17748	-1022.085	-1233.556	211.4712	2.156741	0.5880497	1.464319
17754	-1015.978	-1227.214	211.2362	1.956473	0.6730285	1.695557
17760	-1018.25	-1230.177	211.9268	1.954468	0.6376238	1.204456
17766	-1023.297	-1234.982	211.6845	2.061356	0.7404009	1.204456
17772	-1010.473	-1222.089	211.6165	1.984972	0.7329936	1.331382
17778	-1017.287	-1228.667	211.3794	2.105153	1.04436	1.142052
17784	-1020.903	-1232.664	211.7612	2.038436	0.7095969	1.191801
17790	-1029.774	-1241.304	211.5304	2.279588	0.7518155	1.13606
17796	-1027.886	-1240.034	212.1482	2.242117	0.5166301	0.8883054
17802	-1017.613	-1229.569	211.9558	2.142636	0.688924	0.9339963
17808	-1023.571	-1235.682	212.1115	2.31152	0.3857529	1.09161
17814	-1029.524	-1239.883	210.3591	2.067458	2.024881	1.416735
17820	-1022.623	-1234.427	211.8042	2.18659	0.8597223	0.8180718
17826	-1021.359	-1232.131	210.7718	2.458946	1.75688	0.8288679
17832	-1015.255	-1226.331	211.0757	2.304197	1.538668	0.8288679
17838	-1006.758	-1218.284	211.5255	2.243267	0.9601923	0.9497489
17844	-1010.418	-1222.032	211.6143	2.192119	0.9601923	0.9090436
17850	-1007.311	-1218.478	211.1663	2.427111	1.308865	0.7791329
17856	-1008.65	-1220.071	211.4202	2.328833	1.154171	0.7451122
17862	-1005.553	-1216.889	211.3361	2.357013	1.240992	0.7135643
17868	-989.8516	-1201.488	211.6364	2.362587	0.9336266	0.6853426
17874	-991.8188	-1203.633	211.8139	2.176233	0.9079751	0.7455047
17880	-1000.605	-1212.282	211.6778	2.239137	0.9656498	0.764212
17886	-1001.152	-1212.649	211.4972	2.326608	0.9977614	0.8443651
17892	-996.7092	-1208.316	211.6066	2.326608	0.9922385	0.6954066
17898	-994.93	-1206.262	211.3318	2.219891	1.241386	0.9004102
17904	-1013.199	-1224.793	211.594	2.286179	1.01707	0.7418544
17910	-1000.415	-1211.97	211.5556	2.374436	0.9889615	0.7066181
17916	-1006.114	-1217.449	211.3344	2.374436	1.244585	0.6802551
17922	-1006.268	-1218.171	211.903	2.227057	0.8175246	0.6802551
17928	-1014.164	-1225.985	211.8207	2.286677	0.8175246	0.7200226
17934	-1010.064	-1221.482	211.4187	2.38643	1.12012	0.7044584
17940	-1029.725	-1241.282	211.5562	2.239402	1.067854	0.7925943
17946	-1031.904	-1243.495	211.5916	2.441906	0.9218602	0.6404835
17952	-1018.245	-1229.89	211.6454	2.4649	0.876237	0.5564627
17958	-1010.009	-1221.579	211.5697	2.53775	0.876237	0.5692833
17964	-1011.611	-1223.215	211.6035	2.130447	0.8779847	1.071051
17970	-1007.808	-1219.631	211.8226	2.479457	0.6859279	0.6621933
17976	-1006.283	-1217.714	211.4317	2.524182	1.02538	0.5530724
17982	-1020.695	-1232.271	211.5762	2.45128	0.9249359	0.6467142
17988	-1017.908	-1229.276	211.3682	2.347779	1.080089	0.8775426
17994	-1020.675	-1232.216	211.5413	2.429299	0.9755213	0.6559744
18000	-1019.722	-1231.304	211.5812	2.41191	0.9755213	0.6006411
18006	-1017.522	-1228.98	211.4584	2.35539	1.094772	0.7290673
18012	-1023.622	-1235.224	211.6015	2.257109	1.041437	0.7382742
18018	-1030.961	-1242.468	211.5074	2.414935	1.041437	0.6154593
18024	-1022.239	-1234.167	211.9281	2.038442	0.6744806	1.083986
18030	-1022.212	-1233.583	211.3711	2.080865	0.6525411	1.527697
18036	-1021.154	-1232.436	211.2828	2.404941	0.9859039	1.005848
18042	-1010.914	-1222.866	211.9518	2.619932	0.4105058	0.8927971
18048	-1016.522	-1228.292	211.7699	2.269992	0.7645997	0.8927971
18054	-1030.368	-1242.283	211.9158	2.038907	0.7866228	0.9565694
18060	-1020.298	-1232.502	212.2043	2.20819	0.4830857	0.9254085
18066	-1020.638	-1232.758	212.1203	2.240452	0.395764	1.130403
18072	-1029.752	-1241.833	212.0813	2.591455	0.4491486	0.6415411
18078	-1021.665	-1233.503	211.8375	2.557294	0.5311181	0.8558952
18084	-1026.928	-1238.351	211.4229	2.272316	0.667754	1.324246
18090	-1020.493	-1232.411	211.9183	2.219392	0.3925007	1.324246
18096	-1008.162	-1220.302	212.1399	2.165869	0.5323746	0.9532775
18102	-1006.262	-1217.948	211.6859	2.014114	0.5323746	1.474115
18108	-1016.213	-1227.999	211.7867	1.806231	0.4300009	1.680188
18114	-1024.641	-1236.445	211.8044	2.051318	0.8340761	1.001061
18120	-1016.245	-1227.718	211.4729	2.187494	1.076887	0.9425716
18126	-1023.751	-1234.974	211.2233	2.222616	1.408297	0.8667111
18132	-1005.065	-1216.422	211.357	2.233277	1.207084	0.8899574
18138	-1003.968	-1215.516	211.5474	2.338548	1.063312	0.651807
18144	-1006.852	-1218.295	211.4429	2.338548	1.10932	0.757732
18150	-1009.915	-1221.755	211.8398	2.310439	0.7386313	0.7966653
18156	-1021.261	-1233.002	211.741	2.263948	0.8627826	0.7949905
18162	-1007.235	-1219.142	211.9068	2.132946	0.7983403	0.8452202
18168	-1013.448	-1225.525	212.0766	2.230448	0.6462737	0.7461533
18174	-1022.348	-1234.035	211.6873	2.195157	0.872149	0.9288256
18180	-1031.972	-1243.791	211.8186	2.127025	0.6435533	1.141158
18186	-1016.138	-1227.579	211.4415	2.006781	0.9024549	1.295825
18192	-1008.376	-1219.496	211.1203	1.76031	0.8612621	1.753522
18198	-1015.245	-1226.269	211.0241	1.854423	0.8612621	1.754955
18204	-1019.987	-1232.046	212.0583	2.32763	0.260438	1.360114
18210	-1013.438	-1224.761	211.3233	1.881348	0.7243187	1.639294
18216	-1014.76	-1226.418	211.6576	2.233678	0.7243187	1.093529
18222	-1038.466	-1249.974	211.5074	1.880374	0.3696782	1.903312
18228	-1036.525	-1247.578	211.0529	1.746046	0.4097319	2.239838
18234	-1018.449	-1229.795	211.3454	1.746046	0.4309088	2.022932
18240	-1019.831	-1231.79	211.9593	2.046121	0.4309088	1.371632
18246	-1019.01	-1230.833	211.8224	1.944202	0.3945678	1.603392
18252	-1022.806	-1234.399	211.5927	1.810602	0.4368893	1.80435
18258	-1014.421	-1226.123	211.7024	1.908013	0.4951642	1.585531
18264	-1034.704	-1245.408	210.7046	1.771678	0.653683	2.196213
18270	-1029.161	-1238.739	209.5774	1.743014	1.067061	2.630331
18276	-1030.888	-1242	211.1118	1.585602	0.5435897	2.15689
18282	-1025.723	-1236.865	211.1414	1.724929	0.5192548	2.071569
18288	-1037.912	-1249.18	211.2673	1.794854	0.6363511	1.821775
18294	-1028.447	-1238.214	209.7669	1.668793	0.6802911	2.824339
18300	-1027.395	-1238.454	211.0593	1.754054	0.475126	2.154257
18306	-1024.994	-1235.182	210.1878	1.631927	0.5471886	2.70645
18312	-1034.801	-1245.077	210.2756	1.711427	0.6902366	2.476394
18318	-1031.851	-1242.002	210.1512	1.806396	0.9675613	2.292082
18324	-1023.52	-1234.501	210.9803	1.773194	0.5301851	2.134071
18330	-1027.668	-1238.202	210.5345	1.849804	0.4619754	2.443022
18336	-1026.699	-1237.265	210.5664	1.847755	0.4632052	2.422917
18342	-1014.551	-1225.084	210.5333	1.907507	0.6745536	2.200948
18348	-1027.679	-1237.726	210.0475	1.821364	0.540801	2.682358
18354	-1040.505	-1251.398	210.8935	1.670351	0.3331563	2.487473
18360	-1066.109	-1277.451	211.342	1.739509	0.4713573	1.981632
18366	-1042.834	-1253.188	210.3538	1.616596	0.4818355	2.678982
18372	-1023.368	-1234.372	211.0034	1.877401	0.468813	2.117289
18378	-1021.772	-1233.111	211.3391	1.997362	0.5189672	1.753305
18384	-1019.081	-1230.288	211.2073	1.862255	0.5993404	1.852888
18390	-1013.926	-1225.518	211.5923	1.795187	0.3317089	1.95741
18396	-1027.745	-1239.236	211.4906	1.991683	0.6599865	1.49741
18402	-1034.251	-1246.025	211.7735	2.636132	0.5567618	0.7856174
18408	-1020.17	-1232.155	211.9851	2.473165	0.5142599	0.8103221
18414	-1027.187	-1238.647	211.4597	2.09183	0.6571827	1.447882
18420	-1033.097	-1241.072	207.9756	1.798719	0.4535813	4.002192
18426	-1026.799	-1235.996	209.1968	1.486823	0.5520491	3.38219
18432	-1010.049	-1220.663	210.6141	1.723071	0.5520491	2.379601
18438	-1013.16	-1223.875	210.7145	1.689167	0.420755	2.477549
18444	-1019.356	-1230.186	210.8301	1.689167	0.4801848	2.337879
18450	-1001.242	-1212.17	210.9281	1.616097	0.4320361	2.375895
18456	-998.0694	-1209.063	210.9934	1.810256	0.4113333	2.234826
18462	-998.9701	-1209.523	210.5525	1.560622	0.3704956	2.717915
18468	-1011.019	-1222.103	211.0833	1.691601	0.3486244	2.333423
18474	-1015.335	-1226.508	211.1735	1.627704	0.6499015	1.986077
18480	-1004.04	-1215.012	210.9715	1.938771	0.5739812	1.985932
18486	-1000.586	-1211.822	211.2356	1.880542	0.4479472	1.985932
18492	-1009.013	-1220.273	211.2596	1.955222	0.5114326	1.845975
18498	-1010.005	-1221.545	211.5402	2.007867	0.2896079	1.913899
18504	-1006.281	-1217.751	211.4698	1.924076	0.5157918	1.716566
18510	-1003.958	-1215.741	211.7828	2.006191	0.4554598	1.503761
18516	-1017.281	-1228.682	211.4007	1.940365	0.5118728	1.758129
18522	-1006.627	-1217.612	210.9851	1.781571	0.427633	2.239039
18528	-1021.373	-1231.675	210.302	1.70387	0.6581016	2.491461
18534	-1019.165	-1229.555	210.3905	1.51937	0.5027539	2.694729
18540	-1023.3	-1235.067	211.7667	1.806959	0.4039297	1.728376
18546	-1012.398	-1222.514	210.1159	1.738869	0.6247854	2.614158
18552	-1014.701	-1224.773	210.072	1.941129	0.7730577	2.39424
18558	-1016.993	-1228.452	211.459	1.893061	0.5019147	1.761816
18564	-1036.225	-1244.979	208.7533	2.147114	2.724656	2.225526
18570	-1023.628	-1234.174	210.5458	1.8098	0.5162979	2.403645
18576	-1017.821	-1227.617	209.7964	1.70057	0.5377328	2.911776
18582	-1023.958	-1235.848	211.8899	2.077951	0.5979711	1.178467
18588	-1010.642	-1222.381	211.7391	1.914071	0.3994711	1.67814
18594	-1018.764	-1229.286	210.5222	1.827546	0.7288924	2.214174
18600	-1024.776	-1235.195	210.4185	1.720678	0.4705408	2.586743
18606	-1026.984	-1235.556	208.5722	1.498095	0.602501	3.69542
18612	-1026.6	-1236.533	209.9329	1.636523	0.4928175	2.911942
18618	-1034.461	-1244.955	210.4939	1.710858	0.4128526	2.610524
18624	-1025.024	-1235.798	210.7747	1.801782	0.372992	2.42713
18630	-1020.75	-1231.495	210.7443	1.770652	0.5784996	2.240563
18636	-1021.9	-1232.994	211.0945	1.597305	0.3202829	2.424971
18642	-1020.206	-1231.163	210.9577	2.00467	0.480337	2.050645
18648	-1025.086	-1236.154	211.0679	2.073104	0.3935224	2.03686
18654	-1039.767	-1251.457	211.6906	2.153314	0.4751516	1.436212
18660	-1034.873	-1246.818	211.9454	2.277232	0.4129474	1.22198
18666	-1042.513	-1254.364	211.8506	2.285525	0.4229336	1.278467
18672	-1024.531	-1233.876	209.3452	1.552612	0.5692181	3.24058
18678	-1020.241	-1229.468	209.2271	1.41824	0.7478324	3.245707
18684	-1030.22	-1240.889	210.6687	1.491037	0.7626364	2.309183
18690	-1031.197	-1242.079	210.8824	1.740954	0.6377728	2.114787
18696	-1024.661	-1236.722	212.0603	1.858684	0.4779305	1.374286
18702	-1014.447	-1225.644	211.1971	1.795525	0.962203	1.596518
18708	-1015.501	-1227.396	211.8952	1.843923	0.6579227	1.299571
18714	-1025.149	-1236.957	211.8076	1.813684	0.7324411	1.315973
18720	-1014.581	-1226.191	211.6103	1.8882	0.6451479	1.500541
18726	-1014.798	-1226.039	211.2408	1.856874	1.108036	1.411151
18732	-1023.176	-1234.563	211.3873	1.858709	0.956276	1.411151
18738	-1014.512	-1226.537	212.0254	1.845848	0.5437679	1.326983
18744	-1021.028	-1232.488	211.4604	1.917215	0.9224873	1.335477
18750	-997.8863	-1209.652	211.7657	1.917215	0.7602118	1.237007
18756	-999.0272	-1210.471	211.4441	1.917215	1.05799	1.237007
18762	-1013.4	-1224.983	211.5828	1.737782	0.9284375	1.375717
18768	-1000.053	-1211.603	211.5497	1.829636	0.9033707	1.350403
18774	-1000.892	-1212.557	211.665	1.983247	0.980121	1.05001
18780	-997.5221	-1208.867	211.3451	1.952544	0.980121	1.351537
18786	-1002.244	-1213.746	211.5014	1.791706	0.9846073	1.351537
18792	-1009.549	-1221.242	211.6929	1.954495	0.8378777	1.189126
18798	-1010.971	-1222.785	211.8138	2.159573	0.844145	0.8612985
18804	-994.7302	-1206.041	211.3108	2.406466	1.119993	0.83112
18810	-997.3224	-1208.546	211.2233	2.367257	1.326863	0.7624167
18816	-1014.932	-1226.231	211.2996	2.036591	1.203864	1.143978
18822	-1006.059	-1218.059	212.0001	1.866568	0.5743898	1.292773
18828	-1014.076	-1225.599	211.523	1.689833	0.5497368	1.805541
18834	-1022.705	-1234.214	211.5089	1.798172	0.8039334	1.492568
18840	-1021.342	-1233.168	211.826	1.790962	0.5084149	1.564736
18846	-1004.397	-1216.273	211.8759	1.854364	0.5084149	1.480349
18852	-1013.844	-1224.871	211.027	1.826674	0.9444103	1.709343
18858	-1017.975	-1229.862	211.8878	1.95624	0.4956826	1.409386
18864	-1029.878	-1241.529	211.6508	1.666921	0.416632	1.888638
18870	-1014.577	-1225.987	211.4106	1.770376	0.4940575	1.888638
18876	-1026.523	-1237.651	211.128	1.75335	0.4555835	2.132026
18882	-1010.126	-1221.032	210.9058	1.644032	0.6722579	2.132026
18888	-1016.222	-1227.16	210.9377	1.575938	0.7272444	2.108886
18894	-1029.537	-1241.695	212.158	2.079109	0.3610486	1.294924
18900	-1031.154	-1242.706	211.5517	2.010184	0.6848272	1.411395
18906	-1048.427	-1260.284	211.8565	2.068889	0.4469786	1.411395
18912	-1034.933	-1246.954	212.0209	1.938019	0.7409791	1.009028
18918	-1007.699	-1219.407	211.708	1.943439	0.7060639	1.318828
18924	-1007.296	-1218.566	211.27	1.601953	0.4280504	2.1705
18930	-1016.904	-1228.348	211.4435	1.691469	0.5626002	1.845537
18936	-1009.711	-1220.855	211.1444	1.617499	0.3248346	2.374316
18942	-1021.756	-1233.224	211.4677	1.601922	0.6558437	1.798032
18948	-1026.415	-1238.052	211.6365	1.574983	0.5576439	1.798032
18954	-1036.521	-1246.836	210.3145	1.622912	0.9494369	2.316895
18960	-1020.124	-1229.947	209.8226	1.511263	0.6112466	2.9436
18966	-1028.68	-1239.827	211.1468	1.543833	0.4060087	2.313782
18972	-1029.664	-1239.091	209.427	1.52631	0.5558328	3.219809
18978	-1013.142	-1222.659	209.5171	1.428727	0.5298797	3.248178
18984	-1035.671	-1246.212	210.5407	1.463887	0.667618	2.484253
18990	-1022.339	-1233.182	210.8427	1.836805	0.5886512	2.12404
18996	-1004.411	-1216.209	211.7974	1.853135	0.3934147	1.688392
19002	-1023.242	-1234.315	211.0725	1.729877	0.731148	1.913455
19008	-1022.866	-1233.747	210.8807	1.852473	0.7827386	1.917315
19014	-1029.687	-1240.485	210.7981	1.723248	0.6012631	2.214793
19020	-1025.138	-1235.866	210.7283	1.83767	0.4968469	2.290217
19026	-1020.697	-1231.191	210.4943	1.805845	0.6759601	2.290217
19032	-1022.396	-1232.796	210.4001	1.792395	0.5468112	2.475828
19038	-1006.925	-1218.04	211.1147	1.673873	0.4861133	2.15824
19044	-1015.477	-1226.001	210.5247	1.468214	0.4861133	2.660677
19050	-1013.611	-1224.057	210.4464	1.5466	0.4861133	2.660677
19056	-1012.451	-1222.452	210.0009	1.634014	0.6557858	2.722949
19062	-1012.917	-1222.893	209.9764	1.687666	0.5998416	2.753304
19068	-1026.199	-1236.647	210.4481	1.719005	0.4049294	2.643066
19074	-1020.266	-1230.335	210.0696	1.67916	0.6020024	2.699531
19080	-1031.388	-1241.766	210.3782	1.509042	0.7417466	2.497556
19086	-1027.435	-1237.474	210.0386	1.505683	0.4957	2.924193
19092	-1042.548	-1253.18	210.6327	1.547073	0.6410133	2.396929
19098	-1023.347	-1234.312	210.965	1.578734	0.4429802	2.363658
19104	-1026.366	-1236.277	209.9107	1.597479	0.4669481	2.975353
19110	-1011.458	-1221.472	210.0141	1.54744	0.4591278	2.951441
19116	-1023.365	-1232.325	208.9606	1.869166	1.752825	2.602845
19122	-1023.691	-1234.976	211.2842	1.938685	0.6240583	1.721829
19128	-1022.823	-1234.043	211.2209	1.968384	0.6481838	1.721829
19134	-1007.781	-1219.09	211.309	1.77473	0.4340267	2.024268
19140	-1032.79	-1244.512	211.7213	1.811003	0.3046698	1.900655
19146	-1025.733	-1236.438	210.7049	1.63782	0.5110984	2.417101
19152	-1023.213	-1233.934	210.7206	1.816193	0.5663259	2.238283
19158	-1017.653	-1228.878	211.2248	1.811899	0.5634566	1.911643
19164	-1028.801	-1239.462	210.6612	1.767489	0.7751106	2.125774
19170	-1032.566	-1241.916	209.35	1.647315	0.4875025	3.258704
19176	-1024.318	-1231.464	207.1452	1.377187	0.5437319	4.625815
19182	-1029.728	-1239.884	210.1566	1.622401	0.7269544	2.576534
19188	-1008.535	-1219.794	211.2587	1.898633	0.5290663	1.865942
19194	-1012.755	-1224.255	211.5001	1.860219	0.2995589	2.023981
19200	-1023.074	-1234.453	211.3786	1.70694	0.4310366	2.02668
19206	-1032.402	-1244.034	211.6318	1.870865	0.3807633	1.809429
19212	-1039.799	-1251.015	211.2163	1.690958	0.6070362	1.955418
19218	-1044.204	-1255.497	211.2937	1.71894	0.9180423	1.615518
19224	-1016.199	-1226.448	210.2489	1.715419	0.6430744	2.530316
19230	-1011.583	-1222.074	210.4917	1.683329	0.4655845	2.56984
19236	-1006.75	-1217.161	210.4108	1.793019	0.4961354	2.519638
19242	-1018.882	-1228.954	210.0719	1.973927	0.6288839	2.491743
19248	-1042.13	-1253.315	211.1848	2.047056	0.3550956	2.027986
19254	-1027.497	-1238.991	211.4935	1.809104	0.5341978	1.760022
19260	-1011.024	-1222.251	211.2266	1.968661	0.5958802	1.769548
19266	-998.0192	-1209.748	211.7286	1.801069	0.3525123	1.830564
19272	-1014.232	-1225.947	211.7153	1.89624	0.5419651	1.52911
19278	-1024.624	-1235.558	210.9343	1.751983	0.6901713	2.02656
19284	-1025.92	-1236.992	211.0715	1.824445	0.7020489	1.875183
19290	-1047.643	-1259.283	211.6399	1.984411	0.3564824	1.759235
19296	-1028.904	-1240.409	211.505	2.057789	0.4762803	1.643099
19302	-1015.595	-1226.8	211.2052	2.023089	0.4762803	1.876887
19308	-1015.341	-1226.411	211.0696	2.110341	0.6266558	1.749391
19314	-1030.359	-1241.768	211.4088	2.269576	0.7184222	1.284056
19320	-1022.374	-1234.152	211.7773	2.031874	0.7105096	1.182584
19326	-1026.336	-1237.873	211.5368	2.063194	1.07078	1.010406
19332	-1012.647	-1224.358	211.7114	1.83749	0.4870825	1.639895
19338	-999.9519	-1211.44	211.4881	1.982076	0.5760151	1.594769
19344	-1033.233	-1244.917	211.6837	2.298105	0.9677479	0.6488318
19350	-1017.674	-1229.492	211.8175	2.131201	0.4461028	1.394545
19356	-1021.824	-1234.178	212.3537	2.248307	0.2482452	1.208891
19362	-1016.868	-1228.479	211.6107	2.374765	0.5134708	1.273305
19368	-1009.158	-1220.63	211.472	1.945256	0.7770168	1.433263
19374	-1012.477	-1223.302	210.8249	1.976917	0.8586572	1.810328
19380	-1010.102	-1221.832	211.7298	1.900862	0.3533214	1.759394
19386	-1005.633	-1216.174	210.5406	1.571336	0.4930692	2.579925
19392	-1017.919	-1227.859	209.9401	1.46565	0.7457996	2.791412
19398	-1010.177	-1220.853	210.6757	1.629009	0.6065873	2.348587
19404	-999.2542	-1210.182	210.9282	1.851557	0.6065873	2.040886
19410	-1003.32	-1214.644	211.3236	2.000137	0.7228405	1.553937
19416	-1008.324	-1220.095	211.7712	2.10604	0.4185106	1.487904
19422	-1008.708	-1220.298	211.5897	2.398189	0.5304624	1.248745
19428	-994.7322	-1206.282	211.5499	2.099616	0.7702773	1.254664
19434	-1008.324	-1219.898	211.5737	2.143146	0.7652547	1.202979
19440	-1013.615	-1225.421	211.8056	2.007149	0.7619592	1.122355
19446	-1014.078	-1225.959	211.8813	2.216648	0.7619592	0.8272349
19452	-993.1257	-1204.33	211.204	2.289255	1.265456	0.9420397
19458	-1006.544	-1218.117	211.5734	2.498941	0.9132552	0.5438131
19464	-1010.416	-1221.556	211.1394	1.914949	1.063768	1.476078
19470	-1016.921	-1227.446	210.5251	2.241862	1.320655	1.522503
19476	-1012.514	-1223.896	211.3817	2.023481	0.6846531	1.530288
19482	-1009.945	-1221.632	211.6867	1.853925	0.7535648	1.359363
19488	-1010.258	-1221.747	211.4887	1.741567	0.7336569	1.612268
19494	-992.709	-1204.309	211.6005	1.729224	0.5833931	1.687891
19500	-1003.796	-1215.032	211.2362	1.751765	0.5128976	1.997751
19506	-1003.252	-1214.382	211.1301	1.626468	0.6698549	1.997751
19512	-1013.484	-1224.327	210.8426	1.777988	0.9419333	1.872827
19518	-1000.803	-1211.936	211.1329	1.864703	0.9419333	1.608156
19524	-1004.251	-1215.445	211.1945	1.886443	0.9419333	1.547127
19530	-1015.29	-1226.46	211.1699	1.970703	1.105728	1.379303
19536	-1022.756	-1234.051	211.2946	2.073316	0.592805	1.650757
19542	-1024.983	-1235.903	210.9198	1.806887	1.169482	1.645646
19548	-1022.871	-1234.481	211.6101	2.104581	0.4923889	1.511947
19554	-1019.626	-1231.617	211.9909	2.110518	0.5920704	1.065751
19560	-1036.758	-1247.88	211.122	1.779316	0.3725231	2.220755
19566	-1011.153	-1221.323	210.1696	1.741466	0.692123	2.522305
19572	-1013.057	-1223.723	210.6661	1.933336	0.4518406	2.318163
19578	-1031.289	-1241.153	209.8641	1.531253	0.6576551	2.867316
19584	-1021.684	-1232.043	210.359	1.595501	0.6576035	2.523991
19590	-1013.005	-1223.497	210.4921	1.488822	0.4748516	2.679841
19596	-1022.919	-1232.78	209.8611	1.589726	0.4772515	2.999129
19602	-1022.864	-1233.705	210.8411	1.787512	0.3608512	2.409913
19608	-1032.072	-1243.621	211.549	1.986171	0.4278822	1.723858
19614	-1016.908	-1228.436	211.528	1.942764	0.6299647	1.536924
19620	-1035.272	-1246.284	211.0125	2.064955	0.5697261	1.877498
19626	-1023.681	-1235.664	211.9825	1.999628	0.3566574	1.500686
19632	-1027.313	-1238.402	211.0888	1.690809	0.7457132	1.916507
19638	-1020.03	-1230.106	210.0766	1.567958	0.5195262	2.839981
19644	-1028.676	-1240.432	211.7559	2.095443	0.4459332	1.469583
19650	-1013.928	-1224.516	210.5882	1.660557	0.3538048	2.655748
19656	-1020.988	-1232.009	211.0213	1.873692	0.6451285	1.927505
19662	-1053.827	-1264.921	211.0937	1.903083	0.7162692	1.793219
19668	-1035.731	-1246.544	210.8136	1.609999	0.6084349	2.271058
19674	-1019.709	-1230.751	211.0417	1.808697	0.5428927	2.057346
19680	-1013.354	-1224.444	211.0904	2.007187	1.304508	1.27513
19686	-1011.32	-1223.416	212.0958	2.206413	0.646664	0.7525657
19692	-1016.774	-1228.188	211.4141	2.033239	0.9181888	1.282817
19698	-1022.045	-1233.42	211.3757	1.67068	0.9181888	1.590882
19704	-1020.6	-1232.56	211.9605	2.085461	0.3990919	1.386746
19710	-1010.973	-1222.514	211.5404	2.085461	0.5424642	1.517858
19716	-1027.087	-1238.583	211.496	1.973361	0.4593981	1.730266
19722	-1017.152	-1228.039	210.8875	1.778255	0.9923706	1.806338
19728	-1028.139	-1238.618	210.4793	1.639906	0.9072371	2.228998
19734	-1008.822	-1219.276	210.4535	1.531941	0.6976223	2.471301
19740	-1017.651	-1229.871	212.2197	2.015251	0.4538568	1.146649
19746	-998.6741	-1209.858	211.1838	1.991272	0.8846961	1.522748
19752	-1012.532	-1224.071	211.5385	1.918689	0.5779015	1.602196
19758	-1014.221	-1225.43	211.2089	1.833266	0.9780421	1.548294
19764	-1027.741	-1239.395	211.6541	1.820638	0.5628004	1.606021
19770	-1016.138	-1227.675	211.5363	1.735127	0.5018706	1.817833
19776	-1016.37	-1227.815	211.4453	1.840619	0.3719625	1.968851
19782	-1013.915	-1225.223	211.3085	1.835249	0.3719625	2.063402
19788	-1025.507	-1236.825	211.3178	1.863623	0.7458089	1.636581
19794	-1026.272	-1236.238	209.9653	1.682864	1.336644	2.276632
19800	-1002.928	-1214.265	211.3376	1.801762	0.5746238	1.830079
19806	-1008.304	-1219.331	211.0273	1.801762	0.8097698	1.830079
19812	-1032.837	-1243.891	211.0538	1.639113	0.4445047	2.266722
19818	-1032.44	-1243.495	211.0544	1.836826	0.389523	2.205451
19824	-1028.501	-1240.265	211.7641	2.108819	0.389523	1.532641
19830	-1011.955	-1223.925	211.9694	1.936139	0.5586873	1.280479
19836	-1018.589	-1230.366	211.7769	2.069495	0.7847254	1.066033
19842	-1022.13	-1233.951	211.8219	2.223489	0.5904967	1.119569
19848	-1018.19	-1230.218	212.0279	2.101131	0.4584551	1.231124
19854	-1019.192	-1231.066	211.874	2.055022	0.4937371	1.345263
19860	-1026.452	-1238.074	211.6229	1.947738	0.4170055	1.713077
19866	-1022.645	-1233.015	210.3691	1.646233	0.4985591	2.634085
19872	-1022.462	-1232.838	210.3754	1.545287	0.4907977	2.700282
19878	-1020.965	-1230.524	209.5592	1.622094	0.90617	2.815249
19884	-1010.399	-1221.311	210.9123	1.800915	0.6854034	2.012877
19890	-1012.014	-1223.813	211.7984	1.796914	0.5181092	1.569039
19896	-1020.762	-1231.056	210.2942	1.669078	0.8161477	2.393446
19902	-1014.312	-1224.077	209.7649	1.331697	0.6183128	3.079797
19908	-1016.062	-1225.939	209.8769	1.422689	0.6059043	2.968855
19914	-1022.394	-1232.146	209.7517	1.651014	0.7402453	2.797476
19920	-1028.19	-1239.866	211.676	2.191615	0.9381726	0.8651462
19926	-1010.276	-1221.942	211.6658	2.088505	0.987694	0.9353318
19932	-994.4276	-1205.689	211.2617	1.970613	0.9409819	1.433942
19938	-1013.648	-1224.78	211.1326	2.037103	1.002242	1.433942
19944	-1009.051	-1220.537	211.4856	1.801711	0.6883479	1.613177
19950	-1021.894	-1232.046	210.1518	1.860295	1.377022	2.018474
19956	-1014.401	-1225.733	211.3326	1.925243	0.9557953	1.402362
19962	-1003.196	-1214.999	211.8035	2.136324	0.6738267	1.109373
19968	-1012.871	-1224.512	211.6417	2.340452	0.7497702	0.9746279
19974	-1011.227	-1222.683	211.4563	2.109711	0.8308521	1.264564
19980	-1023.021	-1234.209	211.188	2.086867	1.068928	1.299782
19986	-1010.306	-1221.309	211.003	2.062305	1.341343	1.277153
19992	-1019.311	-1230.849	211.5387	2.171642	1.000116	0.9684583
19998	-1003.596	-1215.199	211.6034	2.10583	1.000116	0.9695977
20004	-1027.459	-1238.924	211.4646	2.180886	1.242187	0.7837664
20010	-1023.53	-1235.07	211.54	2.279386	1.049788	0.7837664
20016	-1020.634	-1232.246	211.6121	2.286717	1.049788	0.6521107
20022	-1011.296	-1222.757	211.4613	2.342694	1.151674	0.6521107
20028	-1014.91	-1226.452	211.5419	2.342694	1.064575	0.6521107
20034	-1028.455	-1239.51	211.0551	2.430002	1.423307	0.8035078
20040	-1023.755	-1235.15	211.395	2.327176	1.08386	0.8660857
20046	-1024.689	-1236.672	211.9825	2.217683	0.7469527	0.7063255
20052	-1024.851	-1235.719	210.868	2.436751	1.730502	0.7514837
20058	-1001.174	-1212.511	211.3365	2.542248	1.010872	0.7532114
20064	-997.8065	-1209.084	211.2773	2.533343	1.161477	0.6153644
20070	-1015.552	-1226.405	210.8521	2.563148	1.702817	0.5418729
20076	-1014.703	-1226.083	211.3792	2.46488	1.128148	0.6062674
20082	-1015.459	-1226.857	211.3976	2.424697	1.144436	0.6248
20088	-1025.286	-1236.982	211.6955	2.424367	0.8612196	0.5851222
20094	-1007.472	-1219.057	211.5852	2.31544	1.066517	0.6088505
20100	-1018.008	-1229.344	211.3362	2.313374	1.174605	0.8539059
20106	-1041.077	-1252.46	211.3827	2.342479	1.174605	0.7535597
20112	-1022.441	-1234.279	211.8382	2.270367	0.7981005	0.7535597
20118	-1027.965	-1239.693	211.7278	2.458239	0.7974288	0.6073433
20124	-1037.855	-1248.586	210.7313	2.07865	1.454756	1.410533
20130	-1044.316	-1255.842	211.526	2.489745	0.9475184	0.6179261
20136	-1042.649	-1253.562	210.9123	2.684394	1.399386	0.6539166
20142	-1019.94	-1232.041	212.1015	2.235106	0.5546137	0.881264
20148	-1040.987	-1252.94	211.9529	2.321787	0.6806821	0.7239294
20154	-1032.295	-1243.149	210.8546	1.781208	0.7725808	1.991004
20160	-1035.692	-1246.526	210.8346	1.707564	0.9516667	1.919226
20166	-1027.146	-1238.577	211.4308	1.565987	0.5825291	1.919226
20172	-1033.255	-1244.845	211.5894	1.737464	0.6277458	1.64417
20178	-1031.542	-1242.959	211.4164	1.7626	1.216552	1.268885
20184	-1021.119	-1232.596	211.4768	1.804936	0.693436	1.612353
20190	-1018.12	-1229.501	211.3809	1.866177	0.7203259	1.612353
20196	-1025.849	-1237.308	211.4595	1.972922	0.7061739	1.488888
20202	-1010.001	-1220.278	210.2768	1.817692	0.5003768	2.583244
20208	-1021.137	-1232.578	211.4413	1.827183	0.4659826	1.861516
20214	-1009.421	-1220.737	211.316	1.711244	0.7136919	1.774357
20220	-1013.628	-1224.494	210.8661	1.643939	0.3569251	2.489509
20226	-1011.532	-1221.358	209.8263	1.807203	0.5084907	2.857536
20232	-1012.74	-1224.392	211.6522	2.227112	0.2374316	1.777322
20238	-1023.385	-1235.115	211.7307	2.002095	0.4278169	1.582196
20244	-1004.637	-1215.962	211.3245	2.048519	0.2931232	2.025626
20250	-995.2164	-1206.291	211.0748	1.832327	0.4915506	2.074637
20256	-1016.389	-1227.735	211.3459	1.908959	0.4690591	1.867188
20262	-1011.808	-1223.264	211.4555	2.0297	0.2874122	1.959788
20268	-1022.082	-1233.844	211.7616	2.077946	0.3004104	1.694568
20274	-1010.052	-1221.979	211.9276	2.077946	0.3584802	1.48022
20280	-1009.411	-1221.126	211.7147	2.175675	0.487528	1.383962
20286	-1015.484	-1227.109	211.6248	2.077389	0.5354584	1.468768
20292	-1006.603	-1218.496	211.8923	2.204491	0.5026923	1.194547
20298	-1011.08	-1222.64	211.56	2.16851	0.383421	1.646746
20304	-1024.174	-1236.326	212.1516	2.121834	0.383421	1.227308
20310	-1021.83	-1233.791	211.9617	2.052647	0.4654025	1.315567
20316	-1017.806	-1229.164	211.358	2.075984	0.7933722	1.405238
20322	-1016.71	-1227.855	211.1453	1.827276	0.7933722	1.743845
20328	-1018.998	-1230.256	211.2585	1.89866	0.6487693	1.743845
20334	-1006.901	-1217.908	211.0067	1.922189	0.8987595	1.690461
20340	-1010.264	-1221.858	211.5935	2.111195	0.7371063	1.242712
20346	-1016.664	-1228.44	211.7757	1.860521	0.5439654	1.508435
20352	-1021.443	-1232.512	211.0691	1.481265	0.4554861	2.345279
20358	-1032.022	-1242.433	210.4112	1.473804	0.4088671	2.811218
20364	-1027.688	-1236.316	208.6281	1.430464	0.4101773	3.884963
20370	-1004.643	-1214.359	209.7165	1.409306	0.3718319	3.30857
20376	-1014.388	-1223.668	209.2796	1.445688	0.4478933	3.45881
20382	-1009.849	-1219.929	210.0799	1.572485	0.4776552	2.877273
20388	-1006.507	-1217.406	210.8988	1.61496	0.4457234	2.379496
20394	-1008.564	-1219.885	211.3205	1.795111	0.4909912	1.936366
20400	-1014.111	-1225.802	211.6909	2.121298	0.7257946	1.162936
20406	-1026.244	-1238.056	211.8114	2.239878	0.4374977	1.325675
20412	-1017.448	-1228.598	211.1502	1.974281	1.070293	1.417784
20418	-1010.087	-1221.204	211.1168	1.893196	1.070293	1.504786
20424	-1014.869	-1226.273	211.4045	2.019859	1.161397	1.098107
20430	-1012.421	-1224.244	211.8237	2.293349	0.8045598	0.7287426
20436	-1029.137	-1240.299	211.162	2.36008	1.364707	0.8146964
20442	-1029.579	-1241.418	211.8385	2.085522	0.5368318	1.293047
20448	-1018.858	-1230.735	211.8767	1.993326	0.5719337	1.293047
20454	-1019.471	-1230.409	210.9377	1.988444	0.6946276	1.861142
20460	-1001.997	-1214.006	212.0086	1.878104	0.4510189	1.435728
20466	-1013.462	-1225.569	212.1067	1.887657	0.3405815	1.516919
20472	-1000.248	-1211.479	211.2307	1.735943	0.6342318	1.889211
20478	-1000.651	-1211.881	211.2304	1.73444	0.6473542	1.878034
20484	-1020.181	-1230.296	210.1154	1.73444	0.6667658	2.581335
20490	-1009.301	-1220.356	211.0551	1.760828	1.087356	1.635375
20496	-1006.525	-1218.324	211.7998	1.790238	0.3238781	1.831562
20502	-1004.995	-1216.473	211.4773	1.779705	0.5247009	1.802173
20508	-1023.884	-1235.592	211.7079	2.043661	0.2944925	1.766216
20514	-1019.27	-1230.062	210.7918	1.90148	0.7084917	2.006025
20520	-1016.261	-1228.012	211.7503	1.678878	0.7807566	1.420596
20526	-1020.856	-1232.435	211.5792	2.069061	0.3723494	1.719615
20532	-1012.055	-1223.713	211.6575	1.750533	0.32543	1.952921
20538	-1031.922	-1243.794	211.8721	2.031831	0.3755393	1.530218
20544	-1025.094	-1236.644	211.5499	2.003101	0.4117138	1.732479
20550	-1030.845	-1242.148	211.3022	2.8107	0.8688775	0.4279889
20556	-1029.988	-1241.041	211.0533	2.765346	1.171687	0.4468841
20562	-1016.161	-1227.756	211.5955	1.787409	0.3876705	1.882167
20568	-1013.692	-1225.847	212.1552	2.020824	0.4071727	1.27
20574	-1008.775	-1220.86	212.0857	1.92643	0.499645	1.27
20580	-1010.118	-1222.227	212.1095	1.925351	0.4631831	1.302059
20586	-1015.18	-1227.413	212.233	1.806914	0.3955612	1.396849
20592	-1002.891	-1214.773	211.8825	1.746734	0.6607013	1.384119
20598	-1012.412	-1223.932	211.5201	1.827849	1.075729	1.234109
20604	-1001.602	-1213.016	211.4138	2.065767	1.261051	0.9603981
20610	-1005.093	-1216.508	211.4149	2.144978	1.060633	1.058624
20616	-1013.669	-1225.199	211.5299	2.106136	1.113071	0.9324743
20622	-1024.995	-1236.512	211.5168	2.060784	0.8851443	1.203668
20628	-1019.428	-1231.328	211.8997	1.981038	0.7087294	1.121365
20634	-1030.277	-1241.578	211.3012	1.772101	0.403784	2.068508
20640	-1028.162	-1240.322	212.1599	2.203736	0.4748026	0.9912454
20646	-1019.859	-1231.649	211.7898	2.239745	0.7844708	0.8770365
20652	-1014.649	-1225.86	211.2108	2.214502	1.190252	1.073578
20658	-1021.608	-1233.091	211.4827	2.214502	1.190252	0.7741451
20664	-1030.419	-1239.761	209.3413	1.373464	0.4616586	3.450744
20670	-1007.45	-1217.647	210.197	1.752148	0.4522344	2.723543
20676	-1021.156	-1231.673	210.5172	1.708739	0.4473173	2.558188
20682	-1025.013	-1236.262	211.2486	1.915918	0.6092126	1.777494
20688	-1014.651	-1225.942	211.2906	1.819396	0.6480272	1.777494
20694	-1021.999	-1231.816	209.8171	1.819396	1.068546	2.432489
20700	-1024.675	-1235.834	211.1583	1.751198	0.5533127	2.007428
20706	-1024.029	-1235.209	211.1799	2.111006	0.7561466	1.547453
20712	-1030.999	-1242.113	211.1138	1.915774	0.8374844	1.667248
20718	-1039.99	-1252.04	212.05	2.017939	0.5548917	1.14723
20724	-1015.389	-1227.041	211.6516	2.042021	0.4487905	1.583099
20730	-1009.57	-1219.618	210.0475	1.785923	0.7607739	2.516456
20736	-1009.199	-1219.686	210.4871	1.725827	0.6947555	2.330023
20742	-1012.836	-1222.992	210.156	1.819569	0.8447673	2.364892
20748	-1015.348	-1225.242	209.8946	1.980431	0.9368946	2.364892
20754	-999.6681	-1210.967	211.2989	1.972871	0.4904002	1.830724
20760	-1013.171	-1224.415	211.244	1.935627	0.462915	1.92553
20766	-1008.576	-1219.6	211.0238	1.781958	0.531262	2.098784
20772	-1016.342	-1227.135	210.7927	1.906816	0.5154589	2.184571
20778	-1028.622	-1239.609	210.9872	1.987746	0.5270939	1.991158
20784	-1025.416	-1237.036	211.6209	2.08458	0.3905549	1.653211
20790	-1029.441	-1241.111	211.6701	2.340092	0.5082488	1.259925
20796	-1025.34	-1237.113	211.7729	2.23724	0.5082488	1.259925
20802	-1018.844	-1230.47	211.626	2.205113	0.4017097	1.546061
20808	-1010.672	-1222.684	212.0123	2.204539	0.2894575	1.43609
20814	-1024.415	-1235.912	211.4967	2.263303	0.5698498	1.38343
20820	-1020.396	-1232.145	211.7486	2.317291	0.4132535	1.349824
20826	-1031.212	-1243.185	211.9728	2.13342	0.4132535	1.317504
20832	-1012.837	-1224.178	211.3417	1.908901	0.4132535	1.938392
20838	-1030.004	-1241.278	211.2742	1.92537	0.4385658	1.941261
20844	-1028.866	-1239.816	210.9499	1.909301	0.6868319	1.913671
20850	-1026.376	-1236.744	210.3678	1.705856	0.692917	2.419753
20856	-1015.633	-1225.906	210.2736	1.931982	0.6637621	2.36086
20862	-1014.677	-1224.985	210.3075	1.719287	0.4204893	2.711332
20868	-1023.389	-1233.515	210.1257	1.802469	0.5544455	2.632799
20874	-1010.05	-1221.6	211.5506	2.161111	0.4470379	1.57216
20880	-1012.145	-1224.05	211.9053	2.397408	0.3936386	1.18511
20886	-1009.294	-1221.129	211.8358	2.380371	0.5397646	1.031829
20892	-1011.528	-1223.342	211.8138	2.420414	0.4399528	1.169185
20898	-1015.81	-1227.697	211.8877	2.221152	0.4695962	1.23171
20904	-1010.16	-1222.004	211.8437	2.044424	0.4220204	1.474732
20910	-1018.299	-1228.07	209.7702	1.617852	0.43715	3.078943
20916	-1017.665	-1227.942	210.2771	1.646558	0.4189641	2.776084
20922	-1036.625	-1248.215	211.5903	2.332135	0.5538122	1.272702
20928	-1036.973	-1248.962	211.9889	2.275017	0.3445564	1.301196
20934	-1024.527	-1236.357	211.8297	2.168625	0.3360265	1.521313
20940	-1015.882	-1227.262	211.3803	1.946702	0.4043619	1.89816
20946	-1020.263	-1231.346	211.083	1.946702	0.581288	1.89816
20952	-1011.822	-1222.692	210.8703	1.754104	0.4906557	2.259421
20958	-1011.774	-1222.845	211.0715	1.873454	0.5219488	2.016615
20964	-1013.523	-1224.847	211.3238	1.802557	0.3455146	2.110897
20970	-1026.121	-1237.087	210.9667	1.730819	0.4866771	2.216644
20976	-1018.315	-1229.497	211.1815	1.849397	0.3693763	2.140827
20982	-1026.709	-1237.993	211.284	1.689919	0.6570881	1.862707
20988	-1014.261	-1225.454	211.1931	1.933405	0.5517552	1.862707
20994	-1019.659	-1231.085	211.4264	1.779358	0.502083	1.862707
21000	-1045.362	-1254.262	208.9002	1.741878	1.274818	2.931351
21006	-1030.478	-1241.306	210.8277	1.741878	0.4615616	2.326291
21012	-1035.677	-1245.76	210.083	1.890848	0.704005	2.473351
21018	-1018.79	-1230.284	211.4941	1.786422	0.6482398	1.656947
21024	-1043.059	-1253.69	210.6312	1.794488	0.7638374	2.136674
21030	-1034.287	-1244.589	210.3016	1.794488	1.539679	1.87983
21036	-1031.971	-1243.552	211.581	1.758001	0.8075716	1.46523
21042	-1032.773	-1244.17	211.3973	1.875664	0.342052	2.018982
21048	-1041.453	-1252.655	211.2017	1.908213	0.4523076	1.984924
21054	-1035.267	-1246.833	211.5663	1.934171	0.7207945	1.422805
21060	-1020.888	-1232.317	211.4297	1.879789	0.8825177	1.422805
21066	-1020.05	-1231.347	211.297	1.914957	1.093246	1.332037
21072	-1013.782	-1225.676	211.8939	2.003855	0.6101604	1.22344
21078	-1010.013	-1221.434	211.4215	2.169686	0.9322716	1.147817
21084	-1013.427	-1224.689	211.2625	2.128076	1.151143	1.137066
21090	-1017.074	-1228.395	211.3213	2.128076	1.115403	1.11337
21096	-1006.911	-1218.437	211.5255	1.796632	0.9037487	1.395091
21102	-1015.908	-1227.326	211.4184	1.904769	1.00452	1.311465
21108	-993.913	-1205.555	211.6415	2.001445	0.9604945	1.074004
21114	-1006.367	-1218.063	211.6959	2.122188	1.036186	0.8033785
21120	-1024.596	-1235.618	211.022	1.866858	0.3676751	2.235179
21126	-1024.704	-1236.127	211.4233	1.723597	0.4017395	2.022446
21132	-1039.971	-1251.75	211.7791	1.780199	0.7128828	1.384966
21138	-1049.977	-1261.028	211.0511	1.714897	0.5601143	2.095383
21144	-1033.571	-1245.068	211.4966	2.471873	1.004204	0.587128
21150	-1042.211	-1253.689	211.4776	2.470461	1.02438	0.5887832
21156	-1035.183	-1246.804	211.6213	2.516489	0.8513827	0.5578327
21162	-1028.085	-1239.249	211.1649	1.872421	0.5133239	1.964249
21168	-1030.368	-1241.524	211.1551	2.025728	0.9799745	1.442666
21174	-1034.017	-1245.047	211.0299	2.198076	1.137476	1.286104
21180	-1049.288	-1260.173	210.8854	2.442548	1.727738	0.7180652
21186	-1047.892	-1259.134	211.2418	2.470549	1.285177	0.5923758
21192	-1035.991	-1247.525	211.5336	1.920983	0.4831088	1.711948
21198	-1035.519	-1246.913	211.3939	2.06063	0.4831088	1.711948
21204	-1016.379	-1227.761	211.3819	1.695694	0.5453539	1.902772
21210	-1037.877	-1248.803	210.9253	2.215744	1.344621	1.211702
21216	-1027.216	-1238.628	211.4114	2.197778	0.9140706	1.148989
21222	-1019.986	-1231.615	211.6292	2.248965	0.5028035	1.373555
21228	-1022.242	-1233.786	211.5447	2.109626	0.9055852	1.116757
21234	-1052.333	-1262.93	210.5972	1.456363	0.5831999	2.528126
21240	-1030.754	-1242.601	211.8469	1.628417	0.5831999	1.583249
21246	-1033.522	-1244.688	211.1665	1.96799	0.847507	1.583249
21252	-1032.876	-1244.003	211.1266	2.059233	0.3443235	2.073435
21258	-1026.39	-1238.021	211.6306	2.077925	0.4092864	1.625044
21264	-1025.094	-1236.848	211.7539	2.050472	0.3310492	1.670444
21270	-1024.132	-1235.927	211.7945	1.953972	0.4259772	1.573229
21276	-1035.481	-1247.215	211.7342	1.96872	0.6372535	1.351449
21282	-1026.569	-1237.778	211.2087	2.207698	0.7637954	1.446153
21288	-1028.287	-1239.358	211.072	1.99396	0.7637954	1.703196
21294	-1031.745	-1243.389	211.6443	2.36247	0.5968395	1.145766
21300	-1022.419	-1233.867	211.4479	2.305798	0.762587	1.17404
21306	-1050.159	-1261.35	211.1915	2.214729	1.040111	1.213681
21312	-1027.701	-1239.454	211.7533	2.082372	0.6089355	1.276635
21318	-1014.999	-1226.278	211.2786	2.054275	0.90489	1.385736
21324	-1028.258	-1238.973	210.7146	1.665194	0.8419973	2.106462
21330	-1026.883	-1237.415	210.532	2.027641	0.684901	2.11466
21336	-1015.51	-1226.927	211.4171	1.820624	0.5369639	1.802102
21342	-1037.557	-1247.244	209.6877	1.737748	0.606057	2.892842
21348	-1028.08	-1239.083	211.0034	1.679093	0.546392	2.163767
21354	-1026.658	-1237.401	210.7429	1.939593	0.8843674	1.872668
21360	-1021.657	-1232.72	211.0636	1.770681	0.492901	2.120979
21366	-1021.791	-1232.781	210.9908	1.960981	0.634686	1.898853
21372	-1023.581	-1234.944	211.3632	1.978301	0.3894248	1.907932
21378	-1014.937	-1225.822	210.8841	2.140098	0.647399	1.837351
21384	-1022.985	-1233.976	210.9911	1.929176	0.6058812	1.947771
21390	-1036.632	-1248.517	211.8843	1.966718	0.6930603	1.165882
21396	-1002.232	-1214.118	211.8862	1.815547	0.6862878	1.299014
21402	-1007.851	-1219.804	211.9533	1.846857	0.6862878	1.217339
21408	-1022.622	-1234.207	211.5851	1.9738	0.9031111	1.203021
21414	-1024.789	-1236.488	211.699	2.109677	0.5638333	1.352223
21420	-1013.534	-1224.502	210.9678	1.850462	0.6075478	2.014391
21426	-1026.333	-1237.343	211.0098	1.973766	0.7682402	1.757299
21432	-1015.837	-1227.47	211.6333	1.976133	0.7682402	1.289678
21438	-1009.774	-1221.329	211.5554	2.006554	0.4264855	1.706758
21444	-1016.581	-1228.346	211.7652	1.892066	0.6517749	1.37165
21450	-1017.627	-1229.1	211.4733	1.925244	0.7014367	1.518877
21456	-1008.851	-1220.653	211.802	1.945298	0.5507891	1.41597
21462	-1025.927	-1237.904	211.9772	1.945298	0.4384212	1.425525
21468	-1022.491	-1233.47	210.9788	2.013786	0.8583993	1.676778
21474	-1000.885	-1212.305	211.4197	1.96248	0.6407478	1.590974
21480	-1012.735	-1224.701	211.9662	2.056675	0.2622719	1.629748
21486	-1008.489	-1220.431	211.9414	1.895977	0.4792014	1.435968
21492	-1010.431	-1222.163	211.732	1.861635	0.5909125	1.487052
21498	-1028.858	-1240.438	211.5792	1.967876	0.3795708	1.780252
21504	-1021.772	-1233.694	211.9218	1.840391	0.6153075	1.32888
21510	-1027.657	-1239.61	211.9525	1.890285	0.5694156	1.318217
21516	-1033.105	-1244.852	211.747	2.219141	0.4356303	1.39563
21522	-1030.145	-1241.929	211.7842	2.248138	0.8135803	0.832186
21528	-1031.002	-1242.666	211.6637	2.249677	0.9962918	0.7221633
21534	-1031.864	-1243.69	211.8263	2.183735	0.7535288	0.9405109
21540	-1034.29	-1245.594	211.3038	1.908313	0.7315967	1.627249
21546	-1043.94	-1255.42	211.4798	2.156127	0.6045126	1.439888
21552	-1028.598	-1240.363	211.7646	2.182059	0.5528105	1.253959
21558	-1035.628	-1247.53	211.9012	2.220457	0.4601431	1.234819
21564	-1025.86	-1237.413	211.5522	1.95131	0.8176732	1.327863
21570	-1026.416	-1237.441	211.0254	1.957571	0.8855933	1.662103
21576	-1014.979	-1226.048	211.0687	2.044114	0.8806575	1.57206
21582	-1021.076	-1232.234	211.158	1.971816	0.7720416	1.650561
21588	-1021.435	-1233.075	211.6398	1.744537	0.4817666	1.762812
21594	-1022.72	-1232.735	210.0156	1.673512	0.9524094	2.471863
21600	-1011.544	-1221.909	210.3654	1.646658	0.6767541	2.471863
21606	-1018.141	-1228.54	210.3993	1.7642	0.8019272	2.276671
21612	-1014.798	-1226.467	211.6694	1.957293	0.5934712	1.459156
21618	-1005.364	-1217.108	211.7436	2.221483	0.5041048	1.302455
21624	-1004.607	-1216.096	211.4893	2.249474	0.7615814	1.18801
21630	-1012.331	-1224.247	211.9162	2.091759	0.5039311	1.2676
21636	-1024.453	-1235.827	211.374	2.224171	0.7392855	1.327717
21642	-1034.348	-1245.825	211.4771	2.172566	1.079895	0.9509578
21648	-1028.811	-1240.172	211.3615	2.216097	0.9069967	1.183307
21654	-1010.171	-1221.734	211.5631	2.040785	0.9069967	1.160389
21660	-1011.699	-1222.657	210.9579	1.903002	0.9069967	1.732159
21666	-1012.669	-1224.287	211.6179	1.896745	0.6298095	1.504406
21672	-1005.743	-1217.368	211.625	1.967026	0.4423511	1.664847
21678	-1020.108	-1230.982	210.874	2.044082	0.4648729	2.097369
21684	-1021.699	-1233.182	211.4824	1.983195	0.5473442	1.629766
21690	-1012.956	-1223.454	210.4981	1.452901	0.363769	2.825231
21696	-1015.764	-1226.159	210.3948	1.854829	0.394093	2.605001
21702	-1021.048	-1231.828	210.7806	1.632842	0.7736106	2.136896
21708	-1007.011	-1218.222	211.2113	1.942036	0.7347636	1.666636
21714	-1010.552	-1221.649	211.0969	1.952763	0.7927818	1.690012
21720	-1008.94	-1220.34	211.4	1.837452	0.5155393	1.825844
21726	-1007.574	-1218.915	211.3409	1.964241	0.4784762	1.821646
21732	-1012.038	-1223.365	211.327	1.995506	0.5775255	1.699204
21738	-1022.745	-1234.008	211.2625	1.887871	0.8531145	1.566937
21744	-1019.577	-1231.279	211.7019	2.14241	0.3839637	1.561862
21750	-1032.917	-1244.305	211.3882	2.043772	0.5223031	1.6822
21756	-1025.999	-1237.436	211.4367	1.968263	0.7008604	1.514687
21762	-1028.856	-1240.765	211.9089	2.168524	0.4094528	1.346303
21768	-1033.429	-1245.336	211.9067	2.164129	0.412958	1.346303
21774	-1017.351	-1228.944	211.5935	2.008577	0.473849	1.617757
21780	-1040.793	-1250.707	209.9137	1.663969	0.4977137	2.902053
21786	-1045.089	-1255.929	210.8403	1.657855	0.4689786	2.363488
21792	-1028.207	-1239.048	210.8408	1.930164	0.5142835	2.139341
21798	-1033.28	-1244.072	210.7912	1.978936	0.3721378	2.30547
21804	-1011.588	-1222.096	210.5079	1.623188	0.5077519	2.552966
21810	-1016.959	-1227.21	210.2504	1.780929	0.2956414	2.867215
21816	-1020.423	-1229.625	209.2024	1.696023	0.5471361	3.260182
21822	-1031.049	-1240.254	209.2047	1.75529	0.3785332	3.398068
21828	-1018.266	-1228.746	210.4798	1.786189	0.7578669	2.2449
21834	-1014.52	-1224.899	210.3792	1.817547	0.5183964	2.501296
21840	-1020.729	-1229.85	209.1208	1.70753	0.3931976	3.458188
21846	-1034.928	-1244.831	209.9027	1.571384	0.3718439	3.102236
21852	-1033.297	-1243.054	209.7564	1.435208	0.4901297	3.140961
21858	-1027.538	-1237.872	210.3336	1.447707	0.5140702	2.76211
21864	-1024.183	-1234.445	210.262	1.642672	0.4633585	2.738779
21870	-1024.798	-1235.326	210.528	1.792078	1.009173	2.028869
21876	-1027.253	-1237.8	210.547	1.803276	1.009173	2.008779
21882	-1030.395	-1241.625	211.2304	1.814057	0.6593384	1.812206
21888	-1024.363	-1235.235	210.8717	1.900103	0.3831178	2.290331
21894	-1015.872	-1226.711	210.8383	1.77304	0.695545	2.071448
21900	-1028.344	-1238.786	210.4418	1.572267	0.6021626	2.535418
21906	-1044.991	-1255.577	210.5855	1.77913	0.6389622	2.281196
21912	-1014.497	-1226.241	211.7441	1.781433	0.4671499	1.68102
21918	-1018.491	-1229.587	211.0957	1.964511	0.5762251	1.882562
21924	-1026.04	-1237.897	211.8575	1.981785	0.4991184	1.408656
21930	-1029.938	-1241.289	211.3508	2.201287	0.9162061	1.196807
21936	-1022.121	-1232.164	210.0423	1.873996	0.7558233	2.468444
21942	-1024.047	-1234.057	210.0101	1.721703	0.917027	2.468444
21948	-1023.204	-1233.871	210.6674	2.16847	1.031171	1.659681
21954	-1015.447	-1226.587	211.1403	2.338175	0.7349274	1.425955
21960	-1019.374	-1231.124	211.7493	2.255413	0.7387215	0.9655233
21966	-1032.627	-1244.272	211.645	2.294693	0.8927126	0.8365925
21972	-1032.966	-1244.78	211.8133	2.2751	0.7196957	0.9012468
21978	-1031.466	-1242.905	211.4394	2.315317	0.9515758	0.9737243
21984	-1012.353	-1223.865	211.5126	2.385955	0.9674339	0.7874112
21990	-1016.773	-1228.403	211.6298	2.010821	1.023321	1.015616
21996	-1017.055	-1228.581	211.5263	2.028167	0.7812495	1.321527
22002	-1024.592	-1236.448	211.8561	2.226615	0.7914653	0.8008571
22008	-995.3022	-1207.46	212.1581	2.031758	0.4597335	1.17717
22014	-1010.68	-1222.769	212.0889	1.927033	0.4737162	1.302604
22020	-1013.798	-1226.124	212.3263	1.910802	0.5430721	1.006249
22026	-1015.423	-1226.588	211.1647	1.886644	0.9572124	1.557255
22032	-1015.632	-1226.626	210.9936	1.784335	0.6695625	1.983771
22038	-1016.595	-1228.415	211.8208	2.092958	0.6437158	1.169081
22044	-1011.729	-1222.927	211.1984	2.027035	0.9512018	1.431087
22050	-1024.495	-1236.239	211.7436	2.061506	0.547324	1.375053
22056	-1012.656	-1224.519	211.8628	2.267082	0.3819846	1.347058
22062	-1007.593	-1219.501	211.9081	2.164527	0.3819846	1.39215
22068	-1014.448	-1226.037	211.5884	2.18575	0.4861843	1.475066
22074	-1027.223	-1239.332	212.1094	2.162575	0.2619744	1.445649
22080	-1022.845	-1234.818	211.973	2.291017	0.3016214	1.377243
22086	-1023.939	-1234.95	211.0115	1.971739	0.5371145	1.975048
22092	-1038.316	-1249.647	211.3319	1.916822	0.5489818	1.781438
22098	-1032.315	-1243.416	211.1018	1.834386	0.7787653	1.781438
22104	-1004.215	-1215.265	211.0501	1.819027	0.5940198	1.993592
22110	-1023.743	-1235.163	211.4196	2.016609	0.4976331	1.707671
22116	-1010.355	-1221.91	211.5547	1.982483	0.475743	1.662156
22122	-1013.088	-1224.783	211.6951	1.971254	0.4670597	1.579543
22128	-1018.498	-1229.915	211.4166	2.065871	0.6872123	1.469848
22134	-1026.814	-1238.068	211.2542	1.814697	0.5127485	1.943685
22140	-1017.384	-1228.74	211.3563	1.807742	0.8551712	1.555184
22146	-1011.72	-1223.134	211.4144	1.656134	0.524312	1.929988
22152	-998.5971	-1210.056	211.4587	1.766606	0.2978513	2.115661
22158	-1007.893	-1219.21	211.3176	1.82823	0.4890511	1.91813
22164	-1006.904	-1218.248	211.3443	1.731835	0.5414588	1.907851
22170	-1017.047	-1229.036	211.9898	1.996862	0.313379	1.566974
22176	-1011.923	-1223.675	211.7514	1.794971	0.4960163	1.630967
22182	-1017.907	-1229.684	211.7766	2.111139	0.346338	1.586538
22188	-1020.029	-1231.477	211.4477	1.987083	0.346338	1.904257
22194	-1023.749	-1234.788	211.0394	1.87605	0.3799488	2.202026
22200	-1034.518	-1246.024	211.5058	1.856609	0.3727213	1.916284
22206	-1031.365	-1243.182	211.8165	2.180885	0.3402223	1.515224
22212	-1033.493	-1245.288	211.7942	2.165669	0.3702153	1.496435
22218	-1036.525	-1248.579	212.0538	1.995126	0.4365793	1.328911
22224	-1039.731	-1251.8	212.0689	2.054645	0.3967604	1.328911
22230	-1027.706	-1239.635	211.9293	1.910049	0.2858893	1.719007
22236	-1032.517	-1243.659	211.1421	1.910049	0.6327807	1.832134
22242	-1040.451	-1251.649	211.1974	2.15983	0.4014672	1.881349
22248	-1034.829	-1245.712	210.8823	2.009177	0.4014672	2.19024
22254	-1025.744	-1237.858	212.1144	1.883802	0.5623571	1.198126
22260	-1010.934	-1222.56	211.6265	2.04387	0.6037047	1.414223
22266	-1014.332	-1225.3	210.9679	2.140425	1.189545	1.345114
22272	-1026.631	-1237.971	211.3404	2.118255	1.243925	0.9965692
22278	-1028.84	-1240.139	211.2994	2.33038	1.243925	0.8031047
22284	-1030.476	-1242.183	211.7073	2.097631	0.4404706	1.511887
22290	-1021.299	-1232.347	211.0479	2.097631	0.5028477	1.902795
22296	-1016.132	-1227.551	211.4194	2.093246	0.4410351	1.722774
22302	-1017.217	-1228.42	211.2021	2.057951	1.225853	1.193918
22308	-1018.023	-1229.351	211.3282	2.034067	1.219513	1.108353
22314	-1006.132	-1217.636	211.5045	2.223586	1.13543	0.7989072
22320	-1018.909	-1230.439	211.5296	2.157068	1.067021	0.9243204
22326	-1025.472	-1236.777	211.3045	2.102975	1.064016	1.192909
22332	-1018.18	-1229.496	211.316	1.997836	1.050556	1.282315
22338	-1016.697	-1227.53	210.8332	2.148763	1.337989	1.346703
22344	-1014.541	-1226.256	211.7159	2.465114	0.7907741	0.6401071
22350	-1025.531	-1236.487	210.9566	1.946632	0.6259346	1.939956
22356	-1020.55	-1231.712	211.1615	2.011065	0.4767009	1.914192
22362	-1038.186	-1249.736	211.5497	2.449763	0.961991	0.6213595
22368	-1029.59	-1240.744	211.1542	2.360742	1.523764	0.6278866
22374	-1016.664	-1228.166	211.5019	2.535886	0.9440741	0.5552453
22380	-1029.909	-1241.629	211.7204	2.50677	0.7794557	0.5158257
22386	-1001.784	-1213.428	211.6435	2.474086	0.8749229	0.4931977
22392	-1012.608	-1223.843	211.235	2.474908	1.300553	0.5512976
22398	-1025.378	-1236.78	211.4018	2.419478	1.136713	0.6437674
22404	-1024.469	-1236.129	211.6594	2.257324	1.050536	0.6066135
22410	-1007.24	-1218.853	211.6138	2.136876	1.017682	0.9065827
22416	-1014.998	-1226.544	211.5458	2.278391	1.017682	0.8189841
22422	-1024.624	-1236.364	211.7404	2.025718	0.7433117	1.183882
22428	-1017.86	-1229.457	211.597	2.503334	0.5746126	1.090923
22434	-1020.875	-1232.503	211.6278	2.175728	0.5139875	1.417469
22440	-1023.67	-1235.28	211.6098	2.462863	0.8814005	0.6504632
22446	-1019.469	-1231.183	211.7144	2.342132	0.8962501	0.6504632
22452	-1018.819	-1230.653	211.8337	2.322113	0.8081356	0.6504632
22458	-1031.072	-1242.538	211.466	2.322113	1.155756	0.6767065
22464	-1029.369	-1240.965	211.5952	2.177884	0.87597	1.035932
22470	-1015.431	-1227.16	211.7285	2.387123	0.8311676	0.677655
22476	-1024.456	-1236.133	211.6773	2.428726	0.8311676	0.6954381
22482	-1012.163	-1224.037	211.8741	2.050304	0.842323	0.919521
22488	-1017.189	-1228.925	211.7354	2.130664	0.9897787	0.8006901
22494	-1017.499	-1229.085	211.5858	2.216287	0.9897787	0.8797887
22500	-1012.607	-1224.216	211.6091	2.093083	1.131596	0.8367562
22506	-1015.59	-1227.756	212.1657	2.211817	0.5463931	0.8477395
22512	-1025.953	-1238.156	212.2029	1.913953	0.6906852	0.9113549
22518	-1021.829	-1233.835	212.0054	2.026957	0.6906852	1.000019
22524	-1034.858	-1247.258	212.4007	2.115562	0.3869105	1.000019
22530	-1015.347	-1227.398	212.0503	1.99913	0.4716731	1.278132
22536	-1015.354	-1227.076	211.7218	1.881095	0.9896797	1.083639
22542	-1006.892	-1218.759	211.8674	1.935491	0.6958888	1.204264
22548	-1006.381	-1218.523	212.1422	1.887371	0.4414766	1.337329
22554	-1008.836	-1219.393	210.5564	1.56563	0.8283971	2.283473
22560	-1024.244	-1234.321	210.077	1.615794	0.7857616	2.585134
22566	-1007.895	-1218.352	210.457	1.517484	0.7448461	2.440455
22572	-1015.584	-1227.148	211.5642	2.556615	0.8692425	0.5411352
22578	-1018.225	-1229.834	211.6088	2.456509	0.9141199	0.5731584
22584	-1003.994	-1215.022	211.0277	1.706974	0.556861	2.119187
22590	-1005.035	-1214.929	209.8945	1.747843	0.7043166	2.678802
22596	-996.347	-1207.77	211.4226	1.618371	0.5749858	1.896939
22602	-999.3755	-1210.871	211.4955	1.750716	0.5749858	1.755576
22608	-993.4608	-1205.081	211.6203	1.556337	0.6227705	1.755576
22614	-996.6715	-1208.958	212.2862	1.909451	0.4169724	1.238311
22620	-1026.356	-1238.333	211.977	2.112901	0.6183623	1.040541
22626	-1012.814	-1224.764	211.95	2.016692	0.7141411	1.034719
22632	-1010.244	-1221.934	211.6901	2.171051	0.9082393	0.9089247
22638	-1026.304	-1237.928	211.6242	2.171051	0.9082393	0.9791122
22644	-1003.817	-1215.161	211.3443	2.171051	1.153533	1.018565
22650	-1010.03	-1221.813	211.783	2.310931	0.8497799	0.6787687
22656	-994.1985	-1205.946	211.7474	2.282332	0.8326947	0.8072023
22662	-1010.817	-1222.524	211.7065	2.210291	0.9129101	0.8379771
22668	-1009.077	-1220.368	211.2906	2.318941	1.283606	0.7855712
22674	-1018.712	-1229.897	211.185	2.471956	1.281146	0.7176323
22680	-1016.76	-1227.746	210.9864	2.322428	1.714347	0.761189
22686	-1021.002	-1232.625	211.622	2.409108	0.8272708	0.8135308
22692	-1021.609	-1232.897	211.2877	2.234691	1.36551	0.8135308
22698	-1019.056	-1230.344	211.2877	2.255705	1.36551	0.7854066
22704	-1025.79	-1236.803	211.0131	2.453599	1.46539	0.7854066
22710	-1020.431	-1231.834	211.4033	2.318254	1.120557	0.8250341
22716	-1013.169	-1225.025	211.8564	2.232417	0.7347741	0.8789463
22722	-1029.51	-1241.448	211.9382	2.19652	0.7347741	0.8233226
22728	-1012.618	-1224.304	211.686	2.285825	0.8450821	0.8619374
22734	-1017.469	-1229.48	212.0112	2.176088	0.670082	0.8619374
22740	-1038.295	-1249.559	211.2638	2.472655	1.262415	0.574312
22746	-1023.941	-1235.277	211.3367	2.495711	1.162109	0.520142
22752	-1028.603	-1240.232	211.6291	2.495711	0.8677528	0.520142
22758	-1019.574	-1230.965	211.391	2.543232	1.047578	0.5535068
22764	-1006.075	-1217.679	211.6036	2.527091	0.8584094	0.5535068
22770	-1011.394	-1223.202	211.8076	2.511054	0.6920832	0.6031115
22776	-1021.848	-1232.856	211.0084	2.636752	1.313753	0.6918372
22782	-1025.073	-1236.507	211.4341	2.690752	0.8669939	0.5292832
22788	-1014.804	-1225.832	211.028	2.671284	1.315272	0.543315
22794	-1026.476	-1237.477	211.0008	2.565303	1.457582	0.6219617
22800	-1024.938	-1235.683	210.7444	2.636007	1.695045	0.6621309
22806	-1022.651	-1233.397	210.7458	2.925081	1.342766	0.4330638
22812	-1030.28	-1241.647	211.3671	2.701422	0.8877637	0.3790607
22818	-1030.815	-1242.04	211.2249	2.612814	1.157063	0.5027799
22824	-1042.328	-1253.88	211.5516	1.703668	0.9143645	1.437934
22830	-1014.169	-1225.482	211.3125	1.674467	0.5386352	1.970923
22836	-1010.324	-1221.742	211.4187	1.695715	0.6515119	1.771084
22842	-1005.733	-1217.319	211.5866	1.788165	0.4043146	1.865652
22848	-1024.266	-1235.457	211.1908	1.582665	0.4372452	2.223333
22854	-1031.979	-1242.493	210.5135	1.491071	0.5913071	2.551184
22860	-1021.335	-1233.062	211.727	1.771714	0.563591	1.587623
22866	-1023.478	-1233.769	210.2909	1.414405	0.3638625	2.973568
22872	-1017.8	-1228.6	210.7997	1.570497	0.6266447	2.288664
22878	-1026.802	-1238.396	211.5938	1.966277	0.4540093	1.672778
22884	-1007.029	-1217.402	210.3726	1.631735	1.063045	2.201257
22890	-1021.852	-1232.235	210.3829	1.45658	0.8268688	2.463613
22896	-1007.057	-1218.583	211.526	1.679207	0.7015403	1.659889
22902	-1009.198	-1220.836	211.6382	1.59974	0.6598308	1.676062
22908	-1011.36	-1223.177	211.8172	2.072775	0.8244326	0.9776121
22914	-1008.24	-1220.017	211.7769	1.86173	0.7692774	1.264657
22920	-1034.235	-1245.35	211.1153	1.700029	0.9959971	1.699115
22926	-1018.865	-1229.98	211.115	1.700029	0.5781902	2.045094
22932	-1027.375	-1236.716	209.3408	1.522083	0.3373048	3.504951
22938	-1030.704	-1238.602	207.898	1.497195	0.3223977	4.364804
22944	-1023.358	-1230.876	207.5177	1.315168	0.2333745	4.803153
22950	-1011.472	-1221.125	209.653	1.277948	0.7179349	3.098536
22956	-1019.842	-1230.207	210.3651	1.625739	0.5763986	2.573429
22962	-1028.555	-1237.283	208.7284	1.336753	0.41437	3.876605
22968	-1038.306	-1247.302	208.9968	1.228466	0.6444374	3.571176
22974	-1021.216	-1231.824	210.6077	1.522313	0.7318917	2.352391
22980	-1009.601	-1220.153	210.5526	1.632956	0.5133203	2.513402
22986	-1020.844	-1232.176	211.3319	1.992361	0.5242648	1.755885
22992	-1014.553	-1226.189	211.6362	2.114783	0.5528974	1.410551
22998	-1027.591	-1239.435	211.8438	2.073291	0.7353164	1.056412
23004	-1024.977	-1236.501	211.5239	2.204617	0.9083584	1.044916
23010	-1035.249	-1246.738	211.4886	1.867313	0.4806427	1.78394
23016	-1027.858	-1238.765	210.9079	1.794747	0.4698454	2.23181
23022	-1028.2	-1239.649	211.4485	1.935852	0.3334144	1.957069
23028	-1015.324	-1226.506	211.182	2.081054	0.9157508	1.430872
23034	-1017.595	-1228.992	211.397	1.996544	0.6004776	1.624199
23040	-1025.723	-1237.08	211.3573	2.037874	0.7434647	1.481352
23046	-1028.403	-1239.706	211.303	2.108737	0.917487	1.312377
23052	-1023.44	-1234.713	211.2731	1.823398	0.5167366	1.920685
23058	-1045	-1255.627	210.6265	1.690313	0.3828512	2.577097
23064	-1032.812	-1243.085	210.2731	1.943591	0.5752743	2.433361
23070	-1027.13	-1239.235	212.1056	2.422707	0.4653955	0.8256413
23076	-1039.407	-1251.414	212.0066	2.522161	0.4036854	0.9538775
23082	-1015.579	-1227.417	211.8374	2.154022	0.5145964	1.266935
23088	-1007.207	-1218.993	211.7853	2.20118	0.4730256	1.32734
23094	-1009.68	-1220.319	210.6396	1.87361	0.5869787	2.233567
23100	-1017.551	-1229.313	211.7622	2.129118	0.5119752	1.351321
23106	-1018.698	-1230.011	211.3131	2.059162	0.5119752	1.736188
23112	-1031.799	-1243.253	211.4542	1.880692	0.530646	1.74137
23118	-1014.683	-1225.957	211.2738	1.872554	0.5575168	1.843074
23124	-1026.115	-1236.758	210.643	1.968502	0.4852379	2.273485
23130	-1018.947	-1230.685	211.738	2.140971	0.4235561	1.479479
23136	-1017.666	-1229.845	212.1786	2.079888	0.3447285	1.3053
23142	-1019.053	-1230.81	211.7576	1.8563	0.3757601	1.738933
23148	-1033.331	-1244.752	211.4214	2.122185	0.3826151	1.778455
23154	-1020.698	-1231.953	211.2547	1.768553	0.4093621	2.094438
23160	-1028.974	-1240.247	211.2733	2.027133	0.4417639	1.868955
23166	-1015.915	-1226.598	210.6833	1.59127	0.4822443	2.489997
23172	-1026.138	-1237.001	210.8629	1.655776	0.5004194	2.316644
23178	-1032.422	-1242.539	210.1166	1.726482	0.5029872	2.735432
23184	-1031.741	-1242.286	210.5452	1.614661	0.3882774	2.667404
23190	-1024.179	-1235.759	211.5795	1.730592	0.4018745	1.912847
23196	-1029.653	-1240.853	211.2003	2.066639	0.5602053	1.756745
23202	-1034.704	-1246.684	211.979	2.321039	0.3121952	1.329443
23208	-1017.052	-1229.195	212.1429	1.893584	0.5092312	1.236646
23214	-1037.565	-1249.306	211.741	1.781296	0.8715961	1.262758
23220	-1028.988	-1240.573	211.5853	2.041287	0.7050093	1.339807
23226	-1023.795	-1235.394	211.5995	2.13628	0.8492168	1.099153
23232	-1017.026	-1227.207	210.1811	1.554356	0.6255093	2.687031
23238	-1017.406	-1227.779	210.3732	1.753029	0.5985463	2.468582
23244	-1020.677	-1231.47	210.7929	1.684924	0.4758694	2.368864
23250	-1029.912	-1240.523	210.6111	1.724582	0.4169536	2.524484
23256	-1006.113	-1216.919	210.8061	1.685689	0.9304023	1.968093
23262	-1025.504	-1236.15	210.6459	1.60819	1.224165	1.940435
23268	-1019.163	-1230.5	211.3366	1.953292	1.104198	1.260272
23274	-1040.653	-1252.303	211.6501	2.316888	0.9402651	0.7282629
23280	-1024.313	-1235.615	211.3024	2.098352	1.014354	1.239563
23286	-1028.271	-1240.331	212.0596	2.137752	0.6185322	0.9312147
23292	-1021.201	-1233.139	211.9388	2.339605	0.7198422	0.6152798
23298	-1027.436	-1239.31	211.8742	2.339605	0.7791236	0.5892839
23304	-1018.429	-1229.626	211.1963	1.697796	0.6286559	1.943549
23310	-1013.532	-1224.096	210.5638	1.517679	0.9164032	2.246965
23316	-1012.865	-1224.101	211.2359	1.685913	0.7369816	1.826932
23322	-1020.621	-1232.297	211.6761	2.486259	0.835149	0.506048
23328	-1013.999	-1226.033	212.0341	2.467738	0.5746342	0.506048
23334	-1004.5	-1216.293	211.7937	2.037146	0.6448922	1.238611
23340	-1006.925	-1218.499	211.5742	2.012948	0.7948387	1.28179
23346	-1015.215	-1226.39	211.1749	1.981404	0.9128517	1.514045
23352	-1013.326	-1224.505	211.1787	2.06114	1.049325	1.343028
23358	-1015.869	-1227.451	211.582	2.069269	0.4954861	1.55519
23364	-1005.518	-1216.085	210.5673	1.862247	1.055072	1.925612
23370	-1017.986	-1229.23	211.2443	2.089602	0.7031452	1.565101
23376	-1005.785	-1217.166	211.3809	1.799288	0.7166155	1.663861
23382	-1026.699	-1238.291	211.5923	2.015469	0.4343672	1.663861
23388	-1017.939	-1229.642	211.703	1.814024	0.579138	1.557072
23394	-1011.21	-1222.477	211.2667	1.843897	0.579138	1.845154
23400	-1011.842	-1223.117	211.2747	1.998682	0.6302296	1.679893
23406	-1003.881	-1215.757	211.8759	2.075641	0.6302296	1.152348
23412	-1019.985	-1231.303	211.318	2.419853	1.157179	0.7577765
23418	-1000.407	-1212.06	211.6537	2.300729	0.9572441	0.7199911
23424	-998.3985	-1210.132	211.7337	2.300729	0.7799515	0.8776327
23430	-1008.832	-1219.86	211.0277	2.448458	1.551257	0.6692475
23436	-1012.136	-1223.324	211.1878	2.479706	1.30568	0.6617441
23442	-1018.349	-1229.574	211.2254	2.470298	1.322302	0.5277044
23448	-1012.526	-1223.725	211.1987	2.586864	1.214258	0.5312032
23454	-1026.73	-1237.795	211.0649	1.767268	0.5269309	2.085929
23460	-1010.433	-1221.544	211.1111	2.552602	1.359566	0.5436517
23466	-1010.16	-1221.213	211.0538	2.597474	1.378668	0.5233922
23472	-993.7533	-1204.603	210.85	2.666448	1.552944	0.5542213
23478	-1006.497	-1217.807	211.3106	2.551322	1.125539	0.5479993
23484	-1011.45	-1222.547	211.0975	2.59838	1.311166	0.57542
23490	-1008.063	-1219.143	211.0804	2.60743	1.311166	0.602144
23496	-1018.891	-1230.019	211.1276	2.60743	1.263759	0.431571
23502	-1023.267	-1234.735	211.4675	1.883709	0.3970245	1.891276
23508	-1017.331	-1228.691	211.3599	2.022969	0.7484249	1.485945
23514	-1001.479	-1212.848	211.3684	1.993242	0.9377279	1.335427
23520	-1008.916	-1220.427	211.5109	1.993242	0.9381216	1.217863
23526	-1009.513	-1220.993	211.4795	2.190448	0.8159193	1.191507
23532	-1017.567	-1229.348	211.7814	2.384795	0.4637875	1.191507
23538	-1025.103	-1237.044	211.9413	2.384795	0.4637875	1.046803
23544	-1034.631	-1246.03	211.3982	1.99933	0.5949269	1.627193
23550	-1018.199	-1229.624	211.4253	1.826835	0.4673239	1.871114
23556	-1020.346	-1231.198	210.8518	1.713126	0.4673239	2.322864
23562	-1024.001	-1234.509	210.5083	1.726299	0.6867557	2.322864
23568	-1010.788	-1222.477	211.6891	1.80078	0.5059326	1.659822
23574	-1005.317	-1216.961	211.6437	1.721661	0.5948525	1.650392
23580	-1036.088	-1247.892	211.8044	1.988259	0.857222	1.037214
23586	-1027.46	-1238.595	211.1357	1.969076	1.358269	1.233176
23592	-1029.747	-1239.692	209.945	1.621919	0.8222589	2.636451
23598	-1019.464	-1229.608	210.1441	1.490345	0.8222589	2.594689
23604	-1020.943	-1232.253	211.3094	1.821679	0.418708	2.01158
23610	-1018.099	-1229.272	211.1731	1.754995	0.5600357	1.988131
23616	-1018.155	-1229.187	211.0316	1.783737	0.4520335	2.179099
23622	-1019.409	-1230.799	211.3906	1.864936	0.7002279	1.624921
23628	-1027.29	-1238.816	211.5253	2.07318	0.9285131	1.144842
23634	-1012.997	-1224.523	211.526	2.087445	0.9144203	1.144842
23640	-1013.515	-1225.237	211.7228	2.045665	0.8501568	1.067838
23646	-1020.063	-1231.666	211.6034	2.062872	0.896511	1.114793
23652	-1011.125	-1222.547	211.4218	2.042668	0.8767836	1.305404
23658	-1007.694	-1219.407	211.7133	1.861855	0.7806477	1.305404
23664	-1009.757	-1221.435	211.6775	1.940134	0.7652869	1.285907
23670	-1007.067	-1218.534	211.4667	1.859177	0.9169087	1.381118
23676	-1020.956	-1231.809	210.8529	1.9278	1.204035	1.584499
23682	-1012.449	-1223.601	211.1522	2.319039	1.26545	0.9652379
23688	-998.4991	-1210.169	211.6699	2.192584	0.8974783	0.9202984
23694	-1007.227	-1219.012	211.7853	1.972618	0.741689	1.192687
23700	-1023.512	-1234.927	211.4151	2.227236	1.124979	0.9137099
23706	-1025.119	-1236.67	211.5504	2.26893	0.9324138	0.926624
23712	-1011.883	-1223.538	211.6551	2.366118	0.7267681	0.9639749
23718	-1018.344	-1230.148	211.8039	2.421061	0.7544999	0.6400096
23724	-1010.749	-1222.471	211.7221	2.35757	0.8154712	0.765965
23730	-1010.794	-1222.783	211.9895	2.204245	0.6734807	0.8487585
23736	-1027.182	-1238.466	211.2839	2.09235	1.040566	1.23864
23742	-1008.196	-1219.963	211.7665	2.16023	0.8681764	0.8843503
23748	-1015.934	-1227.294	211.3599	2.178307	1.085392	1.056942
23754	-1003.956	-1215.774	211.8181	2.101655	0.7608839	1.023364
23760	-1009.692	-1221.425	211.7338	2.225129	0.8784123	0.8322016
23766	-1011.299	-1222.92	211.6212	2.130903	0.9608622	0.9665001
23772	-1006.957	-1218.341	211.3836	2.172881	1.067182	1.05591
23778	-1012.049	-1223.281	211.2323	2.233738	1.317152	0.925502
23784	-1008.055	-1219.285	211.2302	2.028737	1.092057	1.294956
23790	-1004.427	-1215.907	211.4804	1.917243	0.9601853	1.28744
23796	-1014.531	-1226.634	212.1027	1.964228	0.6290525	1.048086
23802	-1023.837	-1235.601	211.7635	2.022008	0.8733521	1.026753
23808	-1005.23	-1217.009	211.7794	2.089888	0.8733521	0.9414836
23814	-1013.236	-1224.748	211.5116	2.187784	0.942865	1.037787
23820	-1014.807	-1226.057	211.2497	2.248061	1.256451	0.9453765
23826	-1007.362	-1219.085	211.7225	2.165479	0.7477574	1.069276
23832	-1002.835	-1214.769	211.9347	2.057655	0.7116958	1.012648
23838	-1012.751	-1223.827	211.0758	2.194535	1.310052	1.122915
23844	-1032.117	-1243.444	211.3269	1.810717	0.5380141	1.869758
23850	-1031.815	-1243.614	211.7986	1.944472	0.2675901	1.817436
23856	-1029.53	-1240.846	211.3162	1.896757	0.3657431	2.025912
23862	-1018.016	-1228.856	210.84	1.832835	0.5311146	2.185591
23868	-1015.744	-1226.467	210.723	1.774054	0.4306087	2.407401
23874	-1009.897	-1221.124	211.2268	1.852586	0.5873272	1.858222
23880	-1004.822	-1216.893	212.0714	2.113176	0.4245696	1.235742
23886	-1011.764	-1223.763	211.9992	2.381895	0.4245696	1.061521
23892	-1031.445	-1240.723	209.2775	1.476013	0.4186766	3.47347
23898	-1029.545	-1238.808	209.2623	1.320345	0.7491952	3.281766
23904	-1039.729	-1251.839	212.1102	2.241887	0.4353556	1.070139
23910	-1006.773	-1218.692	211.9189	2.338639	0.4895055	1.070139
23916	-1009.853	-1221.076	211.2223	2.304234	0.7372068	1.386456
23922	-1003.53	-1215.147	211.617	2.094874	0.4901202	1.516879
23928	-1007.724	-1219.027	211.3035	2.054065	0.6266449	1.623196
23934	-1012.969	-1223.418	210.4489	2.193961	0.7231803	2.027055
23940	-1013.853	-1224.195	210.3424	1.931793	1.120272	1.988791
23946	-1009.34	-1220.875	211.5348	1.913822	0.5094366	1.685146
23952	-1017.595	-1228.445	210.8493	1.828874	0.6161431	2.098782
23958	-1014.159	-1224.533	210.3739	1.716171	0.6743618	2.424897
23964	-1025.3	-1235.79	210.4899	1.66828	0.624773	2.424897
23970	-1022.718	-1233.972	211.2545	1.738405	0.5492834	1.955809
23976	-1018.936	-1228.763	209.8271	1.804134	1.037258	2.454751
23982	-1006.903	-1217.15	210.2464	1.715214	0.6257274	2.547056
23988	-1025.114	-1235.778	210.6633	1.78357	0.6927376	2.181371
23994	-1012.889	-1224.492	211.6035	2.100867	0.645317	1.341438
24000	-1019.072	-1229.766	210.6943	1.83313	0.8221878	2.024037
24006	-1013.963	-1225.239	211.2756	2.016532	0.68336	1.614499
24012	-1019.56	-1230.411	210.8516	2.215261	1.366156	1.259623
24018	-1024.466	-1236.29	211.8247	2.026784	0.6123172	1.259623
24024	-1024.008	-1235.188	211.1793	1.92605	0.8988881	1.56288
24030	-1031.006	-1242.62	211.6138	2.310847	0.9846144	0.7229566
24036	-1023.457	-1234.961	211.5038	2.420348	1.038681	0.6176873
24042	-1027.928	-1239.204	211.2761	2.509274	1.157071	0.6797235
24048	-1020.052	-1231.548	211.4956	2.540272	0.8808185	0.7199453
24054	-1017.202	-1228.416	211.2135	1.937461	0.6217209	1.774533
24060	-1006.851	-1218.127	211.2761	2.377305	1.24347	0.7712109
24066	-1017.296	-1228.552	211.2561	2.344391	1.276276	0.8058019
24072	-1024.054	-1235.447	211.3934	2.282395	1.204799	0.7862517
24078	-1025.043	-1236.604	211.5604	2.144919	1.028778	0.9440533
24084	-1023.414	-1234.979	211.5654	2.287815	1.03813	0.7513888
24090	-1024.467	-1235.794	211.3266	2.303817	1.014615	1.033917
24096	-1012.87	-1224.381	211.5111	2.194462	0.9260365	1.048811
24102	-1003.546	-1214.208	210.6618	1.576376	0.8566908	2.187937
24108	-1002.337	-1213.848	211.5116	1.877401	0.5636938	1.666715
24114	-1006.319	-1218.071	211.7528	1.887774	0.726207	1.30677
24120	-997.1174	-1209.038	211.9209	1.872899	0.726207	1.178492
24126	-1000.535	-1212.039	211.5042	2.023041	0.9707465	1.168914
24132	-1005.964	-1217.23	211.2655	2.066222	1.28481	1.085826
24138	-1017.588	-1229.237	211.6487	2.111466	0.8371904	1.089304
24144	-1018.228	-1230.026	211.7981	2.102936	0.8371904	0.9509329
24150	-1014.547	-1226.249	211.7017	2.098072	0.5307588	1.399578
24156	-1031.028	-1242.852	211.8235	2.098072	0.4734771	1.378192
24162	-1027.61	-1239.639	212.0289	2.233529	0.4599559	1.112361
24168	-1020.705	-1232.682	211.9766	2.435924	0.391013	1.091738
24174	-1032.264	-1243.533	211.27	2.499583	1.194761	0.6438593
24180	-1034.921	-1246.494	211.5735	2.443519	0.9359865	0.6438593
24186	-1021.189	-1232.455	211.2659	2.443519	1.231293	0.6997301
24192	-1014.44	-1225.889	211.4487	1.724362	0.7470514	1.64146
24198	-1007.255	-1218.401	211.146	1.808091	0.4107342	2.138041
24204	-1027.686	-1237.913	210.2273	1.82923	0.6272336	2.486529
24210	-1011.067	-1222.876	211.8091	1.905167	0.45027	1.566014
24216	-1019.907	-1231.074	211.1671	1.845063	0.3951118	2.119682
24222	-1011.116	-1222.352	211.2368	1.713354	0.5069576	2.029286
24228	-1003.5	-1214.952	211.4514	1.930893	0.3256215	1.969872
24234	-1012.109	-1223.343	211.2339	1.532066	0.6305947	2.02734
24240	-1002.087	-1211.842	209.7547	1.489459	0.6374176	2.975323
24246	-1024.94	-1234.607	209.6674	1.582366	0.8230343	2.82998
24252	-1006.009	-1216.941	210.9317	1.774466	0.3584639	2.363976
24258	-1005.117	-1216.43	211.3136	1.810317	0.5275305	1.890327
24264	-1013.892	-1225.318	211.4263	1.735903	0.5275305	1.864256
24270	-1014.443	-1226.009	211.5661	2.10508	0.4732254	1.568178
24276	-1022.563	-1234.063	211.5	2.178692	0.7970024	1.202997
24282	-1020.079	-1231.853	211.7738	2.400819	0.7215135	0.7929348
24288	-1027.941	-1239.753	211.8123	2.336353	0.7541409	0.7723059
24294	-1032.882	-1244.153	211.2707	2.336353	1.136338	0.9407433
24300	-1021.214	-1232.926	211.7126	2.120896	0.8626158	0.9909307
24306	-1026.157	-1238.097	211.9396	2.056084	0.6465219	1.092099
24312	-1029.045	-1240.894	211.8494	2.072981	0.6778561	1.120292
24318	-1010.363	-1221.288	210.9253	2.268202	1.601622	0.9871407
24324	-1018.326	-1230.052	211.7259	1.974883	0.7668464	1.215066
24330	-1017.127	-1228.856	211.7287	1.901631	0.5164267	1.545258
24336	-1022.8	-1234.429	211.6299	1.799474	0.7477831	1.451286
24342	-1006.095	-1218.209	212.1137	1.90362	0.4764267	1.297742
24348	-1017.856	-1229.891	212.0344	1.856312	0.5828136	1.262737
24354	-1024.081	-1235.322	211.2407	1.882439	0.4986766	1.922643
24360	-1021.25	-1232.264	211.0144	1.797305	0.8898524	1.779534
24366	-1002.168	-1213.182	211.014	1.926744	0.6518933	1.890199
24372	-1006.476	-1217.676	211.1998	1.968355	0.440613	1.959923
24378	-1007.865	-1219.264	211.3986	1.980165	0.314899	1.988308
24384	-1015.706	-1226.839	211.1331	1.745303	0.3864416	2.217617
24390	-1018.059	-1226.96	208.9002	1.773876	0.9424939	3.097326
24396	-1012.731	-1222.238	209.507	1.645692	0.8531232	2.868056
24402	-1006.406	-1216.685	210.2794	1.90693	0.5025666	2.523911
24408	-1018.659	-1229.831	211.1723	1.721566	0.4997491	2.074383
24414	-1009.097	-1219.339	210.2423	1.721566	0.5014243	2.662876
24420	-1015.701	-1226.28	210.5784	1.771071	0.7949726	2.161928
24426	-1013.483	-1223.663	210.1806	1.650276	0.6794588	2.582602
24432	-1023.598	-1234.175	210.5775	1.605483	0.7628356	2.294171
24438	-1027.504	-1237.931	210.4276	1.719497	0.7926719	2.294171
24444	-1037.581	-1249.731	212.1503	1.782712	0.6449086	1.150678
24450	-1031.592	-1243.168	211.576	2.060401	0.4874723	1.575945
24456	-1033.48	-1244.867	211.3868	2.09016	0.9266948	1.250841
24462	-1032.925	-1244.915	211.9907	2.002037	0.5917063	1.164805
24468	-1021.075	-1232.603	211.5283	2.195558	0.7491024	1.213967
24474	-1021.944	-1233.599	211.6555	1.856232	0.461968	1.697184
24480	-1023.814	-1234.906	211.0926	1.759704	0.6154066	1.984201
24486	-1044.414	-1255.249	210.8358	1.827344	0.3346167	2.423153
24492	-1037.37	-1248.757	211.3875	1.906684	0.3058251	2.058214
24498	-1050.314	-1261.726	211.4118	1.905553	0.2320129	2.164145
24504	-1036.921	-1247.104	210.184	1.642993	0.4311761	2.821211
24510	-1050.629	-1261.348	210.7191	1.595965	0.5901862	2.357213
24516	-1026.982	-1238.393	211.4108	2.007942	0.5174837	1.697051
24522	-1026.261	-1237.938	211.6769	1.978263	0.6222568	1.405442
24528	-1050.459	-1261.787	211.3288	1.900574	0.7704445	1.579805
24534	-1046.241	-1256.616	210.3747	1.729222	0.7704445	2.33873
24540	-1039.242	-1249.791	210.5485	1.849464	0.5543919	2.33873
24546	-1034.604	-1245.533	210.9294	1.692625	0.3218238	2.466692
24552	-1029.559	-1240.821	211.2619	1.808647	0.3172314	2.187509
24558	-1027.163	-1238.162	210.9996	1.808457	0.4488564	2.187509
24564	-1039.845	-1249.501	209.6558	1.499439	0.3664003	3.29772
24570	-1023.28	-1235.36	212.0805	2.444692	0.331792	1.100608
24576	-1018.945	-1231.371	212.4267	2.414551	0.2146373	1.078077
24582	-1018.904	-1231.182	212.2781	2.196724	0.4178263	0.9819623
24588	-1011.666	-1223.433	211.7678	1.816809	0.3234681	1.835915
24594	-1016.117	-1227.33	211.2133	1.835071	0.4896898	1.982998
24600	-1027.491	-1238.718	211.2264	2.035345	0.4677754	1.864055
24606	-1044.13	-1255.359	211.2288	2.197102	0.5242058	1.684287
24612	-1016.47	-1227.459	210.9886	1.686328	0.4984511	2.21851
24618	-1008.338	-1218.14	209.8018	1.502883	0.6947461	2.892195
24624	-1004.927	-1215.666	210.739	1.601108	0.4387883	2.496588
24630	-1024.319	-1234.9	210.5817	1.613536	0.4358772	2.590012
24636	-1017.94	-1226.935	208.995	1.463103	0.4358772	3.62695
24642	-1038.515	-1249.619	211.1038	1.871891	0.5102498	2.008758
24648	-1034.87	-1246.768	211.8985	1.929158	0.3572362	1.613546
24654	-1027.14	-1238.519	211.3792	2.156615	0.7165138	1.399642
24660	-1011.789	-1222.264	210.4742	1.785118	0.5821014	2.400065
24666	-1016.06	-1226.825	210.7657	1.569644	0.4662678	2.4691
24672	-1013.108	-1222.43	209.3221	1.423081	0.4408705	3.454586
24678	-1017.84	-1227.263	209.4233	1.396264	0.4009346	3.454586
24684	-1019.828	-1228.632	208.8031	1.457345	0.7719072	3.454586
24690	-1007.251	-1216.761	209.5098	1.4943	0.5506349	3.194452
24696	-1010.706	-1220.773	210.0669	1.596083	0.5294556	2.819118
24702	-1018.937	-1229.175	210.2379	1.527082	0.4679062	2.819118
24708	-1014.712	-1225.08	210.3674	1.58508	0.4240391	2.752724
24714	-1011.296	-1220.65	209.3541	1.603996	0.7369147	3.067996
24720	-1014.789	-1225.501	210.7119	1.724127	0.5744108	2.295062
24726	-1023.423	-1233.533	210.1095	1.707894	0.3796691	2.886712
24732	-999.7537	-1209.864	210.1103	1.707056	0.3796691	2.886712
24738	-994.8116	-1204.978	210.1668	1.725629	0.4232564	2.790247
24744	-993.7378	-1203.804	210.0664	1.711679	0.5110778	2.767056
24750	-1016.712	-1228.335	211.6231	1.858583	0.5907849	1.570358
24756	-1026.623	-1238.338	211.7148	1.877418	0.5189346	1.570358
24762	-1019.429	-1230.064	210.6354	1.837633	1.354878	1.715387
24768	-1013.501	-1225.002	211.5004	2.107827	0.5851563	1.482412
24774	-999.2549	-1210.986	211.7314	2.009576	0.379668	1.643169
24780	-1009.565	-1221.179	211.6143	1.951223	0.4584453	1.6633
24786	-1017.313	-1229.127	211.8146	1.863196	0.360862	1.715353
24792	-1041.217	-1252.305	211.0876	1.768724	0.7195432	1.886832
24798	-1025.989	-1237.441	211.4525	1.909179	0.453507	1.81253
24804	-1022.486	-1233.585	211.0989	1.794175	0.4646659	2.114007
24810	-1028.486	-1239.802	211.3156	1.96828	1.024099	1.327488
24816	-1019.031	-1230.972	211.9413	2.009704	0.6634854	1.111843
24822	-1027.698	-1238.334	210.6361	1.602514	0.6733897	2.33162
24828	-1039.026	-1249.924	210.8976	1.840641	0.9961622	1.753277
24834	-1029.283	-1239.821	210.5385	1.882719	1.295851	1.785074
24840	-1026.445	-1237	210.5556	1.813129	1.010258	1.995755
24846	-1033.708	-1243.938	210.2295	1.783968	1.419315	1.995755
24852	-1032.839	-1243.34	210.5008	1.832816	1.419315	1.777843
24858	-1013.824	-1225.223	211.3992	1.735886	0.5780341	1.829487
24864	-1017.434	-1228.408	210.974	1.947424	0.5780341	1.974428
24870	-1028.39	-1239.347	210.9564	1.799436	0.3599372	2.330533
24876	-1025.007	-1236.32	211.3124	1.880394	0.5067289	1.866289
24882	-1021.477	-1233.103	211.6266	2.003032	0.7181974	1.323802
24888	-1019.629	-1231.163	211.5342	1.983653	0.6466191	1.484437
24894	-1024.755	-1236.716	211.9609	1.977877	0.685673	1.095865
24900	-1021.311	-1233.054	211.7435	1.97261	0.9213609	1.04351
24906	-1016.871	-1228.593	211.722	2.160499	0.8493543	0.955928
24912	-1024.405	-1235.362	210.9569	1.626786	0.5480208	2.226124
24918	-1015.974	-1227.526	211.5518	1.874068	0.3534554	1.900123
24924	-1010.804	-1222.319	211.5158	1.710635	0.5639415	1.781002
24930	-1005.533	-1216.426	210.8936	1.849592	0.3474205	2.355162
24936	-1013.034	-1224.925	211.8909	2.066088	0.4351559	1.403425
24942	-1003.056	-1215.307	212.2509	2.021632	0.3830469	1.228672
24948	-1015.519	-1226.993	211.4738	1.902009	0.6506161	1.585679
24954	-1015.614	-1226.961	211.3468	1.792603	0.9258641	1.516306
24960	-1017.883	-1229.322	211.4384	1.699006	0.5422784	1.865302
24966	-1013.143	-1224.586	211.4434	1.989522	0.4765612	1.734995
24972	-1008.435	-1219.809	211.3741	2.464657	1.142081	0.5833087
24978	-1016.953	-1228.35	211.3968	2.464514	1.117365	0.5833087
24984	-1023.551	-1235.363	211.8117	2.147234	0.5681208	1.224084
24990	-1028.128	-1239.582	211.4539	2.333478	1.105005	0.7549664
24996	-1032.861	-1244.307	211.4467	2.416808	1.089212	0.6473106
25002	-1020.083	-1231.615	211.5315	2.175015	1.057033	0.9130682
25008	-1019.394	-1231.063	211.6688	2.035099	0.9780675	0.9976419
25014	-1021.8	-1233.499	211.6988	1.83879	0.8830328	1.239509
25020	-1022.084	-1234.206	212.1222	1.952565	0.569364	1.121396
25026	-1016.152	-1228.382	212.23	1.960892	0.5573827	1.029922
25032	-1021.741	-1233.317	211.5757	1.972234	0.7752893	1.3325
25038	-1039.338	-1250.216	210.8785	1.611097	1.006205	1.917264
25044	-1016.217	-1227.655	211.4374	2.375624	1.131929	0.6701191
25050	-1022.118	-1233.534	211.4165	2.385641	1.173336	0.6098879
25056	-1030.543	-1242.207	211.6632	2.352984	0.947323	0.6173213
25062	-1054.03	-1265.888	211.8589	2.137804	0.562495	1.199208
25068	-1033.13	-1244.692	211.5619	2.046739	0.4300895	1.668851
25074	-1025.918	-1237.414	211.4964	2.084961	1.027785	1.068346
25080	-1041.506	-1252.775	211.2691	1.851583	0.5073314	1.914677
25086	-1034.873	-1244.086	209.2129	1.494498	0.5496368	3.370423
25092	-1030.59	-1239.868	209.2778	1.548905	0.4762312	3.370423
25098	-1021.588	-1231.919	210.3306	1.625761	0.6248818	2.551091
25104	-1041.52	-1252.305	210.7849	2.089858	0.4349061	2.160496
25110	-1025.389	-1235.988	210.5993	1.969013	0.9467154	1.905018
25116	-1010.405	-1221.711	211.3069	1.969013	1.038035	1.322971
25122	-1019.071	-1230.471	211.3995	1.88226	0.8898528	1.437981
25128	-1014.529	-1226.265	211.736	1.847738	0.7747585	1.304205
25134	-1024.992	-1236.333	211.3414	1.878485	0.8493075	1.518747
25140	-1026.394	-1237.443	211.0482	1.869083	0.762292	1.80839
25146	-1029.383	-1240.338	210.9546	1.823929	0.6685474	1.984282
25152	-1031.227	-1242.473	211.2451	1.890924	0.5213037	1.888869
25158	-1033.529	-1245.115	211.5858	1.704256	0.6833746	1.615971
25164	-1023.475	-1233.499	210.0237	1.814535	0.9525903	2.377829
25170	-1015.531	-1227.565	212.0345	2.071524	0.3661246	1.391017
25176	-1010.185	-1221.462	211.2773	1.699458	0.4853241	2.035512
25182	-1017.981	-1228.632	210.6506	1.559698	0.6698166	2.352696
25188	-1019.39	-1231.275	211.8854	2.123986	0.3848444	1.43662
25194	-1013.75	-1225.541	211.7907	1.686688	0.3678779	1.84471
25200	-1016.674	-1228.204	211.5304	1.734087	0.3485518	2.015447
25206	-1014.314	-1225.913	211.5993	1.657337	0.4755936	1.858323
25212	-1020.502	-1231.552	211.0501	1.658392	0.5610029	2.132169
25218	-1023.725	-1234.338	210.6129	1.566591	0.4978027	2.533086
25224	-1029.059	-1241.149	212.0909	2.11969	0.5928846	0.9565122
25230	-1031.07	-1242.326	211.256	2.151297	1.321831	0.9832918
25236	-1009.099	-1220.663	211.564	2.247357	0.8717608	1.002936
25242	-1011.427	-1223.223	211.7959	2.08965	0.8717608	0.9258676
25248	-1026.675	-1238.837	212.1619	2.216171	0.4825911	0.9628691
25254	-1019.885	-1231.248	211.3634	1.897181	0.462977	1.870548
25260	-1020.341	-1232.097	211.7568	1.955967	0.3914146	1.646777
25266	-1018.402	-1230.448	212.0463	2.033583	0.3330179	1.464876
25272	-1019.324	-1231.276	211.9524	1.793196	0.5876667	1.373843
25278	-1020.733	-1231.782	211.0496	1.713354	0.8560939	1.839021
25284	-1009.93	-1221.723	211.7924	1.877272	0.6596932	1.353318
25290	-1010.553	-1222.139	211.586	2.021895	0.49984	1.581703
25296	-1000.134	-1211.991	211.8566	1.846882	0.4442996	1.581703
25302	-1023.538	-1235.48	211.9415	1.849325	0.3959778	1.583805
25308	-1020.423	-1231.957	211.5341	1.708447	0.3424148	2.03867
25314	-1026.326	-1237.784	211.4574	2.074111	0.5497092	1.579272
25320	-1022.921	-1234.559	211.6377	1.809451	0.6061548	1.579272
25326	-1028.058	-1239.757	211.6993	1.862755	0.8729386	1.22832
25332	-1022.752	-1234.479	211.7274	1.921837	0.7390642	1.286558
25338	-1021.71	-1233.552	211.8419	2.090953	0.7390642	1.03686
25344	-1023.319	-1235.136	211.8171	2.097095	0.8614515	0.9069927
25350	-1015.331	-1227.104	211.7722	2.007278	0.6894836	1.231249
25356	-1007.934	-1219.28	211.3462	2.230354	1.24211	0.8711469
25362	-1028.312	-1240.028	211.7154	2.275057	0.7790131	0.9282101
25368	-1026.334	-1238.149	211.815	2.093207	0.7790131	1.013129
25374	-1013.305	-1224.949	211.6445	2.170092	0.8488324	1.02504
25380	-1013.921	-1225.648	211.7276	2.170092	0.9286303	0.8409008
25386	-1007.061	-1218.453	211.3924	2.168126	1.141047	0.9846718
25392	-1019.996	-1231.836	211.8398	2.252807	0.7618516	0.8340419
25398	-1029.475	-1240.109	210.6338	2.330468	2.047579	0.9319314
25404	-1013.94	-1225.15	211.2107	2.280286	1.338613	0.8780493
25410	-1012.634	-1224.31	211.6764	2.247963	0.9190636	0.8201864
25416	-1016.06	-1227.398	211.3382	2.478199	1.159355	0.6046914
25422	-1028.959	-1240.429	211.4699	2.567518	0.948653	0.5251602
25428	-1014.858	-1226.423	211.5655	2.405665	1.002451	0.583979
25434	-1022.6	-1234.114	211.5144	2.397159	1.002451	0.7148795
25440	-1011.928	-1223.578	211.6502	2.364955	0.8679412	0.772931
25446	-1009.39	-1220.04	210.6499	2.662287	1.849736	0.5806859
25452	-1010.042	-1221.261	211.2183	2.596705	1.181239	0.4755354
25458	-1004.554	-1215.77	211.2152	2.506319	1.291068	0.4766913
25464	-1009.151	-1220.525	211.3737	2.486944	1.063616	0.7000028
25470	-1013.602	-1224.616	211.014	2.337184	1.525366	0.8752606
25476	-1030.007	-1241.867	211.8601	2.194015	0.8389261	0.7638739
25482	-1015.046	-1226.39	211.3434	2.271649	1.244049	0.8220184
25488	-1023.735	-1235.052	211.3175	2.252711	1.273051	0.8476284
25494	-1017.416	-1228.675	211.2585	2.256816	1.336093	0.8516707
25500	-1005.783	-1217.068	211.2847	2.245942	1.208107	0.9542189
25506	-1012.698	-1224.015	211.3161	2.264529	1.276233	0.8314168
25512	-1004.694	-1216.25	211.5566	2.072287	1.092395	0.9604269
25518	-1020.978	-1232.607	211.6283	1.874858	0.6915441	1.449739
25524	-1051.716	-1262.154	210.4379	1.968473	1.26092	1.815393
25530	-1034.523	-1245.602	211.0788	1.919695	0.3727599	2.157492
25536	-1017.263	-1227.787	210.5239	1.603098	0.7097206	2.372212
25542	-1007.186	-1218.483	211.2976	1.882542	0.550734	1.827016
25548	-1028.772	-1239.846	211.0746	1.718938	0.4451478	2.201174
25554	-1023.449	-1234.598	211.1482	1.657712	0.5018019	2.129855
25560	-1014.292	-1224.62	210.328	1.625381	0.5578812	2.613964
25566	-1005.129	-1216.44	211.3114	1.619649	0.6343902	1.913214
25572	-1009.651	-1219.9	210.2491	1.368313	0.9337513	2.528868
25578	-1009.101	-1218.716	209.6142	1.426181	0.8371891	2.946781
25584	-1014.593	-1223.811	209.2173	1.64679	0.8371891	3.052528
25590	-1018.619	-1229.231	210.6121	1.558422	0.6798517	2.36944
25596	-1017.438	-1228.616	211.178	1.980886	0.8252737	1.583937
25602	-1013.587	-1225.073	211.486	1.980886	0.9452824	1.242959
25608	-1025.733	-1237.821	212.0876	2.104521	0.6219189	0.9316716
25614	-1020.529	-1232.1	211.5714	2.104521	0.9512609	1.051924
25620	-1022.116	-1233.361	211.245	2.122521	1.335742	1.011923
25626	-1017.465	-1228.967	211.5028	2.122521	1.113813	0.9431972
25632	-1001.137	-1213.114	211.9772	2.066011	0.6526145	1.039522
25638	-1020.213	-1231.49	211.2769	2.203409	1.286909	0.9368862
25644	-1007.119	-1218.225	211.1066	2.193099	1.368015	1.052805
25650	-1025.572	-1236.746	211.1743	2.334315	1.403441	0.7925415
25656	-1027.37	-1238.724	211.3538	2.141845	1.420201	0.7925415
25662	-1015.695	-1227.195	211.4992	1.661112	0.637227	1.752795
25668	-1031.662	-1243.646	211.9836	1.793156	0.4313707	1.54513
25674	-1019.335	-1231.092	211.7572	2.0787	0.5249084	1.378651
25680	-1045.421	-1257.162	211.7408	2.325905	0.8031723	0.8036689
25686	-1023.316	-1235.203	211.8868	2.248036	0.7314501	0.8284711
25692	-1024.233	-1235.538	211.3046	2.175483	0.9718805	1.208615
25698	-1029.008	-1241.237	212.2288	1.978801	0.5023783	1.096627
25704	-1032.59	-1243.963	211.3727	1.981619	0.7633325	1.493646
25710	-1016.172	-1227.113	210.9407	1.816863	0.3008171	2.411527
25716	-1032.753	-1243.944	211.1915	2.188733	0.2510803	2.089734
25722	-1027.345	-1239.176	211.8315	2.114341	0.3962444	1.468069
25728	-1037.943	-1248.049	210.1059	2.114341	0.3660191	2.657759
25734	-1026.152	-1236.818	210.6661	1.843544	0.2737863	2.606812
25740	-1014.296	-1224.828	210.5319	1.983877	0.3018014	2.561406
25746	-1042.168	-1250.317	208.1498	1.488367	0.458253	4.075236
25752	-1030.576	-1239.486	208.9102	1.643559	0.3622713	3.653991
25758	-1029.126	-1238.085	208.9596	1.618786	0.5583265	3.438194
25764	-1035.398	-1244.56	209.1621	1.433589	0.3199368	3.682267
25770	-1026.102	-1235.852	209.7501	1.58902	0.4936041	3.049493
25776	-1041.73	-1252.321	210.59	1.502424	0.4977977	2.587132
25782	-1015.85	-1225.992	210.1418	1.570167	0.7572169	2.594688
25788	-1040.043	-1250.614	210.5706	1.620512	0.8386051	2.231586
25794	-1028.536	-1239.313	210.7774	1.725625	0.6438077	2.18769
25800	-1036.227	-1246.897	210.6704	1.882735	0.7422087	2.070591
25806	-1025.487	-1237.226	211.7394	2.114372	0.3919946	1.543229
25812	-1023.508	-1234.715	211.2065	1.594878	0.3448556	2.321661
25818	-1013.806	-1224.038	210.232	1.641243	0.4256419	2.799243
25824	-1039.533	-1250.654	211.1206	1.731929	0.8412513	1.788796
25830	-1028.694	-1237.589	208.8949	1.579989	0.5703995	3.487921
25836	-1036.015	-1245.678	209.6635	1.762434	0.4157733	3.079841
25842	-1033.16	-1243.509	210.349	1.620776	0.8092818	2.394414
25848	-1028.419	-1240.335	211.9157	1.986502	0.5867212	1.248356
25854	-1018.776	-1230.547	211.7711	2.028633	0.2850868	1.748174
25860	-1024.268	-1236.273	212.0042	2.152241	0.2966188	1.469177
25866	-1019.76	-1231.235	211.4752	1.92786	0.3447345	1.928059
25872	-1012.578	-1224.423	211.845	2.072311	0.3044978	1.632205
25878	-1011.318	-1223.603	212.2854	2.140702	0.2348651	1.381429
25884	-1016.768	-1228.163	211.3948	2.102768	0.4228528	1.756718
25890	-1026.574	-1236.856	210.2819	1.893064	0.6536036	2.38898
25896	-1017.435	-1228.175	210.7399	1.820237	0.4123293	2.38898
25902	-1031.973	-1243.023	211.0498	1.982644	0.3662292	2.14401
25908	-1048.39	-1258.691	210.3016	1.76011	0.3579891	2.765086
25914	-1034.567	-1246.18	211.6129	1.794359	0.3918223	1.859951
25920	-1025.526	-1236.386	210.8597	2.257289	1.824694	0.9117362
25926	-1028.427	-1239.253	210.8267	1.823487	1.499774	1.506615
25932	-1027.293	-1239.037	211.7442	2.037566	0.4620883	1.500514
25938	-1022.253	-1233.775	211.5225	2.259258	0.4620883	1.500514
25944	-1030.802	-1242.386	211.584	1.934442	0.3845362	1.793299
25950	-1017.194	-1228.818	211.6241	1.991293	0.5124505	1.561038
25956	-1024.458	-1235.954	211.4957	1.675755	0.5124505	1.87452
25962	-1041.568	-1253.157	211.5892	2.277713	0.8184146	1.007905
25968	-1018.836	-1229.91	211.0741	1.683404	0.7076589	1.963867
25974	-1026.873	-1237.478	210.6042	1.796307	0.4385417	2.459041
25980	-1022.363	-1233.859	211.496	1.899454	0.6707979	1.551213
25986	-1029.23	-1241.094	211.8637	1.893102	0.4038729	1.597463
25992	-1017.778	-1229.056	211.2781	1.717283	0.59218	1.910523
25998	-1017.164	-1227.955	210.7902	1.856482	0.8663202	1.910523
26004	-1005.802	-1217.095	211.2928	1.947541	0.7171083	1.620208
26010	-1003.769	-1215.432	211.6625	1.906693	0.6298465	1.463232
26016	-1012.109	-1223.69	211.581	2.097776	0.650903	1.355686
26022	-1012.692	-1223.604	210.9119	2.299703	0.8594122	1.516383
26028	-1018.49	-1229.963	211.4734	2.10166	0.5963787	1.494979
26034	-1028.988	-1240.002	211.0148	1.776441	1.007483	1.708058
26040	-1027.107	-1239.166	212.059	1.775335	0.4925443	1.420931
26046	-1025.529	-1236.267	210.7375	1.726672	0.5042822	2.347253
26052	-1019.302	-1230.222	210.9199	1.708322	0.8812707	1.911832
26058	-1010.996	-1221.812	210.8162	1.754289	0.6164638	2.168842
26064	-1008.34	-1219.252	210.912	1.790245	0.8136454	1.913512
26070	-1000.83	-1211.477	210.6468	1.910745	0.9433236	1.914696
26076	-1015.299	-1226.344	211.0448	1.800177	0.8928642	1.754049
26082	-999.3653	-1210.487	211.1216	1.971536	0.6760353	1.762772
26088	-1007.612	-1219.397	211.7849	1.842863	0.4750805	1.597589
26094	-1013.092	-1224.334	211.2427	1.803165	0.8312301	1.66067
26100	-1013.895	-1226.14	212.2448	2.005049	0.3567091	1.291815
26106	-1001.246	-1212.899	211.6536	2.110583	0.6531707	1.284422
26112	-1011.528	-1223.237	211.7094	2.0492	0.7592901	1.173273
26118	-1012.456	-1223.887	211.4307	1.922303	0.9414121	1.339249
26124	-1015.981	-1226.913	210.9315	1.716597	0.5793832	2.153486
26130	-1020.008	-1231.33	211.3221	1.722262	0.5543156	1.915879
26136	-1010.957	-1222.547	211.5908	1.926496	0.3255657	1.878774
26142	-1014.424	-1226.304	211.8794	1.926496	0.7825365	1.105985
26148	-1017.28	-1228.838	211.5576	2.080742	0.9820672	1.057601
26154	-1022.972	-1234.506	211.5348	2.034658	1.06498	1.045525
26160	-1025.033	-1237.093	212.0596	1.881161	0.7256137	1.045525
26166	-1009.404	-1221.175	211.7708	2.177934	0.9076628	0.804294
26172	-1019.767	-1231.459	211.6919	2.338766	0.8303359	0.8095695
26178	-1017.435	-1228.884	211.4484	2.099971	1.090113	1.043014
26184	-1014.482	-1226.136	211.6541	2.128709	1.051793	0.8293146
26190	-1019.936	-1231.154	211.2184	2.141399	1.418287	0.953837
26196	-1010.614	-1222.588	211.9743	2.141399	0.7322587	0.8508548
26202	-1007.14	-1218.844	211.7037	2.203263	0.9846939	0.7502711
26208	-1011.449	-1223.198	211.7482	2.073105	0.9846939	0.863215
26214	-1025.916	-1237.67	211.7542	2.000546	0.9846939	0.9381416
26220	-1040.777	-1252.052	211.2753	1.804892	0.9324253	1.555095
26226	-1033.804	-1245	211.1956	1.945752	0.7522793	1.659622
26232	-1032.26	-1242.532	210.2717	1.637055	0.6607565	2.54981
26238	-1031.42	-1240.675	209.2544	1.570578	0.9681291	2.99122
26244	-1023.132	-1234.075	210.943	1.593404	0.6587412	2.152735
26250	-1019.375	-1230.958	211.5831	1.834757	0.5732881	1.635647
26256	-1031.237	-1242.258	211.0205	2.1474	0.7134849	1.675506
26262	-1024.65	-1235.9	211.2498	2.038602	0.5392589	1.76439
26268	-1024.278	-1235.814	211.5365	1.804634	0.3908311	1.90635
26274	-1023.135	-1235.049	211.9135	2.039192	0.3908311	1.470858
26280	-1004.647	-1216.523	211.8759	1.997015	0.3908311	1.530686
26286	-1011.931	-1223.422	211.4901	1.991632	0.6281559	1.530686
26292	-1005.243	-1216.668	211.4248	2.013878	0.6631825	1.526802
26298	-1009.638	-1221.412	211.7738	2.183992	0.3895497	1.468928
26304	-1023.107	-1235.08	211.9731	2.218678	0.405642	1.259419
26310	-1028.701	-1240.519	211.8181	2.026284	0.3326069	1.639371
26316	-1012.207	-1223.71	211.5032	2.003983	0.4788558	1.679746
26322	-1021.842	-1232.64	210.7985	1.892589	0.6114365	2.09474
26328	-1023.978	-1234.454	210.4756	1.837941	0.9828674	2.05068
26334	-1021.469	-1233.061	211.5923	1.98078	0.3709084	1.774342
26340	-1012.387	-1223.793	211.4059	1.864796	0.5414165	1.774342
26346	-1026.422	-1237.35	210.9277	1.959541	0.5847059	1.990648
26352	-1015.968	-1227.223	211.2543	1.845389	0.4858415	1.952873
26358	-1026.66	-1237.503	210.843	1.931318	0.5299724	2.120718
26364	-1040.888	-1252.402	211.5134	2.467635	0.9645958	0.6575393
26370	-1025.845	-1237.053	211.2086	2.032814	0.507578	1.832019
26376	-1031.575	-1242.381	210.8062	1.606337	0.6826981	2.212172
26382	-1025.007	-1236.62	211.6123	2.354919	0.9944255	0.6193607
26388	-1048.243	-1259.503	211.2607	2.44132	1.286196	0.6193607
26394	-1018.736	-1229.19	210.4546	1.638795	0.6016169	2.48635
26400	-1029.817	-1240.281	210.4645	1.47318	0.686582	2.510247
26406	-1015.504	-1226.979	211.4752	1.721386	0.3968417	1.995647
26412	-1008.023	-1219.492	211.4683	1.844828	0.8091912	1.483413
26418	-1015.994	-1227.098	211.1043	1.930198	0.9858786	1.548102
26424	-1050.486	-1262.189	211.703	1.861604	0.5126508	1.597971
26430	-1009.468	-1221.427	211.9594	1.852872	0.4103573	1.54774
26436	-1016.976	-1229.365	212.3883	1.992081	0.396653	1.111105
26442	-1014.3	-1226.551	212.2513	2.000802	0.522603	1.023405
26448	-1000.887	-1212.603	211.7161	1.860124	0.6621566	1.42377
26454	-997.1079	-1209.354	212.2465	1.869791	0.4280566	1.287017
26460	-1005.536	-1217.322	211.786	2.229304	0.9044149	0.7115036
26466	-1000.18	-1212.103	211.9227	2.28324	0.659571	0.8567051
26472	-999.3441	-1211.092	211.7479	2.16875	0.7746787	1.009895
26478	-1006.892	-1218.786	211.8943	1.90938	0.6357805	1.271691
26484	-1010.117	-1222.109	211.9919	2.132794	0.7963216	0.7321059
26490	-1035.786	-1247.776	211.9892	1.931767	0.341305	1.570099
26496	-1030.415	-1242.446	212.0313	2.216311	0.4047221	1.21406
26502	-1011.794	-1223.141	211.3465	2.621351	1.015395	0.5404407
26508	-1012.029	-1223.326	211.2969	2.509095	1.051986	0.7991385
26514	-1017.745	-1228.523	210.7787	2.442287	1.807909	0.7991385
26520	-1014.157	-1226.484	212.3277	2.29489	0.2748887	1.131811
26526	-1026.374	-1238.66	212.2853	2.326998	0.3632618	0.9503617
26532	-1010.638	-1222.381	211.7427	2.604432	0.6741542	0.5885931
26538	-1016.008	-1227.528	211.5193	2.483342	0.9715511	0.5829497
26544	-1008.719	-1220.416	211.6974	2.490745	0.8022417	0.5829497
26550	-1032.293	-1242.552	210.2586	1.687983	0.5008622	2.674079
26556	-1026.498	-1237.334	210.8359	1.728454	0.6228166	2.166914
26562	-1022.864	-1234.388	211.5234	1.790935	0.3260615	2.014616
26568	-1023.955	-1234.911	210.9565	1.622934	0.5092876	2.268475
26574	-1032.679	-1243.794	211.1143	1.406167	0.5156862	2.299569
26580	-1019.575	-1229.064	209.4891	1.370899	0.6348369	3.206624
26586	-1016.855	-1227.549	210.6941	1.531367	0.5314787	2.470213
26592	-1024.791	-1236.347	211.5561	1.687725	0.3024945	2.096403
26598	-1029.525	-1241.135	211.61	1.664597	0.505253	1.811802
26604	-1028.732	-1239.583	210.8509	1.458156	0.4736623	2.477565
26610	-1011.603	-1222.227	210.6235	1.55793	0.4736623	2.557194
26616	-1014.78	-1225.657	210.8771	1.666145	0.3933044	2.422732
26622	-1021.39	-1232.042	210.6529	1.640343	0.6864114	2.285746
26628	-1031.461	-1240.579	209.1173	1.371271	0.6864114	3.384305
26634	-1033.74	-1245.643	211.9032	2.110221	0.379073	1.442367
26640	-1015.126	-1225.256	210.1298	1.685724	0.2989094	2.992697
26646	-1020.121	-1231.171	211.0501	1.632793	0.4855227	2.22734
26652	-1031.43	-1243.037	211.607	1.856762	0.5170797	1.665483
26658	-1023.017	-1233.541	210.5241	1.734125	0.5424707	2.438778
26664	-1027.091	-1238.321	211.2292	1.922408	0.7423599	1.661041
26670	-1034.239	-1245.7	211.4602	2.074657	0.8212842	1.299169
26676	-1021.813	-1233.395	211.5816	2.157684	0.7926941	1.154881
26682	-1017.438	-1229.45	212.0115	2.166712	0.5870352	0.9984249
26688	-1021.624	-1233.594	211.9694	2.024316	0.6817406	1.049265
26694	-1004.101	-1215.727	211.6254	1.976796	0.8884107	1.179425
26700	-1022.84	-1234.325	211.485	2.112255	1.020014	1.060516
26706	-1009.075	-1221.084	212.0096	2.112255	0.5376864	1.122996
26712	-1001.946	-1214.141	212.1956	1.986664	0.5583022	1.036865
26718	-1007.67	-1219.638	211.9684	1.989575	0.7026037	1.057277
26724	-996.1088	-1208.369	212.2597	2.00383	0.4458154	1.133967
26730	-1006.977	-1219.017	212.0407	2.070803	0.5364757	1.133967
26736	-1012.671	-1224.699	212.028	2.125946	0.4687389	1.194686
26742	-1025.788	-1237.423	211.6348	1.973006	0.8374689	1.223344
26748	-1030.707	-1242.215	211.5088	1.925242	0.7971315	1.401664
26754	-1012.251	-1223.656	211.405	1.926538	0.8141266	1.46512
26760	-1015.109	-1226.901	211.7921	2.127196	0.4836279	1.366411
26766	-1013.641	-1225.483	211.8423	2.164394	0.4225639	1.382714
26772	-1025.213	-1236.929	211.7156	2.258433	0.8423148	0.8630251
26778	-1037.28	-1248.81	211.5296	1.929526	0.8452142	1.338099
26784	-1029.669	-1240.884	211.2153	2.113275	0.9562156	1.346441
26790	-1049.944	-1261.612	211.6677	2.142554	0.4977434	1.432852
26796	-1035.036	-1246.797	211.7613	2.021163	0.5188323	1.427705
26802	-1003.266	-1214.749	211.4833	2.062723	0.9234244	1.195416
26808	-1011.687	-1223.625	211.939	2.030115	0.6950372	1.056084
26814	-1012.003	-1223.948	211.9453	2.030115	0.6742564	1.075981
26820	-1050.904	-1261.691	210.7868	1.850986	0.47597	2.266745
26826	-1047.534	-1257.515	209.9812	1.800588	0.5197801	2.756191
26832	-1029.635	-1241.535	211.9	2.182409	0.7548805	0.8570897
26838	-1037.782	-1249.363	211.581	2.112019	0.7239983	1.266191
26844	-1030.533	-1242.557	212.0235	2.035723	0.3885253	1.392489
26850	-1023.162	-1234.993	211.8309	2.123241	0.5592722	1.239409
26856	-1029.429	-1241.222	211.7926	2.062324	0.6394369	1.224661
26862	-1024.501	-1236.537	212.036	1.980469	0.3089062	1.552519
26868	-1015.134	-1226.852	211.7183	2.059941	0.5367002	1.409007
26874	-1019.156	-1230.974	211.818	2.12617	0.5731737	1.230124
26880	-1026.231	-1238.007	211.7753	2.190868	0.6498866	1.114888
26886	-1030.078	-1241.941	211.8624	1.985203	0.5853878	1.294981
26892	-1030.474	-1242.025	211.5506	2.024517	0.8026182	1.284143
26898	-1031.575	-1242.686	211.1106	1.71424	0.8317289	1.815457
26904	-1020.589	-1231.258	210.6696	1.661382	0.7938651	2.17478
26910	-1038.713	-1249.806	211.0927	1.618892	0.4752637	2.220068
26916	-1026.128	-1235.972	209.8441	1.720968	0.9294493	2.564274
26922	-1041.974	-1250.563	208.5884	1.463021	0.5397537	3.760881
26928	-1029.275	-1239.53	210.2548	1.696455	0.5288169	2.643287
26934	-1040.719	-1251.033	210.3148	1.744465	0.3604968	2.763428
26940	-1028.665	-1238.799	210.1341	1.902811	0.4633972	2.657575
26946	-1038.109	-1248.705	210.5955	1.892524	0.4929344	2.34409
26952	-1051.586	-1262.873	211.2874	1.678859	0.5774481	1.944903
26958	-1018.063	-1229.069	211.0054	1.72849	0.7687073	1.928267
26964	-1033.176	-1244.561	211.3848	1.680492	0.5355458	1.921467
26970	-1044.092	-1254.466	210.3743	1.815331	0.3504499	2.696418
26976	-1043.68	-1254.937	211.2567	1.890587	0.5253142	1.876885
26982	-1024.28	-1235.816	211.5369	1.637302	0.4090951	1.994922
26988	-1035.497	-1247.354	211.8567	2.139956	0.397015	1.428164
26994	-1011.179	-1222.601	211.4216	2.179496	1.02318	1.053988
27000	-1012.071	-1224.511	212.4395	2.192833	0.4344046	0.7593118
27006	-1012.747	-1224.384	211.6373	2.342775	0.9064451	0.7628106
27012	-1026.863	-1238.814	211.9515	2.31509	0.5945828	0.8928191
27018	-1010.957	-1222.899	211.9416	2.143364	0.6904666	0.9462328
27024	-1001.786	-1213.461	211.6748	1.964548	0.4526935	1.617503
27030	-1009.819	-1221.908	212.0895	1.970112	0.5562475	1.152789
27036	-1007.424	-1219.364	211.9399	2.138524	0.5262739	1.177367
27042	-1014.205	-1225.334	211.1288	1.782078	0.7997931	1.781639
27048	-1010.952	-1222.654	211.7021	1.90226	0.7285175	1.333603
27054	-1013.985	-1225.55	211.5649	2.126617	0.4355272	1.601981
27060	-1009.096	-1220.819	211.7228	1.988444	0.5298287	1.468692
27066	-1016.798	-1228.436	211.6372	2.194332	0.330921	1.651207
27072	-1041.209	-1251.284	210.0753	1.662221	0.5433874	2.760367
27078	-1036.423	-1244.949	208.5255	1.359589	0.6876178	3.734468
27084	-1008.072	-1218.18	210.1076	1.591236	0.6501657	2.6885
27090	-1029.842	-1240.842	211.0003	1.739959	0.9815002	1.762172
27096	-1031.753	-1241.427	209.6743	1.663191	1.858796	2.240275
27102	-1042.695	-1253.04	210.3448	1.561935	1.029337	2.285018
27108	-1022.461	-1234.074	211.6133	1.788782	0.3312331	1.948363
27114	-1015.72	-1227.174	211.4544	1.877178	0.3832938	1.922845
27120	-1024.68	-1236.474	211.794	2.076192	0.3981942	1.522052
27126	-1034.739	-1246.313	211.5735	2.119817	0.3556921	1.711966
27132	-1027.49	-1239.247	211.7569	2.221417	0.7423717	0.9878901
27138	-1037.448	-1248.871	211.4233	2.519518	0.7947251	0.9589148
27144	-1045.359	-1257.015	211.6567	2.349696	0.8318371	0.838235
27150	-1034.719	-1246.84	212.1216	2.182675	0.5481194	0.9285509
27156	-1031.101	-1242.584	211.4834	2.235946	1.048743	0.907706
27162	-1024.255	-1236.251	211.9953	2.079459	0.7258275	0.907706
27168	-1012.541	-1224.32	211.7787	2.139934	0.8569401	0.907706
27174	-1009.939	-1221.873	211.9335	2.217967	0.7254378	0.8170076
27180	-1014.768	-1226.598	211.8297	2.213617	0.7666062	0.8860771
27186	-1003.04	-1214.879	211.8397	2.196652	0.7666062	0.8940045
27192	-1014.358	-1226.162	211.8041	2.159859	0.7524532	0.9897533
27198	-1024.397	-1236.219	211.8216	1.875025	0.7556535	1.230149
27204	-1033.701	-1244.266	210.5651	1.71856	0.8191423	2.186228
27210	-1016.456	-1227.268	210.8119	1.770305	0.4216821	2.363953
27216	-1028.502	-1239.663	211.1609	1.887928	0.5091912	1.961014
27222	-1023.717	-1235.028	211.3118	1.926456	0.5040106	1.838255
27228	-1019.022	-1230.522	211.4994	1.990184	0.3664687	1.838255
27234	-1025.562	-1236.722	211.1601	1.940877	0.4062753	2.047115
27240	-1034.108	-1245.766	211.6576	2.180582	0.2977533	1.699939
27246	-1025.87	-1237.405	211.5357	1.96752	0.5405087	1.610288
27252	-1013.309	-1225.266	211.9571	2.137477	0.542771	1.140247
27258	-1008.937	-1220.492	211.5553	2.042424	0.577444	1.498985
27264	-1006.055	-1217.596	211.5411	1.848312	0.6137158	1.613382
27270	-1015.912	-1227.278	211.3651	1.859106	0.657618	1.687985
27276	-1012.509	-1223.778	211.2686	1.807097	0.5145266	1.937165
27282	-1035.209	-1247.35	212.1405	2.125899	0.5291136	0.9989479
27288	-1036.375	-1248.272	211.8976	2.127607	0.6969517	0.9989479
27294	-1032.969	-1243.837	210.8677	1.732461	0.4808498	2.285508
27300	-1021.12	-1232.696	211.5764	1.875938	0.4723672	1.72645
27306	-1017.96	-1229.417	211.4575	1.782207	0.4638399	1.883733
27312	-1019.344	-1230.037	210.6927	1.635978	0.4504745	2.490629
27318	-1030.615	-1241.934	211.3191	1.782839	0.4504745	1.992425
27324	-1033.097	-1244.262	211.1653	1.822807	0.4680852	2.04752
27330	-1032.924	-1244.152	211.2281	1.774982	0.5527748	1.945363
27336	-1032.331	-1243.739	211.4078	1.68082	0.5527748	1.887454
27342	-1022.374	-1233.756	211.3816	1.780042	0.6713008	1.719149
27348	-1027.414	-1239.236	211.8218	1.861653	0.5137707	1.508993
27354	-1020.172	-1231.52	211.3479	2.087228	1.094822	1.143342
27360	-1036.198	-1248.122	211.9241	2.108038	0.7730458	0.889869
27366	-1024.862	-1236.439	211.5774	1.939229	0.81973	1.315435
27372	-1027.32	-1238.861	211.5404	1.781582	0.6475092	1.627902
27378	-1031.117	-1241.45	210.3335	1.563035	0.6621896	2.556221
27384	-1017.646	-1227.966	210.3197	1.516715	0.7750444	2.503774
27390	-1038.576	-1249.582	211.0056	1.657941	0.4909419	2.233894
27396	-1041.742	-1252.879	211.1369	1.876962	0.6724296	1.821117
27402	-1009.662	-1220.552	210.8892	1.737639	0.6334413	2.116409
27408	-1002.384	-1213.57	211.1865	1.952718	0.3396897	2.11057
27414	-999.5645	-1211.062	211.4973	2.049542	0.5016572	1.623882
27420	-998.7077	-1210.39	211.6823	2.134221	0.3562697	1.623057
27426	-1009.538	-1220.951	211.4133	2.266497	0.6125078	1.397089
27432	-1015.161	-1227.033	211.8718	2.247781	0.6704417	0.9376877
27438	-1023.168	-1234.626	211.4585	2.12742	0.8176717	1.26071
27444	-1026.713	-1238.424	211.711	2.248703	0.6975266	1.061884
27450	-1025.558	-1237.305	211.747	2.210067	0.8790487	0.8335582
27456	-1029.38	-1240.502	211.1226	2.34681	1.385026	0.8602622
27462	-1018.931	-1229.688	210.7565	1.956796	0.7280923	1.976004
27468	-1031.575	-1242.958	211.3831	1.86631	0.2993504	2.097556
27474	-1018.176	-1229.094	210.9181	1.914982	0.3158116	2.341955
27480	-1031.304	-1242.818	211.5141	2.159442	0.2800773	1.84403
27486	-1026.982	-1237.56	210.5784	1.8106	0.3977422	2.513999
27492	-1023.137	-1233.793	210.6555	1.776996	0.3585853	2.535779
27498	-1021.535	-1232.611	211.0767	1.895751	0.6172765	1.901491
27504	-1009.555	-1220.166	210.6108	1.745338	0.4215813	2.506329
27510	-1016.108	-1227.343	211.235	1.693427	0.4687775	2.086075
27516	-1016.777	-1228.128	211.3511	1.755764	0.5755591	1.851382
27522	-1005.513	-1216.79	211.2773	2.062822	0.4048462	1.888566
27528	-1016.749	-1228.324	211.5747	1.941671	0.6351303	1.497557
27534	-1013.676	-1224.953	211.2769	1.854694	0.450218	1.972856
27540	-1034.256	-1245.651	211.3948	2.012918	0.3122956	1.972856
27546	-1024.112	-1234.955	210.8429	1.627594	0.6550049	2.198805
27552	-1032.412	-1243.514	211.1019	1.789546	0.7668111	1.822409
27558	-1045.681	-1256.861	211.1801	1.897644	0.4974439	1.954614
27564	-1044.096	-1255.742	211.6463	1.793537	0.4974439	1.705384
27570	-1051.536	-1262.272	210.7368	1.85493	0.6140106	2.157257
27576	-1031.667	-1242.517	210.8501	1.74027	0.6150171	2.157257
27582	-1021.833	-1232.068	210.2345	1.534903	0.7865112	2.536963
27588	-1031.151	-1241.16	210.0089	1.627619	0.3023735	3.094992
27594	-1033.137	-1244.408	211.271	1.695698	0.4520335	2.080217
27600	-1031.678	-1243.682	212.0031	1.816316	0.449914	1.488332
27606	-1025.605	-1236.563	210.9576	1.893504	0.449914	2.158333
27612	-1030.125	-1240.018	209.8931	1.676385	0.9423176	2.553119
27618	-1024.28	-1235.781	211.5009	1.66612	0.3686322	2.052483
27624	-1016.877	-1227.016	210.1388	1.53718	0.556365	2.78563
27630	-1013.339	-1224.135	210.7955	1.735996	0.5500414	2.257671
27636	-1011.478	-1222.657	211.179	1.870917	0.5182814	1.950393
27642	-1025.329	-1236.699	211.3698	1.792644	0.4950329	1.900112
27648	-1031.986	-1242.619	210.6338	1.652633	0.5625662	2.401485
27654	-1010.777	-1221.596	210.8185	1.640089	0.457199	2.401485
27660	-1021.818	-1232.892	211.0739	1.836553	0.457199	2.11115
27666	-1021.361	-1232.677	211.3162	1.870752	0.3480173	2.067534
27672	-1028.039	-1239.796	211.7568	1.847622	0.3259869	1.818421
27678	-1032.198	-1243.83	211.6322	1.851587	0.4292568	1.758125
27684	-1029.356	-1241.318	211.9617	2.175352	0.3934939	1.323216
27690	-1017.591	-1229.37	211.7788	2.318583	0.4142024	1.323216
27696	-1035.306	-1246.908	211.6025	2.405298	0.4637106	1.323216
27702	-1023.049	-1234.769	211.7194	2.190763	0.355214	1.556422
27708	-1025.516	-1237.442	211.9256	2.365772	0.3705367	1.233904
27714	-1036.171	-1248.285	212.1138	2.27069	0.4492334	1.015056
27720	-1042.798	-1254.259	211.4613	1.847217	0.9219496	1.390507
27726	-1030.645	-1242.125	211.4794	1.925242	0.8413072	1.384656
27732	-1040.027	-1252.036	212.0089	2.444398	0.3625877	1.106667
27738	-1035.91	-1248.039	212.1288	2.234879	0.3891503	1.139336
27744	-1033.414	-1244.412	210.9984	1.950139	0.3891503	2.168763
27750	-1032.032	-1242.548	210.5163	1.647606	0.690919	2.364322
27756	-1024.225	-1234.924	210.6985	1.707237	0.4393762	2.454786
27762	-1016.119	-1227.408	211.2895	1.702123	0.5368917	1.96967
27768	-1017.31	-1228.558	211.2477	1.889863	1.011942	1.451202
27774	-1018.54	-1229.626	211.086	1.790868	0.6950446	1.89434
27780	-1015.027	-1226.329	211.3026	1.680982	0.6950446	1.821314
27786	-1012.211	-1222.959	210.7472	1.794863	0.5804716	2.2212
27792	-1009.328	-1220.14	210.8124	1.841808	0.5085254	2.2212
27798	-1013.491	-1225.265	211.7746	2.140536	0.3542274	1.554223
27804	-1015.131	-1226.466	211.3355	2.08051	1.126599	1.134154
27810	-1015.238	-1226.939	211.7001	2.078506	0.694502	1.226423
27816	-1016.131	-1227.476	211.3445	1.948611	0.8416619	1.470196
27822	-1011.235	-1222.916	211.6809	1.872128	0.7322536	1.370549
27828	-1012.137	-1223.414	211.2769	1.81259	0.8525074	1.611839
27834	-1011.418	-1222.777	211.3589	1.73061	0.8525074	1.611839
27840	-1014.134	-1225.137	211.0021	1.842445	0.8420298	1.793688
27846	-1016.202	-1227.627	211.4258	1.832012	0.8699852	1.472856
27852	-1008.017	-1219.948	211.9311	1.883681	0.7365771	1.148626
27858	-1014.654	-1226.259	211.6053	1.903637	0.8466785	1.296637
27864	-1021.05	-1232.625	211.5749	1.933991	0.8466785	1.296637
27870	-1028.161	-1239.598	211.437	2.02584	0.804652	1.372241
27876	-1020.452	-1232.235	211.7827	2.021148	0.7902807	1.099367
27882	-1012.76	-1224.073	211.3135	1.875019	0.8892497	1.509054
27888	-999.5235	-1210.599	211.0759	1.836698	1.181108	1.501774
27894	-1009.231	-1219.539	210.3084	1.842997	1.242182	1.998962
27900	-1008.04	-1218.773	210.7328	1.632223	0.920515	2.059379
27906	-1012.408	-1224.039	211.6305	1.628318	0.7250812	1.59938
27912	-1009.601	-1219.58	209.9792	1.487065	0.8602903	2.67181
27918	-1010.51	-1221.298	210.7876	1.313972	0.7804172	2.332528
27924	-1023.556	-1234.083	210.5265	1.35573	0.5559141	2.659732
27930	-1026.206	-1237.214	211.0078	1.599959	0.6641773	2.10122
27936	-1004.658	-1215.617	210.9597	1.806575	0.6252809	2.032127
27942	-1012.579	-1223.296	210.717	1.675624	0.5447399	2.351651
27948	-1023.508	-1233.819	210.3101	1.509545	0.6117905	2.647229
27954	-1028.08	-1238.581	210.5016	1.760016	0.5045875	2.474757
27960	-1001.588	-1212.272	210.6844	1.498885	0.5045875	2.523729
27966	-1009.628	-1221.458	211.8298	1.934876	0.5045875	1.459046
27972	-1027.062	-1238.486	211.4244	1.846756	0.5662549	1.747362
27978	-1017.725	-1229.224	211.499	1.924475	0.4479608	1.776562
27984	-1030.117	-1241.754	211.6364	2.442898	0.899125	0.5812487
27990	-1005.945	-1217.048	211.1034	2.509565	1.425994	0.5379402
27996	-1007.26	-1218.402	211.1416	2.672342	1.164471	0.4128072
28002	-1023.231	-1234.479	211.2477	2.735277	0.9861912	0.4128072
28008	-1015.429	-1226.356	210.927	2.735277	1.365904	0.5055748
28014	-1017.073	-1228.026	210.9527	2.709527	1.365904	0.5055748
28020	-1015.065	-1226.357	211.2927	2.706527	0.971084	0.4149971
28026	-1001.903	-1213.126	211.2226	2.668545	1.073098	0.398419
28032	-998.2609	-1209.371	211.1102	2.668545	1.22384	0.5146946
28038	-1002.138	-1213.471	211.3328	2.544417	1.107046	0.5574866
28044	-1003.099	-1214.566	211.4669	2.635453	0.8874419	0.4728695
28050	-1007.159	-1218.743	211.584	2.531883	0.8751688	0.4728695
28056	-1018.849	-1230.418	211.5696	2.531341	0.8751688	0.5964087
28062	-1022.586	-1234.094	211.5083	2.467397	1.002505	0.5665765
28068	-1010.96	-1222.51	211.5499	2.339904	0.9744916	0.7896131
28074	-1016.883	-1228.701	211.818	2.351652	0.8100648	0.6115154
28080	-997.8253	-1209.412	211.5864	2.350728	0.9920643	0.6886309
28086	-1014.22	-1225.666	211.4454	2.335583	1.095704	0.7765701
28092	-1035.286	-1247.011	211.7253	2.300471	0.9286436	0.6417332
28098	-1026.914	-1238.288	211.3745	2.668589	0.9286436	0.4143583
28104	-1025.951	-1237.476	211.5252	1.800338	0.3992398	1.905787
28110	-1015.863	-1226.56	210.697	1.693211	0.425473	2.48047
28116	-1018.376	-1227.146	208.7701	1.286343	0.4869098	3.807421
28122	-1029.486	-1241.028	211.5418	2.277289	1.096834	0.7173302
28128	-1020.184	-1231.227	211.043	2.399172	1.561355	0.7173302
28134	-1025.099	-1236.856	211.7574	2.167776	0.9651559	0.752854
28140	-1031.037	-1242.497	211.4598	2.237056	1.218206	0.7388036
28146	-1017.517	-1228.823	211.3054	2.428512	1.218206	0.6755531
28152	-1023.445	-1235.268	211.8231	2.372473	0.7843896	0.6232711
28158	-1031.706	-1243.062	211.3555	2.419353	1.165138	0.6859557
28164	-1014.059	-1224.914	210.8553	1.499711	0.5476494	2.372642
28170	-1015.396	-1226.238	210.8425	1.551662	0.5228154	2.372642
28176	-1016.683	-1227.673	210.9898	1.58902	0.7404669	2.05509
28182	-1019.675	-1230.692	211.0162	1.588464	0.3697968	2.413451
28188	-1024.529	-1235.766	211.2371	1.739662	0.6813133	1.838467
28194	-1056.302	-1267.468	211.1652	2.343233	1.367352	0.8294357
28200	-1042.7	-1253.496	210.7963	1.95369	0.3272436	2.378498
28206	-1020.99	-1231.221	210.2309	1.741722	0.5316442	2.62734
28212	-1034.465	-1246.076	211.6101	2.0275	0.6125726	1.42966
28218	-1016.581	-1227.936	211.355	1.909057	0.5750411	1.743026
28224	-1024.159	-1234.727	210.568	1.897241	0.4600039	2.394191
28230	-1006.812	-1218.017	211.2048	1.83615	0.2906548	2.246275
28236	-1010.232	-1222.249	212.0171	2.112179	0.3334134	1.42646
28242	-1018.576	-1229.749	211.1731	2.100061	0.9116701	1.42646
28248	-1011.118	-1222.933	211.8145	2.217984	0.4617504	1.306028
28254	-1006.204	-1217.407	211.2038	2.237413	0.5177513	1.680815
28260	-1004.378	-1215.671	211.2926	2.042939	0.3493973	1.966852
28266	-1007.297	-1218.715	211.4182	2.055556	0.4743289	1.70891
28272	-1010.582	-1222.345	211.7622	2.225524	0.321375	1.552978
28278	-1000.406	-1211.927	211.5205	2.029625	0.4555502	1.6779
28284	-994.1321	-1205.36	211.2283	1.873287	0.5272647	1.905787
28290	-1011.597	-1223.188	211.5909	2.049905	0.3001722	1.83369
28296	-1000.616	-1211.943	211.3272	1.941114	0.4448976	1.887027
28302	-1000.12	-1211.108	210.9875	1.707684	0.475252	2.230621
28308	-1016.403	-1227.981	211.5778	2.065031	0.5222102	1.529107
28314	-1019.388	-1231.06	211.6717	2.290092	0.5222102	1.281162
28320	-1023.593	-1235.176	211.5828	1.78084	0.7660773	1.484077
28326	-1025.322	-1236.877	211.5544	1.720365	0.5364937	1.776887
28332	-1018.095	-1229.604	211.5093	1.701112	0.5341628	1.824008
28338	-1008.078	-1219.254	211.1751	1.956455	0.784377	1.638649
28344	-1007.6	-1219.224	211.6234	2.322386	0.5254164	1.290059
28350	-1003.018	-1215.029	212.0113	2.104409	0.4263255	1.290059
28356	-1002.714	-1214.71	211.9959	2.180768	0.4263255	1.239665
28362	-1042.967	-1252.182	209.2147	1.814142	0.6827913	3.067399
28368	-1014.917	-1225.209	210.2916	1.70566	0.4516802	2.694618
28374	-1016.562	-1226.1	209.5376	1.72953	0.6143132	2.981087
28380	-1004.076	-1214.219	210.1428	1.664282	0.4923491	2.768173
28386	-1014.726	-1225.691	210.965	1.751735	0.5274036	2.160954
28392	-1014.619	-1225.312	210.6929	1.615859	0.4314348	2.524496
28398	-1017.088	-1227.861	210.7731	1.574859	0.5051836	2.419892
28404	-1005.57	-1216.934	211.3637	1.621415	0.391437	2.142028
28410	-1003.085	-1212.913	209.8287	1.809574	0.4879824	2.875224
28416	-1001.315	-1212.18	210.8657	2.039378	0.4777227	2.09131
28422	-1026.642	-1238.011	211.369	2.159304	0.710426	1.411532
28428	-1019.889	-1231.92	212.031	2.159304	0.5149012	1.093688
28434	-1006.524	-1218.12	211.5959	1.936961	0.411707	1.746671
28440	-1003.953	-1215.504	211.5509	1.899122	0.3842712	1.840831
28446	-1024.47	-1235.976	211.5056	1.923037	0.4251298	1.801706
28452	-1022.025	-1233.063	211.0383	2.224088	1.462924	1.018376
28458	-1019.752	-1230.911	211.1587	2.35099	1.462924	0.7243555
28464	-1031.671	-1243.125	211.4541	2.148238	0.6245809	1.443587
28470	-1029.142	-1240.893	211.7509	2.283382	0.9200571	0.643037
28476	-1017.324	-1229.128	211.8047	2.208419	0.7928352	0.8844421
28482	-1019.278	-1230.443	211.1652	2.365358	1.283353	0.8844421
28488	-1020.149	-1231.004	210.8555	2.388019	1.642619	0.9039616
28494	-1018.717	-1230.309	211.5919	2.176782	0.9355428	0.9765988
28500	-1006.071	-1217.974	211.9025	2.09415	0.7365461	0.9765988
28506	-1021.829	-1233.122	211.2925	2.020093	1.092185	1.250693
28512	-1018.292	-1230.001	211.7092	2.097446	0.9192122	0.955143
28518	-1012.242	-1224.091	211.8486	2.101896	0.7460427	1.011095
28524	-1013.247	-1225.031	211.7835	2.250295	0.7888418	0.8658738
28530	-1010.292	-1221.275	210.983	2.348409	1.606779	0.8292357
28536	-1006.551	-1218.199	211.6473	2.224259	0.9627426	0.8292357
28542	-1016.04	-1227.551	211.5118	2.26233	1.154129	0.7047152
28548	-1013.444	-1224.275	210.8311	2.151499	1.623227	1.170115
28554	-1009.788	-1220.681	210.8926	2.337529	1.623227	0.9332382
28560	-1012.279	-1224.094	211.8149	2.318852	0.5185135	1.1396
28566	-1011.017	-1222.992	211.9746	2.284022	0.4450025	1.1396
28572	-1013.211	-1225.069	211.8576	2.269125	0.671467	0.9285044
28578	-1013.143	-1225.209	212.0664	2.298119	0.4690218	1.000432
28584	-999.6841	-1211.528	211.8436	2.206371	0.6561299	1.028255
28590	-1016.192	-1228.031	211.8387	2.103913	0.7383976	1.028255
28596	-1023.264	-1235.232	211.968	2.299519	0.5656417	0.9391605
28602	-1027.933	-1239.557	211.6243	2.15802	0.5402525	1.401537
28608	-1034.864	-1246.134	211.2708	1.97325	0.749446	1.587894
28614	-1034.16	-1244.9	210.7405	1.883333	0.642938	2.109752
28620	-1023.465	-1235.423	211.9573	1.900573	0.4811251	1.41762
28626	-1021.917	-1233.297	211.3801	1.946484	0.7845068	1.495222
28632	-1043.53	-1254.829	211.2996	1.92794	0.7248938	1.622256
28638	-1048.662	-1259.635	210.9733	1.871096	0.5368571	2.067516
28644	-1040.987	-1253.185	212.1979	2.109006	0.6404736	0.7583267
28650	-1036.558	-1248.353	211.7948	2.234309	0.8655734	0.7564914
28656	-1019.474	-1231.542	212.0676	2.175738	0.7031924	0.7268932
28662	-1025.604	-1237.26	211.6562	2.395793	0.8624027	0.7268932
28668	-1025.158	-1236.976	211.8178	2.395793	0.7844339	0.5664576
28674	-1033.077	-1243.626	210.5482	1.818807	0.523455	2.389171
28680	-1031.095	-1240.838	209.7428	1.393325	0.4481511	3.216944
28686	-1032.38	-1241.806	209.4262	1.393325	0.4481511	3.403392
28692	-1022.267	-1231.059	208.7922	1.593705	0.4618132	3.642041
28698	-1023.813	-1234.905	211.0922	1.720113	0.3983887	2.245168
28704	-1034.907	-1246.01	211.1033	1.539093	0.5307123	2.205744
28710	-1030.576	-1241.758	211.1819	1.684988	0.8409892	1.779053
28716	-1032.347	-1244.031	211.684	1.787727	0.4195461	1.779053
28722	-1018.191	-1229.434	211.2433	1.694502	0.356287	2.218725
28728	-1021.747	-1233.318	211.5711	1.585167	0.2434498	2.248327
28734	-1031.714	-1243.562	211.8482	1.776362	0.3560048	1.759788
28740	-1029.458	-1240.459	211.0005	1.603789	0.4694629	2.295366
28746	-1037.722	-1246.78	209.0575	1.247602	0.3640487	3.795497
28752	-1018.114	-1229.256	211.142	1.557437	0.3993333	2.3163
28758	-1021.197	-1232.163	210.9663	1.807962	0.6201077	2.031706
28764	-1029.487	-1241.178	211.691	1.956511	0.6331389	1.399471
28770	-1018.173	-1229.645	211.472	2.10222	1.050279	1.054399
28776	-1037.574	-1249.393	211.8184	2.152286	0.4988745	1.30495
28782	-1030.15	-1241.711	211.5614	1.868098	0.7409015	1.457763
28788	-1025.22	-1235.837	210.6167	2.184378	1.557516	1.358578
28794	-1044.181	-1255.378	211.1971	1.773656	0.7127934	1.814289
28800	-1024.125	-1234.981	210.8561	1.795546	0.9949183	1.814289
28806	-1022.587	-1234.095	211.5079	1.908922	0.5148772	1.70142
28812	-1020.649	-1231.969	211.3196	1.823306	0.9050453	1.530227
28818	-1021.012	-1231.487	210.4751	1.707899	1.071282	2.079585
28824	-1041.219	-1252.249	211.0298	2.163234	1.407431	1.123081
28830	-1016.109	-1227.449	211.3402	2.1318	1.100125	1.105684
28836	-1007.271	-1219.056	211.7848	2.135621	0.7887623	0.9892485
28842	-1021.933	-1233.338	211.4051	2.240166	1.25426	0.7698293
28848	-1022.575	-1234.07	211.4946	2.228801	1.030098	0.9231704
28854	-1023.848	-1235.007	211.1594	2.341202	1.361518	0.8449118
28860	-1017.981	-1229.773	211.7916	2.35341	0.6936942	0.8749457
28866	-1011.907	-1223.909	212.0028	2.202832	0.6485131	0.8749457
28872	-1014.776	-1226.874	212.098	2.061438	0.4492404	1.2192
28878	-1021.645	-1233.793	212.1475	2.114192	0.5750948	0.9301829
28884	-1023.123	-1235.143	212.0193	2.138875	0.7457946	0.7735587
28890	-1033.17	-1244.816	211.6456	2.254126	0.9233426	0.8453351
28896	-1028.217	-1239.793	211.5753	2.483935	0.9233426	0.5567335
28902	-1016.318	-1226.131	209.8137	1.675204	0.4411156	3.014322
28908	-1028.219	-1238.289	210.0699	1.636875	0.3797755	2.953286
28914	-1039.585	-1250.354	210.7686	2.666452	1.652598	0.5991746
28920	-1033.824	-1245.376	211.552	1.811733	0.4665438	1.795337
28926	-1028.431	-1240.596	212.1651	2.197412	0.4407383	1.051101
28932	-1035.138	-1246.81	211.6721	2.070026	0.6602064	1.294563
28938	-1052.599	-1264.712	212.1129	2.062506	0.2951173	1.457496
28944	-1032.877	-1244.588	211.7106	2.119107	0.4016264	1.547182
28950	-1025.749	-1237.896	212.1469	2.061383	0.4300559	1.207117
28956	-1023.006	-1234.412	211.4052	1.902881	0.823984	1.474204
28962	-1045.991	-1257.506	211.5154	2.484617	0.8923159	0.7560801
28968	-1043.647	-1255.269	211.6216	2.273874	0.9882208	0.7619334
28974	-1051.692	-1263.794	212.1026	2.046427	0.6900305	0.8757904
28980	-1049.497	-1260.99	211.4934	2.125697	0.4938956	1.580707
28986	-1050.985	-1262.361	211.3763	2.073197	0.6031972	1.580707
28992	-1021.371	-1232.842	211.4702	2.247122	1.07695	0.8793638
28998	-1020.228	-1231.832	211.6044	2.180216	1.007541	0.8793638
29004	-1027.665	-1238.974	211.3099	2.224891	1.283514	0.8793638
29010	-1022.266	-1233.763	211.4967	2.086681	1.012618	1.080412
29016	-1024.856	-1236.417	211.5608	2.086681	0.86785	1.159655
29022	-1028.319	-1240.622	212.3022	1.870366	0.4585086	1.193994
29028	-1023.89	-1236.07	212.1799	2.006869	0.6228577	0.9359368
29034	-1040.475	-1252.705	212.2295	1.93612	0.6691266	0.8887452
29040	-1027.209	-1238.915	211.7063	2.138498	0.8813218	0.9581035
29046	-1025.754	-1237.696	211.9424	1.878392	0.5703075	1.334787
29052	-1016.881	-1228.672	211.7912	2.19645	0.7195424	1.007361
29058	-1024.148	-1235.927	211.7796	2.462886	0.7536568	0.5966668
29064	-1014.889	-1226.525	211.6353	2.530424	0.8164694	0.6015703
29070	-1023.313	-1235.676	212.3632	1.950348	0.3249845	1.295372
29076	-1025.092	-1237.521	212.4288	2.04847	0.3960823	1.02087
29082	-1007.95	-1220.314	212.364	1.92085	0.3195947	1.32823
29088	-1011.789	-1224.072	212.2831	1.696218	0.4593008	1.352096
29094	-1028.679	-1239.459	210.7802	1.749799	0.5791559	2.230236
29100	-1030.952	-1242.11	211.1587	1.564488	0.6455096	2.041945
29106	-1017.345	-1229.222	211.8772	1.729291	0.4382134	1.659825
29112	-1006.46	-1218.104	211.6434	2.096782	0.8853834	1.05754
29118	-1014.223	-1226.027	211.8042	2.194898	0.4202443	1.392028
29124	-997.9685	-1209.64	211.6718	2.256094	0.6472663	1.152344
29130	-1018.836	-1230.577	211.7414	2.211275	0.7812433	0.9653633
29136	-1003.522	-1215.284	211.7622	2.342998	0.6734763	0.9486562
29142	-999.8433	-1211.04	211.1967	1.962755	0.8709304	1.545623
29148	-998.6107	-1210.326	211.7148	2.124127	0.5686282	1.322283
29154	-1003.657	-1215.377	211.7201	2.446507	0.7108834	0.8213882
29160	-1024.565	-1236.645	212.0799	2.27826	0.6109989	0.7438604
29166	-1041.126	-1252.998	211.8726	2.157799	0.7365377	0.9413354
29172	-1009.934	-1221.472	211.5383	2.289297	0.8390271	1.023244
29178	-1016.845	-1228.517	211.6717	2.096165	0.784341	1.138303
29184	-1020.458	-1232.566	212.1084	2.082401	0.5084927	1.102811
29190	-1026.267	-1237.741	211.4736	1.973271	0.6063857	1.579218
29196	-1023.451	-1234.713	211.2619	2.048061	0.9956688	1.329172
29202	-1024.824	-1236.378	211.5539	2.067895	0.7333485	1.314699
29208	-1043.04	-1255.461	212.4214	2.117487	0.3451082	1.061167
29214	-1029.634	-1241.345	211.7112	1.981989	0.7418333	1.247398
29220	-1012.547	-1223.836	211.289	2.007445	0.7673191	1.533237
29226	-1016.633	-1228.135	211.5022	1.999505	0.4158992	1.76291
29232	-1021.76	-1233.491	211.7307	1.85573	0.4217872	1.695571
29238	-1021.217	-1232.991	211.7737	1.964262	0.5513667	1.422458
29244	-1031.566	-1242.747	211.1816	1.936002	1.045965	1.441017
29250	-1014.507	-1225.669	211.1619	1.821175	0.4504794	2.071213
29256	-1027.838	-1239.008	211.1702	1.588864	0.5892932	2.071213
29262	-1009.802	-1220.594	210.7916	1.716707	0.7404287	2.1015
29268	-1008.363	-1219.7	211.337	1.801825	0.3364523	2.115449
29274	-1006.255	-1216.858	210.6033	1.772272	0.6068837	2.30321
29280	-1017.003	-1228.071	211.0681	1.827792	0.4212949	2.163047
29286	-999.7357	-1211.534	211.7983	1.908719	0.4954163	1.513873
29292	-1004.428	-1216.2	211.7726	1.977235	0.9204544	1.011604
29298	-1015.144	-1227.294	212.1506	1.932669	0.5369762	1.15832
29304	-1025.082	-1235.696	210.614	1.445569	0.3932293	2.723027
29310	-1032.058	-1241.494	209.4358	1.747785	0.5274304	3.109445
29316	-1035.969	-1246.272	210.3028	1.796418	0.4246602	2.662051
29322	-1018.697	-1227.189	208.4919	1.391736	0.5592556	3.840096
29328	-1020.327	-1231.921	211.5939	1.959493	0.7066024	1.395869
29334	-1009.802	-1221.886	212.0836	1.771713	0.4993815	1.395869
29340	-1016.701	-1227.703	211.0014	1.502061	0.5126731	2.313557
29346	-1002.508	-1213.18	210.6719	1.522221	0.5370484	2.48436
29352	-1016.033	-1226.368	210.3354	1.583763	0.5192747	2.672438
29358	-1018.194	-1229.171	210.9771	1.649112	0.6704393	2.083604
29364	-1017.306	-1228.531	211.2256	1.578298	0.7894883	1.86379
29370	-1038.455	-1249.364	210.9099	1.766844	0.6406774	2.07705
29376	-1031.274	-1242.251	210.9762	1.857847	0.5754852	2.035164
29382	-1013.294	-1224.781	211.4867	1.64715	0.5101597	1.902618
29388	-1011.213	-1222.11	210.8972	1.74018	0.3788862	2.381231
29394	-1007.256	-1218.461	211.2051	1.917364	0.3925871	2.050386
29400	-1025.521	-1236.642	211.1209	1.906989	0.5915619	1.889107
29406	-1011.106	-1222.553	211.4468	1.696823	0.8254508	1.594955
29412	-1025.556	-1236.596	211.0394	1.874432	1.043267	1.594955
29418	-1017.805	-1228.869	211.0636	1.896869	0.8696892	1.690624
29424	-1011.568	-1222.475	210.9069	1.874006	1.135019	1.628892
29430	-1008.142	-1219.935	211.7925	1.874006	0.4830972	1.559261
29436	-1019.036	-1230.796	211.7604	1.850115	0.5582472	1.511161
29442	-1038.231	-1248.713	210.4822	1.79286	0.6404841	2.337004
29448	-1039.144	-1250.029	210.8855	2.003543	0.4975668	2.079952
29454	-1028.677	-1240.701	212.024	2.086978	0.6474827	0.9793151
29460	-1025.541	-1236.346	210.8051	1.835669	1.132141	1.730527
29466	-1037.597	-1249.413	211.816	1.715214	0.7140885	1.405668
29472	-1026.136	-1237.505	211.3695	1.775751	0.9059782	1.52777
29478	-1016.24	-1227.875	211.6344	1.844285	0.8412968	1.325982
29484	-1014.072	-1225.931	211.8589	2.261753	0.7412934	0.8307858
29490	-1042.639	-1254.316	211.6771	2.230857	0.8598785	0.9159028
29496	-1030	-1241.435	211.4355	2.247721	0.9980717	0.9981101
29502	-1018.253	-1229.848	211.5952	2.080417	0.9980717	1.005756
29508	-1008.035	-1220.356	212.3211	2.414343	0.311905	0.9373449
29514	-1025.813	-1237.705	211.8926	2.544617	0.5973516	0.6353932
29520	-1023.658	-1235.327	211.6687	2.446411	0.8706305	0.5627763
29526	-1031.348	-1243.202	211.8543	2.499082	0.671927	0.5768402
29532	-1035.197	-1246.503	211.3065	2.762906	0.9149098	0.5505256
29538	-1036.66	-1246.432	209.7725	3.056953	2.670883	0.6824069
29544	-1032.119	-1243.365	211.2453	1.97032	0.915675	1.467118
29550	-1027.766	-1239.574	211.807	1.893082	0.6245632	1.367747
29556	-1005.826	-1217.496	211.67	1.83604	0.6964258	1.442636
29562	-1009.744	-1221.275	211.5318	2.003333	0.6744464	1.442636
29568	-1000.169	-1211.252	211.0824	2.020048	1.199058	1.343231
29574	-1000.195	-1212.039	211.8436	1.934215	0.5324971	1.414496
29580	-1006.799	-1218.529	211.7296	1.961844	0.7629185	1.227007
29586	-1008.424	-1219.926	211.5025	1.869441	0.7804191	1.464702
29592	-1033.449	-1245.462	212.0129	2.133577	0.7386249	0.801764
29598	-1008.094	-1219.768	211.6735	2.258877	0.9760134	0.7245449
29604	-1008.164	-1219.656	211.4919	2.258877	1.073546	0.843388
29610	-1023.113	-1234.173	211.0593	2.164999	1.457278	1.059171
29616	-1035.784	-1247.137	211.3532	2.306793	0.959195	1.059171
29622	-1037.15	-1247.872	210.7218	2.261334	1.650266	1.153319
29628	-1029.678	-1241.043	211.3649	2.07874	0.7425042	1.445424
29634	-1029.038	-1239.993	210.9546	2.043693	0.9846835	1.575623
29640	-1037.65	-1248.097	210.447	1.758245	1.153619	2.014561
29646	-1021.881	-1232.792	210.911	1.852571	1.108147	1.659056
29652	-1019.21	-1230.455	211.2454	1.824269	1.028606	1.490161
29658	-1013.411	-1224.373	210.9621	1.822707	1.199051	1.584665
29664	-1010.964	-1222.632	211.6682	1.921183	0.8928588	1.186294
29670	-1014.542	-1226.105	211.5629	1.97303	0.8928588	1.231911
29676	-1008.14	-1219.728	211.5884	1.947498	0.8928588	1.231911
29682	-1008.172	-1219.081	210.9083	2.125704	1.451815	1.231911
29688	-1002.335	-1212.898	210.563	1.928114	1.666716	1.537532
29694	-1003.356	-1214.925	211.5697	1.944165	0.9291312	1.217698
29700	-1006.785	-1218.703	211.9178	2.002057	0.6628082	1.140685
29706	-1000.978	-1213.154	212.1759	1.810942	0.6146361	1.140685
29712	-1006.58	-1217.555	210.975	2.151761	1.290554	1.26048
29718	-1007.66	-1218.505	210.8444	1.857452	0.9285317	1.826801
29724	-1016.666	-1227.823	211.1578	1.64489	0.9136787	1.767893
29730	-990.8647	-1201.544	210.6798	1.79431	1.003072	1.929872
29736	-1021.452	-1232.47	211.018	2.00749	1.003072	1.541947
29742	-1014.767	-1226.87	212.1032	1.820006	0.3737075	1.518628
29748	-1011.263	-1223.498	212.2353	1.889257	0.3737075	1.364397
29754	-1014.54	-1226.038	211.4981	1.859867	0.612379	1.637507
29760	-1017.605	-1228.857	211.2514	1.690255	0.5211263	2.019682
29766	-1027.563	-1238.419	210.8562	1.826693	0.9782738	1.804295
29772	-1019.599	-1230.194	210.5949	1.735062	0.8114896	2.161994
29778	-1006.642	-1217.773	211.1308	1.812967	0.8198284	1.742299
29784	-1009.278	-1221.271	211.9922	1.720023	0.4505713	1.56716
29790	-1019.5	-1231.319	211.8193	1.850728	0.5057371	1.528724
29796	-1026.157	-1237.494	211.3379	1.785125	0.5237856	1.895024
29802	-1015.53	-1226.906	211.3765	1.521742	0.5237856	2.045687
29808	-1011.254	-1222.204	210.9501	1.491854	0.4467106	2.423707
29814	-1017.717	-1229.402	211.6851	1.907412	0.4948644	1.598952
29820	-1006.611	-1217.628	211.0166	1.800219	0.4948644	2.130215
29826	-1017.709	-1229.637	211.9277	2.058602	0.4693599	1.332537
29832	-1003.166	-1214.619	211.4532	2.343002	1.164678	0.6436565
29838	-1025.016	-1236.439	211.4223	2.335792	1.164054	0.7168154
29844	-1014.006	-1225.401	211.3959	2.250927	1.190367	0.8402393
29850	-1011.53	-1223	211.4694	2.195402	1.190367	0.8175714
29856	-998.7459	-1210.454	211.7083	2.206364	0.9046034	0.8515851
29862	-1016.19	-1227.582	211.3921	2.122584	0.9041125	1.239492
29868	-1008.849	-1220.198	211.3494	2.280659	1.004486	1.043971
29874	-1014.356	-1225.97	211.6142	1.981666	0.8334313	1.237248
29880	-1005.6	-1217.254	211.6542	2.046694	1.02209	0.955613
29886	-1014.756	-1226.267	211.5115	1.945552	0.9745943	1.225819
29892	-1014.207	-1225.82	211.6136	2.107699	0.9508083	1.008257
29898	-1003.701	-1215.639	211.9379	2.107699	0.550093	1.173366
29904	-997.6462	-1209.238	211.5915	1.949644	0.8959775	1.22463
29910	-1012.318	-1224.106	211.7887	2.038272	0.9588606	0.887429
29916	-1014.849	-1227.219	212.37	2.294843	0.4298604	0.7221671
29922	-1011.73	-1223.548	211.8179	2.134225	0.7651802	0.9859022
29928	-1004.361	-1216.087	211.7258	2.217209	0.8245195	0.9214642
29934	-1020.504	-1231.95	211.4462	1.840064	1.141856	1.23452
29940	-1021.081	-1232.882	211.8004	2.17742	0.7978972	0.9173832
29946	-1020.136	-1231.673	211.5369	2.196332	0.8567434	1.093707
29952	-1027.211	-1238.679	211.4676	1.946789	0.5957509	1.614155
29958	-1019.914	-1231.239	211.325	1.929619	0.6923228	1.633031
29964	-998.1117	-1209.6	211.4886	1.869643	0.6127433	1.636939
29970	-1005.744	-1217.104	211.3601	1.81745	0.4051819	1.997617
29976	-1024.846	-1235.767	210.9211	1.878655	0.6048932	2.029236
29982	-1030.461	-1241.871	211.4101	1.887161	0.6889571	1.605359
29988	-1031.457	-1243.106	211.6497	1.961421	0.4837071	1.599048
29994	-1015.605	-1226.928	211.3227	1.910014	0.4762596	1.873892
30000	-1026.109	-1236.459	210.3505	1.657443	0.6855926	2.467091
30006	-1027.068	-1237.692	210.6245	1.551954	0.5639319	2.469398
30012	-1025.938	-1236.393	210.4547	1.564508	0.4966133	2.633659
30018	-1020.815	-1231.401	210.586	1.600682	0.6400936	2.393336
30024	-1016.662	-1227.101	210.4384	1.749439	0.7816425	2.276518
30030	-1019.831	-1231.21	211.3788	1.943276	0.4230828	1.877527
30036	-1026.816	-1238.593	211.7765	1.938071	0.2297552	1.90479
30042	-1027.264	-1236.666	209.4015	1.795151	0.7530794	2.912681
30048	-1008.919	-1219.822	210.9029	1.891224	0.7563475	1.89775
30054	-1018.335	-1229.878	211.5422	1.987464	0.553634	1.57616
30060	-1005.383	-1216.661	211.2774	1.841823	0.5736512	1.844875
30066	-1001.073	-1212.729	211.6556	2.064935	0.4472886	1.565319
30072	-1008.402	-1219.603	211.2016	1.977572	0.9878998	1.43777
30078	-1020.218	-1230.862	210.6441	1.929538	1.377116	1.63112
30084	-1019.121	-1230.137	211.0158	2.022776	1.425995	1.244476
30090	-1026.401	-1237.313	210.9116	1.943013	0.4241677	2.186408
30096	-1039.153	-1250.302	211.1489	1.828365	0.5326268	1.983742
30102	-1026.586	-1237.17	210.5845	1.732901	0.4325633	2.517861
30108	-1011.723	-1222.049	210.3259	1.75148	0.566351	2.528993
30114	-1037.9	-1249.138	211.2373	2.020628	0.4285506	1.914211
30120	-1023.299	-1234.767	211.4682	1.886254	0.4444024	1.828671
30126	-1048.598	-1259.919	211.3215	1.932986	0.5025946	1.828671
30132	-1033.022	-1244.305	211.2828	1.986752	0.6539812	1.659165
30138	-1042.863	-1254.202	211.3381	1.922934	0.683966	1.636309
30144	-1041.651	-1252.889	211.2386	1.843762	0.7505131	1.703153
30150	-1026.948	-1237.859	210.9106	1.905495	0.685395	1.94402
30156	-1028.57	-1239.969	211.3996	1.794964	0.6229539	1.742823
30162	-1011.416	-1221.847	210.4312	1.919779	0.8547648	2.115901
30168	-1017.152	-1228.231	211.0789	1.809553	1.012808	1.634892
30174	-1014.616	-1226.149	211.5327	2.113356	0.6651511	1.366155
30180	-1019.036	-1230.352	211.3156	1.967198	0.9745318	1.367772
30186	-1024.471	-1234.668	210.1975	2.04532	1.104996	2.019067
30192	-1041.843	-1253.493	211.6497	2.641882	0.71595	0.4184688
30198	-1024.678	-1236.229	211.5505	2.619296	0.8172963	0.4231695
30204	-1025.556	-1237.21	211.6545	2.575718	0.7755068	0.534601
30210	-1030.241	-1241.862	211.6208	2.714556	0.6840971	0.4248751
30216	-1016.776	-1227.966	211.1901	2.700826	1.085414	0.4248751
30222	-1019.001	-1229.644	210.6429	2.700826	1.811597	0.547449
30228	-1010.787	-1222.055	211.2677	2.67614	1.037651	0.4501395
30234	-1018.872	-1229.716	210.8445	2.786882	1.398695	0.4501395
30240	-1041.679	-1253.291	211.6127	2.067698	0.609663	1.399805
30246	-1038.114	-1249.908	211.7935	1.843714	0.7469458	1.28834
30252	-1009.125	-1220.19	211.0655	2.635893	1.308891	0.5602155
30258	-1022.616	-1234.224	211.6084	2.320412	0.9491925	0.7715352
30264	-1000.808	-1212.349	211.5409	2.364738	0.9607255	0.7872243
30270	-1015.925	-1227.792	211.8668	2.393494	0.718428	0.661297
30276	-1023.703	-1235.631	211.9284	2.374773	0.718428	0.5071073
30282	-1043.536	-1255.21	211.6733	1.860722	0.6916486	1.425955
30288	-1024.904	-1236.317	211.4124	1.723417	0.6331111	1.773908
30294	-1020.261	-1231.95	211.689	1.702346	0.7140796	1.512107
30300	-1017.416	-1228.98	211.5638	1.756025	0.7140796	1.565061
30306	-1009.479	-1220.827	211.3481	1.758188	0.5360231	1.893188
30312	-999.2159	-1210.746	211.5305	1.868669	0.8341326	1.395324
30318	-999.3869	-1211.112	211.7254	2.211642	0.8174478	0.9368112
30324	-1011.449	-1222.336	210.8871	2.310252	1.450443	1.089184
30330	-1020.48	-1232.262	211.782	2.209042	0.7523763	0.9620523
30336	-1023.144	-1234.559	211.4148	2.170918	1.137523	0.9620523
30342	-1008.938	-1220.74	211.8017	2.192401	0.649839	1.089358
30348	-1011.116	-1222.88	211.7638	2.230313	0.649839	1.089358
30354	-1029.627	-1240.51	210.8825	2.036206	1.079268	1.566189
30360	-1007.236	-1218.72	211.4837	2.370819	1.07337	0.694299
30366	-1018.311	-1230.37	212.0588	2.415318	0.5816933	0.5987054
30372	-1026.595	-1237.26	210.6655	2.657437	1.757377	0.6933216
30378	-1037.297	-1247.949	210.6518	2.725155	1.757377	0.5558494
30384	-1028.148	-1239.317	211.1691	2.086953	1.206663	1.211495
30390	-1013.004	-1224.122	211.118	2.186956	1.111849	1.241795
30396	-1034.45	-1246.129	211.6793	1.918562	0.6457736	1.424366
30402	-1022.317	-1233.12	210.8037	1.683259	0.5085278	2.328389
30408	-1015.832	-1226.598	210.7653	1.464225	0.4763156	2.524413
30414	-1013.724	-1224.496	210.7716	1.722331	0.3381641	2.524413
30420	-1020.86	-1231.669	210.8093	1.722331	0.3956957	2.427066
30426	-1014.148	-1225.343	211.1956	1.806293	0.3956957	2.12566
30432	-1011.07	-1222.343	211.2733	1.660612	0.6704706	1.877689
30438	-1016.267	-1226.818	210.5512	1.650354	0.6704706	2.357673
30444	-1032.173	-1243.225	211.0518	1.808024	0.705041	1.897117
30450	-1025.453	-1235.333	209.8805	1.775222	1.40209	2.238696
30456	-1032.544	-1243.27	210.7267	1.656855	0.6036602	2.301083
30462	-1033.225	-1244.642	211.4171	1.9201	0.5258414	1.745095
30468	-1026.295	-1238.413	212.1175	2.082872	0.5112385	1.089887
30474	-1023.268	-1233.841	210.5727	1.762993	0.6262047	2.311105
30480	-1019.51	-1230.547	211.0373	1.953343	0.747528	1.77014
30486	-1021.325	-1232.46	211.1353	1.830118	0.6531116	1.872222
30492	-1018.172	-1228.811	210.6384	1.803734	0.6531116	2.218789
30498	-1013.421	-1223.799	210.3784	1.857725	0.6524981	2.351219
30504	-1018.546	-1228.74	210.1935	1.857725	0.7129452	2.417529
30510	-1016.009	-1227.781	211.7719	2.297004	0.8683561	0.6865199
30516	-1013.463	-1225.033	211.5703	2.237349	1.062124	0.7835546
30522	-1023.162	-1234.446	211.2842	1.802506	0.4753959	1.973535
30528	-1014.388	-1225.754	211.3652	2.086287	0.7824697	1.401707
30534	-1002.815	-1214.007	211.1916	2.028814	0.9534441	1.43317
30540	-1015.185	-1226.639	211.4537	2.011649	0.7379481	1.43317
30546	-1005.432	-1217.117	211.6847	2.196809	0.7379481	1.086722
30552	-1003.563	-1214.825	211.2617	2.154265	1.10817	1.149293
30558	-1001.771	-1212.831	211.0605	2.058127	1.337744	1.235288
30564	-994.4334	-1206.155	211.7212	1.873597	0.7563827	1.313345
30570	-1007.747	-1217.512	209.765	1.649023	0.6865948	2.832438
30576	-1007.227	-1219.005	211.7774	1.841934	0.3707713	1.742171
30582	-1013.583	-1224.45	210.8668	1.660491	0.78245	2.055178
30588	-1011.291	-1222.535	211.2441	2.032408	0.9193076	1.417601
30594	-1008.885	-1220.181	211.2962	1.857143	0.7678523	1.637326
30600	-1037.816	-1248.894	211.0774	1.774621	0.4791173	2.124558
30606	-1040.833	-1250.944	210.1108	1.615206	0.6234264	2.694678
30612	-1027	-1237.542	210.5419	1.538435	0.4082885	2.692507
30618	-1016.372	-1226.076	209.7043	1.483889	0.6546069	2.994696
30624	-1024.476	-1234.694	210.2178	1.499548	0.4482796	2.868963
30630	-1026.348	-1235.526	209.1781	1.571865	0.3859159	3.512264
30636	-1005.186	-1214.809	209.6226	1.473095	0.5343024	3.155229
30642	-1021.388	-1230.449	209.061	1.393854	0.5343024	3.532107
30648	-1015.936	-1224.874	208.9376	1.393854	0.6165575	3.532107
30654	-1011.701	-1222.299	210.5986	1.627842	0.3148284	2.721464
30660	-1030.362	-1241.166	210.8039	1.61462	0.3161591	2.601357
30666	-1010.28	-1221.345	211.065	1.71438	0.494225	2.155357
30672	-1009.662	-1220.65	210.9879	1.776811	0.494225	2.164904
30678	-1016.009	-1225.776	209.7668	1.214318	0.6211098	3.146212
30684	-1025.696	-1235.818	210.1224	1.477806	0.3457866	3.059187
30690	-1029.769	-1241.014	211.2447	1.928821	0.9171712	1.497693
30696	-1019.696	-1231.125	211.4287	2.061549	0.6580383	1.493452
30702	-1018.359	-1229.859	211.5001	1.987553	0.7271335	1.426492
30708	-1020.81	-1231.725	210.9142	1.775431	0.7271335	1.992602
30714	-1021.163	-1231.803	210.6402	1.608438	0.5544724	2.433137
30720	-1011.428	-1222.596	211.1682	1.656162	0.754577	1.878669
30726	-1024.859	-1235.947	211.0885	1.866091	0.6541444	1.878669
30732	-1007.564	-1217.99	210.4255	1.912871	0.6541444	2.284596
30738	-1022.932	-1233.871	210.9394	1.912871	0.4195095	2.193496
30744	-1034.985	-1246.782	211.7964	1.88545	0.3743091	1.693055
30750	-1029.582	-1240.9	211.3174	1.868776	0.3992019	1.999563
30756	-1040.111	-1252.237	212.126	2.032932	0.4091844	1.280975
30762	-1033.046	-1243.6	210.5536	1.615679	0.3451267	2.715846
30768	-1021.247	-1232.459	211.212	1.895343	0.3704577	2.089387
30774	-1015.057	-1226.354	211.2972	2.024317	0.5412753	1.738968
30780	-1012.024	-1223.446	211.4223	1.979567	0.474629	1.759061
30786	-1006.939	-1217.979	211.0408	1.97543	0.5345422	1.955607
30792	-1024.22	-1235.392	211.1713	1.844956	0.5345422	1.955607
30798	-1025.209	-1236.982	211.7737	1.842326	0.4815501	1.598136
30804	-1024.339	-1235.551	211.2119	2.042127	0.546087	1.78091
30810	-1029.836	-1240.768	210.9318	1.762458	0.3984632	2.320705
30816	-1033.449	-1244.58	211.1317	1.81945	0.5805582	1.951994
30822	-1032.566	-1243.875	211.3092	1.925986	0.5116311	1.831752
30828	-1019.048	-1229.916	210.8674	1.725528	0.9736051	1.869364
30834	-1009.046	-1220.402	211.3559	2.025735	0.5129692	1.728438
30840	-1009.742	-1220.704	210.9617	1.939151	0.4235032	2.157156
30846	-1027.539	-1238.626	211.0872	1.856353	1.170172	1.485797
30852	-1027.519	-1239.855	212.3355	1.932047	0.4743413	1.084787
30858	-1011.829	-1223.471	211.6425	2.049105	0.3430931	1.731869
30864	-1015.145	-1226.06	210.9146	1.862542	0.4890138	2.162457
30870	-1023.117	-1234.181	211.0633	1.930578	0.3858151	2.143486
30876	-1020.956	-1232.037	211.0811	1.987676	0.4009079	2.075169
30882	-1013.89	-1224.851	210.9609	1.830943	0.5133802	2.12666
30888	-1024.605	-1236.144	211.5386	2.055375	0.7660097	1.304502
30894	-1017.552	-1229.42	211.8685	2.078579	0.4454496	1.396679
30900	-1014.412	-1226.119	211.7063	2.011245	0.3620335	1.685436
30906	-1014.71	-1226.871	212.1604	2.010783	0.2997499	1.45241
30912	-1013.899	-1225.078	211.1788	1.863961	0.4999983	1.975204
30918	-1017.618	-1228.796	211.1782	1.89036	0.4370108	2.030735
30924	-1031.253	-1242.46	211.2064	1.83077	0.4266651	2.064011
30930	-1030.236	-1240.376	210.1401	1.638718	0.3970475	2.889341
30936	-1039.128	-1248.454	209.3265	1.507716	0.679148	3.186111
30942	-1019.807	-1229.944	210.1369	1.653104	0.6302141	2.649402
30948	-1025.838	-1236.501	210.6633	1.752804	0.7866709	2.1249
30954	-1045.508	-1257.101	211.5928	2.22178	0.8398516	1.035026
30960	-1041.886	-1253.114	211.2281	1.815679	0.2981435	2.233074
30966	-1036.843	-1247.146	210.3025	1.76608	0.7851252	2.349945
30972	-1032.988	-1243.713	210.7253	1.898664	0.395129	2.369477
30978	-1036.985	-1248.129	211.1441	2.083978	0.5714241	1.77194
30984	-1034.332	-1245.182	210.8502	1.926512	0.5714241	2.077078
30990	-1034.452	-1245.85	211.3979	1.929721	0.519952	1.758398
30996	-1036.53	-1247.897	211.3671	1.811215	0.3445945	2.078017
31002	-1040.412	-1251.305	210.8929	1.772039	0.6576729	2.069453
31008	-1009.788	-1221.486	211.6984	1.700477	0.3614028	1.907245
31014	-1029.739	-1240.775	211.0363	1.662524	0.5921768	2.107969
31020	-1022.288	-1232.551	210.2638	1.537367	0.5921768	2.676123
31026	-1016.581	-1226.11	209.5294	1.602546	0.5013265	3.165334
31032	-1028.308	-1239.205	210.8972	1.691659	0.3686149	2.424948
31038	-1006.24	-1216.736	210.496	1.437077	0.3686149	2.830059
31044	-1008.963	-1219.539	210.5759	1.662282	0.6507293	2.351467
31050	-1023.384	-1234.541	211.1572	1.740847	0.4275347	2.154121
31056	-1023.355	-1234.487	211.1318	1.870175	0.4275347	2.08614
31062	-1031.27	-1242.733	211.463	1.969336	0.3941936	1.839623
31068	-1025.737	-1237.34	211.6039	2.103434	0.5709124	1.423085
31074	-1025.776	-1237.524	211.748	1.846953	0.3427855	1.799755
31080	-1019.68	-1230.993	211.3134	1.908576	0.5541808	1.794437
31086	-1027.995	-1239.275	211.2801	1.886722	0.5908798	1.794437
31092	-1027.094	-1238.727	211.6329	2.332296	0.8238804	0.8977056
31098	-1025.62	-1237.461	211.8413	2.129674	0.5174425	1.279962
31104	-1018.546	-1229.777	211.2311	1.973772	0.8684191	1.513917
31110	-1024.552	-1236.333	211.7804	2.149658	0.4694131	1.377033
31116	-1015.992	-1227.551	211.559	2.114469	0.675154	1.333787
31122	-1030.079	-1241.107	211.0276	1.739988	0.5176586	2.138008
31128	-1026.904	-1238.337	211.433	2.002408	0.6058547	1.588162
31134	-1020.652	-1232.01	211.3575	1.799944	0.5004783	1.897418
31140	-1014.158	-1225.243	211.0845	2.072921	0.5004783	1.897418
31146	-1027.155	-1238.414	211.2583	1.80908	0.5004783	1.958202
31152	-1021.345	-1232.484	211.1385	1.860989	0.4115647	2.107352
31158	-1019.556	-1231.166	211.6107	1.904699	0.538678	1.60356
31164	-1022.308	-1233.212	210.9035	1.93581	0.538678	2.069018
31170	-1019.615	-1230.947	211.3322	1.903346	0.3493799	2.033497
31176	-1031.341	-1242.872	211.5314	1.769757	0.6277856	1.66258
31182	-1026.563	-1237.678	211.1149	1.820205	0.7145797	1.837282
31188	-1016.011	-1226.669	210.6582	1.89802	0.5839657	2.208654
31194	-1025.486	-1236.13	210.6438	1.696778	0.5441693	2.385187
31200	-1014.988	-1226.256	211.2683	1.868103	0.4746238	1.941051
31206	-1002.894	-1213.705	210.8103	1.829937	0.4746238	2.26668
31212	-1003.625	-1214.201	210.5757	1.616136	0.6240555	2.404272
31218	-1015.062	-1225.573	210.5113	1.811039	0.5291691	2.411632
31224	-1019.459	-1230.304	210.8448	1.947247	0.5291691	2.10991
31230	-1038.197	-1249.806	211.609	1.830585	0.4382166	1.777521
31236	-1029.471	-1240.635	211.1641	2.01498	0.5023506	1.880577
31242	-1023.89	-1235.076	211.1861	1.7744	0.5829492	1.943262
31248	-1014.437	-1224.94	210.5036	2.138115	0.5570486	2.17957
31254	-1008.277	-1218.263	209.9861	1.631486	0.608029	2.774476
31260	-1013.409	-1223.454	210.0455	1.453239	0.6099411	2.845091
31266	-1005.094	-1215.626	210.5314	1.729335	0.6099411	2.373455
31272	-1011.59	-1221.912	210.3224	1.577124	0.5016487	2.702162
31278	-1022.182	-1231.214	209.0322	1.488012	0.4838976	3.541996
31284	-1031.068	-1242.54	211.4726	1.84782	0.3413494	1.988427
31290	-1020.697	-1231.616	210.9191	1.966505	0.3858246	2.213783
31296	-1021.567	-1232.483	210.9161	1.971661	0.3143235	2.30927
31302	-1015.731	-1226.85	211.1185	1.874008	0.3534758	2.187173
31308	-1016.22	-1226.433	210.2123	1.721329	0.5191252	2.663693
31314	-1038.468	-1249.722	211.2538	1.861536	0.3323698	2.136581
31320	-1027.572	-1238.574	211.0014	1.791418	0.4109262	2.24228
31326	-1028.926	-1240.604	211.6789	1.89261	0.4109262	1.720495
31332	-1020.448	-1231.75	211.3012	2.068317	0.7102725	1.531972
31338	-996.4843	-1208.303	211.8186	1.962936	0.784671	1.125779
31344	-1005.797	-1217.055	211.2583	1.860782	0.8776237	1.569875
31350	-996.5526	-1207.435	210.8823	1.690276	0.3444551	2.466789
31356	-1027.585	-1239.682	212.0966	1.629983	0.2779088	1.811186
31362	-1009.091	-1221.04	211.9486	2.202904	0.2572361	1.545195
31368	-1007.863	-1219.638	211.7752	2.064141	0.3558202	1.607236
31374	-1036.68	-1247.141	210.4613	1.818839	0.4876353	2.480782
31380	-1040.168	-1252.189	212.021	2.335315	0.4356982	1.065614
31386	-1017.806	-1229.553	211.7468	2.155874	0.5719388	1.266289
31392	-1025.262	-1236.989	211.7275	2.229107	0.4235122	1.420337
31398	-1027.43	-1239.347	211.9172	2.055987	0.433034	1.393893
31404	-1031.93	-1243.922	211.9923	1.988524	0.3475347	1.51595
31410	-1025.078	-1237.098	212.0207	1.889563	0.3424676	1.576074
31416	-1030.81	-1242.775	211.9643	1.987129	0.4010313	1.456798
31422	-1029.612	-1241.198	211.5853	1.88631	0.8185244	1.352562
31428	-1022.702	-1234.279	211.5765	1.991172	1.038783	1.071098
31434	-1010.552	-1222.407	211.8546	1.991172	0.632418	1.24062
31440	-1022.96	-1233.83	210.8695	1.657935	0.6167382	2.196467
31446	-1030.738	-1242.028	211.2899	1.723899	0.9030414	1.626364
31452	-1016.972	-1228.159	211.187	1.824926	0.9593772	1.584505
31458	-1022.058	-1232.985	210.9273	1.692014	0.4040435	2.361471
31464	-1007.4	-1218.425	211.0256	1.865382	0.7521187	1.835149
31470	-1053.718	-1265.206	211.4878	2.326101	1.100381	0.7204502
31476	-1037.583	-1249.416	211.8328	2.205967	0.8779186	0.7204502
31482	-1021.293	-1232.931	211.6379	1.995513	0.8321187	1.206768
31488	-1019.226	-1231.342	212.1154	1.950342	0.5506338	1.154972
31494	-1012.139	-1223.314	211.1748	1.846335	0.8053738	1.699698
31500	-1017.334	-1228.914	211.5798	2.001197	0.8053738	1.276644
31506	-1010.533	-1221.539	211.0059	2.034906	1.005799	1.528633
31512	-1029.005	-1240.65	211.6447	2.220479	0.9573031	0.8440956
31518	-1034.881	-1246.31	211.4296	2.217952	1.210537	0.8171557
31524	-1032.077	-1243.469	211.392	2.216026	0.9989799	1.070053
31530	-1010.856	-1222.445	211.5891	1.934182	0.7500779	1.376449
31536	-1021.806	-1232.548	210.7423	2.196739	1.381682	1.353283
31542	-1014.145	-1225.447	211.3021	1.721158	0.5384911	1.94668
31548	-1008.651	-1219.952	211.3013	1.754671	0.5195202	1.945005
31554	-1022.915	-1232.864	209.9488	1.613898	0.3551297	3.069831
31560	-1022.539	-1234.475	211.936	2.14951	0.4666301	1.25554
31566	-1025.415	-1236.37	210.9553	1.971329	0.3277106	2.26531
31572	-1023.429	-1234.361	210.9319	1.837209	0.4080653	2.261037
31578	-1028.78	-1239.716	210.9358	1.800369	0.5396226	2.135696
31584	-1025.542	-1237.036	211.4937	2.117785	0.5430568	1.5279
31590	-1015.369	-1226.346	210.9771	1.777969	0.4645556	2.203928
31596	-1023.419	-1234.486	211.0678	1.777969	0.5632312	2.039662
31602	-1022.555	-1233.665	211.11	1.705154	0.4734087	2.154986
31608	-1017.651	-1228.508	210.8569	1.648366	0.5407479	2.283775
31614	-1020.466	-1231.539	211.0729	1.731646	0.4186857	2.225327
31620	-1031.721	-1242.831	211.1098	1.72707	0.471071	2.14348
31626	-1037.461	-1248.649	211.1887	1.792012	0.3925545	2.14348
31632	-1029.585	-1240.475	210.89	1.972015	0.7391033	1.866055
31638	-1026.627	-1238.022	211.3948	2.002624	0.4512005	1.790626
31644	-1020.225	-1231.29	211.0655	2.005831	0.7016341	1.754454
31650	-1038.517	-1249.903	211.3856	2.068571	0.4294705	1.778479
31656	-1034.046	-1245.746	211.7	2.170995	0.3594694	1.578641
31662	-1013.687	-1225.751	212.0638	2.21873	0.4162309	1.165138
31668	-1008.858	-1220.312	211.4542	2.280639	0.4663107	1.530022
31674	-1004.341	-1215.507	211.166	2.034666	0.4872896	1.882984
31680	-1002.318	-1213.388	211.0697	1.969237	0.8845102	1.62275
31686	-1023.466	-1235.105	211.6393	1.864218	0.4754409	1.686504
31692	-1023.25	-1234.669	211.4191	1.846646	0.7456248	1.575509
31698	-1035.132	-1246.356	211.2244	1.838657	0.6719412	1.787551
31704	-1027.616	-1238.961	211.3449	1.784801	0.5826448	1.828428
31710	-1006.277	-1217.375	211.0974	1.960058	0.6912388	1.773632
31716	-1017.925	-1229.53	211.6049	2.348061	0.6563995	1.118815
31722	-1029.695	-1241.113	211.4181	1.540908	0.586566	1.940717
31728	-1021.458	-1231.582	210.124	1.691729	0.5845515	2.674111
31734	-1019.845	-1230.002	210.1569	1.396377	0.2991373	3.149038
31740	-1040.702	-1251.145	210.4425	1.742508	0.305906	2.759228
31746	-1020.907	-1231.566	210.6597	1.620094	0.4478541	2.524061
31752	-1014.688	-1225.097	210.409	1.611645	0.4328069	2.701125
31758	-1011.543	-1222.002	210.4583	1.592362	0.4390634	2.675728
31764	-1007.751	-1217.826	210.0754	1.534285	0.4107812	2.97544
31770	-1003.811	-1213.706	209.8954	1.683891	0.3675897	3.044541
31776	-1002.222	-1212.319	210.0971	1.475099	0.2046845	3.284025
31782	-1013.253	-1222.998	209.7446	1.650522	0.5137689	2.99606
31788	-1011.547	-1221.244	209.6977	1.444457	0.6179393	3.052903
31794	-1026.867	-1236.497	209.6302	1.695622	0.639547	2.924337
31800	-1012.104	-1221.944	209.8396	1.494073	0.3834728	3.171886
31806	-1008.13	-1217.891	209.7605	1.593077	0.4365678	3.100153
31812	-1016.275	-1225.642	209.3674	1.4227	0.4533158	3.415243
31818	-1019.766	-1229.706	209.9404	1.445274	0.6335132	2.893303
31824	-1020.159	-1231.528	211.3689	1.59937	0.4468062	2.085262
31830	-1019.466	-1229.899	210.4334	1.615381	0.3517368	2.780929
31836	-1017.197	-1226.814	209.6173	1.575147	0.5080492	3.122793
31842	-1011.756	-1221.259	209.5038	1.498818	0.532553	3.212078
31848	-1019.707	-1229.774	210.0671	1.383218	0.2977351	3.212078
31854	-1006.099	-1217.461	211.3616	1.507117	0.3973016	2.210168
31860	-1016.337	-1227.456	211.1189	1.8075	0.5548548	1.994555
31866	-1036.892	-1248.413	211.5208	1.970142	0.3712511	1.830668
31872	-1022.767	-1234.36	211.5933	1.972063	0.3402247	1.823943
31878	-1032.948	-1243.699	210.7514	2.060324	0.3583202	2.296989
31884	-1034.197	-1244.89	210.6923	1.755393	0.3282971	2.566528
31890	-1024.062	-1235.455	211.393	1.752054	0.4888103	1.918934
31896	-1016.143	-1226.03	209.8877	1.529778	0.7004429	2.819318
31902	-1031.867	-1242.508	210.6414	1.525133	0.906838	2.1987
31908	-1020.823	-1231.913	211.0895	1.718371	0.4392937	2.1987
31914	-1027.808	-1237.385	209.5773	1.465143	0.7249416	3.026577
31920	-1028.145	-1239.463	211.3186	1.755174	0.8534927	1.622438
31926	-1033.372	-1244.364	210.9915	2.250297	1.658679	0.8935094
31932	-1013.99	-1225.213	211.2234	2.23663	1.360599	0.8935094
31938	-1008.36	-1220.084	211.7246	2.281237	0.8758622	0.7737409
31944	-1024.483	-1236.306	211.8229	2.468906	0.7258047	0.5331052
31950	-1013.089	-1224.554	211.4646	2.461982	1.040171	0.607198
31956	-1033.128	-1244.449	211.3211	2.610362	1.040171	0.5924364
31962	-1015.491	-1226.48	210.9893	2.473449	1.537794	0.7111636
31968	-1032.534	-1244.009	211.475	2.366282	1.128737	0.6126983
31974	-1012.05	-1223.837	211.7866	2.062298	0.5149717	1.380985
31980	-1017.516	-1228.989	211.4728	1.949454	0.3164325	1.956865
31986	-1011.838	-1223.182	211.3438	1.99766	0.3303119	1.99033
31992	-1033.382	-1245.2	211.8186	2.504165	0.7018923	0.5307477
31998	-1030.75	-1242.609	211.8586	2.308476	0.8097104	0.6195115
32004	-1011.55	-1222.617	211.0664	1.854236	0.3997706	2.17344
32010	-1042.54	-1254.286	211.7454	2.522755	0.7352867	0.5877183
32016	-1035.696	-1246.548	210.8524	2.743181	1.406742	0.6439734
32022	-1038.146	-1249.303	211.157	2.017464	0.5101615	1.875015
32028	-1040.985	-1252.388	211.4028	1.815357	0.7344505	1.620307
32034	-1044.071	-1255.727	211.6563	2.036629	0.6735572	1.319841
32040	-1026.296	-1238.157	211.8605	2.602613	0.4064025	1.015301
32046	-1026.557	-1238.27	211.7128	2.255675	0.3730195	1.485739
32052	-1012.307	-1223.779	211.4716	1.845414	0.3730195	1.946532
32058	-1014.639	-1225.344	210.7059	1.762023	0.6132572	2.238153
32064	-1013.433	-1224.982	211.5493	2.008366	0.4286418	1.706938
32070	-1018.357	-1229.818	211.4603	2.191037	0.2990319	1.828245
32076	-1010.57	-1221.649	211.0789	2.083687	0.3035967	2.147898
32082	-1021.87	-1233.162	211.2913	1.992286	0.3836482	1.954731
32088	-1020.943	-1232.162	211.219	2.064501	0.3836482	1.954731
32094	-1020.105	-1231.78	211.6743	2.120509	0.3904243	1.588744
32100	-1011.298	-1222.369	211.0709	1.834074	0.6421688	1.923518
32106	-1011.838	-1222.75	210.9122	1.78154	0.4849503	2.220968
32112	-1012.027	-1223.289	211.2627	1.87145	0.6040267	1.803806
32118	-1023.901	-1235.441	211.5404	1.836392	0.5828792	1.654869
32124	-1039.492	-1249.761	210.269	1.681284	0.4775231	2.695878
32130	-1008.095	-1218.462	210.3669	1.576365	0.7171047	2.481998
32136	-1004.778	-1215.478	210.6996	1.741235	0.4435253	2.428038
32142	-1025	-1236.201	211.2005	2.550571	1.256715	0.5110961
32148	-1023.132	-1234.408	211.2762	2.550571	1.162762	0.55633
32154	-1021.079	-1232.224	211.1456	1.968805	0.388719	2.06069
32160	-1010.765	-1221.756	210.9911	2.605695	1.433652	0.5850552
32166	-1032.671	-1243.781	211.11	2.521271	1.388969	0.5850552
32172	-1008.41	-1219.641	211.2318	1.749271	0.4482652	2.075183
32178	-1021.918	-1232.96	211.0418	1.804461	0.8833875	1.760432
32184	-1020.759	-1232.033	211.274	1.734529	0.7442798	1.760432
32190	-1028.098	-1237.44	209.3412	1.723126	0.6152149	3.101676
32196	-1021.767	-1231.676	209.9092	1.478167	0.7173686	2.824381
32202	-1050.841	-1260.753	209.9122	1.815804	1.211448	2.292288
32208	-1018.009	-1229.171	211.1622	1.784794	0.5235437	2.013583
32214	-1023.257	-1234.039	210.7827	1.742277	0.8380299	2.013583
32220	-1011.12	-1222.348	211.2282	1.682399	0.8389916	1.750087
32226	-1012.679	-1224.062	211.3827	1.925695	0.8846343	1.42185
32232	-1017.813	-1229.798	211.9849	1.79695	0.652486	1.270687
32238	-1007.405	-1219.089	211.6838	1.833444	0.7118043	1.418736
32244	-1012.656	-1224.138	211.4812	1.765393	0.7118043	1.620555
32250	-1001.738	-1213.296	211.5578	1.814484	0.7341113	1.507314
32256	-1003.496	-1214.893	211.397	1.814484	0.949501	1.443117
32262	-1028.266	-1239.48	211.2148	1.772283	0.8885435	1.656879
32268	-1008.576	-1220.184	211.608	2.11546	0.4957808	1.501132
32274	-1012.357	-1223.905	211.5477	1.710553	0.4957808	1.833845
32280	-1011.456	-1222.898	211.4419	1.571702	0.6589291	1.833845
32286	-1019.088	-1229.933	210.8451	1.599183	0.8017774	2.09471
32292	-1019.627	-1230.745	211.1177	1.639667	0.5664958	2.09471
32298	-1002.313	-1214.379	212.0654	1.862392	0.3026997	1.627619
32304	-1002.302	-1213.725	211.4237	1.862392	0.7739114	1.534964
32310	-1003.111	-1214.805	211.6942	1.949411	0.7739114	1.255872
32316	-1011.442	-1222.655	211.2132	1.75286	0.5653462	1.957309
32322	-1012.648	-1224.788	212.1403	2.103496	0.4379256	1.163986
32328	-1016.635	-1228.542	211.9062	2.22844	0.6951488	0.8846686
32334	-1011.801	-1224.111	212.31	2.362558	0.4219723	0.7330655
32340	-1006.614	-1218.903	212.2893	2.225481	0.5160222	0.7249424
32346	-999.2708	-1211.537	212.2662	1.837242	0.5647816	1.101702
32352	-1003.965	-1215.892	211.927	1.827346	0.6640598	1.280357
32358	-1015.572	-1227.284	211.7117	1.666354	0.6846139	1.550441
32364	-1007.791	-1219.791	212.0007	2.125259	0.607518	1.020617
32370	-999.8134	-1211.35	211.5371	1.966385	1.054671	1.116106
32376	-1011.057	-1222.499	211.4426	1.922793	0.5887905	1.656774
32382	-1033.726	-1245.065	211.3391	1.922793	0.8306249	1.503195
32388	-1028.384	-1240.011	211.6265	1.922793	0.7347236	1.371029
32394	-1041.03	-1251.837	210.8067	1.998899	1.10634	1.630066
32400	-1025.232	-1236.495	211.2626	2.160027	0.6848838	1.517106
32406	-1005.888	-1217.087	211.1993	2.057786	0.8186965	1.517106
32412	-1016.348	-1227.857	211.5092	2.117076	0.7176841	1.327025
32418	-1014.769	-1226.216	211.4464	1.891442	0.8498271	1.428991
32424	-1001.611	-1213.11	211.4987	2.30607	1.005825	0.857612
32430	-997.2308	-1208.808	211.5769	2.156907	1.005825	0.9378012
32436	-1012.836	-1224.23	211.3934	2.156907	0.757654	1.34777
32442	-1017.041	-1228.828	211.7868	2.020691	0.5611003	1.356467
32448	-1014.979	-1226.242	211.2629	1.696921	0.6018782	1.925025
32454	-1022.1	-1232.519	210.4194	1.678884	0.4519271	2.632184
32460	-1027.952	-1239.462	211.5102	2.133925	0.5680084	1.474684
32466	-1017.685	-1229	211.3156	1.989958	1.0128	1.319007
32472	-1026.586	-1238.183	211.5965	2.031621	0.9397033	1.107599
32478	-1022.031	-1234.054	212.0231	1.949945	0.7671068	0.9620352
32484	-1023.838	-1235.52	211.6819	2.215142	0.8767831	0.9071524
32490	-1021.788	-1233.512	211.7246	2.215142	0.9274454	0.7880145
32496	-1024.697	-1236.403	211.7056	2.30764	0.9274454	0.6706177
32502	-1017.311	-1229.298	211.9868	2.236799	0.7099311	0.7441051
32508	-1021.38	-1233.007	211.6271	2.321018	0.9204541	0.7867978
32514	-1010.238	-1220.933	210.6948	2.701681	1.73383	0.4722063
32520	-1004.784	-1215.666	210.8819	2.733526	1.424235	0.4722063
32526	-1014.694	-1225.592	210.8979	2.712751	1.424235	0.55855
32532	-1019.066	-1230.709	211.643	2.111879	0.5579715	1.401519
32538	-1012.418	-1224.067	211.6485	2.111879	0.5034388	1.463764
32544	-1007.088	-1218.866	211.7784	2.235581	0.5482706	1.20312
32550	-1010.229	-1221.636	211.4069	2.184442	0.5482706	1.53686
32556	-1010.911	-1222.551	211.6397	2.346776	0.8431758	0.8468092
32562	-1018.736	-1230.371	211.6357	2.2576	0.7389998	1.074538
32568	-1015.753	-1227.815	212.0623	2.404105	0.4404062	0.9475997
32574	-1008.318	-1220.146	211.8277	2.19961	0.4556206	1.318881
32580	-1017.309	-1229.082	211.7727	2.172326	0.4913785	1.335644
32586	-1015.282	-1226.68	211.398	1.90877	0.530381	1.761303
32592	-1040.705	-1252.329	211.6237	1.826719	0.6503592	1.530996
32598	-1023.417	-1234.938	211.521	1.961714	0.6159453	1.542802
32604	-1019.794	-1231.312	211.5182	1.809974	0.472879	1.81238
32610	-1014.976	-1226.289	211.3132	1.873105	0.5605241	1.81238
32616	-1022.297	-1233.505	211.2076	1.679045	0.4551132	2.129155
32622	-1017.872	-1229.207	211.3345	1.863504	0.6226033	1.740773
32628	-1006.727	-1218.411	211.6839	2.030648	0.5696552	1.419008
32634	-1004.688	-1215.983	211.295	1.937758	0.5696552	1.770584
32640	-1026.711	-1237.972	211.2614	1.8123	0.5190519	1.933564
32646	-1028.507	-1239.652	211.1454	2.055453	0.5190519	1.847088
32652	-1006.537	-1217.475	210.9378	1.646099	0.6146792	2.161782
32658	-1001.862	-1213.085	211.2225	1.931086	0.596514	1.797879
32664	-1012.653	-1224.439	211.7856	2.068089	0.5178628	1.373532
32670	-1022.895	-1234.36	211.4647	1.804174	0.799143	1.525378
32676	-1037.671	-1248.29	210.6194	1.892094	0.694652	2.137719
32682	-1025.754	-1236.867	211.1124	1.925982	0.4186358	2.073008
32688	-1028.1	-1239.206	211.1053	1.909907	0.6808052	1.81246
32694	-1036.201	-1247.469	211.2678	1.987419	0.4750424	1.859945
32700	-1022.211	-1232.976	210.7649	1.640062	0.7471864	2.163531
32706	-1030.882	-1241.46	210.5784	1.791747	0.6953194	2.228799
32712	-1032.768	-1244.515	211.7465	2.106828	0.4275929	1.493233
32718	-1035.667	-1246.313	210.6453	1.674651	0.6244299	2.322725
32724	-1012.855	-1225.027	212.172	1.74101	0.399194	1.488575
32730	-1012.528	-1223.637	211.109	2.06653	0.4669711	1.923545
32736	-1009.449	-1220.872	211.4225	2.282557	1.047859	0.9243627
32742	-1040.852	-1252.28	211.4287	1.811804	0.9003992	1.460721
32748	-1019.454	-1231.174	211.7201	1.756535	0.8404479	1.328429
32754	-1017.323	-1228.597	211.2746	2.016508	1.015518	1.328429
32760	-1015.938	-1227.742	211.8041	1.925492	0.6540084	1.311625
32766	-1016.563	-1228.329	211.7662	1.942265	0.6461371	1.337269
32772	-1023.539	-1235.119	211.5802	1.621941	0.2948302	2.135414
32778	-1029.371	-1240.799	211.4283	1.687131	0.5674823	1.853829
32784	-1032.446	-1242.784	210.3384	1.61074	0.5118923	2.661338
32790	-1020.696	-1230.818	210.1218	1.612161	0.5118923	2.793138
32796	-1031.076	-1241.349	210.2734	1.642019	0.4955882	2.698573
32802	-1044.213	-1254.937	210.7237	1.493374	0.5280742	2.478878
32808	-1054.078	-1264.434	210.3565	1.766943	0.5688163	2.497941
32814	-1016.357	-1228.496	212.1393	2.027669	0.3614283	1.350633
32820	-1022.192	-1233.573	211.381	1.918112	0.5258857	1.771645
32826	-1029.966	-1239.454	209.4886	1.54064	0.5407072	3.188725
32832	-1050.165	-1261.781	211.6164	2.038673	0.4278886	1.638476
32838	-1046.291	-1257.392	211.1016	2.146759	0.3972825	1.960426
32844	-1044.349	-1256.168	211.8192	1.827141	0.2591245	1.898288
32850	-1049.236	-1258.342	209.106	1.542309	0.6999554	3.27986
32856	-1035.292	-1246.366	211.0735	1.617292	0.5413087	2.163561
32862	-1027.299	-1238.622	211.3229	1.748054	0.5413087	1.911517
32868	-1018.594	-1229.776	211.182	1.827559	0.5106743	1.985748
32874	-1022.711	-1234.102	211.391	1.764787	0.4381718	1.971165
32880	-1025.609	-1237.156	211.5466	1.763553	0.6584421	1.62563
32886	-1024.788	-1236.387	211.5989	1.618668	0.3542246	2.038661
32892	-1016.138	-1227.835	211.6972	1.803175	0.671034	1.472541
32898	-1024.513	-1235.6	211.0867	1.914678	0.9766828	1.579309
32904	-1023.373	-1234.837	211.4643	1.874283	0.6639784	1.599558
32910	-1012.344	-1222.765	210.4213	1.812325	0.6382323	2.365301
32916	-1009.044	-1219.052	210.0079	1.671125	0.546297	2.793258
32922	-1014.663	-1224.68	210.0168	1.657716	0.546297	2.79599
32928	-1008.098	-1219.016	210.9181	1.624346	0.546297	2.254412
32934	-1015.975	-1226.986	211.0108	1.520856	0.7234766	2.100199
32940	-1030.108	-1241.287	211.1786	1.719033	0.9116604	1.702711
32946	-1022.69	-1233.556	210.8662	1.637302	0.4109171	2.426404
32952	-1022.407	-1232.297	209.8903	1.685428	0.458442	2.943602
32958	-1025.858	-1235.853	209.995	1.649755	0.5491684	2.811404
32964	-1014.316	-1225.194	210.8787	1.655561	0.6806282	2.134902
32970	-1028.688	-1239.922	211.2339	1.798065	0.2871673	2.257385
32976	-1030.178	-1240.859	210.6815	1.710398	0.6460758	2.257385
32982	-1031.336	-1242.616	211.2796	1.943408	0.5838911	1.762551
32988	-1043.312	-1254.484	211.172	1.84218	0.4741406	2.023351
32994	-1029.344	-1240.385	211.0412	1.913223	0.7420662	1.799991
33000	-1012.891	-1223.373	210.4819	1.635731	0.5884379	2.483257
33006	-1011.03	-1220.91	209.8802	1.587612	0.5794085	2.890846
33012	-1034.874	-1246.306	211.432	1.95208	0.6403745	1.590006
33018	-1042.668	-1254.065	211.3973	1.785244	0.6750214	1.700887
33024	-1032.326	-1243.137	210.8108	1.879052	1.124431	1.700887
33030	-1033.279	-1245.381	212.1019	2.278169	0.5496584	0.8384277
33036	-1031.482	-1243.029	211.5467	2.036365	0.8443861	1.2375
33042	-1026.271	-1238.061	211.7901	2.033949	0.7406345	1.135935
33048	-1034.25	-1246.047	211.7966	2.135077	0.7466321	1.028909
33054	-1025.486	-1235.815	210.3295	1.505515	0.4223597	2.826229
33060	-1041.784	-1253.401	211.6172	2.140292	0.8937808	1.032144
33066	-1025.323	-1237.075	211.7524	2.121331	0.7915374	1.032144
33072	-1023.111	-1234.779	211.668	2.033358	0.8394193	1.140266
33078	-1028.132	-1239.666	211.5336	2.016458	0.8394193	1.269676
33084	-1026.204	-1237.846	211.6418	2.332072	0.5366211	1.252317
33090	-1031.664	-1242.861	211.1964	1.925028	0.8273827	1.609469
33096	-1041.811	-1253.281	211.4697	1.929478	0.9067582	1.331691
33102	-1023.732	-1235.433	211.7003	1.915846	0.4186292	1.678652
33108	-1020.865	-1232.021	211.1556	1.930336	0.2965434	2.208324
33114	-1008.857	-1219.934	211.0775	1.780334	0.4044508	2.208324
33120	-1011.21	-1221.608	210.3978	1.642191	0.4482988	2.672102
33126	-1011.174	-1221.031	209.8576	1.61457	0.5135576	2.949955
33132	-1029.431	-1239.113	209.6817	1.519278	0.5552596	3.073094
33138	-1014.429	-1225.001	210.5716	1.723088	0.4268293	2.538575
33144	-1013.486	-1224.334	210.8486	1.796948	0.4994133	2.236446
33150	-1032.359	-1243.3	210.9406	1.790982	0.7745419	1.925107
33156	-1024.095	-1235.101	211.006	1.981784	0.6552305	1.855013
33162	-1029.86	-1241.554	211.6948	2.026722	0.5610553	1.423643
33168	-1044	-1255.497	211.497	2.032587	0.6854955	1.435641
33174	-1033.727	-1244.726	210.9995	2.242226	0.9600816	1.411458
33180	-1028.921	-1240.539	211.6174	2.242226	0.7967917	1.039768
33186	-1010.28	-1221.389	211.1087	2.236499	1.21135	1.130084
33192	-1009.878	-1221.104	211.2259	2.134235	1.303225	1.044734
33198	-1015.254	-1226.818	211.5636	2.266434	0.806942	1.056591
33204	-1011.632	-1222.758	211.1256	2.432693	1.254429	0.8802267
33210	-1016.795	-1228.606	211.8109	2.258786	0.5561397	1.143953
33216	-1014.103	-1225.402	211.2998	2.252776	1.163557	0.9721145
33222	-1009.832	-1220.769	210.9369	2.029325	0.5606195	1.962025
33228	-1018.164	-1227.864	209.7002	1.70069	0.6877413	2.839509
33234	-1012.02	-1222.73	210.7096	1.9017	0.3703611	2.408555
33240	-1005.176	-1216.188	211.0113	1.969651	0.5055629	2.010388
33246	-1019.37	-1230.135	210.7651	1.864904	0.663671	2.087098
33252	-1033.119	-1243.862	210.7427	1.77628	0.5781582	2.23827
33258	-1047.432	-1258.029	210.5975	1.897131	0.5509513	2.280423
33264	-1025.207	-1235.44	210.2333	1.70667	0.8444542	2.387632
33270	-1021.665	-1232.867	211.2013	1.907737	0.4506669	1.987453
33276	-1019.574	-1230.94	211.3651	1.90619	0.5091783	1.809671
33282	-1033.682	-1245.211	211.5294	1.756959	0.5012865	1.808158
33288	-1038.95	-1250.711	211.7605	1.942425	0.5769982	1.419436
33294	-1016.726	-1228.272	211.5454	2.0455	0.3787227	1.750914
33300	-1022.342	-1233.553	211.2113	1.986903	0.6122893	1.750914
33306	-1017.047	-1228.803	211.7557	2.310424	0.5745711	1.122149
33312	-1028.705	-1240.544	211.8392	2.117703	0.4324909	1.407263
33318	-1040.082	-1251.413	211.3302	2.052828	0.6392497	1.591862
33324	-1029.572	-1241.742	212.1691	2.019542	0.6178904	0.9415029
33330	-1046.139	-1256.419	210.2799	1.765986	1.024548	2.198528
33336	-1062.896	-1273.977	211.0813	1.587965	0.4917446	2.229372
33342	-1030.344	-1242.388	212.0447	2.088589	0.6857738	0.9002123
33348	-1042.275	-1254.065	211.7899	2.279511	0.6857738	0.9689895
33354	-1043.042	-1253.677	210.6355	1.554907	0.5337945	2.489859
33360	-1044.593	-1254.203	209.6103	1.592734	0.5229527	3.102098
33366	-1023.295	-1233.334	210.0381	1.660911	0.3922172	2.943157
33372	-998.1675	-1209.256	211.0889	2.041282	0.4428751	1.982593
33378	-1026.021	-1237.94	211.919	2.007745	0.4428751	1.416061
33384	-1018.602	-1230.405	211.8033	2.293477	0.7423472	0.8584523
33390	-1016.651	-1227.882	211.2314	2.580266	1.150017	0.6384077
33396	-1014.602	-1226.278	211.6757	2.226483	0.9720911	0.7758639
33402	-1017.868	-1229.421	211.5524	2.094777	1.00532	1.026648
33408	-1030.031	-1241.178	211.1468	2.08576	1.00532	1.382888
33414	-1022.694	-1234.224	211.5306	2.311174	1.05859	0.7388441
33420	-1034.328	-1245.672	211.3443	1.877624	0.9349818	1.446724
33426	-1028.524	-1239.545	211.0207	1.877624	1.000744	1.63642
33432	-1036.251	-1246.146	209.8953	1.884591	1.083608	2.332756
33438	-1034.088	-1244.476	210.3879	1.70968	0.6755782	2.419126
33444	-1005.142	-1214.491	209.3489	1.595041	0.7113759	3.095789
33450	-1008.868	-1217.792	208.9239	1.517337	0.4465239	3.625643
33456	-1023.24	-1232.005	208.7654	1.444243	0.7173294	3.523917
33462	-1026.606	-1237.001	210.3954	1.599794	0.5525219	2.593235
33468	-1027.098	-1236.392	209.2935	1.389909	0.4977822	3.433154
33474	-1012.65	-1221.281	208.6314	1.325368	0.5042202	3.848204
33480	-1012.22	-1222.63	210.41	1.631378	0.4007088	2.725312
33486	-1011.59	-1223.418	211.828	2.066017	0.4619954	1.415171
33492	-1017.158	-1229.04	211.8825	2.11492	0.4053537	1.415171
33498	-1020.169	-1232.333	212.1642	2.217211	0.4053537	1.094837
33504	-1024.588	-1236.773	212.1846	1.920462	0.5220836	1.159969
33510	-1010.698	-1222.597	211.8998	1.818178	0.5257401	1.468477
33516	-1017.463	-1229.199	211.7354	1.836808	0.431095	1.693441
33522	-1026.679	-1237.652	210.9731	1.787637	0.5284394	2.131201
33528	-1023.832	-1235.177	211.3448	1.852128	0.52028	1.848451
33534	-1015.421	-1226.231	210.8095	1.710897	0.7211207	2.109546
33540	-1021.148	-1231.911	210.7625	1.713539	0.679525	2.173793
33546	-1040.442	-1252.117	211.6749	1.92025	0.715526	1.354096
33552	-1013.427	-1225.199	211.7716	1.990699	0.715526	1.217212
33558	-1031.602	-1243.417	211.8156	2.075078	0.6202943	1.217212
33564	-1024.153	-1235.442	211.289	1.981622	0.8904061	1.445999
33570	-1011.626	-1223.666	212.04	2.002246	0.532617	1.1999
33576	-1016.683	-1227.784	211.1014	1.902225	1.216899	1.408672
33582	-1027.842	-1239.018	211.1763	1.818632	0.5682172	1.934931
33588	-1020.225	-1232.092	211.8671	1.800467	0.2756299	1.85559
33594	-1026.58	-1237.672	211.0923	1.81389	0.4572711	2.113875
33600	-1025.087	-1235.289	210.2021	1.541268	0.5833982	2.719551
33606	-1022.281	-1232.325	210.0447	1.614223	0.5054868	2.845109
33612	-1028.168	-1238.937	210.7684	1.619406	0.4201339	2.488165
33618	-1030.057	-1241.599	211.5416	1.613777	0.3958869	2.024296
33624	-1026.441	-1238.326	211.8855	1.825495	0.4581701	1.55814
33630	-1020.611	-1232.373	211.7618	2.002723	0.4899961	1.477485
33636	-1025.732	-1236.638	210.9064	1.815926	0.5826881	2.101766
33642	-1031.458	-1242.786	211.3285	1.665807	0.6346849	1.869917
33648	-1031.048	-1242.215	211.1667	1.792825	0.659928	1.869917
33654	-1014.947	-1226.409	211.4618	1.787208	0.643206	1.68437
33660	-1022.282	-1233.106	210.824	1.711508	1.036944	1.865526
33666	-1041.044	-1251.485	210.4406	1.778546	0.637559	2.37506
33672	-1022.207	-1232.921	210.7145	2.019815	1.192454	1.625551
33678	-1035.181	-1245.1	209.9198	1.731003	1.402249	2.241774
33684	-1018.105	-1228.995	210.8905	1.731612	0.9827645	1.843039
33690	-1024.261	-1235.702	211.4417	1.702264	0.7823873	1.631406
33696	-1016.386	-1226.764	210.3781	1.775418	0.7481579	2.324535
33702	-1035.381	-1247.156	211.7745	2.046724	0.6914577	1.193501
33708	-1029.685	-1241.407	211.7227	2.021749	0.6016531	1.358635
33714	-1016.767	-1227.361	210.5943	1.660582	1.005229	2.074511
33720	-1008.998	-1220.3	211.3021	1.870418	0.3935591	2.015914
33726	-1024.48	-1235.058	210.5779	1.716614	0.3750954	2.600508
33732	-1020.627	-1231.039	210.4117	1.500965	0.5997994	2.600508
33738	-1013.924	-1225.076	211.1519	1.912691	0.4471031	2.021272
33744	-1028.721	-1240.138	211.4176	1.803241	0.6892778	1.660191
33750	-1022.346	-1234.138	211.7913	1.649604	0.4238419	1.794912
33756	-1023.176	-1234.6	211.424	1.740418	0.4810644	1.914685
33762	-1019.756	-1231.271	211.5153	2.002648	0.5780377	1.557584
33768	-1011.382	-1223.324	211.9428	2.139164	0.5494197	1.142259
33774	-1018.814	-1230.501	211.6874	2.012433	0.5550438	1.447343
33780	-1015.504	-1227.356	211.8517	2.072916	0.7670862	1.01115
33786	-1010.458	-1222.099	211.6413	1.924042	0.8499018	1.247131
33792	-1018.607	-1228.817	210.2099	1.867995	1.737465	1.79912
33798	-1014.929	-1226.192	211.2633	2.049846	1.03626	1.294206
33804	-1010.39	-1221.718	211.3286	1.886818	0.870308	1.504508
33810	-1005.172	-1216.562	211.3893	1.953676	0.9688586	1.324523
33816	-1000.063	-1211.703	211.6402	1.91156	0.6940042	1.409901
33822	-1003.47	-1215.153	211.6834	1.933886	0.5122368	1.559906
33828	-1003.956	-1214.968	211.012	1.896102	0.7372626	1.836115
33834	-1008.748	-1219.423	210.6752	1.78392	0.5389776	2.315035
33840	-1011.483	-1220.966	209.4837	1.390593	0.6545594	3.182031
33846	-996.9994	-1206.474	209.4742	1.378603	0.6703926	3.182031
33852	-1002.476	-1211.769	209.2932	1.559623	0.6703926	3.182031
33858	-1004.422	-1214.687	210.2646	1.625036	0.6312985	2.586925
33864	-1002.317	-1212.972	210.6543	1.857746	0.3649644	2.477893
33870	-1003.394	-1214.776	211.3816	2.091685	0.5856951	1.582028
33876	-1003.406	-1214.79	211.384	2.14149	0.5511591	1.582028
33882	-1004.742	-1215.96	211.2177	2.041627	0.544138	1.779284
33888	-1008.857	-1220.145	211.2873	1.963577	0.5496137	1.779284
33894	-1014.78	-1225.625	210.8451	1.926365	0.5496137	2.102431
33900	-1013.383	-1224.964	211.5811	1.87566	0.5866994	1.59303
33906	-1009.135	-1220.615	211.4798	2.006179	0.5866994	1.571618
33912	-1014.611	-1226.361	211.7496	2.160635	0.3453555	1.571618
33918	-1017.883	-1229.45	211.5674	1.894626	0.4639468	1.729831
33924	-1007.429	-1218.675	211.2463	1.855415	0.4482204	1.995226
33930	-1015.572	-1226.8	211.228	2.023178	0.4903786	1.844895
33936	-1007.158	-1217.493	210.3349	1.618009	0.8842013	2.351327
33942	-1019.805	-1231.449	211.6433	1.817245	0.4273099	1.7768
33948	-1019.032	-1230.341	211.3088	1.805386	0.6234283	1.798368
33954	-1023.443	-1235.007	211.5641	1.982007	0.7672026	1.341811
33960	-1013.454	-1224.863	211.4086	1.999703	0.9532594	1.284549
33966	-1004.17	-1215.904	211.7342	1.901857	0.6227378	1.419708
33972	-1023.061	-1234.57	211.5091	1.868275	0.8258096	1.419664
33978	-1014.484	-1226.049	211.5651	1.69737	0.6381458	1.679838
33984	-1025.704	-1237.177	211.4725	1.715086	0.7337609	1.642964
33990	-1015.549	-1227.271	211.7218	1.632043	0.39121	1.897176
33996	-1009.256	-1219.526	210.2701	1.392055	0.4984023	2.850209
34002	-1011.639	-1222.832	211.1933	1.579533	0.6823343	1.975779
34008	-1021.575	-1232.252	210.6768	1.71821	0.6191183	2.279584
34014	-1032.214	-1243.002	210.7878	1.718677	0.6093684	2.216832
34020	-1010.903	-1222.31	211.4062	1.718677	0.4562951	1.97015
34026	-1033.434	-1245.033	211.5985	1.904352	0.5343467	1.617578
34032	-1034.104	-1243.585	209.4809	1.415289	0.4151927	3.393806
34038	-1042.468	-1253.669	211.2012	1.644466	0.3076985	2.345645
34044	-1034.923	-1246.44	211.517	2.275146	0.6796177	1.231608
34050	-1021.82	-1233.369	211.5491	1.956103	0.60517	1.5376
34056	-1033.703	-1245.233	211.5307	1.907314	0.60517	1.586989
34062	-1032.26	-1244.042	211.7821	1.976004	0.825102	1.103959
34068	-1035.523	-1246.717	211.1941	2.309527	1.335706	0.8660406
34074	-1026.013	-1237.247	211.2339	2.355656	1.29759	0.7969853
34080	-1016.626	-1228.196	211.5703	2.215885	1.068495	0.8043378
34086	-1011.528	-1222.744	211.2156	2.212395	1.359885	0.9296336
34092	-1013.598	-1225.328	211.7294	2.130386	0.8921165	0.9296336
34098	-1029.135	-1240.597	211.4617	2.130386	1.082593	1.007177
34104	-1029.625	-1241.297	211.6725	1.89535	0.3304486	1.836868
34110	-1028.602	-1240.358	211.7563	1.779744	0.6296342	1.488561
34116	-1045.739	-1257.323	211.5838	1.893473	0.7271607	1.434449
34122	-1017.189	-1228.733	211.5438	2.200272	1.05983	0.8671672
34128	-1025.435	-1236.866	211.4313	2.225912	1.237786	0.7726314
34134	-1018.236	-1229.696	211.4601	2.416899	1.03416	0.7203191
34140	-1014.336	-1225.913	211.5764	2.228829	1.052726	0.7991356
34146	-1016.351	-1228.01	211.6588	2.308834	0.9300385	0.7440052
34152	-1010.3	-1221.814	211.5143	2.390681	1.056205	0.6235142
34158	-1013.446	-1224.9	211.4542	2.467809	1.056205	0.5709736
34164	-1007.004	-1218.494	211.4897	2.429808	1.056205	0.5805596
34170	-1005.073	-1216.312	211.2394	2.429808	1.240725	0.7514926
34176	-1019.448	-1230.577	211.1286	2.630013	1.240725	0.5576666
34182	-1026.545	-1238.092	211.5473	2.507632	0.9272259	0.5576666
34188	-1022.648	-1234.116	211.4688	2.591869	0.9272259	0.4850291
34194	-1030.044	-1240.958	210.9142	2.768261	1.332907	0.446538
34200	-1016.931	-1228.572	211.641	2.658647	0.7088863	0.4160093
34206	-1016.876	-1228.343	211.4669	2.504971	1.013627	0.5211526
34212	-1026.133	-1237.903	211.7696	2.347098	0.8596081	0.6009857
34218	-1028.63	-1240.063	211.4325	2.384961	1.08556	0.736871
34224	-1013.763	-1225.459	211.6964	2.358635	0.8356288	0.7679614
34230	-1015.86	-1226.872	211.0126	2.376015	1.619177	0.7380721
34236	-1009.385	-1220.757	211.3719	2.389415	1.207506	0.6373115
34242	-1003.824	-1215.503	211.6791	2.467213	0.8459702	0.5448842
34248	-1007.153	-1218.209	211.0562	2.505098	1.481871	0.5829272
34254	-1001.344	-1212.444	211.1003	2.436511	1.481871	0.6482917
34260	-1013.464	-1225.366	211.9019	2.019303	0.6188228	1.192855
34266	-1011.634	-1223.729	212.0943	2.019849	0.3788569	1.364405
34272	-1014.879	-1227.011	212.1318	1.844385	0.5405932	1.245175
34278	-1006.229	-1217.562	211.3334	1.91836	0.8446539	1.498792
34284	-1011.553	-1222.703	211.1499	1.817305	1.124784	1.498792
34290	-1010.68	-1221.993	211.3125	1.817305	1.058221	1.422579
34296	-1024.103	-1235.303	211.2001	1.817305	1.090485	1.484891
34302	-1005.871	-1217.263	211.3917	1.815123	1.140083	1.301429
34308	-1013.519	-1225.251	211.7325	1.940514	0.7454635	1.260388
34314	-1016.666	-1228.49	211.824	1.908268	0.7427044	1.213542
34320	-1015.973	-1227.435	211.4622	2.045091	0.572559	1.571503
34326	-1014.596	-1226.387	211.7909	1.988466	0.713062	1.205357
34332	-1025.179	-1236.876	211.6967	2.157499	0.8364566	0.9998121
34338	-1033.63	-1245.126	211.4963	2.198539	0.7457604	1.241916
34344	-1037.016	-1248.541	211.5247	2.151746	1.177181	0.8175085
34350	-1020.435	-1232.038	211.6029	2.178078	0.9732639	0.9223426
34356	-1015.658	-1226.843	211.1851	2.280195	1.347853	0.8989893
34362	-1007.814	-1219.741	211.9275	2.242921	0.7912484	0.6616778
34368	-1007.738	-1219.584	211.8455	2.243115	0.8167811	0.750671
34374	-1000.938	-1213.052	212.1142	2.280671	0.6022544	0.7049718
34380	-1021.526	-1233.156	211.6307	2.299717	0.9243477	0.8049997
34386	-1009.492	-1221.172	211.6805	1.928327	0.7129382	1.345847
34392	-999.763	-1210.6	210.837	1.850742	0.5863409	2.120908
34398	-1024.235	-1234.667	210.4323	1.768664	0.5863409	2.432928
34404	-1005.21	-1216.277	211.0673	1.647304	0.345136	2.376377
34410	-1027.872	-1238.037	210.1656	1.769691	0.4172729	2.770926
34416	-1007.449	-1218.636	211.1864	1.798996	0.5814141	1.92805
34422	-1022.173	-1233.173	210.9996	1.84912	0.6410262	1.96247
34428	-1033.43	-1244.447	211.017	1.635752	0.5437035	2.185795
34434	-1022.558	-1233.646	211.0873	2.238151	1.427809	0.9818055
34440	-1008.63	-1220.638	212.0082	2.003325	0.7719217	0.9145674
34446	-1023.22	-1234.399	211.1784	2.088214	1.178975	1.223047
34452	-1022.362	-1233.413	211.0509	2.10883	1.054487	1.402166
34458	-1009.06	-1220.488	211.4279	2.251645	0.9010632	1.098182
34464	-1016.778	-1228.244	211.4665	2.104865	1.11388	0.9987547
34470	-1021.078	-1232.423	211.3455	2.104865	1.254213	0.9961471
34476	-1020.182	-1231.662	211.4797	2.262198	1.017328	0.9166923
34482	-1036.291	-1247.394	211.1033	2.321345	1.355274	0.9371501
34488	-1041.838	-1252.847	211.0091	2.321345	1.482755	0.9333664
34494	-1026.283	-1236.847	210.564	2.509235	2.013672	0.8283534
34500	-1020.421	-1231.674	211.2533	2.26235	1.277019	0.9072193
34506	-1023.727	-1235.232	211.5051	2.220758	1.026542	0.9243336
34512	-1025.548	-1236.351	210.8031	1.646656	0.5465236	2.313498
34518	-1024.728	-1236.346	211.6177	1.935809	0.4113037	1.732715
34524	-1023.076	-1234.628	211.552	2.372355	1.014377	0.670636
34530	-1032.904	-1243.707	210.8033	1.90795	1.024544	1.752442
34536	-1042.098	-1252.929	210.8308	1.803369	1.004666	1.819611
34542	-1036.542	-1247.751	211.2091	1.728664	0.9306662	1.659815
34548	-1051.454	-1262.993	211.539	1.785763	0.5904345	1.684031
34554	-1037.798	-1248.83	211.0323	1.78879	0.724199	1.906708
34560	-1047.095	-1257.773	210.6779	1.697607	0.6882261	2.231353
34566	-1031.775	-1242.294	210.5195	1.722883	0.6882261	2.316723
34572	-1031.418	-1242.87	211.4521	1.85744	0.5797328	1.706061
34578	-1021.077	-1232.301	211.2238	1.986894	0.6488172	1.706061
34584	-1024.496	-1235.782	211.2864	1.872509	0.7253561	1.671119
34590	-1018.025	-1229.491	211.466	1.817102	0.9202537	1.411722
34596	-1014.168	-1226.274	212.1064	1.940549	0.524448	1.207001
34602	-1010.875	-1222.736	211.8609	1.875274	0.8502071	1.097811
34608	-1010.595	-1221.458	210.8631	2.155733	1.683911	1.100744
34614	-1011.62	-1222.29	210.6705	2.363263	1.657449	1.103441
34620	-1014.132	-1224.314	210.1813	2.502542	2.604248	0.9205849
34626	-1020.722	-1231.411	210.6895	2.502542	2.009359	0.6454399
34632	-1021.272	-1231.886	210.6138	2.614163	1.93357	0.664618
34638	-1014.593	-1225.113	210.52	2.644178	2.082548	0.610173
34644	-1015.531	-1226.918	211.3873	2.369889	1.0275	0.8882982
34650	-1021.121	-1232.932	211.8112	2.265957	0.8016078	0.792187
34656	-1012.398	-1224.279	211.8812	2.240582	0.7676662	0.7867624
34662	-1007.053	-1218.371	211.3184	2.1389	1.206545	1.029514
34668	-1019.617	-1231.143	211.5259	2.180356	1.009049	0.9635222
34674	-1017.749	-1229.183	211.4342	2.08359	1.003514	1.148145
34680	-1019.529	-1230.731	211.2022	1.601428	0.7384247	1.906363
34686	-1024.931	-1235.318	210.3869	1.688877	0.5095015	2.585558
34692	-1031.45	-1243.341	211.8916	2.070297	0.8218298	0.904031
34698	-1026.569	-1238.094	211.5252	2.070297	0.9648421	1.113601
34704	-1025.119	-1236.484	211.365	2.030683	1.102563	1.171688
34710	-1028.706	-1238.068	209.3619	1.572393	0.8715029	2.987328
34716	-1033.79	-1243.582	209.7919	1.58413	0.5716327	2.953248
34722	-1053.704	-1264.986	211.282	2.173081	0.7943595	1.387875
34728	-1021.313	-1233.065	211.7524	2.125311	0.5098226	1.364901
34734	-1015.301	-1227.174	211.873	2.189867	0.5098226	1.213555
34740	-1015.198	-1227.051	211.8527	2.147913	0.5098226	1.265732
34746	-1025.683	-1237.469	211.7853	2.240852	0.4458149	1.333833
34752	-1025.151	-1236.948	211.7972	1.825919	0.3096827	1.830756
34758	-1030.109	-1241.569	211.4604	1.9796	0.4428582	1.771415
34764	-1012.841	-1224.547	211.7068	2.093032	0.4447591	1.50995
34770	-1005.643	-1217.247	211.604	1.955172	0.4689665	1.654749
34776	-1015.243	-1227.178	211.9357	1.937569	0.4905056	1.393451
34782	-1026.932	-1238.321	211.3891	2.00575	0.48549	1.751066
34788	-1034.83	-1246.737	211.9066	2.249267	0.4665182	1.196307
34794	-1030.354	-1240.973	210.619	1.816945	0.798245	2.102901
34800	-1029.882	-1240.444	210.562	1.495811	0.4383712	2.672083
34806	-1030.313	-1240.486	210.1728	1.452531	0.6757644	2.712301
34812	-1021.049	-1230.321	209.2718	1.358227	0.5682795	3.399095
34818	-1030.349	-1241.98	211.6317	1.802438	0.4337703	1.786952
34824	-1000.458	-1211.538	211.0799	1.987609	0.7523114	1.712058
34830	-1017.692	-1229.706	212.0146	1.900844	0.6830909	1.12031
34836	-1009.808	-1220.349	210.5412	2.022493	1.525271	1.557067
34842	-1011.941	-1223.279	211.3384	2.022493	0.7390757	1.511159
34848	-1030.339	-1240.825	210.4863	2.012429	1.536541	1.598655
34854	-1029.393	-1241.049	211.6558	1.791951	0.8831919	1.313247
34860	-1007.783	-1219.207	211.4241	1.87685	1.007966	1.326563
34866	-1014.184	-1225.928	211.7446	1.959313	0.8964321	1.080333
34872	-1030.395	-1242.103	211.7083	1.92614	1.051299	0.9946454
34878	-1014.803	-1226.456	211.6533	1.855943	0.713375	1.423371
34884	-1014.369	-1225.958	211.5889	1.91339	1.103146	1.075121
34890	-1020.942	-1232.836	211.8939	2.178584	0.7484447	0.8781381
34896	-1020.535	-1232.573	212.0387	2.208362	0.6381075	0.8425332
34902	-1013.387	-1225.118	211.731	2.373046	0.8671641	0.6130572
34908	-1016.889	-1229.064	212.1746	2.308901	0.5358635	0.7243201
34914	-1012.963	-1224.128	211.1654	2.612524	1.199508	0.6131377
34920	-1020.608	-1232.074	211.4652	1.825923	0.7830657	1.523049
34926	-1018.718	-1229.464	210.7459	1.745683	0.6352141	2.202852
34932	-1012.578	-1223.753	211.1744	1.520428	0.8104219	1.921103
34938	-1020.479	-1230.605	210.1261	1.562067	0.582452	2.754203
34944	-1023.252	-1233.349	210.0975	1.616164	0.565473	2.754203
34950	-1026.67	-1238.05	211.3794	2.397219	1.197702	0.6208285
34956	-1034.909	-1246.238	211.3287	2.542296	1.111251	0.5678269
34962	-1033.493	-1244.599	211.1052	2.754923	1.111251	0.4081099
34968	-1018.507	-1229.719	211.2124	2.78106	0.9778549	0.4179411
34974	-1015.504	-1227.423	211.9185	2.371542	0.7006294	0.646935
34980	-1024.714	-1236.316	211.6025	2.408572	0.9559625	0.6069094
34986	-1030.824	-1242.512	211.6881	2.422651	0.8800862	0.5252931
34992	-1026.103	-1238.422	212.319	2.197277	0.4843549	0.7990605
34998	-1037.151	-1249.262	212.1113	2.197277	0.6315386	0.7738083
35004	-1023.214	-1235.033	211.8188	2.305624	0.7654145	0.786809
35010	-1021.516	-1233.444	211.9278	2.148525	0.6264128	1.042601
35016	-1009.507	-1221.1	211.593	2.145771	0.9286248	1.013917
35022	-1010.577	-1222.37	211.7931	1.97769	0.5447317	1.40506
35028	-1014.194	-1225.352	211.1582	2.111646	1.107372	1.274382
35034	-1013.546	-1225.274	211.728	2.0825	0.4456112	1.500805
35040	-1010.329	-1221.954	211.6253	2.298374	0.4644954	1.388772
35046	-1009.655	-1221.533	211.8776	2.26647	0.4644954	1.209431
35052	-1015.497	-1227.028	211.5303	2.21218	0.5466785	1.424573
35058	-1023.903	-1235.157	211.2539	1.821105	0.3824524	2.094802
35064	-1006.271	-1217.815	211.544	1.952475	1.063234	1.115078
35070	-1010.294	-1221.821	211.5271	2.055493	0.9907051	1.101365
35076	-1007.136	-1218.804	211.6678	1.867721	0.7108661	1.405491
35082	-1002.982	-1214.711	211.7292	1.967486	0.7684832	1.216875
35088	-1011.893	-1223.414	211.5211	2.033124	1.138328	0.9935578
35094	-1031.652	-1243.358	211.706	1.842523	0.7480825	1.358478
35100	-1020.832	-1232.914	212.0818	1.842523	0.5841449	1.233036
35106	-1012.486	-1224.049	211.563	1.888624	0.7503206	1.43188
35112	-1003.3	-1214.99	211.6904	1.910616	0.7503206	1.314375
35118	-1018.087	-1229.339	211.2517	1.834671	0.8535837	1.613258
35124	-1016.66	-1228.183	211.5225	1.672822	0.6884552	1.67915
35130	-1019.162	-1230.09	210.9278	1.532427	0.6884552	2.176363
35136	-1018.814	-1230.128	211.3148	1.60632	0.7234558	1.83914
35142	-1023.03	-1234.878	211.8478	2.262943	0.6476916	0.9792613
35148	-1014.575	-1225.767	211.1922	2.156331	1.275228	1.077578
35154	-1007.345	-1219.046	211.7007	2.123685	0.6862926	1.196695
35160	-997.475	-1209.57	212.095	1.957128	0.4243647	1.344209
35166	-1024.255	-1235.281	211.0253	1.752935	0.7560314	1.908807
35172	-1000.986	-1211.51	210.5247	1.653903	0.7560314	2.302352
35178	-1019.657	-1230.138	210.4812	1.735238	0.5924477	2.417512
35184	-1008.247	-1219.48	211.233	1.858177	0.6049581	1.832469
35190	-1004.01	-1214.824	210.8139	1.848843	0.7962384	1.95397
35196	-1000.166	-1211.364	211.1979	1.781265	0.5599977	1.95397
35202	-1016.834	-1228.187	211.3529	2.047662	1.088204	1.179085
35208	-1004.261	-1215.431	211.1692	1.868337	1.096884	1.465153
35214	-1003.944	-1215.242	211.2983	1.825905	0.6227364	1.792122
35220	-1010.348	-1220.789	210.4409	1.610277	0.5193287	2.590916
35226	-1023.278	-1233.413	210.1347	1.607203	0.5965516	2.708579
35232	-1021.885	-1233.98	212.0954	2.325341	0.4049185	1.058955
35238	-1034.789	-1246.662	211.8725	2.393804	0.4143374	1.182326
35244	-1034.439	-1246.338	211.899	2.159269	0.529989	1.189671
35250	-1036.871	-1247.949	211.0789	2.31417	1.477351	0.8674276
35256	-1023.923	-1235.117	211.1944	2.284588	1.080445	1.116041
35262	-1024.572	-1236.188	211.616	1.836318	0.778977	1.404355
35268	-1040.03	-1251.922	211.8918	2.077265	0.4317443	1.398918
35274	-1024.589	-1235.693	211.1039	1.644508	0.4976302	2.171786
35280	-1028.905	-1239.891	210.9864	1.741653	0.8781697	1.846128
35286	-1022.441	-1233.893	211.4523	1.685535	0.5976451	1.807637
35292	-1027.394	-1237.686	210.2918	1.634706	0.7191547	2.490802
35298	-1032.004	-1242.654	210.6503	1.871857	0.7509442	2.083819
35304	-1034.325	-1246.016	211.6904	1.74008	0.2572437	2.046114
35310	-1020.066	-1231.163	211.0972	2.135384	0.3418173	2.046114
35316	-1012.75	-1224.613	211.863	2.018958	0.4124052	1.492966
35322	-1024.828	-1236.326	211.4983	1.785692	0.3797504	1.959661
35328	-1011.356	-1222.926	211.5699	2.096751	0.3797504	1.696084
35334	-1025.243	-1235.955	210.7113	1.833915	0.528191	2.270906
35340	-1014.921	-1226.241	211.3206	1.761392	0.5027574	1.94584
35346	-1019.981	-1231.13	211.1486	1.853666	0.5528262	1.94584
35352	-1023.57	-1234.76	211.1892	1.760029	0.635224	1.900053
35358	-1019.765	-1231.754	211.9899	1.888945	0.5014141	1.374849
35364	-1018.431	-1229.387	210.9564	1.788754	0.4139019	2.26931
35370	-1021.69	-1231.563	209.8729	1.538562	0.5658969	2.937109
35376	-1028.334	-1237.356	209.0213	1.547795	0.7021665	3.324844
35382	-1035.753	-1245.132	209.3792	1.560152	0.4759895	3.30441
35388	-1050.53	-1258.873	208.3427	1.468095	0.5777059	3.865942
35394	-1033.024	-1243.128	210.104	1.588165	0.4547915	2.87721
35400	-1063.323	-1274.652	211.329	1.887717	0.4747542	1.886504
35406	-1047.274	-1258.093	210.8195	2.016752	0.8240945	1.813679
35412	-1048.032	-1258.392	210.3605	1.753136	0.6985875	2.389838
35418	-1048.34	-1259.342	211.0023	2.030799	0.4398979	2.050756
35424	-1034.48	-1245.791	211.3106	1.555084	0.4101236	2.19625
35430	-1027.33	-1238.238	210.9078	1.719481	0.4044354	2.355997
35436	-1015.407	-1226.026	210.6191	1.679118	0.5942613	2.364123
35442	-1020.277	-1232.189	211.9115	2.261057	0.3172148	1.4207
35448	-1027.343	-1238.691	211.3471	1.897372	0.5138875	1.822888
35454	-1027.232	-1239.132	211.9003	1.917322	0.5587689	1.351262
35460	-1013.793	-1225.45	211.6567	1.861868	0.5438499	1.595301
35466	-1009.718	-1220.583	210.8651	1.705467	0.4826419	2.302496
35472	-1013.734	-1225.213	211.4781	1.767008	0.4517188	1.894551
35478	-1004.334	-1215.568	211.234	1.990477	0.4634297	1.894551
35484	-1015.941	-1227.253	211.3116	1.690719	0.4446127	2.065462
35490	-1006.04	-1217.445	211.4052	1.937313	0.6634874	1.597229
35496	-1015.114	-1226.69	211.5757	1.83343	0.6155009	1.597229
35502	-1012.264	-1223.138	210.8743	1.916315	1.151598	1.611
35508	-1026.149	-1237.844	211.6945	2.07163	0.7550558	1.171257
35514	-1026	-1237.436	211.4365	2.145034	1.153643	0.9511624
35520	-1033.364	-1245.048	211.6844	2.235289	0.8257712	0.9449936
35526	-1034.575	-1246.207	211.6322	2.201437	1.035503	0.7832521
35532	-1025.622	-1236.346	210.7232	1.75033	0.6296367	2.219529
35538	-1026.87	-1235.137	208.2669	1.620446	1.575363	3.24436
35544	-1026.801	-1237.003	210.2021	1.649871	0.5446484	2.689048
35550	-1020.31	-1231.03	210.7198	1.720054	0.7457642	2.141965
35556	-1015.641	-1226.272	210.6309	1.685268	0.4394685	2.510753
35562	-1016.181	-1226.541	210.3596	1.548779	0.5778206	2.623141
35568	-1015.742	-1226.185	210.4436	1.918662	0.8996534	2.075955
35574	-1030.978	-1240.819	209.8411	1.536276	0.4147289	3.11
35580	-1036.193	-1247.932	211.7389	2.128772	0.74396	1.092582
35586	-1033.096	-1244.688	211.5917	2.070867	0.4794533	1.566686
35592	-1011.05	-1222.661	211.6103	1.945092	0.6580574	1.444033
35598	-1026.223	-1237.669	211.4461	2.142505	0.6540321	1.422759
35604	-1026.123	-1237.284	211.1616	1.730899	0.6084717	1.963925
35610	-1031.168	-1242.679	211.5107	1.830833	0.553812	1.71118
35616	-1015.503	-1226.73	211.2267	1.98165	0.6943128	1.664344
35622	-1023.858	-1235.596	211.7379	1.895113	0.4899149	1.575384
35628	-1030.121	-1241.432	211.3113	1.933697	0.8893003	1.466443
35634	-1032.553	-1244.297	211.7436	1.816595	0.6332156	1.466443
35640	-1016.491	-1227.526	211.0356	1.741954	0.4392448	2.218414
35646	-1027.875	-1239.799	211.9238	1.947463	0.405799	1.510376
35652	-1021.981	-1232.838	210.8565	1.731213	0.6259604	2.148874
35658	-1016.856	-1227.341	210.4841	1.702107	0.530567	2.495712
35664	-1011.324	-1222.371	211.0476	1.879077	0.7923385	1.776815
35670	-1026.778	-1237.302	210.5245	1.697113	0.4032314	2.611414
35676	-1036.086	-1246.86	210.7737	1.619105	0.3529929	2.567695
35682	-1021.911	-1232.944	211.0333	2.145527	1.21066	1.273239
35688	-1026.379	-1238.205	211.8261	2.152163	0.7127571	1.025184
35694	-1031.555	-1243.217	211.6618	2.313439	0.8387103	0.8664179
35700	-1025.864	-1237.057	211.1933	1.666099	0.497921	2.099049
35706	-1021.992	-1233.237	211.245	1.708507	0.3719676	2.187775
35712	-1021.987	-1233.424	211.4375	1.635385	0.5367862	1.91503
35718	-1021.047	-1232.334	211.2863	1.772003	0.6016797	1.858276
35724	-1015.802	-1226.873	211.0712	1.650745	0.6442063	2.043967
35730	-1024.317	-1235.676	211.3591	1.992758	0.5678277	1.68871
35736	-1028.858	-1240.211	211.3528	1.776049	0.4095186	2.024519
35742	-1025.085	-1236.337	211.2516	2.242107	0.5895164	1.562887
35748	-1017.895	-1229.083	211.1883	1.998934	0.5229224	1.852154
35754	-1009.978	-1221.624	211.6459	1.921812	0.6211491	1.47363
35760	-1019.947	-1231.866	211.9182	1.866132	0.6211491	1.304307
35766	-1023.218	-1234.684	211.465	1.915359	0.9641062	1.298204
35772	-1030.831	-1241.574	210.7434	1.85747	0.6284	2.138058
35778	-1048.387	-1259.451	211.0634	1.988736	0.5115378	1.956222
35784	-1014.211	-1225.841	211.6306	1.93882	0.589332	1.507006
35790	-999.5583	-1210.218	210.6594	1.793239	0.589332	2.270243
35796	-1008.226	-1219.303	211.077	1.95328	0.9758332	1.558708
35802	-1015.345	-1226.476	211.131	2.09496	1.000547	1.391785
35808	-1000.308	-1211.535	211.2272	1.676155	0.7061776	1.866425
35814	-996.6511	-1207.252	210.6012	1.742125	0.5010203	2.427115
35820	-1003.574	-1214.085	210.5109	1.81133	0.5139226	2.427115
35826	-1002.15	-1212.783	210.6332	1.774516	0.463052	2.427115
35832	-1016.287	-1226.164	209.8772	1.771689	0.8419284	2.571761
35838	-1030.927	-1240.989	210.0623	1.553887	0.8710408	2.571761
35844	-1036.921	-1247.679	210.7582	1.855039	0.3919638	2.380124
35850	-1049.123	-1258.999	209.8767	1.706468	0.6967215	2.721172
35856	-1049.487	-1257.045	207.5579	1.468652	0.569106	4.320077
35862	-1044.021	-1254.058	210.037	1.610253	0.7846359	2.614137
35868	-1029.278	-1240.215	210.9372	1.827378	0.8293842	1.85873
35874	-1022.67	-1233.084	210.4133	1.69053	0.8565093	2.274649
35880	-1019.86	-1230.657	210.7974	1.734122	0.8617744	1.991396
35886	-1024.838	-1235.684	210.8462	1.847109	0.7553196	1.966626
35892	-1007.791	-1219.073	211.2818	2.173835	0.5066299	1.68338
35898	-997.3056	-1208.215	210.9093	1.81581	0.5066299	2.177279
35904	-1002.71	-1213.937	211.2272	1.860884	0.6404899	1.799901
35910	-1013.351	-1224.548	211.197	1.732499	0.7475021	1.812564
35916	-1010.458	-1221.856	211.3975	1.741956	0.5916499	1.812564
35922	-1018.128	-1230.115	211.9872	1.661272	0.451719	1.612115
35928	-1017.819	-1229.677	211.8576	1.871384	0.6533532	1.312815
35934	-1025.852	-1236.95	211.0979	1.948286	0.9761016	1.546809
35940	-1020.32	-1231.529	211.2085	1.899366	1.028702	1.46122
35946	-1027.164	-1238.782	211.6176	1.81465	0.7350541	1.46122
35952	-1017.249	-1228.866	211.6171	1.928095	0.6490453	1.46122
35958	-1020.024	-1231.716	211.6923	1.885945	0.5428197	1.55277
35964	-1007.022	-1218.265	211.2429	1.877037	0.4992812	1.924132
35970	-1010.175	-1220.94	210.7658	1.477329	0.8068218	2.221739
35976	-1009.719	-1220.421	210.7021	1.440028	0.8068218	2.286654
35982	-1006.65	-1216.894	210.2445	1.505545	0.5565311	2.74029
35988	-1020.585	-1231.49	210.9043	1.552817	0.5807172	2.275548
35994	-1014.674	-1224.582	209.9082	1.400313	0.856665	2.770917
36000	-1020.186	-1229.608	209.4222	1.536386	0.5610812	3.211914
36006	-1023.959	-1233.744	209.7845	1.469472	0.4533026	3.141549
36012	-1032.698	-1244.091	211.3934	1.791129	0.3586806	2.054394
36018	-1029.242	-1240.976	211.7343	1.72657	0.3344913	1.903808
36024	-1019.493	-1230.582	211.0893	1.852119	0.6035095	1.935872
36030	-1004.719	-1215.313	210.5948	1.784083	1.140252	1.90613
36036	-1004.38	-1215.693	211.3132	1.824062	0.7253261	1.686581
36042	-1005.409	-1216.381	210.9711	1.628027	0.7797319	2.009689
36048	-1008.406	-1218.761	210.3553	1.506245	1.238044	2.191669
36054	-1001.097	-1211.751	210.6543	1.866741	0.6783796	2.145518
36060	-1019.592	-1230.791	211.1991	1.713289	1.103495	1.554136
36066	-1021.516	-1232.757	211.2413	1.736976	0.6757826	1.842489
36072	-1020.571	-1232.09	211.5186	2.048323	1.003922	1.103544
36078	-1016.668	-1228.266	211.5983	2.143069	0.9630229	0.9753036
36084	-1012.784	-1224.375	211.5912	2.186942	1.096798	0.7791831
36090	-1017.793	-1229.375	211.5811	2.304792	0.9963162	0.764009
36096	-1014.757	-1225.754	210.9972	2.609694	1.399594	0.6305225
36102	-1011.458	-1222.361	210.9028	2.609694	1.534536	0.6141631
36108	-1022.485	-1233.914	211.4287	2.579966	0.9769072	0.5213387
36114	-1033.899	-1244.965	211.0663	2.563561	1.406314	0.5213387
36120	-1025.367	-1237.012	211.6441	2.442779	0.8770119	0.6289534
36126	-1030.596	-1242.608	212.0128	2.227571	0.6695175	0.7959441
36132	-1038.716	-1250.634	211.9181	2.342126	0.6695175	0.7685276
36138	-1031.934	-1243.827	211.8932	2.231782	0.6695175	0.9332179
36144	-1022.718	-1233.815	211.0968	1.979712	1.03354	1.481399
36150	-1019.721	-1231.3	211.5787	2.114693	0.4586937	1.570385
36156	-1005.385	-1216.495	211.1097	2.026114	0.5257876	1.884185
36162	-1024.872	-1235.502	210.6298	1.619967	0.6620783	2.334231
36168	-1026.115	-1236.767	210.6516	1.497938	0.4860311	2.563959
36174	-1034.93	-1246.754	211.8242	2.232709	0.5687208	1.138298
36180	-1016.485	-1226.908	210.4231	1.539133	0.7155034	2.471377
36186	-1015.43	-1226.35	210.9202	1.785753	0.8019474	1.920288
36192	-1020.33	-1231.307	210.9769	1.762309	0.4616339	2.217474
36198	-1027.71	-1238.318	210.6071	1.934573	0.4616339	2.343935
36204	-1031.847	-1242.672	210.8253	1.903974	0.8136906	1.895191
36210	-1012.056	-1222.867	210.8107	1.890975	0.6141668	2.085229
36216	-1007.423	-1218.21	210.7872	1.827836	0.6769291	2.085229
36222	-1016.522	-1228.258	211.7366	2.136658	0.7341292	1.098766
36228	-1017.761	-1229.259	211.498	2.295476	0.44107	1.519593
36234	-1028.001	-1239.585	211.5844	1.960853	0.4448792	1.694892
36240	-1034.179	-1246.016	211.8373	2.185909	0.4141618	1.382124
36246	-1019.503	-1231.421	211.9181	2.201592	0.3985689	1.329214
36252	-1015.032	-1226.348	211.3162	1.918954	0.6537789	1.683936
36258	-1005.577	-1217.46	211.8835	2.248042	0.4932797	1.178015
36264	-1013.547	-1225.574	212.027	1.946	0.4532938	1.365445
36270	-1021.793	-1233.383	211.5901	1.866886	0.5579334	1.624228
36276	-1009.475	-1220.801	211.326	2.014559	0.9788223	1.31825
36282	-1017.462	-1229.152	211.6905	1.976048	0.6950102	1.31825
36288	-1011.577	-1222.741	211.1643	2.024632	1.154294	1.305496
36294	-1026.496	-1237.779	211.2828	1.943792	0.989095	1.400211
36300	-1002.832	-1214.618	211.7865	2.195014	0.7339779	0.9952686
36306	-1002.468	-1214.261	211.7933	2.192852	0.7482681	0.9723549
36312	-1004.681	-1216.013	211.3317	2.313183	1.136852	0.8987563
36318	-1004.707	-1216.144	211.4374	2.21127	1.132626	0.8987563
36324	-999.0701	-1210.573	211.5026	2.207496	0.9981955	0.9707396
36330	-1008.268	-1219.729	211.4605	2.096125	0.9981955	1.118122
36336	-1012.98	-1224.22	211.2404	2.147985	0.9571828	1.297521
36342	-1011.509	-1222.716	211.2071	2.23084	1.090344	1.144554
36348	-1003.555	-1215.257	211.7025	2.068724	0.775716	1.144554
36354	-1000.534	-1211.788	211.2541	1.974544	0.769492	1.581191
36360	-1001.293	-1212.825	211.532	1.949698	0.598297	1.562296
36366	-1007.081	-1218.505	211.4243	1.922453	0.6411118	1.616365
36372	-1001.653	-1213.089	211.4364	2.107606	0.8327116	1.280979
36378	-1005.491	-1216.652	211.1608	2.035113	1.131688	1.316395
36384	-999.0189	-1210.738	211.7193	1.979438	0.6724102	1.316395
36390	-1015.104	-1226.189	211.0846	2.095753	1.225059	1.261701
36396	-1010.449	-1222.53	212.0811	2.07105	0.6637166	0.9121024
36402	-1035.242	-1244.465	209.2231	1.504637	0.6952704	3.236581
36408	-1019.031	-1229.077	210.0455	1.65771	0.5188535	2.804992
36414	-1013.005	-1222.9	209.895	1.62137	0.6324194	2.814973
36420	-1028.056	-1238.545	210.489	1.691199	0.4580482	2.574809
36426	-1019.501	-1229.532	210.0308	1.777985	0.5853511	2.677658
36432	-1020.834	-1231.641	210.8068	1.844589	0.4860125	2.24704
36438	-1021.057	-1231.021	209.9645	1.589593	0.3705469	3.056049
36444	-1013.447	-1224.339	210.8918	1.753358	0.4092666	2.338755
36450	-1002.286	-1213.773	211.4869	1.962321	0.4092666	1.808061
36456	-1008.195	-1220.293	212.0981	2.095133	0.361099	1.330214
36462	-1017.206	-1228.947	211.7408	2.160473	0.522199	1.330214
36468	-1017.198	-1229.183	211.9848	2.311109	0.4697105	1.065714
36474	-1015.184	-1226.986	211.8021	2.093198	0.7449293	1.065714
36480	-1012.768	-1224.378	211.6098	2.231032	0.4792739	1.433208
36486	-1015.927	-1227.194	211.267	1.927545	0.4242378	1.96229
36492	-1009.987	-1221.056	211.0686	1.866505	0.5809899	1.96229
36498	-999.5203	-1211.057	211.5366	1.9536	0.4897222	1.678752
36504	-1014.32	-1225.448	211.1286	2.053611	0.5385892	1.838555
36510	-1014.049	-1225.557	211.508	2.007389	0.4854359	1.665941
36516	-1025.338	-1237.273	211.9353	2.007389	0.3270917	1.576738
36522	-1013.838	-1225.503	211.665	2.033932	0.3158866	1.768485
36528	-1025.171	-1236.817	211.6468	2.073076	0.3171738	1.75184
36534	-1025.571	-1236.902	211.3307	2.138839	0.510482	1.668999
36540	-1015.405	-1226.843	211.4379	2.082606	0.4210511	1.743005
36546	-1026.831	-1238.671	211.8399	2.208575	0.4419742	1.321429
36552	-1012.078	-1223.344	211.2659	2.231416	0.6937733	1.451956
36558	-1005.971	-1217.465	211.4943	2.25525	0.5143287	1.458424
36564	-1011.616	-1223.369	211.7529	2.241681	0.5833116	1.173985
36570	-1008.644	-1220.11	211.4657	2.164476	0.4862937	1.581945
36576	-999.9832	-1211.612	211.6283	2.108948	0.4862937	1.502694
36582	-1019.692	-1231.296	211.6036	2.190226	0.6025174	1.318202
36588	-1028.836	-1240.329	211.4936	2.222891	0.4436639	1.573048
36594	-1025.985	-1237.471	211.4858	1.983123	0.641013	1.526851
36600	-1016.985	-1228.456	211.4706	2.059418	0.7196412	1.401083
36606	-1012.903	-1224.991	212.0871	2.255927	0.5333643	0.9114475
36612	-1008.396	-1220.468	212.0724	2.157702	0.3948814	1.244749
36618	-1015.853	-1227.769	211.9164	2.337571	0.4954599	1.064115
36624	-1013.787	-1226.125	212.3375	2.307016	0.3993837	0.8314368
36630	-1016.562	-1228.316	211.7539	2.475526	0.5721192	0.9689288
36636	-997.0833	-1208.542	211.4583	2.199165	0.5721192	1.459851
36642	-1021.446	-1233.253	211.8066	1.953318	0.4152338	1.579515
36648	-1020.39	-1231.67	211.2797	1.744751	0.4886256	2.00012
36654	-1017	-1227.735	210.7354	1.776958	0.4886256	2.333192
36660	-1016.982	-1227.582	210.5998	1.802279	0.4354954	2.461502
36666	-1017.287	-1228.552	211.2646	1.83328	0.6193983	1.813626
36672	-1033.511	-1242.916	209.4047	1.718198	0.7207817	2.981474
36678	-1041.529	-1252.335	210.8052	1.926214	0.3977925	2.297766
36684	-1020.92	-1232.298	211.3785	2.462829	1.127747	0.6149482
36690	-1030.619	-1241.836	211.2173	2.457065	1.259591	0.7185294
36696	-1019.98	-1231.87	211.8893	2.093001	0.8639114	0.8229515
36702	-1021.001	-1232.967	211.966	2.127575	0.770263	0.8198899
36708	-1023.534	-1235.584	212.0503	2.131074	0.6205337	0.9452697
36714	-1043.019	-1255.168	212.1483	2.086555	0.571705	0.9639568
36720	-1032.486	-1243.758	211.2719	2.041539	0.9521507	1.361726
36726	-1015.225	-1226.442	211.2176	2.033656	1.044744	1.33749
36732	-1006.025	-1217.652	211.6266	2.096913	0.8501332	1.109427
36738	-1000.193	-1211.853	211.6608	1.9549	0.7674804	1.285305
36744	-1042.843	-1254.26	211.4176	1.706687	0.5310086	1.886318
36750	-1020.058	-1231.525	211.4665	2.018106	0.8399335	1.322527
36756	-1020.833	-1232.788	211.9545	1.770463	0.6474972	1.322527
36762	-1015.64	-1227.113	211.4729	2.197081	0.6883401	1.322527
36768	-1019.756	-1231.504	211.7484	2.197081	0.5815931	1.21838
36774	-1028.658	-1240.017	211.3592	1.496902	0.6233297	1.974122
36780	-1024.857	-1235.672	210.8152	1.600568	0.5723174	2.310016
36786	-1014.177	-1224.655	210.4784	1.715055	0.7344262	2.310016
36792	-1008.599	-1218.817	210.2179	1.67503	0.4885312	2.719589
36798	-1004.293	-1215.18	210.8867	1.68967	0.505533	2.274384
36804	-1006.718	-1218.759	212.0403	2.007376	0.5724246	1.141572
36810	-1014.898	-1225.129	210.2314	1.474593	0.736133	2.614589
36816	-1025.543	-1236.349	210.8063	1.814874	0.5770269	2.173314
36822	-1019.194	-1230.721	211.5274	2.202972	1.036166	0.9090005
36828	-1004.449	-1216.296	211.8462	2.132624	0.7559551	0.9701681
36834	-1010.974	-1222.536	211.5618	1.958286	0.4096708	1.758262
36840	-1009.589	-1220.986	211.3968	1.994151	0.4476334	1.799499
36846	-1012.858	-1224.665	211.8067	1.793937	0.4755055	1.616793
36852	-1013.23	-1224.767	211.5373	1.772121	0.5908217	1.694533
36858	-1008.849	-1220.069	211.2199	1.921101	0.630893	1.772452
36864	-1014.318	-1226.022	211.7041	2.183592	0.5671577	1.284518
36870	-1018.675	-1230.5	211.8255	2.207649	0.5896848	1.131635
36876	-1025.296	-1237.355	212.0591	2.038607	0.5968984	1.062559
36882	-1010.308	-1222.053	211.745	2.265409	0.6989964	1.011065
36888	-1018.775	-1230.798	212.0229	2.451327	0.4785888	0.8641004
36894	-1010.89	-1222.969	212.0795	2.095682	0.4785888	1.161468
36900	-1024.419	-1236.162	211.7438	2.204102	0.6759152	1.099448
36906	-1021.078	-1232.44	211.362	2.284589	0.9075487	1.121862
36912	-1022.129	-1233.888	211.7596	2.075236	0.6965542	1.176006
36918	-1014.377	-1225.696	211.3191	1.900703	0.7040214	1.647074
36924	-1026.694	-1238.095	211.4012	1.814534	0.6981573	1.655508
36930	-1027.673	-1238.884	211.211	2.075417	0.4920694	1.818685
36936	-1019.71	-1230.389	210.679	1.740278	0.7071781	2.187077
36942	-1015.93	-1226.747	210.8176	1.84628	0.7530889	1.988159
36948	-1021.552	-1232.869	211.3167	1.961191	0.5175259	1.795706
36954	-1021.817	-1232.797	210.9799	1.77439	0.5169258	2.147457
36960	-1012.637	-1223.909	211.2721	1.821424	0.5468477	1.890385
36966	-1000.591	-1212.171	211.5801	1.821424	0.5519169	1.670643
36972	-1009.741	-1221.179	211.4371	1.881726	0.7433676	1.538476
36978	-1025.181	-1236.359	211.1781	1.556521	0.5025249	2.175516
36984	-1028.943	-1240.102	211.1591	1.815851	0.7457191	1.782633
36990	-1023.242	-1234.455	211.2131	1.870602	0.9966845	1.503424
36996	-1021.7	-1233.287	211.5874	2.096903	0.866062	1.128735
37002	-1030.009	-1241.72	211.7111	2.098658	0.9652043	0.8995348
37008	-1037.262	-1248.979	211.7166	2.077374	0.9652043	0.9170528
37014	-1030.839	-1243.014	212.1748	2.051778	0.6176138	0.9004388
37020	-1017.91	-1229.887	211.9774	2.213588	0.625019	0.928091
37026	-1032.102	-1243.639	211.5372	2.191895	1.022434	0.9251661
37032	-1035.271	-1246.61	211.3389	2.189932	1.135484	1.021326
37038	-1039.789	-1251.001	211.212	2.300982	1.153029	1.021326
37044	-1053.534	-1265.106	211.5715	2.31897	1.018926	0.7227959
37050	-1027.627	-1239.137	211.5104	2.275346	0.9303545	0.9646135
37056	-1025.625	-1237.626	212.0012	2.275346	0.7043793	0.6650514
37062	-1026.539	-1237.803	211.2639	2.32582	1.19053	0.906882
37068	-1014.878	-1226.883	212.0046	2.346681	0.649078	0.66309
37074	-1028.681	-1240.445	211.7645	2.371812	0.8105381	0.68378
37080	-1029.704	-1241.6	211.896	2.202257	0.8105381	0.7470362
37086	-1041.8	-1253.263	211.4629	2.478619	0.9977979	0.6693008
37092	-1025.888	-1237.519	211.6304	2.462996	0.8595612	0.6580274
37098	-1015.83	-1227.191	211.361	2.619915	0.9950323	0.5754424
37104	-1018.844	-1230.21	211.3662	2.608833	0.9894414	0.6120072
37110	-1021.368	-1231.47	210.1021	1.54653	0.5145726	2.842334
37116	-1026.274	-1237.677	211.4032	1.791543	0.4053419	1.985977
37122	-1013.515	-1225.108	211.593	2.256535	0.9264884	0.9002289
37128	-1017.062	-1228.778	211.716	2.241197	0.9061991	0.795174
37134	-1007.821	-1219.575	211.7547	2.2883	0.6747734	1.010421
37140	-1017.897	-1229.118	211.2209	2.079552	0.8370191	1.468644
37146	-1029.272	-1240.394	211.1222	1.838987	0.8409786	1.712928
37152	-1027.857	-1238.772	210.9148	1.765511	0.7761469	1.958305
37158	-1019.036	-1229.367	210.3309	1.607613	0.6778259	2.516991
37164	-1028.355	-1238.476	210.121	1.506554	0.4851428	2.884594
37170	-1030.654	-1240.915	210.2614	1.665672	0.5560098	2.632013
37176	-1007.661	-1218.464	210.8029	1.735081	0.3919571	2.427695
37182	-1006.038	-1215.998	209.9603	1.682104	0.5351188	2.826211
37188	-1012.324	-1222.777	210.4526	1.372396	0.4277835	2.826211
37194	-1015.636	-1226.045	210.4085	1.595469	0.3378172	2.826211
37200	-1014.321	-1226.322	212.0017	2.10061	0.5197265	1.165681
37206	-1010.488	-1222.04	211.5517	2.31096	0.9062686	0.9096484
37212	-1007.287	-1219.248	211.9608	2.391154	0.6068575	0.7619483
37218	-1018.357	-1229.726	211.3682	2.456253	0.9631961	0.8851756
37224	-1010.756	-1222.21	211.454	2.385491	0.8858372	0.9584815
37230	-1004.747	-1216.789	212.0419	2.559358	0.4866283	0.6559643
37236	-1011.647	-1223.468	211.8213	2.333738	0.6333335	0.953979
37242	-1015.522	-1227.438	211.9158	2.354293	0.5242123	1.003105
37248	-1029.618	-1240.736	211.1182	2.05771	0.6924407	1.689199
37254	-1026.066	-1237.135	211.0685	1.975432	0.4610901	2.01856
37260	-1020.252	-1230.638	210.3856	1.692114	0.92295	2.244868
37266	-1024.528	-1235.43	210.9023	1.565555	0.3495091	2.525568
37272	-1003.46	-1214.522	211.0622	1.759723	0.3000127	2.372034
37278	-1018.182	-1229.516	211.3339	1.670479	0.5002443	2.000597
37284	-1004.238	-1215.319	211.0812	1.616318	0.4495551	2.258015
37290	-1006.823	-1218.215	211.3922	2.078944	0.458108	1.730634
37296	-1001.78	-1212.729	210.9485	1.82461	0.4049962	2.262203
37302	-1005.196	-1215.262	210.0665	1.602176	0.5546146	2.79172
37308	-1015.941	-1227.004	211.0625	1.677544	0.5274283	2.14573
37314	-1006.876	-1218.508	211.6316	2.133202	0.6123946	1.330104
37320	-1012.82	-1224.335	211.5152	2.29491	0.8173789	1.063969
37326	-1020.723	-1232.331	211.6083	1.827176	0.5944768	1.600204
37332	-1017.558	-1229.08	211.5224	2.013421	0.7037838	1.41237
37338	-1019.206	-1230.277	211.0704	1.871483	0.5202462	2.020478
37344	-1017.629	-1229.252	211.6231	1.871483	0.3996063	1.78945
37350	-1033.988	-1244.285	210.2969	1.924576	0.7195195	2.304158
37356	-1027.404	-1237.925	210.5216	1.719407	0.3734499	2.635611
37362	-1024.672	-1235.397	210.7253	1.919065	0.5519058	2.183017
37368	-1018.299	-1229.299	210.9997	1.903067	0.5661297	1.998845
37374	-1032.51	-1243.8	211.2903	2.417412	1.232664	0.7006607
37380	-1021.132	-1232.194	211.0615	1.837412	0.4756762	2.097714
37386	-1046.455	-1257.646	211.1912	1.86647	0.3889773	2.097714
37392	-1042.358	-1253.497	211.1389	2.190368	1.451831	0.9591655
37398	-1029.867	-1241.176	211.3086	2.450553	1.16857	0.7082872
37404	-1019.43	-1230.77	211.3398	2.458939	1.187288	0.5821111
37410	-1004.131	-1215.72	211.5898	2.580824	0.827231	0.5212141
37416	-1022.352	-1234.096	211.7439	2.495234	0.7563438	0.5969646
37422	-1017.078	-1228.9	211.8216	2.372678	0.360664	1.33016
37428	-1013.347	-1225.198	211.8507	2.163233	0.4552587	1.33016
37434	-1013.778	-1225.097	211.3193	2.164989	0.5308964	1.634917
37440	-1020.693	-1232.407	211.7139	2.233399	0.4324476	1.414804
37446	-1009.804	-1220.802	210.9979	2.313247	0.6335497	1.649633
37452	-1004.18	-1215.356	211.1761	1.918047	0.5091794	1.93056
37458	-1009.903	-1220.853	210.9504	1.98529	0.4446676	2.109178
37464	-1014.842	-1226.713	211.8704	2.04562	0.4415237	1.42624
37470	-1014.2	-1226.128	211.9282	1.975514	0.4483681	1.42624
37476	-1009.335	-1220.732	211.3971	1.957024	0.3540687	1.947732
37482	-1011.846	-1223.968	212.122	1.824328	0.4389757	1.406321
37488	-1004.958	-1215.963	211.0046	1.849753	0.414528	2.198226
37494	-1001.111	-1212.02	210.9094	1.864242	0.3614138	2.317197
37500	-1012.676	-1223.878	211.2029	1.861444	0.4512982	2.016485
37506	-1019.205	-1229.229	210.0241	1.583492	0.4512982	2.932017
37512	-1024.41	-1235.588	211.1781	1.845424	0.3509787	2.17044
37518	-1022.258	-1233.135	210.8768	1.812221	0.4106739	2.309131
37524	-1034.431	-1244.917	210.4863	1.823068	0.6473066	2.309131
37530	-1024.283	-1235.729	211.4458	1.972993	0.364727	1.889088
37536	-1032.388	-1243.579	211.1903	1.899527	0.5504589	1.889088
37542	-1028.567	-1239.839	211.2718	1.957235	0.4045271	1.964019
37548	-1035.812	-1246.448	210.6366	1.888166	0.570754	2.24171
37554	-1027.123	-1238.829	211.7062	1.924422	0.4311821	1.651676
37560	-1033.215	-1245.004	211.7891	2.261962	0.4099614	1.366473
37566	-1040.237	-1252.037	211.7993	2.11493	0.4956464	1.354478
37572	-1020.86	-1232.497	211.637	1.965789	0.4179826	1.688978
37578	-1014.445	-1225.487	211.0426	1.809086	0.5801218	2.018856
37584	-1010.009	-1221.491	211.4821	1.890006	0.3929881	1.882426
37590	-1028.181	-1239.664	211.4834	1.945484	0.444457	1.777156
37596	-1017.161	-1228.799	211.6386	2.06791	0.4296203	1.598932
37602	-1020.364	-1230.971	210.607	1.918754	0.4592785	2.356671
37608	-1016.588	-1226.37	209.7828	1.569231	0.4717884	3.063903
37614	-1014.717	-1224.911	210.1946	1.653624	0.4065806	2.836186
37620	-1017.78	-1228.444	210.6634	1.743602	0.4065806	2.492158
37626	-1024.178	-1234.745	210.5672	1.682703	0.3746346	2.628658
37632	-1032.857	-1243.541	210.6839	1.619611	0.2797537	2.724638
37638	-1014.915	-1225.579	210.6642	1.68808	0.5396811	2.382195
37644	-1010.77	-1220.887	210.1165	1.784827	0.5427193	2.660565
37650	-996.8734	-1206.551	209.6771	1.471295	0.4411208	3.217112
37656	-1015.094	-1225.954	210.86	1.918676	0.5108564	2.137928
37662	-1010.375	-1221.596	211.2209	1.918798	0.5375077	1.868839
37668	-1006.767	-1217.86	211.0931	1.869313	0.6028699	1.922301
37674	-1005.131	-1215.996	210.8656	1.846808	0.4245744	2.277545
37680	-1040.061	-1251.313	211.2523	1.571788	0.5735573	2.043682
37686	-1043.557	-1254.876	211.3193	1.732245	0.7229424	1.749141
37692	-1036.251	-1247.413	211.1628	1.734031	0.7411883	1.840445
37698	-1027.727	-1238.771	211.0442	1.64239	0.5141834	2.194273
37704	-1021.462	-1232.366	210.9045	1.675657	0.5828457	2.194273
37710	-1028.558	-1238.9	210.3414	1.758338	0.5828457	2.499629
37716	-1037.153	-1248.311	211.1579	1.803348	0.3982267	2.148998
37722	-1053.261	-1263.863	210.6025	1.665038	0.7989912	2.211947
37728	-1035.111	-1246.188	211.0775	1.689967	0.7384915	1.930761
37734	-1022.353	-1233.551	211.1974	1.910289	0.3303656	2.144405
37740	-1017.662	-1229.209	211.5469	1.92131	0.3893309	1.821487
37746	-1021.817	-1233.24	211.4228	1.914261	0.4207137	1.870285
37752	-1024.816	-1236.721	211.9045	1.838242	0.4207137	1.584561
37758	-1014.082	-1225.748	211.6656	1.764811	0.5798832	1.619452
37764	-1016.598	-1228.239	211.6409	1.815959	0.2863146	1.980522
37770	-1012.263	-1223.372	211.109	1.707813	0.732838	1.902219
37776	-1023.263	-1234.39	211.1265	1.682885	0.7158849	1.921798
37782	-1027.306	-1238.798	211.4922	1.970121	0.7130388	1.459636
37788	-1013.893	-1225.266	211.3732	1.944931	0.794606	1.492536
37794	-1018.317	-1230.02	211.703	2.062041	0.5209604	1.438478
37800	-1031.261	-1242.954	211.693	1.881144	0.7463632	1.339848
37806	-1012.552	-1224.267	211.7147	2.047117	0.880404	1.042075
37812	-1008.871	-1220.608	211.7372	2.159257	0.6359475	1.19343
37818	-1021.691	-1233.249	211.5587	2.150329	0.793282	1.180671
37824	-1023.141	-1234.88	211.739	2.319134	0.7679285	0.8669325
37830	-1015.423	-1226.967	211.5438	2.192293	0.780794	1.170094
37836	-1019.611	-1231.02	211.409	2.289963	0.9528191	1.028142
37842	-1033.111	-1244.025	210.9131	1.727786	0.6115775	2.127528
37848	-1028.122	-1238.056	209.934	1.714166	0.8701481	2.552518
37854	-1035.195	-1245.445	210.2499	1.881342	0.5370083	2.523656
37860	-1010.954	-1222.742	211.7878	2.02426	0.7076444	1.183304
37866	-1024.109	-1235.536	211.4276	2.109783	0.9449485	1.183304
37872	-1025.817	-1237.79	211.9727	2.076822	0.6536282	1.03201
37878	-1015.654	-1227.09	211.4363	2.077971	0.7123956	1.420445
37884	-1022.516	-1234.434	211.9176	2.071567	0.2830414	1.616882
37890	-1016.497	-1227.917	211.4191	1.99193	0.6294733	1.581378
37896	-1004.339	-1215.852	211.5125	2.186991	0.7353346	1.248922
37902	-1009.9	-1220.609	210.7095	2.025021	0.7251165	1.964275
37908	-1012.903	-1223.803	210.8999	1.734608	0.520267	2.221581
37914	-1007.384	-1218.765	211.3809	2.018085	0.9357508	1.307003
37920	-1030.954	-1242.262	211.308	2.007419	0.6399648	1.640125
37926	-1027.887	-1239.145	211.2579	1.860503	0.7936771	1.640125
37932	-1012.514	-1224.065	211.5505	2.243688	0.6536782	1.259065
37938	-1016.299	-1227.873	211.5743	2.132054	0.6732145	1.309375
37944	-1014.779	-1226.702	211.9224	2.095409	0.5122873	1.248075
37950	-999.4122	-1211.128	211.7161	1.991255	0.6603675	1.322507
37956	-1007.458	-1219.142	211.6835	1.94404	0.7894708	1.253717
37962	-999.2343	-1210.863	211.6286	2.084882	0.7197455	1.253717
37968	-1005.827	-1217.544	211.7176	2.066773	0.7794347	1.128806
37974	-1020.135	-1231.654	211.5192	2.048993	0.7794347	1.312156
37980	-1012.399	-1223.989	211.5893	1.861919	0.7794347	1.404796
37986	-1023.064	-1233.748	210.6838	1.69629	0.7794347	2.154087
37992	-1020.52	-1231.692	211.1722	1.712003	0.7794347	1.816896
37998	-1016.573	-1227.601	211.0282	1.845099	0.4251753	2.173082
38004	-1013.283	-1223.536	210.2537	1.785933	1.071628	2.173082
38010	-1003.898	-1215.062	211.1645	1.85972	0.9266485	1.600517
38016	-1003.723	-1214.936	211.2127	1.740033	0.737954	1.804696
38022	-1009.526	-1220.437	210.9108	1.691723	0.7853627	2.002941
38028	-1014.338	-1225.217	210.8786	1.702622	0.8032969	2.002941
38034	-1008.224	-1218.79	210.5662	1.678112	1.17516	1.975706
38040	-1009.02	-1219.577	210.557	1.618073	0.9630166	2.154775
38046	-1020.312	-1230.843	210.5302	1.55097	0.8629107	2.284588
38052	-1027.874	-1238.852	210.9779	1.761586	0.9994811	1.750057
38058	-1027.311	-1238.508	211.1971	1.831068	0.7404922	1.750057
38064	-1032.054	-1243.098	211.0441	1.847898	1.053995	1.60328
38070	-1024.561	-1236.211	211.6503	1.70275	0.4921886	1.772372
38076	-1021.637	-1232.057	210.4196	1.70275	0.7071775	2.377263
38082	-1020.398	-1231.59	211.1916	1.631025	0.6634015	1.959375
38088	-1021.217	-1231.614	210.3966	1.473204	0.5447032	2.67804
38094	-1021.545	-1232.455	210.9103	1.568815	0.831482	2.04898
38100	-1012.287	-1224.114	211.8273	1.567234	0.5815546	1.643535
38106	-1024.512	-1234.582	210.0701	1.607187	0.79873	2.58516
38112	-1007.475	-1218.669	211.1947	1.646777	0.7274705	1.890034
38118	-1020.4	-1231.554	211.1532	1.663631	0.4981043	2.126681
38124	-1016.726	-1227.74	211.0135	1.5776	0.7008548	2.080274
38130	-1030.161	-1240.207	210.046	1.24298	0.6257005	2.958253
38136	-1015.807	-1223.872	208.0653	1.361129	0.6257005	4.046086
38142	-1023.23	-1230.84	207.6103	1.384986	0.7174743	4.221259
38148	-1030.816	-1239.897	209.0812	1.286229	0.7295844	3.422654
38154	-1038.023	-1247.698	209.6753	1.556307	1.157823	2.63346
38160	-1035.665	-1246.754	211.0891	1.672152	0.5739379	2.084791
38166	-1024.661	-1236.353	211.6919	1.927165	0.5399877	1.525834
38172	-1018.994	-1230.775	211.7806	1.951553	0.6596617	1.303286
38178	-1032.307	-1244.433	212.1266	2.064819	0.5114147	1.097934
38184	-1026.873	-1237.728	210.8555	1.880628	1.145088	1.654519
38190	-1025.487	-1236.502	211.0155	1.749923	0.6022295	2.054485
38196	-1025.943	-1236.482	210.5398	1.71713	0.9765651	2.092212
38202	-1026.93	-1238.205	211.2744	1.717786	0.7547146	1.762871
38208	-1016.881	-1228.394	211.5136	1.789807	0.6049811	1.684149
38214	-1005.477	-1217.45	211.973	2.12066	0.3595229	1.411207
38220	-1009.57	-1221.283	211.7133	1.878544	0.2811396	1.898025
38226	-1006.745	-1217.447	210.7017	1.887488	0.491449	2.281093
38232	-1015.277	-1225.135	209.8572	1.743024	0.5086685	2.877497
38238	-1010.861	-1221.219	210.3583	1.600873	0.3998529	2.776525
38244	-1031.155	-1242.368	211.2136	1.73682	0.5084544	2.02754
38250	-1025.212	-1236.4	211.1882	1.850855	0.6120162	1.861218
38256	-1017.966	-1228.528	210.5617	1.729411	0.6156287	2.348996
38262	-1032.567	-1242.528	209.9615	1.547498	0.8565992	2.648003
38268	-1020.174	-1231.552	211.3785	1.830855	0.4299383	1.945262
38274	-1020.572	-1231.576	211.0047	1.802089	0.547005	2.081845
38280	-1041.299	-1252.964	211.6645	2.003316	0.4240027	1.634457
38286	-1033.578	-1245.067	211.4888	2.007384	0.5238422	1.634457
38292	-1039.239	-1249.578	210.3395	1.897997	0.3760865	2.634506
38298	-1027.291	-1237.103	209.8115	1.66766	0.7039821	2.77899
38304	-1010.057	-1221.265	211.2081	1.915221	0.5798129	1.835735
38310	-1009.332	-1221.255	211.9226	1.848203	0.3474221	1.669233
38316	-1010.515	-1221.391	210.8755	1.968715	0.6414808	1.965064
38322	-1009.385	-1219.911	210.5258	1.680608	0.4915234	2.522817
38328	-1018.499	-1228.806	210.3068	1.540309	0.4978392	2.738124
38334	-1018.118	-1227.656	209.5381	1.524999	0.5010516	3.206426
38340	-1014.725	-1223.645	208.9198	1.61075	0.6830873	3.36222
38346	-1019.479	-1228.808	209.3286	1.645734	0.5037806	3.256249
38352	-1019.86	-1229.08	209.2199	1.613254	0.5948898	3.256249
38358	-1022.717	-1233.581	210.8639	1.680899	0.3755425	2.443876
38364	-1020.894	-1232.443	211.5493	1.808882	0.2999611	2.024823
38370	-1029.578	-1239.042	209.464	1.724066	0.5756986	3.062279
38376	-1015.915	-1226.572	210.6577	1.591444	0.2875255	2.746433
38382	-1013.101	-1223.131	210.0304	1.570947	0.4300019	2.958911
38388	-1008.324	-1217.597	209.2732	1.486767	0.4883496	3.397502
38394	-1016.04	-1224.96	208.9196	1.495073	0.7800641	3.358436
38400	-1020.5	-1231.21	210.7101	1.521446	0.4958097	2.502653
38406	-1012.304	-1222.896	210.5928	1.638757	0.4958097	2.502653
38412	-1003.561	-1213.84	210.2787	1.651882	0.3328071	2.877313
38418	-1012.634	-1223.074	210.4398	1.833389	0.5834721	2.390033
38424	-1006.041	-1216.373	210.3326	1.706571	0.4161728	2.70868
38430	-1010.182	-1220.762	210.5804	1.711057	0.4018874	2.569758
38436	-1026.641	-1237.974	211.3322	1.689477	0.3169319	2.219576
38442	-1003.528	-1215.177	211.6498	1.925583	0.3625222	1.784636
38448	-1007.551	-1219.06	211.509	1.876502	0.3955827	1.869825
38454	-1014.061	-1225.45	211.3893	2.082281	0.4136668	1.7868
38460	-1013.266	-1224.64	211.3748	2.064871	0.4308127	1.7868
38466	-1015.916	-1227.277	211.3614	2.064871	0.4381744	1.7868
38472	-1024.624	-1235.703	211.0791	1.911986	1.008199	1.563565
38478	-1035.836	-1247.585	211.7493	1.976335	0.8415944	1.116277
38484	-1046.41	-1256.692	210.282	1.436322	0.7556513	2.591934
38490	-1033.339	-1244.376	211.0373	1.811418	0.8358865	1.795669
38496	-1018.974	-1229.518	210.5443	1.693099	0.5093739	2.485014
38502	-1020.167	-1230.711	210.5443	1.693099	0.5093739	2.485014
38508	-1017.557	-1229.434	211.8769	1.825058	0.3560123	1.705359
38514	-1004.768	-1215.3	210.5317	1.712216	0.4750557	2.516767
38520	-998.74	-1208.866	210.126	1.82714	0.3129194	2.890402
38526	-1000.34	-1211.788	211.4484	2.261213	0.4734901	1.539548
38532	-1005.064	-1216.236	211.1726	1.94307	0.2761701	2.220691
38538	-1003.989	-1215.332	211.3428	2.08764	0.4631625	1.752991
38544	-1017.574	-1228.959	211.3843	2.066915	0.3931427	1.82808
38550	-1008.733	-1220.108	211.3749	1.836228	0.5979742	1.756342
38556	-1004.84	-1216.077	211.2368	2.114782	0.4409056	1.835009
38562	-1010.171	-1221.391	211.2201	1.897637	0.6087769	1.810387
38568	-1018.674	-1229.584	210.9103	2.057053	0.6087769	1.91321
38574	-1016.654	-1227.776	211.1215	1.718527	0.6087769	1.998691
38580	-1025.711	-1237.333	211.6222	1.805032	0.54188	1.663435
38586	-1016.014	-1227.943	211.9294	1.768379	0.7001376	1.287465
38592	-1012.518	-1224.236	211.7176	1.986739	0.623351	1.365805
38598	-1003.959	-1215.51	211.5519	2.011073	0.75267	1.342564
38604	-1008.15	-1219.968	211.8184	1.997609	0.6545745	1.239872
38610	-1013.799	-1225.731	211.9326	2.399111	0.3944758	1.158393
38616	-1004.614	-1216.093	211.4791	2.568922	0.8482095	0.757377
38622	-1005.59	-1217.324	211.734	2.258721	0.6436119	1.098513
38628	-1004.165	-1215.697	211.5316	2.436492	0.6436119	1.121
38634	-996.5887	-1208.714	212.125	2.382841	0.35914	1.062717
38640	-1007.137	-1218.957	211.8201	2.257291	0.5989816	1.078816
38646	-1015.917	-1227.715	211.7979	2.091309	0.6141701	1.225811
38652	-1015.414	-1226.898	211.4843	2.121762	0.3861067	1.729979
38658	-1036.849	-1247.666	210.8174	1.820358	0.4410539	2.30599
38664	-1027.118	-1237.109	209.9907	1.723733	0.7176473	2.623849
38670	-1021.298	-1231.935	210.6368	1.872013	0.33838	2.514796
38676	-1011.231	-1221.012	209.7804	1.476377	0.4148983	3.18152
38682	-1015.364	-1224.895	209.5306	1.470981	0.5171573	3.227298
38688	-1015.278	-1223.692	208.4141	1.42984	0.5507392	3.870456
38694	-1004.878	-1215.202	210.3245	1.543341	0.3996674	2.832348
38700	-996.1988	-1206.294	210.0956	1.763118	0.5882125	2.644291
38706	-1008.182	-1218.541	210.3583	1.633431	0.5358271	2.61146
38712	-1003.69	-1214.842	211.1514	1.887081	0.6387678	1.835782
38718	-1010.264	-1221.487	211.2236	1.789633	0.6365292	1.855242
38724	-1006.74	-1218.535	211.7959	2.111217	0.3759001	1.52732
38730	-1022.743	-1233.821	211.0781	1.796048	0.4642122	2.126881
38736	-1019.223	-1230.618	211.3949	1.846164	0.4482622	1.90147
38742	-1027.261	-1239.182	211.9212	2.042485	0.3429567	1.535954
38748	-1015.926	-1227.942	212.0162	2.198386	0.388066	1.268728
38754	-1010.533	-1221.906	211.3734	1.970378	0.4111371	1.877966
38760	-1009.417	-1221.054	211.6376	1.970378	0.2866902	1.877966
38766	-1027.028	-1238.281	211.2532	1.759698	0.4018161	2.110703
38772	-1037.327	-1249.07	211.7427	1.871242	0.4849373	1.595469
38778	-1022.341	-1233.98	211.6394	1.814373	0.6240766	1.555628
38784	-1012.811	-1224.162	211.3511	1.836129	0.6240766	1.746875
38790	-1011.068	-1222.801	211.7329	1.930154	0.8497205	1.163811
38796	-1017.548	-1229.261	211.7131	2.034308	0.7928388	1.147516
38802	-1014.979	-1227.001	212.022	1.859414	0.4229573	1.478488
38808	-1012.51	-1224.008	211.4976	1.797876	0.5897703	1.705519
38814	-1012.232	-1224.063	211.8314	1.968514	0.5897703	1.328271
38820	-1024.854	-1235.983	211.129	1.902509	0.9945147	1.543842
38826	-1035.855	-1247.521	211.6658	1.804851	0.6016545	1.566857
38832	-1025.481	-1236.248	210.767	1.787478	0.6584773	2.141191
38838	-1046.763	-1256.585	209.8224	1.662415	0.9204186	2.6199
38844	-1025.088	-1236.628	211.5398	2.336526	1.07147	0.6556926
38850	-1029.911	-1239.28	209.369	1.516768	0.6760223	3.158017
38856	-1026.409	-1235.397	208.9883	1.196873	0.3461901	3.885843
38862	-1024.411	-1233.639	209.2287	1.442911	0.5395843	3.40057
38868	-1011.876	-1222.363	210.4864	1.76654	0.4773969	2.508688
38874	-1039.549	-1250.559	211.0104	1.812628	0.4260336	2.204609
38880	-1029.773	-1241.362	211.5889	2.060122	0.5940926	1.441438
38886	-1042.598	-1253.939	211.3414	2.095435	0.7521756	1.441438
38892	-1037.368	-1249.365	211.9967	1.994554	0.4255911	1.390437
38898	-1030.537	-1242.165	211.6277	1.894488	0.6366403	1.491573
38904	-1029.601	-1240.872	211.2717	1.857521	0.7158243	1.700835
38910	-1014.177	-1226.125	211.9474	1.865686	0.3970574	1.565928
38916	-1024.81	-1235.611	210.801	1.758858	0.4860844	2.305643
38922	-1021.416	-1232.069	210.6533	1.784239	0.5989926	2.270887
38928	-1031.864	-1242.482	210.6184	1.902408	0.5918873	2.22401
38934	-1036.843	-1247.481	210.6383	1.654026	0.6633815	2.306016
38940	-1038.116	-1248.851	210.7355	1.440437	0.632944	2.406469
38946	-1031.604	-1241.589	209.9845	1.6319	0.7722611	2.642436
38952	-1026.126	-1236.964	210.8383	1.58781	0.4072163	2.479421
38958	-1031.809	-1242.473	210.6632	1.734725	0.5628784	2.330504
38964	-1032.371	-1243.197	210.826	1.751887	0.6484117	2.134863
38970	-1045.623	-1256.416	210.7923	1.684385	0.5231057	2.319872
38976	-1040.57	-1250.996	210.4253	1.715465	0.6996776	2.371759
38982	-1019.954	-1231.499	211.5449	1.952043	0.7819947	1.366622
38988	-1022.238	-1233.518	211.2805	2.066223	1.094962	1.219892
38994	-1037.404	-1248.852	211.4487	2.002037	0.9877755	1.219892
39000	-1029.75	-1241.28	211.5307	1.920028	0.9877755	1.219892
39006	-1016.55	-1226.744	210.1941	1.891675	1.736015	1.794366
39012	-1019.705	-1231.317	211.6121	1.912363	0.8390346	1.291054
39018	-1023.655	-1234.855	211.1996	1.863115	0.7815727	1.690196
39024	-1032.189	-1243.748	211.5592	1.945343	0.7389647	1.401899
39030	-1027.338	-1238.21	210.8716	1.876846	1.010061	1.736373
39036	-1012.502	-1223.862	211.3598	1.949191	0.8393923	1.460097
39042	-1025.532	-1237.431	211.8995	2.299714	0.588042	0.9755979
39048	-1036.22	-1248.24	212.0203	1.760145	0.3225854	1.700749
39054	-1021.852	-1233.703	211.8504	1.891177	0.5292542	1.446252
39060	-1005.515	-1217.267	211.7522	1.85388	0.5626311	1.509448
39066	-1003.653	-1215.724	212.0716	2.15589	0.4118487	1.219575
39072	-1007.917	-1219.971	212.0537	2.13518	0.5913161	0.9812424
39078	-1017.301	-1229.174	211.8728	2.015012	0.4109611	1.49058
39084	-1025.532	-1237.565	212.0334	2.290824	0.3524013	1.237745
39090	-1033.364	-1245.035	211.6704	1.73325	0.6317904	1.58444
39096	-1016.471	-1228.323	211.8527	2.104825	0.3157213	1.58444
39102	-1001.785	-1213.427	211.642	1.956973	0.5029718	1.58444
39108	-1027.841	-1239.577	211.7358	1.872216	0.4974861	1.58444
39114	-1018.089	-1229.554	211.4647	2.047208	0.4100887	1.763431
39120	-1024.173	-1234.113	209.9396	1.629222	1.066416	2.476266
39126	-1037.819	-1248.215	210.3966	1.527192	0.5856891	2.606415
39132	-1029.34	-1240.761	211.4214	1.827889	0.4120299	1.940818
39138	-1037.556	-1249.215	211.6599	1.798104	0.5107549	1.676915
39144	-1045.47	-1257.021	211.5508	1.684193	0.7628578	1.582518
39150	-1047.203	-1258.144	210.9411	1.505519	0.6499974	2.21867
39156	-1033.034	-1243.824	210.7903	1.633066	0.5440302	2.332803
39162	-1029.459	-1240.998	211.5383	1.77519	0.4911277	1.80108
39168	-1028.965	-1240.452	211.4874	1.885741	0.4480799	1.811265
39174	-1046.093	-1257.287	211.1939	1.885741	0.4832304	1.969336
39180	-1031.48	-1243.131	211.6502	1.74895	0.4184982	1.830588
39186	-1019.197	-1229.967	210.7695	1.953511	0.4541157	2.236424
39192	-1017.23	-1228.196	210.9654	1.609908	0.5431336	2.236424
39198	-1010.622	-1221.399	210.7777	1.601283	0.5235573	2.381447
39204	-1025.305	-1236.332	211.0277	1.968071	1.47966	1.246514
39210	-1022.526	-1234.262	211.7359	2.095585	0.9956831	0.8374602
39216	-1018.314	-1230.056	211.742	2.22212	0.9090706	0.7814349
39222	-1018.271	-1230.065	211.7942	2.31739	0.8394954	0.6669882
39228	-1034.641	-1246.392	211.751	2.31739	0.8781153	0.6669882
39234	-1028.466	-1240.667	212.2004	2.259771	0.5524522	0.7202706
39240	-1026.456	-1238.627	212.1708	2.198233	0.569418	0.8142146
39246	-1024.815	-1236.398	211.5832	2.389042	0.9745075	0.6545776
39252	-1018.098	-1229.549	211.4509	2.560886	0.9745075	0.5117112
39258	-1025.479	-1236.643	211.1633	2.560886	1.289173	0.5052202
39264	-1031.042	-1242.377	211.3349	2.512356	1.145777	0.517552
39270	-1025.617	-1237.103	211.4864	2.57417	0.9271914	0.517552
39276	-1015.58	-1227.036	211.4557	2.489863	1.040762	0.517552
39282	-1018.718	-1230.261	211.5432	2.489863	0.9497123	0.5488398
39288	-1009.931	-1221.291	211.3598	2.522925	1.107473	0.5097255
39294	-1015.485	-1226.996	211.5113	2.451587	1.021603	0.4693235
39300	-1032.727	-1243.185	210.4586	1.747289	0.5425751	2.471572
39306	-1022.428	-1232.773	210.3451	1.757328	0.3840597	2.707811
39312	-1023.625	-1234.984	211.3593	2.546354	1.06509	0.5983607
39318	-1031.629	-1243.323	211.694	2.543284	0.7713599	0.4908946
39324	-1018.219	-1228.826	210.607	1.709577	0.3963339	2.560843
39330	-1013.125	-1223.597	210.4717	1.654577	0.4368834	2.631573
39336	-1014.394	-1225.64	211.2454	1.933468	0.4979733	1.885636
39342	-1016.145	-1227.375	211.2306	2.064803	0.6462676	1.648225
39348	-1032.546	-1244.391	211.8448	1.966921	0.4661978	1.472547
39354	-1008.269	-1220.378	212.1089	2.388324	0.5670776	0.5951121
39360	-1035.762	-1247.162	211.4006	2.479795	1.060248	0.6693363
39366	-1026.309	-1237.83	211.5202	2.392847	1.014013	0.6924467
39372	-1052.616	-1264.391	211.7753	2.122216	0.7270682	1.084587
39378	-1030.744	-1242.289	211.5449	2.22364	0.9796679	0.9287582
39384	-1038.271	-1249.985	211.7146	2.375654	0.6689325	0.9706394
39390	-1038.234	-1250.114	211.8798	1.990075	0.6009535	1.257959
39396	-1026.197	-1237.785	211.5882	1.736523	0.8040147	1.479235
39402	-1025.46	-1237.173	211.7135	2.194429	0.6406025	1.177863
39408	-1021.869	-1233.585	211.7162	2.266539	0.6406025	1.111496
39414	-1014.616	-1226.034	211.4176	2.35122	0.7983676	1.122523
39420	-1027.78	-1238.939	211.1587	2.585681	1.216458	0.6576151
39426	-1006.779	-1217.686	210.9074	2.680271	1.441919	0.5945307
39432	-1022.677	-1233.613	210.9363	1.97475	0.9198099	1.687058
39438	-1029.865	-1240.73	210.8649	1.932151	0.6830241	1.958944
39444	-1022.566	-1233.184	210.6177	1.937842	0.9582062	1.90557
39450	-1030.082	-1241.059	210.9772	1.974253	1.338275	1.370674
39456	-1025.108	-1236.109	211.0018	2.089601	1.198372	1.35244
39462	-1026.282	-1238.293	212.0113	2.58358	0.4914216	0.6525208
39468	-1006.784	-1218.357	211.5724	2.181848	0.7529966	1.183809
39474	-996.7313	-1208.62	211.8885	2.089738	0.519365	1.2714
39480	-1006.799	-1218.63	211.8308	1.902438	0.6321223	1.333012
39486	-993.4568	-1205.218	211.7617	2.166944	0.4906041	1.349699
39492	-1006.12	-1217.81	211.6904	2.05583	0.6082573	1.349699
39498	-1020.064	-1231.509	211.4451	2.028456	0.6285337	1.536323
39504	-1025.147	-1236.002	210.855	2.083744	1.295293	1.407792
39510	-1026.819	-1237.837	211.0186	1.854201	0.714005	1.880383
39516	-1012.755	-1224.375	211.6197	1.982416	0.5679447	1.506392
39522	-1014.471	-1226.042	211.5706	1.894273	0.5928515	1.580445
39528	-1015.909	-1227.151	211.2417	1.959008	0.494519	1.874672
39534	-1026.147	-1236.712	210.5655	1.766664	1.115559	1.952845
39540	-1018.628	-1230.261	211.633	1.846123	0.6306895	1.53
39546	-1024.538	-1235.755	211.217	1.981086	0.9339232	1.465787
39552	-1020.942	-1232.211	211.2698	1.989963	0.9339232	1.418516
39558	-1020.941	-1232.576	211.6352	2.025573	0.730904	1.285526
39564	-1012.823	-1224.54	211.7169	2.026657	0.3065433	1.752215
39570	-1026.369	-1237.599	211.23	1.855653	0.5635752	1.878271
39576	-1016.062	-1227.193	211.1312	1.820452	0.3797387	2.178853
39582	-1015.457	-1227.015	211.5578	1.792881	0.7062258	1.549774
39588	-1021.232	-1233.493	212.2604	1.80433	0.4603513	1.281761
39594	-1017.755	-1228.107	210.3521	1.57647	0.3561932	2.848337
39600	-1004.743	-1215.465	210.7216	1.603799	0.4148343	2.533343
39606	-1001.933	-1212.168	210.2346	1.610693	0.5472814	2.690685
39612	-1010.034	-1221.268	211.2345	1.909237	0.3886154	2.04146
39618	-1012.351	-1222.874	210.5231	1.482406	0.6419619	2.505531
39624	-1027.332	-1238.356	211.0245	1.540821	0.7137563	2.086269
39630	-1027.641	-1238.65	211.0093	1.706414	0.3760278	2.335191
39636	-1022.179	-1233.312	211.1335	1.602602	0.557117	2.118036
39642	-1018.982	-1230.567	211.5854	1.980485	0.3649697	1.787744
39648	-1021.426	-1232.653	211.2267	1.978478	0.5196132	1.843523
39654	-1014.401	-1225.798	211.3966	2.016887	0.5196132	1.698373
39660	-1025.25	-1237.327	212.0772	1.95607	0.3889286	1.412032
39666	-1020.871	-1232.237	211.3654	1.674159	0.6888861	1.788202
39672	-1020.532	-1230.851	210.3184	1.66605	0.5317786	2.619903
39678	-1006.222	-1217.222	211.0001	1.751871	0.4702501	2.199521
39684	-1024.511	-1235.451	210.9403	1.724128	1.004977	1.798512
39690	-1040.216	-1251.825	211.6087	2.167756	0.4351435	1.540253
39696	-1031.978	-1243.492	211.5137	2.107703	0.4643959	1.615615
39702	-1022.434	-1233.804	211.3702	1.976186	0.2923165	2.044507
39708	-1021.57	-1232.625	211.0548	2.009718	0.6077645	1.847989
39714	-1013.774	-1225.179	211.4052	1.920695	0.4767226	1.809376
39720	-1042.943	-1254.323	211.3796	1.979829	0.5620858	1.689551
39726	-1027.592	-1239.021	211.4287	1.789097	0.5286909	1.824834
39732	-1029.43	-1241.056	211.6268	1.974667	0.5649569	1.51029
39738	-1025.508	-1237.609	212.1014	2.206551	0.3558353	1.245405
39744	-1021.85	-1233.581	211.7314	2.220259	0.5860967	1.207423
39750	-1029.004	-1240.971	211.9667	2.301816	0.5023459	1.039416
39756	-1010.179	-1222.397	212.2179	2.381276	0.3277654	1.039416
39762	-1007.297	-1219.72	212.4223	2.332698	0.25433	1.057634
39768	-1012.773	-1224.896	212.1233	2.279362	0.2711617	1.325289
39774	-1015.171	-1226.578	211.4074	2.028887	0.5457154	1.652697
39780	-1019.459	-1231.566	212.1069	2.112843	0.5062818	1.079415
39786	-1021.28	-1233.251	211.9714	2.041095	0.3962617	1.417086
39792	-1026.312	-1238.179	211.8667	2.038669	0.3465258	1.573356
39798	-1017.054	-1228.459	211.4052	1.657593	0.3573404	2.136213
39804	-1023.949	-1235.292	211.3432	1.87089	1.116219	1.313174
39810	-1030.4	-1241.968	211.5685	1.836944	0.9224202	1.313174
39816	-1019.555	-1230.891	211.3358	2.00701	1.056745	1.253489
39822	-1016.89	-1228.882	211.9929	1.955206	0.6089064	1.181907
39828	-1011.017	-1223.114	212.0973	2.069515	0.5761168	1.025739
39834	-1023.14	-1234.584	211.4437	2.222275	1.018124	0.9954455
39840	-1011.079	-1223.128	212.0488	2.174976	0.6820685	0.7957791
39846	-1019.215	-1231.637	212.4221	2.352894	0.3842508	0.6817291
39852	-1014.172	-1226.476	212.304	2.174722	0.5399189	0.7217388
39858	-1010.401	-1222.006	211.606	2.158098	0.9441063	0.972089
39864	-1024.429	-1236.597	212.1684	2.158098	0.5730781	0.8601446
39870	-1018.531	-1230.123	211.5929	2.287342	0.9092147	0.8862895
39876	-1018.884	-1229.681	210.7967	2.328734	1.835373	0.8947213
39882	-1016.616	-1228.286	211.6697	2.024261	1.083452	0.8991011
39888	-1019.646	-1231.485	211.8387	1.880437	0.7301359	1.237948
39894	-1034.806	-1245.728	210.9228	1.781877	0.5555448	2.140108
39900	-1028.927	-1240.532	211.6052	1.702482	0.5555448	1.733151
39906	-1014.478	-1225.867	211.3893	1.690083	0.4685525	1.986282
39912	-1011.348	-1223.443	212.0943	1.713657	0.4010023	1.56412
39918	-1016.334	-1227.783	211.4492	1.847937	0.4251136	1.891915
39924	-1016.55	-1227.022	210.472	1.560624	0.6676895	2.466593
39930	-1003.794	-1214.929	211.1354	1.560624	0.4775534	2.227591
39936	-1008.355	-1219.394	211.0388	1.657143	0.4775534	2.227591
39942	-1011.693	-1222.422	210.7296	1.586274	0.648997	2.303486
39948	-1043.82	-1255.114	211.2939	1.907492	0.8792279	1.507576
39954	-1029.218	-1238.421	209.2032	1.579281	0.5490329	3.326829
39960	-1024.479	-1234.61	210.131	1.412821	0.4236929	3.000453
39966	-1041.394	-1249.762	208.3682	1.837859	0.3159185	3.911853
39972	-1007.973	-1218.6	210.6268	1.915419	0.4930627	2.309395
39978	-1009.676	-1220.734	211.0585	2.150506	0.5844449	1.771696
39984	-1041.046	-1251.764	210.7179	2.324264	0.6548236	1.818003
39990	-1023.875	-1235.088	211.2125	2.091226	0.7554659	1.538565
39996	-1013.566	-1225.126	211.5595	2.200437	0.4824215	1.490571
40002	-1024.823	-1236.347	211.5242	2.007505	0.5581602	1.569584
40008	-1021.662	-1232.973	211.311	1.803709	0.6011672	1.820066
40014	-1027.229	-1237.054	209.8251	1.532809	0.3955792	3.143362
40020	-1028.354	-1239.592	211.2383	1.838814	0.5636851	1.883934
40026	-1030.602	-1241.304	210.7017	2.016681	0.7652771	1.941575
40032	-1021.994	-1233.495	211.5006	2.227437	0.9561814	0.9959354
40038	-1017.985	-1229.088	211.1027	2.179848	0.9561814	1.382779
40044	-1017.608	-1229.081	211.4726	1.941318	0.6775982	1.530773
40050	-1025.695	-1237.043	211.3486	1.895264	0.6775982	1.65475
40056	-1025.423	-1236.809	211.3862	1.984273	0.5285693	1.718654
40062	-1007.577	-1219	211.4233	1.94711	0.5285693	1.718654
40068	-1021.995	-1233.598	211.6029	2.279862	0.4677623	1.416101
40074	-1008.492	-1219.902	211.41	1.867448	0.4707383	1.849768
40080	-1011.711	-1221.983	210.2719	1.806207	0.654479	2.449289
40086	-1003.186	-1213.944	210.7583	1.783785	0.4384715	2.36983
40092	-1003.731	-1213.71	209.9797	1.621925	0.7848289	2.642177
40098	-1013.673	-1223.798	210.1254	1.595608	0.8364665	2.530776
40104	-1022.263	-1232.216	209.9526	1.511835	0.7932284	2.720343
40110	-1034.009	-1243.989	209.9801	1.521534	0.6369208	2.820142
40116	-1021.903	-1233.304	211.4006	1.683899	0.6369208	1.805799
40122	-1015.368	-1225.973	210.6047	1.794177	0.6369208	2.261053
40128	-1020.51	-1231.871	211.361	1.905326	0.5477971	1.770501
40134	-1014.63	-1226.039	211.4092	1.998222	0.6616503	1.551485
40140	-1015.091	-1226.607	211.516	2.038528	0.5462364	1.566316
40146	-1016.859	-1227.997	211.1379	2.071746	0.7252887	1.634813
40152	-1027.337	-1238.475	211.1386	1.993123	0.6842774	1.728047
40158	-1027.968	-1238.789	210.8202	1.746358	0.3127823	2.514079
40164	-1020.118	-1230.868	210.7492	1.814407	0.5071059	2.280876
40170	-1009.326	-1220.203	210.8763	1.74547	0.385619	2.382648
40176	-1013.957	-1225.217	211.2607	1.956183	0.3264999	2.078423
40182	-1021.795	-1233.456	211.6613	1.961999	0.322787	1.810261
40188	-1018.863	-1230.5	211.6364	1.778227	0.4322536	1.802355
40194	-998.8017	-1209.83	211.0286	1.74685	0.5422485	2.107285
40200	-1005.615	-1217.348	211.7327	2.074956	0.6073793	1.30135
40206	-998.6582	-1210.496	211.8375	1.929754	0.3298298	1.69873
40212	-1009.264	-1220.889	211.6247	1.920863	0.5342953	1.586589
40218	-1033.303	-1245.163	211.8598	2.244302	0.3865403	1.360364
40224	-1028.579	-1240.106	211.5275	2.06917	0.6164561	1.456777
40230	-1031.048	-1242.737	211.6891	2.113798	0.6821487	1.219636
40236	-1018.29	-1229.35	211.0596	1.969594	0.6261586	1.854227
40242	-1017.222	-1229.079	211.8573	1.872391	0.4197959	1.59531
40248	-1021.943	-1233.87	211.9271	2.337152	0.5327514	0.9952969
40254	-1010.975	-1222.889	211.9144	2.220828	0.5627161	1.075173
40260	-1017.263	-1228.978	211.7157	2.276481	0.6624836	1.075173
40266	-1017.409	-1228.743	211.3334	1.999227	0.7231822	1.547109
40272	-1022.296	-1233.73	211.434	1.81362	0.4171104	1.935491
40278	-1013.23	-1224.833	211.6029	1.894656	0.4539155	1.717209
40284	-1006.909	-1218.511	211.6014	2.175139	0.6456801	1.282693
40290	-1022.417	-1233.809	211.3926	2.175624	0.7059463	1.385
40296	-1010.613	-1221.883	211.2703	2.073566	0.7233619	1.538615
40302	-1020.917	-1232.684	211.7666	1.989411	0.5689504	1.387578
40308	-1016.425	-1227.836	211.4108	1.976202	0.6151524	1.613694
40314	-1020.84	-1231.498	210.6585	1.532787	0.6311477	2.398366
40320	-1023.649	-1233.94	210.2913	1.726284	0.5768366	2.556394
40326	-1022.946	-1233.45	210.5038	1.607126	0.4722782	2.602381
40332	-1025.794	-1235.89	210.0963	1.74526	0.6478886	2.602381
40338	-1042.581	-1253.704	211.1231	1.811184	0.7876421	1.775409
40344	-1040.401	-1252.101	211.6995	2.145606	0.4739279	1.436958
40350	-1030.28	-1240.937	210.6566	1.85513	0.8057817	2.047146
40356	-1018.652	-1229.414	210.7624	1.832579	0.4432526	2.33079
40362	-1040.375	-1252.628	212.2528	1.925599	0.3059879	1.435857
40368	-1039.345	-1250.491	211.1463	1.877944	0.8966335	1.623828
40374	-1037.55	-1247.901	210.3509	1.737546	1.429164	1.94047
40380	-1023.325	-1233.564	210.2391	1.678469	0.4963647	2.696448
40386	-1026.188	-1236.246	210.0577	1.694338	0.6973144	2.61682
40392	-1019.876	-1230.654	210.7776	1.852468	0.5889191	2.156027
40398	-1052.544	-1264.135	211.5902	1.84647	0.4880509	1.718689
40404	-1040.409	-1251.895	211.4859	1.946143	0.5294266	1.673999
40410	-1017.879	-1228.86	210.9801	1.891737	0.6895848	1.902646
40416	-1010.37	-1220.39	210.02	1.626836	0.5566934	2.80308
40422	-1005.571	-1215.973	210.4025	1.634151	0.4487648	2.673598
40428	-996.0797	-1206.455	210.3754	1.685835	0.6559896	2.458599
40434	-1008.517	-1219.484	210.9667	1.562388	0.6031317	2.208053
40440	-1004.211	-1215.785	211.5745	1.962414	0.7302284	1.385194
40446	-1005.916	-1217.388	211.4721	1.957341	0.6233463	1.574248
40452	-1009.743	-1220.897	211.1544	1.844418	0.8024263	1.7179
40458	-1008.351	-1219.502	211.1506	1.469362	0.478155	2.27579
40464	-996.3768	-1208.073	211.6967	1.62097	0.364061	1.958366
40470	-1012.544	-1223.782	211.2381	1.563516	0.6802472	1.958366
40476	-1022.691	-1234.508	211.8169	1.661042	0.516444	1.656063
40482	-1013.85	-1224.906	211.0554	1.700936	0.3604671	2.329513
40488	-1009.703	-1220.401	210.6985	1.662002	0.4004094	2.528546
40494	-1017.061	-1227.062	210.0008	1.772781	0.4004094	2.888598
40500	-1009.703	-1220.528	210.8258	1.694712	0.6057402	2.211152
40506	-1007.632	-1218.487	210.8543	1.669749	0.5749959	2.238036
40512	-990.5437	-1201.894	211.3498	1.946268	0.5688297	1.727091
40518	-1002.117	-1213.394	211.2769	2.169409	0.6191352	1.56624
40524	-1014.981	-1225.639	210.6577	1.824771	0.5628856	2.276489
40530	-1032.517	-1243.99	211.473	1.899106	0.9671535	1.302396
40536	-1033.078	-1244.646	211.5673	1.976667	0.810088	1.302396
40542	-1027.934	-1239.197	211.2626	1.986529	0.7420431	1.590912
40548	-1025.28	-1236.418	211.138	1.744905	0.60173	1.976853
40554	-1037.293	-1247.931	210.6373	1.729047	1.041574	1.976853
40560	-1029.805	-1240.753	210.9484	1.996009	0.5153451	2.024087
40566	-1035.145	-1245.901	210.7551	1.584428	0.5566481	2.373646
40572	-1044.729	-1254.662	209.9322	1.645818	0.650779	2.761959
40578	-1039.967	-1250.784	210.8162	1.879747	0.7046774	2.007549
40584	-1026.168	-1237.826	211.6578	2.023421	0.8237797	1.173858
40590	-1027.304	-1238.231	210.9272	2.150061	1.435985	1.205401
40596	-1024.127	-1235.215	211.088	2.150061	1.235838	1.205401
40602	-1031.386	-1242.65	211.2644	1.90935	0.632852	1.747668
40608	-1029.509	-1240.946	211.4364	2.112865	0.8071385	1.300828
40614	-1031.413	-1242.97	211.5569	2.564762	0.8704604	0.4784797
40620	-1031.568	-1243.047	211.4788	2.564762	0.9439397	0.4965924
40626	-1033.268	-1244.424	211.1562	2.523473	1.340434	0.5391106
40632	-1033.747	-1244.976	211.2285	2.451551	1.283549	0.6729744
40638	-1020.242	-1232.283	212.0409	2.562727	0.4604939	0.7321851
40644	-1026.57	-1237.549	210.979	2.034013	0.6887077	1.806762
40650	-1028.521	-1240.415	211.8935	2.292921	0.4459744	1.201116
40656	-1050.257	-1262.059	211.8016	2.121844	0.4764405	1.372728
40662	-1029.428	-1241.408	211.9797	1.984962	0.609878	1.166239
40668	-1032.453	-1243.485	211.0322	2.115223	0.6935268	1.708405
40674	-1040.585	-1251.537	210.9523	2.062892	0.7039854	1.791463
40680	-1032.17	-1243.641	211.4705	2.062892	0.6774279	1.44092
40686	-1026.864	-1238.278	211.4143	2.095131	0.4993916	1.65354
40692	-1029.743	-1241.261	211.5172	2.092366	0.5378447	1.535349
40698	-1035.632	-1246.503	210.8707	1.927945	0.5378447	2.096587
40704	-1017.267	-1228.799	211.5327	2.172022	0.4542683	1.567854
40710	-1040.164	-1251.493	211.3291	2.286649	1.274765	0.787071
40716	-1012.98	-1224.723	211.7434	2.256664	0.8724123	0.787071
40722	-1025.664	-1236.807	211.1424	1.850115	0.4459788	2.070302
40728	-1031.759	-1242.857	211.0982	1.756828	0.4000882	2.215532
40734	-1021.129	-1232.841	211.7126	2.014494	0.8285992	1.128396
40740	-1038.4	-1249.786	211.3867	1.670159	0.592188	1.868764
40746	-1045.517	-1256.073	210.5559	1.649834	0.744114	2.294419
40752	-1010.223	-1221.54	211.3172	1.877683	0.9433998	1.460638
40758	-1004.065	-1215.179	211.1142	1.834635	1.162908	1.486689
40764	-1024.37	-1235.909	211.5392	1.926345	0.8881394	1.294429
40770	-1010.43	-1221.669	211.2392	1.9196	1.009169	1.437036
40776	-1013.849	-1225.256	211.4073	1.881024	0.535522	1.768533
40782	-1017.709	-1229.296	211.5865	2.078421	0.5834311	1.441313
40788	-1023.615	-1234.665	211.0505	1.72134	0.8965234	1.802177
40794	-1038.132	-1249.643	211.5109	1.890677	0.4927922	1.737777
40800	-1035.41	-1246.78	211.3704	1.873695	0.592542	1.73883
40806	-1021.006	-1232.66	211.6536	1.929261	0.6141139	1.469757
40812	-1018.841	-1230.543	211.7023	1.929261	0.5738866	1.477543
40818	-1019.311	-1230.532	211.2207	1.745477	0.4673925	2.062822
40824	-1023.311	-1234.629	211.3178	1.794136	0.5068878	1.921108
40830	-1024.821	-1235.996	211.1749	1.698742	0.4771278	2.112613
40836	-1014.2	-1225.466	211.266	1.776374	0.5932179	1.877608
40842	-1010.673	-1221.004	210.3313	1.836269	0.5370757	2.5009
40848	-1015.853	-1225.876	210.0233	1.729793	0.8503462	2.5009
40854	-1032.384	-1241.837	209.4526	1.335753	0.4442127	3.425757
40860	-1016.317	-1225.995	209.6775	1.5907	0.3360636	3.268753
40866	-1025.179	-1235.609	210.4299	1.731155	0.6938297	2.363715
40872	-1032.771	-1242.819	210.0484	1.935947	0.3924199	2.769994
40878	-1030.346	-1240.587	210.2415	1.581388	0.5005519	2.75021
40884	-1021.564	-1232.001	210.4367	1.857286	0.7693789	2.217754
40890	-1037.203	-1248.08	210.8772	1.74261	0.6235059	2.130202
40896	-1015.946	-1226.881	210.935	1.679735	0.4779617	2.27936
40902	-1027.491	-1237.199	209.7081	1.65445	0.8879843	2.716696
40908	-1019.319	-1229.575	210.2562	1.605602	0.5102185	2.716696
40914	-1036.504	-1246.734	210.2303	1.426169	0.6397696	2.723273
40920	-1017.291	-1226.506	209.2151	1.591767	0.7127867	3.176272
40926	-1021.49	-1232.703	211.2132	1.64092	0.9123286	1.732918
40932	-1007.865	-1219.244	211.3783	1.873298	0.4722068	1.865743
40938	-1021.002	-1232.693	211.6912	1.889151	0.7546891	1.326668
40944	-1012.774	-1224.133	211.3592	2.203478	0.5841641	1.517699
40950	-1012.426	-1223.859	211.4336	2.004282	0.8832597	1.321129
40956	-1023.189	-1235.087	211.8985	2.08379	0.6431909	1.108632
40962	-1016.098	-1227.426	211.3281	2.314496	0.9249442	1.108632
40968	-1003.179	-1214.712	211.5323	2.299357	0.758898	1.108632
40974	-1002.23	-1213.762	211.5324	2.299242	0.758898	1.108632
40980	-1009.385	-1221.095	211.71	2.164103	0.71541	1.11963
40986	-1010.392	-1221.828	211.4362	2.164103	0.7448347	1.320424
40992	-1008.503	-1220.18	211.6778	2.099619	0.6618369	1.263803
40998	-1013.481	-1224.828	211.347	1.833922	0.8876015	1.516075
41004	-1017.377	-1228.886	211.5082	1.973757	0.82555	1.33784
41010	-1021.017	-1232.784	211.7676	1.831458	0.496366	1.59238
41016	-1021.192	-1231.629	210.4373	1.929967	0.8979594	2.073874
41022	-1032.214	-1243.278	211.0632	1.808264	0.6313538	1.956213
41028	-1023.873	-1234.692	210.8189	1.5981	0.561993	2.319247
41034	-1033.929	-1244.801	210.8717	1.789525	0.5869073	2.137678
41040	-1030.292	-1242.104	211.8123	2.174846	0.4521954	1.355777
41046	-1033.525	-1245.183	211.6589	2.047418	0.5259251	1.477073
41052	-1022.527	-1234.712	212.1844	2.018322	0.3584158	1.327084
41058	-1026.367	-1238.231	211.8637	2.02809	0.5306287	1.327084
41064	-1016.884	-1228.335	211.4509	1.793596	0.6665315	1.664894
41070	-1018.3	-1228.768	210.4685	1.771763	0.5658688	2.427456
41076	-1008.235	-1219.162	210.9262	1.634375	0.5250398	2.264224
41082	-1018.826	-1227.981	209.155	1.661529	1.053372	2.945444
41088	-1013.919	-1225.355	211.4365	1.681148	0.7596476	1.670034
41094	-995.293	-1205.953	210.66	1.733213	0.6693774	2.236148
41100	-1004.892	-1214.691	209.7995	1.959583	1.062956	2.358425
41106	-997.0133	-1208.046	211.0322	1.770566	0.7425294	1.903523
41112	-996.4057	-1206.55	210.1446	1.77052	1.117284	2.226032
41118	-1013.659	-1223.378	209.719	1.541836	0.6268689	2.974181
41124	-1004.443	-1214.799	210.3559	1.511151	0.4999967	2.723778
41130	-1017.68	-1228.908	211.2274	1.726272	0.3803596	2.17669
41136	-1027.255	-1238.394	211.139	1.903503	0.4504011	2.032061
41142	-1024.577	-1235.488	210.9108	1.704975	0.626405	2.130161
41148	-1026.594	-1236.994	210.4003	1.982413	0.7841739	2.148681
41154	-1012.42	-1222.342	209.9221	1.633978	0.7697848	2.681403
41160	-1019.576	-1230.277	210.7007	1.531756	0.4062556	2.601162
41166	-1012.43	-1222.115	209.6849	1.536893	0.6893609	2.946505
41172	-1006.909	-1217.268	210.3583	1.476166	0.698512	2.564785
41178	-1025.535	-1235.354	209.8188	1.690445	0.7643366	2.714232
41184	-1024.405	-1235.567	211.1614	1.795082	0.4148774	2.131366
41190	-1016.953	-1227.923	210.9695	1.978883	0.6784668	1.860481
41196	-1020.298	-1231.567	211.2689	1.920616	0.7109546	1.662422
41202	-1028.079	-1238.821	210.742	1.719254	0.7052553	2.161494
41208	-1030.006	-1241.156	211.1509	1.716167	0.4977965	2.09413
41214	-1025.37	-1236.923	211.5526	1.867412	0.6469791	1.556944
41220	-1010.176	-1221.203	211.0277	1.751952	0.5471246	2.099566
41226	-1002.771	-1213.388	210.6164	1.46861	0.5663675	2.524242
41232	-1000.545	-1211.112	210.5668	1.614264	0.7618698	2.296168
41238	-1002.542	-1213.68	211.1376	1.806109	0.8248764	1.738263
41244	-1007.114	-1218.239	211.1251	1.969604	0.7014718	1.738263
41250	-1002.381	-1213.845	211.4643	1.969604	0.5076216	1.697663
41256	-1002.099	-1213.222	211.1224	2.111391	0.7116339	1.630005
41262	-1004.087	-1215.385	211.2982	2.130659	0.5761083	1.624689
41268	-1012.612	-1224.362	211.75	2.185218	0.6572306	1.133725
41274	-1020.323	-1231.657	211.3338	2.190699	0.9503945	1.189565
41280	-1014.252	-1225.831	211.5791	2.227414	0.781011	1.107115
41286	-1023.557	-1235.067	211.5107	2.062102	0.6941171	1.393458
41292	-1005.832	-1217.109	211.2773	1.905003	0.7103179	1.668115
41298	-1007.024	-1217.508	210.484	1.579296	0.7856155	2.3529
41304	-998.947	-1209.568	210.6208	1.705083	0.5407668	2.397813
41310	-1019.675	-1230.523	210.8478	1.626289	0.5964414	2.249795
41316	-1006.886	-1218.034	211.1482	1.893234	0.482686	1.995497
41322	-1001.686	-1211.63	209.9437	1.598155	0.8187188	2.654421
41328	-1009.827	-1220.474	210.6473	1.802789	0.5655532	2.294627
41334	-1041.684	-1252.713	211.0294	1.54317	0.4466771	2.341119
41340	-1029.037	-1240.29	211.2529	1.625544	0.7041842	1.885182
41346	-1013.104	-1224.59	211.4858	1.694547	0.3670289	2.045817
41352	-1025.451	-1237.573	212.1221	1.688559	0.3722838	1.603528
41358	-1034.418	-1245.857	211.4391	1.94968	0.5750319	1.654644
41364	-1022.015	-1233.503	211.4876	1.586268	0.491633	1.963684
41370	-1034.133	-1245.666	211.5333	1.680289	0.6043381	1.748168
41376	-1033.722	-1245.449	211.7274	1.966053	0.570846	1.433822
41382	-1031.283	-1243.148	211.8646	2.132135	0.3343936	1.525114
41388	-1022.061	-1233.074	211.0132	1.910595	0.4270873	2.137885
41394	-1018.324	-1229.359	211.0349	2.014499	0.3625516	2.137885
41400	-1000.817	-1212.531	211.7139	1.914335	0.3625516	1.747742
41406	-1009.366	-1220.553	211.1877	1.924033	0.3458394	2.120009
41412	-1003.447	-1215.15	211.7029	2.029653	0.3646047	1.671025
41418	-1015.354	-1227.193	211.8389	2.355276	0.3183525	1.402003
41424	-1015.66	-1225.41	209.7492	1.596283	0.5618648	2.980483
41430	-1009.606	-1220.296	210.6898	1.729133	0.552214	2.327508
41436	-1012.873	-1223.806	210.9332	1.501336	0.3910484	2.49372
41442	-1018.723	-1228.532	209.8091	1.476547	0.6639083	2.928442
41448	-1004.498	-1214.503	210.0058	1.557036	0.546661	2.863473
41454	-1017.39	-1226.413	209.0221	1.348971	0.5131511	3.600477
41460	-1023.05	-1232.554	209.5043	1.433626	0.6862833	3.118894
41466	-1027.468	-1237.645	210.1765	1.600772	0.6362518	2.652075
41472	-1010.6	-1222.322	211.7225	2.278982	0.3973098	1.423992
41478	-1010.437	-1221.618	211.1805	2.144708	0.7091209	1.565778
41484	-1017.907	-1229.509	211.6021	1.960958	0.5570832	1.547714
41490	-1004.556	-1216.288	211.7321	1.911782	0.3286652	1.787008
41496	-1016.87	-1228.088	211.2181	1.976486	0.4525788	1.927712
41502	-1038.709	-1250.002	211.2926	1.879849	0.4388667	1.959141
41508	-1050.948	-1261.62	210.6715	1.877942	0.3834864	2.430942
41514	-1034.343	-1245.648	211.3043	2.16092	1.288131	0.9518356
41520	-1019.9	-1231.42	211.5199	2.146945	0.981559	1.030689
41526	-1025.529	-1237.227	211.6986	2.049666	0.853215	1.083518
41532	-1018.568	-1229.129	210.5612	2.023257	1.427236	1.595186
41538	-1019.524	-1230.77	211.2454	1.834636	0.8816498	1.595186
41544	-1017.543	-1228.593	211.0499	1.669529	0.572147	2.114009
41550	-1042.353	-1254.031	211.6782	1.965002	0.613787	1.424019
41556	-1038.708	-1250.5	211.7922	1.94416	0.6926902	1.263776
41562	-1013.16	-1225.126	211.9666	2.073171	0.6580472	1.035638
41568	-1011.422	-1223.379	211.957	2.067472	0.3593003	1.464606
41574	-1005.458	-1217.223	211.7649	2.103173	0.3593003	1.581044
41580	-1015.776	-1227.291	211.5152	1.987321	0.4682592	1.696014
41586	-1031.719	-1242.451	210.7326	1.823325	0.480349	2.314335
41592	-1012.603	-1223.802	211.1989	1.872692	0.480349	1.978007
41598	-1015.692	-1226.774	211.0815	1.872121	0.5532762	1.978007
41604	-1019.564	-1230.327	210.7636	1.833941	0.5704635	2.19498
41610	-1019.328	-1231.316	211.9877	2.138887	0.4554512	1.237547
41616	-1021.802	-1233.719	211.9167	2.325364	0.4008701	1.224995
41622	-1018.583	-1230.409	211.826	2.416105	0.4008701	1.224995
41628	-1016.582	-1228.665	212.0836	2.321869	0.4463946	0.9991724
41634	-1021.34	-1233.679	212.3391	2.187878	0.265108	1.235731
41640	-1045.621	-1256.824	211.2026	1.936386	0.5601228	1.845358
41646	-1032.864	-1243.92	211.0564	1.893784	0.5955051	1.93779
41652	-1015.272	-1227.19	211.9176	1.912381	0.4316769	1.505126
41658	-1011.919	-1223.849	211.9309	1.860385	0.3837842	1.600891
41664	-1015.389	-1226.75	211.3617	1.835147	0.5727238	1.792345
41670	-1018.553	-1229.457	210.9039	1.609447	0.8972463	1.977404
41676	-1021.222	-1232.422	211.2006	1.534317	0.4549811	2.227747
41682	-1023.628	-1234.477	210.849	1.726379	0.3668463	2.435735
41688	-1014.944	-1225.847	210.9029	1.641862	0.5904899	2.209889
41694	-1017.028	-1228.33	211.302	1.724482	0.4819482	2.006318
41700	-1012.435	-1224.32	211.8855	2.019462	0.4462997	1.428161
41706	-1009.423	-1220.525	211.1025	1.697087	0.6882442	1.952588
41712	-1024.486	-1236.001	211.5155	1.998628	0.4902637	1.66106
41718	-1023.55	-1234.772	211.2217	2.021567	1.183997	1.239052
41724	-1016.61	-1228.299	211.6881	1.82413	0.370649	1.816848
41730	-1045.109	-1257.258	212.1492	2.056476	0.5149407	1.079402
41736	-1012.279	-1223.438	211.1595	1.846956	0.7263627	1.777577
41742	-1030.068	-1241.293	211.2247	1.876702	0.5758964	1.854822
41748	-1021.855	-1232.232	210.3767	1.76095	0.9707764	2.173958
41754	-1027.999	-1238.037	210.0377	1.848597	0.9149377	2.372476
41760	-1020.126	-1230.82	210.6937	1.853221	0.5991965	2.200219
41766	-1014.388	-1226.153	211.7646	1.979426	0.638157	1.317562
41772	-1022.568	-1234.164	211.5958	1.728725	0.4661519	1.822915
41778	-1016.234	-1227.825	211.591	1.896745	0.9264389	1.2421
41784	-1019.122	-1230.864	211.7416	2.104825	0.9254576	0.9049434
41790	-1027.653	-1239.522	211.8687	2.209504	0.8324971	0.7389366
41796	-1013.825	-1225.801	211.9765	2.121434	0.6971683	0.9228758
41802	-1026.156	-1237.41	211.2536	2.615864	1.1217	0.5134634
41808	-1008.455	-1219.735	211.2798	2.585198	1.1217	0.5508938
41814	-1025.649	-1237.076	211.4275	2.585198	0.9713665	0.5363096
41820	-1018.328	-1229.74	211.4119	2.60238	0.9713665	0.4788459
41826	-1009.302	-1220.722	211.42	2.41883	1.113849	0.6511599
41832	-1020.646	-1231.903	211.2566	2.456942	1.256198	0.6511599
41838	-1040.085	-1251.742	211.6572	2.461311	0.8401753	0.6511599
41844	-1030.846	-1242.756	211.9097	2.346435	0.7450713	0.5871997
41850	-1009.542	-1221.163	211.6209	2.346435	0.9216892	0.7576648
41856	-1010.46	-1222.111	211.6508	2.415669	0.8798418	0.6670158
41862	-1014.904	-1226.446	211.5416	2.570491	0.8798418	0.4899161
41868	-1015.651	-1227.106	211.455	2.414143	1.082981	0.6478477
41874	-1008.166	-1219.703	211.5372	2.342432	1.071865	0.6478477
41880	-1019.357	-1231.035	211.6781	2.403701	0.8061314	0.7784749
41886	-1016.08	-1227.771	211.6912	2.387501	0.8444074	0.7163231
41892	-1021.963	-1233.577	211.6141	2.173316	0.982769	0.9045219
41898	-1021.66	-1232.883	211.2225	2.246423	1.261372	0.9711613
41904	-1013.882	-1224.932	211.0498	2.27128	1.407302	1.002133
41910	-1012.344	-1224.282	211.9381	2.24689	0.7193925	0.7824638
41916	-1012.103	-1223.802	211.6984	2.117776	0.9297673	0.933129
41922	-1007.213	-1219.407	212.1943	2.125862	0.5640787	0.8835601
41928	-1019.3	-1231.169	211.8692	1.758013	0.6048271	1.446205
41934	-1033.725	-1245.629	211.9041	1.936192	0.6788456	1.191514
41940	-1030.878	-1242.447	211.5698	1.945016	0.9574958	1.191514
41946	-1038.688	-1250.745	212.0565	2.029287	0.5304345	1.165128
41952	-1047.563	-1258.142	210.5786	1.767371	0.3341235	2.621641
41958	-1039.033	-1249.824	210.7912	1.561258	0.7795979	2.171891
41964	-1020.091	-1231.386	211.2945	1.706991	0.5526116	1.946606
41970	-1025.976	-1237.203	211.2267	1.65867	0.6316511	1.946606
41976	-1028.46	-1239.859	211.3995	1.835452	0.4838587	1.863507
41982	-1043.405	-1255.195	211.7902	1.757441	0.6415494	1.467166
41988	-1039.661	-1251.314	211.6529	1.894789	0.6415494	1.467166
41994	-1025.308	-1237.025	211.7169	2.065782	0.439675	1.529539
42000	-1030.963	-1242.216	211.2538	1.92258	0.5741455	1.805022
42006	-1027.876	-1238.826	210.9494	1.914688	0.6578881	1.936505
42012	-1025.052	-1236.073	211.0212	1.6885	0.5537555	2.138648
42018	-1037.479	-1248.697	211.2182	2.038707	0.4793794	1.853729
42024	-1022.049	-1233.593	211.5445	2.029227	0.4539851	1.66303
42030	-1022.484	-1233.684	211.1995	1.943611	0.7325122	1.675954
42036	-1014.879	-1227.156	212.2773	2.11171	0.459043	0.9932461
42042	-1012.069	-1223.912	211.8434	2.136803	0.6626011	1.08616
42048	-1026.81	-1238.519	211.7096	2.139086	0.6107016	1.263825
42054	-1022.143	-1233.726	211.5829	2.0909	1.049797	0.9556984
42060	-1047.722	-1259.701	211.9797	2.077691	0.7504677	0.8925646
42066	-1026.318	-1238.022	211.7041	2.046199	0.8628715	1.071521
42072	-1029.884	-1241.402	211.5177	2.187454	1.142311	0.8207077
42078	-1031.631	-1242.892	211.2611	2.226495	1.322566	0.896759
42084	-1041.582	-1252.657	211.0749	1.866613	0.587001	1.952054
42090	-1036.994	-1248.407	211.4125	1.720468	0.5619823	1.847534
42096	-1026.088	-1237.125	211.0372	1.896821	0.4154212	2.145372
42102	-1027.637	-1238.115	210.4776	1.888946	0.4486367	2.468981
42108	-1029.66	-1239.632	209.9722	1.842228	0.4614798	2.79586
42114	-1033.064	-1244.55	211.4869	1.754733	0.5019718	1.83824
42120	-1032.123	-1244.311	212.1877	2.220928	0.363768	1.144678
42126	-1026.859	-1238.874	212.015	2.029016	0.5725231	1.144678
42132	-1012.14	-1224.338	212.1989	2.252176	0.320391	1.188783
42138	-1022.21	-1234.555	212.3451	2.252176	0.2889305	1.12392
42144	-1019.844	-1231.773	211.9287	2.30901	0.3974469	1.234205
42150	-1013.349	-1225.308	211.959	2.114273	0.3537565	1.436178
42156	-1021.228	-1233.1	211.8723	1.992403	0.3946956	1.531191
42162	-1028.407	-1239.54	211.1324	1.875681	0.6380658	1.857263
42168	-1017.116	-1228.607	211.4902	1.875681	0.4307649	1.837832
42174	-1025.921	-1236.709	210.7888	1.769465	0.5345495	2.256024
42180	-1018.234	-1228.672	210.4385	1.682212	0.5345495	2.532665
42186	-1025.855	-1236.415	210.5601	1.603645	0.5116002	2.528746
42192	-1016.839	-1227.319	210.4797	1.658541	0.5821826	2.476138
42198	-1018.076	-1227.282	209.2061	1.632637	0.7120289	3.1579
42204	-1015.449	-1225.241	209.7917	1.47452	0.4235769	3.166258
42210	-1027.423	-1238.877	211.454	2.008323	0.5294019	1.652426
42216	-1024.96	-1236.735	211.7754	2.035954	0.4011975	1.561337
42222	-1013.613	-1224.012	210.3992	1.670855	0.3469392	2.774154
42228	-1030.226	-1240.266	210.0399	1.776128	0.4481214	2.809241
42234	-1029.415	-1240.087	210.672	1.712033	0.4811981	2.422353
42240	-1031.565	-1242.473	210.9083	1.955529	0.7154654	1.885217
42246	-1028.729	-1240.497	211.7688	1.843033	0.6038238	1.459006
42252	-1035.824	-1247.92	212.0957	1.88655	0.3272586	1.547413
42258	-1028.859	-1240.504	211.6451	1.936399	0.3910117	1.740454
42264	-1016.344	-1227.706	211.3627	1.694155	0.4123936	2.068567
42270	-1003.986	-1214.364	210.3778	1.711213	0.4631015	2.625799
42276	-1009.651	-1221.41	211.7593	2.126368	0.4631015	1.420159
42282	-1009.647	-1221.501	211.8544	2.015814	0.4344203	1.471007
42288	-1017.572	-1228.611	211.0395	1.855925	0.4344203	2.147601
42294	-1020.932	-1232.517	211.5857	2.13164	1.140429	0.8071009
42300	-1028.123	-1239.819	211.6962	2.222041	0.9319745	0.8103479
42306	-1022.13	-1233.685	211.555	2.363266	0.9319745	0.8103479
42312	-1011.169	-1223.259	212.0896	2.398376	0.5747191	0.5880373
42318	-1007.885	-1220.138	212.2534	2.129451	0.6168819	0.6889244
42324	-1014.262	-1226.46	212.1976	2.343489	0.4596772	0.8220497
42330	-1007.42	-1219.188	211.7681	2.337921	0.8692475	0.6008407
42336	-1020.176	-1232.293	212.1166	2.373415	0.5802049	0.5435136
42342	-1015.271	-1226.965	211.6943	1.910934	0.5905303	1.478709
42348	-1021.08	-1232.25	211.1696	1.911187	0.4956511	1.954545
42354	-1019.459	-1231.236	211.7771	2.092794	0.9659261	0.8271425
42360	-1026.854	-1237.58	210.726	1.89979	0.4382641	2.316845
42366	-1016.889	-1227.594	210.705	1.782262	0.7186863	2.133244
42372	-1015.376	-1226.398	211.0218	1.879944	0.3986993	2.187085
42378	-1033.77	-1244.438	210.6677	1.762374	0.9067329	2.026116
42384	-1021.875	-1233.218	211.3425	1.996195	0.587426	1.677242
42390	-1025.371	-1237.463	212.0928	2.066081	0.5063411	1.134896
42396	-1015.512	-1227.219	211.7061	2.071838	0.6731779	1.250648
42402	-1031.369	-1243.051	211.6824	2.116195	0.6731779	1.233415
42408	-1021.834	-1233.161	211.3269	2.0869	1.105672	1.153223
42414	-1032.605	-1243.95	211.3448	2.012745	0.9829857	1.301135
42420	-1033.203	-1244.078	210.8747	1.979444	0.7719809	1.843774
42426	-1024.327	-1235.656	211.3288	2.166317	0.3879092	1.80487
42432	-1028.009	-1239.91	211.901	2.339195	0.4230512	1.190841
42438	-1023.996	-1235.285	211.2893	2.303762	0.5137792	1.575826
42444	-1020.438	-1230.86	210.4219	1.746882	0.8430092	2.242747
42450	-1014.996	-1226.248	211.2519	1.812046	0.5209241	1.938092
42456	-1009.2	-1220.858	211.6583	1.947147	0.9632197	1.106077
42462	-1009.452	-1220.807	211.3559	1.953118	0.9496741	1.367299
42468	-1003.179	-1215.227	212.0475	2.137283	0.7164273	0.7879281
42474	-1021.724	-1233.439	211.7143	2.151961	0.6215899	1.236209
42480	-1002.8	-1214.606	211.8066	2.182079	0.9136799	0.7383303
42486	-1022.867	-1234.868	212.0003	2.183894	0.683191	0.8446094
42492	-1025.962	-1237.16	211.197	1.797478	0.7263162	1.785949
42498	-1027.818	-1239.556	211.7386	2.026021	0.4723289	1.5
42504	-1042.518	-1253.684	211.1655	2.70922	1.112613	0.4598102
42510	-1022.846	-1234.12	211.2743	1.913465	1.184079	1.284885
42516	-1033.202	-1245.086	211.8837	2.006918	0.6735184	1.153809
42522	-1016.293	-1226.343	210.0505	1.484562	0.4657164	2.960469
42528	-1032.7	-1243.354	210.6541	1.621073	0.2899338	2.726963
42534	-1013.079	-1223.268	210.1889	3.088213	1.711133	0.2824986
42540	-1023.002	-1233.703	210.7008	2.963075	1.209015	0.2876954
42546	-1023.802	-1234.35	210.5485	2.935787	1.430313	0.2876954
42552	-1013.967	-1222.3	208.3334	1.231049	0.5303214	4.048686
42558	-1017.722	-1226.541	208.8183	1.359615	0.5303214	3.696426
42564	-1022.929	-1234.219	211.2905	1.724571	0.4168472	2.090558
42570	-1030.59	-1238.547	207.9565	1.344304	0.7871459	3.998368
42576	-1032.632	-1240.839	208.2076	1.607851	0.6940915	3.769759
42582	-1022.219	-1232.297	210.0785	1.69463	0.471749	2.810169
42588	-1027.651	-1238.132	210.4805	1.787764	0.557696	2.417617
42594	-1028.644	-1240.056	211.4115	1.910956	0.557696	1.720468
42600	-1034.437	-1245.577	211.1408	2.608548	1.258792	0.4917808
42606	-1019.672	-1230.804	211.1324	2.646276	1.224248	0.4916143
42612	-1014.927	-1225.772	210.8451	1.926005	0.5434968	2.108904
42618	-1007.035	-1217.773	210.7377	1.996224	0.7240611	1.96557
42624	-1008.759	-1219.19	210.4313	1.788933	0.5005776	2.504777
42630	-1008.184	-1219.016	210.8329	1.762388	0.5005776	2.267503
42636	-1009.525	-1220.294	210.7686	1.78544	0.3246124	2.50538
42642	-1009.256	-1219.95	210.6932	1.553091	0.484398	2.50538
42648	-1028.222	-1238.615	210.3932	1.518113	0.682692	2.529909
42654	-1023.274	-1233.242	209.9683	1.583372	0.7025033	2.735845
42660	-1025.264	-1236.427	211.1627	1.668038	0.5649545	2.047898
42666	-1020.122	-1231.437	211.3156	1.842981	0.4426018	1.963952
42672	-1043.797	-1255.19	211.3933	2.611097	0.9692285	0.4235435
42678	-1032.908	-1244.291	211.3823	2.491457	1.108105	0.5684657
42684	-1026.088	-1238.112	212.0241	2.491457	0.5599625	0.5684657
42690	-1002.633	-1214.398	211.7653	2.432959	0.7978006	0.5638589
42696	-1019.604	-1231.592	211.9881	2.341027	0.6908031	0.5739038
42702	-1019.142	-1230.515	211.3732	2.146039	0.5769943	1.557775
42708	-1018.232	-1229.774	211.5422	2.127943	0.4035804	1.660428
42714	-1006.207	-1218.136	211.9287	1.974867	0.4087795	1.481865
42720	-1004.045	-1215.32	211.2743	2.033038	0.5006842	1.794355
42726	-1022.33	-1233.352	211.022	1.779572	0.5006842	2.133914
42732	-1012.31	-1223.417	211.1074	2.918578	0.8880048	0.3282644
42738	-1008.646	-1219.952	211.3059	2.720098	0.8880048	0.3282644
42744	-1009.27	-1220.685	211.4152	2.52734	1.018315	0.3953077
42750	-1038.824	-1250.457	211.6334	2.522284	0.837455	0.5467507
42756	-1018.739	-1230.356	211.6167	2.507473	0.8653967	0.5467507
42762	-1006.631	-1218.065	211.4341	2.536936	1.010061	0.5530605
42768	-1016.859	-1228.44	211.5815	2.33451	1.010061	0.6941489
42774	-1016.912	-1228.582	211.6699	2.382238	0.8906834	0.6718628
42780	-1011.142	-1222.611	211.4687	2.32778	1.139113	0.6891661
42786	-1028.003	-1239.491	211.4873	2.185827	1.139113	0.8636655
42792	-1018.991	-1230.351	211.3604	2.427285	1.199528	0.583356
42798	-1037.05	-1248.359	211.3087	2.467445	1.199528	0.6178995
42804	-1036.961	-1248.274	211.313	2.563592	1.106437	0.5626938
42810	-1035.251	-1246.058	210.807	1.906441	0.3899503	2.318991
42816	-1026.457	-1237.347	210.8904	1.991455	0.6994201	1.887074
42822	-1025.09	-1236.831	211.7407	2.169498	0.9726052	0.7636961
42828	-1028.266	-1239.432	211.1664	2.184678	1.569489	0.8373606
42834	-1029.26	-1240.337	211.0768	1.807514	0.3929454	2.205541
42840	-1028.645	-1239.051	210.4054	1.956395	0.8196348	2.135026
42846	-1028.192	-1239.172	210.9802	1.860668	0.3878483	2.240051
42852	-1010.355	-1220.385	210.0307	1.681253	0.6339264	2.694239
42858	-1017.183	-1227.702	210.5192	1.650336	0.6060286	2.434593
42864	-1007.048	-1218.054	211.0065	1.804531	0.5042047	2.123902
42870	-1004.555	-1215.706	211.151	1.842963	0.4929825	2.015563
42876	-1020.11	-1231.14	211.03	1.780717	0.408381	2.233863
42882	-1004.559	-1214.817	210.258	1.506394	0.4607984	2.827031
42888	-1026.974	-1237.085	210.1111	1.50368	0.5519614	2.827031
42894	-1017.635	-1228.045	210.4098	1.630189	0.6347488	2.490306
42900	-1028.152	-1239.957	211.8048	2.086352	0.3813529	1.531084
42906	-1037.04	-1249.081	212.0406	1.939887	0.3859691	1.457042
42912	-1022.414	-1234.024	211.6095	2.055577	1.09099	0.9232562
42918	-1022.442	-1234.067	211.6258	1.918244	0.8786482	1.238185
42924	-1021.025	-1232.831	211.8054	1.973499	0.8764234	1.029811
42930	-1021.176	-1232.678	211.502	2.235963	1.170332	0.7399626
42936	-1024.637	-1236.108	211.4708	2.423846	1.089836	0.5498835
42942	-1015.702	-1227.476	211.7746	2.363225	0.8559222	0.5235321
42948	-1018.232	-1229.547	211.3148	2.570374	1.104533	0.4849276
42954	-1025.971	-1237.298	211.3266	2.551639	1.106192	0.4478165
42960	-1029.156	-1240.541	211.3853	2.154896	0.8031221	1.312017
42966	-1016.784	-1228.332	211.5484	2.013748	0.8031221	1.294187
42972	-1008.701	-1220.083	211.3818	1.983637	0.9699588	1.305459
42978	-1014.728	-1226.482	211.7534	1.975596	0.657584	1.308137
42984	-1029.7	-1241.072	211.3721	2.026126	0.9552969	1.291113
42990	-1020.915	-1232.245	211.3291	2.595468	1.057731	0.5525832
42996	-1009.741	-1221.514	211.7728	2.376972	0.8444883	0.5320035
43002	-1019.353	-1230.721	211.3678	2.383762	1.254062	0.5320035
43008	-1033.14	-1244.749	211.6088	2.383762	0.9875006	0.5582665
43014	-1021.567	-1232.254	210.6867	1.891979	0.5484845	2.228907
43020	-1015.645	-1226.832	211.1873	2.746037	1.011552	0.3695378
43026	-1012.842	-1224.134	211.2923	2.674373	1.011552	0.4387956
43032	-1027.077	-1238.568	211.491	2.566506	0.9193644	0.4265778
43038	-1033.994	-1245.459	211.4656	2.602225	0.9193644	0.5295924
43044	-1023.22	-1234.889	211.6688	2.333147	0.8595146	0.8038734
43050	-1015.881	-1227.84	211.9589	2.280778	0.6337732	0.8588679
43056	-1017.765	-1229.62	211.8546	2.092532	0.7537204	1.005052
43062	-1023.693	-1235.216	211.5238	2.092532	0.9897733	1.070982
43068	-1013.514	-1225.187	211.6731	2.177156	0.9752856	0.8397305
43074	-1035.764	-1247.394	211.6296	1.952149	0.6638715	1.417713
43080	-1026.977	-1238.874	211.8974	2.119256	0.6989201	1.004986
43086	-1017.378	-1229.061	211.6825	2.130582	0.9028356	0.9667278
43092	-1005.92	-1217.627	211.7075	2.024839	0.9453215	1.002935
43098	-1014.202	-1225.637	211.4348	2.076877	0.9843552	1.170405
43104	-1023.55	-1234.591	211.041	2.076877	1.0654	1.426418
43110	-1022.023	-1233.758	211.7352	1.877523	0.7186216	1.336957
43116	-1012.692	-1224.62	211.928	2.224304	0.6568396	0.9221546
43122	-1026.801	-1238.224	211.4227	2.122031	1.234821	0.9143289
43128	-1031.24	-1242.65	211.41	2.060776	0.7368872	1.430022
43134	-1029.756	-1241.21	211.4538	1.844772	0.8740588	1.438393
43140	-1034.115	-1245.677	211.5616	1.88951	0.7461769	1.436208
43146	-1022.952	-1234.512	211.56	2.132711	0.9816739	1.005218
43152	-1019.359	-1229.24	209.8809	1.528368	0.6088823	2.900144
43158	-1036.28	-1246.115	209.835	1.666867	0.2877105	3.195578
43164	-1034.094	-1243.462	209.3681	1.696276	0.4728043	3.233841
43170	-1040.584	-1251.691	211.1071	1.666246	0.6018361	2.04968
43176	-1016.421	-1227.229	210.8082	1.559114	0.5478852	2.364581
43182	-1014.822	-1225.204	210.3821	1.662121	0.5739797	2.542517
43188	-1015.745	-1227.503	211.7578	1.690192	0.334977	1.911847
43194	-1015.869	-1227.233	211.364	1.734278	0.3580811	2.111986
43200	-1015.65	-1226.772	211.1221	1.770019	0.4297665	2.155318
43206	-1008.368	-1219.948	211.5801	2.151827	0.5673736	1.408188
43212	-1008.615	-1219.813	211.198	1.82609	0.654657	1.830637
43218	-998.8606	-1210.389	211.5284	1.82265	0.5200311	1.741891
43224	-1014.703	-1226.397	211.6947	1.950349	0.5813967	1.458749
43230	-1003.5	-1215.325	211.8245	2.18517	0.5296471	1.231578
43236	-1016.119	-1227.63	211.5105	2.068161	0.4650198	1.645634
43242	-1011.971	-1223.719	211.7486	2.000634	0.5502369	1.415125
43248	-1005.803	-1216.926	211.1229	1.907559	0.679615	1.803029
43254	-1023.119	-1234.515	211.3967	2.016372	0.679615	1.52945
43260	-1012.199	-1223.038	210.8389	1.958614	0.5199777	2.115977
43266	-1012.727	-1224.729	212.0018	1.835228	0.5639386	1.329512
43272	-1024.911	-1235.479	210.5676	1.668945	0.7710679	2.253439
43278	-1030.077	-1240.35	210.2733	1.515035	0.7313602	2.567311
43284	-1029.159	-1239.857	210.6984	1.953812	0.786766	1.968609
43290	-1027.904	-1238.915	211.0113	1.788974	0.9776977	1.722804
43296	-1030.529	-1240.555	210.0268	1.754225	1.734379	2.001993
43302	-1026.746	-1237.953	211.2071	1.925348	0.5964897	1.812518
43308	-1032.441	-1243.389	210.9484	1.835064	0.4808192	2.167394
43314	-1010.979	-1221.961	210.9813	1.790166	0.4808192	2.175152
43320	-1019.861	-1230.144	210.2836	1.881554	0.5344138	2.505067
43326	-1020.929	-1232.128	211.1991	1.817285	0.4906836	2.003221
43332	-1020.506	-1231.332	210.8263	1.658003	0.4906836	2.348835
43338	-1033.42	-1244.649	211.2284	2.020281	0.3612938	2.008289
43344	-1034.253	-1244.637	210.3833	1.613645	0.3707358	2.78859
43350	-1012.943	-1222.399	209.4562	1.735819	0.6200049	3.021308
43356	-1011.437	-1222.273	210.8362	1.879543	0.4672836	2.226271
43362	-1025.438	-1236.725	211.2872	1.995248	0.4810413	1.834274
43368	-1026.512	-1238.042	211.5304	1.945748	0.3895419	1.815706
43374	-1017.887	-1229.381	211.494	2.043536	0.4633716	1.677144
43380	-1029.101	-1239.333	210.2319	1.950506	0.5716032	2.458381
43386	-1040.089	-1251.194	211.1054	2.160468	0.797119	1.529383
43392	-1014.362	-1225.679	211.3176	1.927953	0.766326	1.571667
43398	-1031.685	-1243.405	211.7208	1.767665	0.5222355	1.641872
43404	-1037.905	-1249.281	211.3763	1.971491	0.5312037	1.731669
43410	-1028.469	-1239.864	211.395	2.115164	0.4354412	1.731669
43416	-1021.777	-1233.422	211.6447	2.021839	0.5091111	1.527213
43422	-1016.997	-1228.572	211.5751	2.036925	0.5974669	1.465884
43428	-1025.833	-1237.772	211.9387	2.273973	0.4773086	1.130169
43434	-1016.388	-1228.063	211.6752	2.207579	1.018533	0.7356642
43440	-1015.142	-1227.324	212.182	2.207579	0.5785567	0.7675115
43446	-1014.964	-1227.15	212.1861	2.043423	0.5950217	0.9329983
43452	-1030.386	-1241.736	211.3503	2.295336	1.202242	0.8288633
43458	-1042.288	-1253.93	211.6424	2.204625	1.01318	0.7947932
43464	-1027.792	-1239.648	211.8564	2.133931	0.442322	1.367206
43470	-1016.909	-1228.274	211.365	1.961581	0.4937832	1.788935
43476	-1026.77	-1237.84	211.0697	1.943347	0.5333384	1.959038
43482	-1022.66	-1234.186	211.5259	2.071913	1.001745	1.077082
43488	-1013.227	-1223.94	210.7126	2.136021	1.490199	1.359579
43494	-1015.07	-1226.476	211.4065	2.107332	0.7769124	1.358096
43500	-1014.039	-1225.573	211.5339	2.222858	0.8263117	1.103895
43506	-1020.452	-1231.64	211.1874	2.201638	1.287044	1.029671
43512	-1018.371	-1230.196	211.8247	1.965732	0.5534951	1.379102
43518	-1041.262	-1252.109	210.8467	2.014533	1.092024	1.599394
43524	-1007.137	-1218.802	211.6648	2.10793	0.9974508	0.9043274
43530	-1016.424	-1227.551	211.1267	2.043973	1.432954	1.125584
43536	-1027.766	-1238.697	210.9305	2.094677	1.432954	1.25125
43542	-1008.162	-1218.696	210.5342	2.277168	1.736151	1.25125
43548	-1029.05	-1240.517	211.467	2.316325	0.9628293	0.9313454
43554	-1016.286	-1227.76	211.4737	2.316325	1.078807	0.7860504
43560	-1022.287	-1233.875	211.5872	2.157134	0.9381661	0.9984166
43566	-1017.134	-1228.682	211.5481	2.24042	0.9381661	0.9530951
43572	-1012.687	-1224.347	211.6597	2.24042	0.9381661	0.8253675
43578	-1006.357	-1217.811	211.4533	2.148906	1.02504	1.051154
43584	-1012.262	-1223.879	211.6169	2.151078	0.7002967	1.229088
43590	-1015.865	-1226.948	211.0833	2.211935	1.097473	1.261042
43596	-1017.388	-1228.646	211.2585	1.947055	1.00701	1.402591
43602	-1025.436	-1236.833	211.3973	1.746079	0.6475433	1.754679
43608	-995.8113	-1207.282	211.4703	1.705397	0.6475433	1.73201
43614	-1003.263	-1214.184	210.9212	1.622812	0.6275627	2.175793
43620	-1016.539	-1227.033	210.4945	1.864648	0.7691511	2.175793
43626	-1000.486	-1211.001	210.5141	1.658495	0.7757484	2.290796
43632	-1002.844	-1214.102	211.258	1.861711	0.7051087	1.717354
43638	-1006.397	-1217.719	211.3223	1.796401	0.9056344	1.547724
43644	-1005.645	-1216.957	211.3127	1.63192	0.7035476	1.840533
43650	-1011.964	-1222.903	210.9388	1.837042	1.027129	1.705244
43656	-1008.484	-1219.237	210.7529	1.624011	1.027129	1.979158
43662	-1003.443	-1214.955	211.5126	1.723881	0.7915586	1.55603
43668	-999.0234	-1210.611	211.5873	1.801905	0.8682516	1.373038
43674	-1021.382	-1232.312	210.9301	1.855629	1.163671	1.606717
43680	-1007.488	-1218.905	211.4175	2.009046	0.9691777	1.256006
43686	-1009.992	-1221.489	211.497	2.057852	1.052985	1.070268
43692	-1016.625	-1228.663	212.0384	2.086223	0.5731986	1.070268
43698	-1025.087	-1236.176	211.0893	2.151434	1.398968	1.08541
43704	-1009.669	-1220.812	211.1429	2.179048	1.398968	1.007685
43710	-1014.174	-1225.674	211.4997	2.399713	0.9301547	0.8368159
43716	-1025.948	-1237.532	211.5839	2.236546	0.8429678	1.025837
43722	-1014.553	-1225.866	211.3127	2.343365	1.158371	0.8633514
43728	-1006.275	-1216.743	210.4676	2.365033	2.12659	1.020925
43734	-1015.689	-1226.379	210.69	2.548525	1.751553	0.8234267
43740	-1012.435	-1223.194	210.7591	2.558903	1.751553	0.7086338
43746	-1011.713	-1222.992	211.2791	2.558903	1.0822	0.7086338
43752	-1019.076	-1229.729	210.6532	2.300692	2.097825	0.9119657
43758	-1022.014	-1232.844	210.83	2.20613	1.88483	0.9583854
43764	-1011.687	-1223.354	211.6671	2.20613	0.9182384	0.8832543
43770	-1009.192	-1220.588	211.3966	2.190489	0.9749648	1.111833
43776	-1000.242	-1211.379	211.1372	2.101032	1.203376	1.229022
43782	-1013.867	-1225.06	211.1929	2.152324	1.085872	1.228323
43788	-1008.621	-1220.376	211.7554	2.250896	0.5278651	1.236806
43794	-1010.398	-1222.142	211.7447	2.178266	0.4537036	1.404066
43800	-1021.418	-1233.109	211.6913	1.996925	0.389737	1.666684
43806	-1029.824	-1241.359	211.5349	1.865835	0.5521523	1.671006
43812	-1038.268	-1249.898	211.6303	2.111856	0.9101524	1.029876
43818	-1028.819	-1240.381	211.5616	2.303072	0.8733764	0.9464269
43824	-1025.699	-1237.582	211.8831	2.244944	0.3728573	1.362971
43830	-1038.079	-1250.246	212.1676	2.084903	0.3145954	1.362971
43836	-1022.265	-1234.386	212.1208	2.214035	0.2794768	1.362971
43842	-1022.166	-1233.211	211.045	1.974935	1.086291	1.485982
43848	-1029.695	-1241.008	211.3133	1.939684	1.053689	1.329179
43854	-1040.622	-1252.395	211.7737	2.237334	0.3368018	1.510588
43860	-1042.034	-1253.378	211.3433	2.179026	0.282608	1.942618
43866	-1040.792	-1252.544	211.7522	2.090985	0.3667603	1.588031
43872	-1031.825	-1243.509	211.6839	1.91454	0.4378762	1.666
43878	-1024.112	-1236.024	211.9117	2.308703	0.4244119	1.205672
43884	-1023.603	-1235.476	211.873	2.398039	0.4312326	1.150755
43890	-1019.628	-1231.374	211.7463	2.09508	0.6532413	1.220029
43896	-1030.142	-1242.089	211.9474	2.146769	0.328077	1.462218
43902	-1015.794	-1227.361	211.5677	2.034874	0.443077	1.656313
43908	-1031.184	-1242.704	211.52	2.015367	0.6236384	1.495373
43914	-1017.331	-1228.768	211.4365	2.004738	0.5523488	1.641747
43920	-1015.41	-1226.789	211.3793	1.886707	0.6746141	1.641747
43926	-1016.786	-1227.333	210.5466	1.929624	0.6244499	2.222499
43932	-1026.219	-1237.525	211.3057	2.672531	0.9946314	0.4225038
43938	-1029.618	-1241.077	211.4584	2.530161	0.9946314	0.5405275
43944	-1025.914	-1236.698	210.7849	1.751799	0.6175765	2.189695
43950	-1019.587	-1231.144	211.5568	1.920518	0.645948	1.515534
43956	-1013.042	-1224.658	211.6159	2.176758	0.8224491	1.074783
43962	-1032.561	-1241.807	209.2467	2.119523	1.563104	2.347479
43968	-1016.895	-1228.311	211.4164	2.002922	0.8915955	1.328757
43974	-1015.106	-1226.259	211.1529	1.953988	0.4839708	1.950167
43980	-1006.806	-1217.771	210.9644	1.915006	0.6924161	1.894981
43986	-1009.526	-1221.009	211.4829	2.282997	0.7983268	1.1252
43992	-1025.048	-1235.599	210.5514	1.928175	0.8695379	2.020225
43998	-1015.372	-1226.803	211.4314	1.853047	0.4487061	1.871407
44004	-1008.64	-1219.464	210.8239	2.02681	0.7419257	1.871407
44010	-1007.559	-1218.903	211.3445	1.934201	0.4945014	1.821208
44016	-1011.615	-1222.667	211.0527	1.741989	0.386862	2.270958
44022	-1005.989	-1216.164	210.1758	1.688803	0.6310194	2.602621
44028	-1007.542	-1218.775	211.2335	1.846304	0.4659603	1.989009
44034	-1011.8	-1222.933	211.1323	1.911572	0.4869594	1.989009
44040	-1013.705	-1224.801	211.0958	2.114035	0.4575779	1.911415
44046	-1029.182	-1240.604	211.4214	1.788511	0.4575779	1.911415
44052	-1031.925	-1243.44	211.5145	1.905602	0.3270748	1.942338
44058	-1028.483	-1238.887	210.4045	1.807791	0.4488584	2.564999
44064	-1044.682	-1256.45	211.7681	2.119343	0.2262927	1.792872
44070	-1039.569	-1250.016	210.4465	1.452713	0.8598681	2.402397
44076	-1032.996	-1244.669	211.673	1.747582	0.6736189	1.52976
44082	-1024.786	-1236.339	211.5536	1.712914	0.390629	1.956896
44088	-1027.543	-1238.383	210.8405	1.681641	0.5320137	2.281771
44094	-1022.37	-1233.018	210.6481	1.682258	0.3519509	2.607777
44100	-1023.595	-1234.352	210.7572	1.757688	0.3209388	2.534885
44106	-1046.456	-1257.83	211.3745	2.022802	0.3209388	1.96682
44112	-1032.328	-1243.077	210.749	1.873054	0.5628435	2.186626
44118	-1028.437	-1238.518	210.0815	1.831304	0.5628435	2.634357
44124	-1017.201	-1228.163	210.962	1.777746	0.4136401	2.273102
44130	-1010.143	-1221.185	211.0422	1.767529	0.3176825	2.354138
44136	-1024.522	-1235.588	211.0651	1.932398	0.7848006	1.733531
44142	-1034.119	-1245.74	211.6207	2.167535	0.8532986	1.045655
44148	-1029.479	-1241.667	212.188	2.087549	0.4941738	1.045655
44154	-1033.328	-1244.731	211.4025	2.129029	1.094235	1.055362
44160	-1049.147	-1260.565	211.4183	2.26548	1.094235	0.8991398
44166	-1023.485	-1235.375	211.8901	2.280474	0.7987064	0.6423226
44172	-1023.16	-1235.032	211.872	2.308386	0.7987064	0.6187139
44178	-1024.509	-1236.637	212.1282	2.220872	0.5680768	0.8419365
44184	-1015.72	-1227.865	212.1443	2.335998	0.5680768	0.6361595
44190	-1014.961	-1226.8	211.839	2.354319	0.7675191	0.6729651
44196	-1021.578	-1233.374	211.7967	2.065313	0.780458	1.05611
44202	-1036.003	-1247.504	211.5016	1.973445	0.9428918	1.238236
44208	-1043.644	-1255.5	211.856	2.09528	0.4521315	1.384134
44214	-1013.711	-1225.509	211.7977	2.003342	0.8239875	1.065289
44220	-1032.138	-1243.805	211.667	2.188265	0.7287597	1.121298
44226	-1015.282	-1227.205	211.9235	2.047089	0.4443875	1.37982
44232	-1004.972	-1216.268	211.2967	1.889033	0.3145582	2.11641
44238	-1022.979	-1234.189	211.2098	1.889033	0.361956	2.106368
44244	-1022.809	-1233.681	210.8717	1.905439	0.3690562	2.304978
44250	-1015.635	-1227.601	211.9662	2.45994	0.5452117	0.7875289
44256	-1030.17	-1241.782	211.612	2.466904	0.5452117	1.150821
44262	-1016.271	-1228.17	211.8983	2.476059	0.5452117	0.8537743
44268	-1029.811	-1241.814	212.0027	2.556223	0.3603754	1.010885
44274	-1029.537	-1241.483	211.9456	2.134211	0.6472829	1.010885
44280	-1009.726	-1221.233	211.5075	2.076063	0.5498759	1.540737
44286	-1013.203	-1224.507	211.3033	1.873383	0.8398755	1.558603
44292	-1004.867	-1216.561	211.6942	1.926883	0.7143203	1.334678
44298	-1012.157	-1223.638	211.4807	2.037684	1.094441	1.06764
44304	-1003.43	-1215.174	211.7443	2.144599	0.7801815	1.030657
44310	-1015.389	-1226.97	211.5817	2.125236	0.811986	1.163328
44316	-1028.675	-1240.088	211.413	2.125236	0.8750593	1.246307
44322	-1023.49	-1235.35	211.8599	2.012721	0.6605242	1.184776
44328	-1014.646	-1225.788	211.1422	1.950401	1.148347	1.386465
44334	-1024.973	-1236.122	211.1489	2.018585	1.066009	1.38752
44340	-1016.568	-1227.916	211.3477	1.949065	0.9366782	1.38752
44346	-1019.321	-1231.345	212.0233	1.954987	0.5531436	1.227068
44352	-1032.131	-1244.103	211.9722	1.837982	0.3453942	1.644172
44358	-1019.731	-1231.449	211.7188	1.583882	0.7279478	1.564673
44364	-1013.443	-1224.395	210.952	1.717874	1.082661	1.742243
44370	-1029.048	-1240.706	211.658	1.717874	0.837289	1.410632
44376	-1035.701	-1247.736	212.0349	1.810339	0.5747569	1.309777
44382	-1029.316	-1241.265	211.9488	1.752882	0.6246331	1.36648
44388	-1039.708	-1251.224	211.5155	1.815109	0.8942395	1.396543
44394	-1018.812	-1229.432	210.6192	1.822439	0.718506	2.163114
44400	-1021.529	-1232.383	210.8539	1.581665	0.5470814	2.321998
44406	-1020.084	-1230.588	210.5038	1.535273	0.8066804	2.352459
44412	-1022.106	-1232.968	210.8621	1.583064	0.3876058	2.491279
44418	-1044.217	-1254.551	210.3335	1.635175	0.5052031	2.656042
44424	-1023.555	-1234.51	210.9549	2.014392	1.151554	1.478947
44430	-1024.998	-1236.312	211.3139	2.104485	1.151554	1.111621
44436	-1026.416	-1238.78	212.3637	2.208347	0.5046902	0.6542691
44442	-1041.109	-1253.485	212.3765	2.15162	0.5162398	0.7020101
44448	-1019.415	-1231.301	211.8851	2.431295	0.6700137	0.6757871
44454	-1020.047	-1232.057	212.0099	2.41197	0.615801	0.6063741
44460	-1024.129	-1235.766	211.6372	2.41197	0.9234332	0.5947582
44466	-1024.907	-1237.121	212.214	2.325811	0.5395291	0.5947582
44472	-1020.87	-1232.628	211.7586	1.99057	0.5518845	1.413151
44478	-1016.169	-1227.719	211.5506	1.895314	0.5474273	1.64383
44484	-1022.173	-1234.001	211.8279	1.972478	0.4298563	1.529674
44490	-1024.961	-1236.91	211.9482	1.928878	0.3416166	1.601648
44496	-1028.237	-1239.066	210.8291	1.781181	0.5585576	2.19844
44502	-1018.418	-1230.512	212.0944	2.092953	0.6043178	0.9633418
44508	-1019.162	-1231.245	212.0822	1.780385	0.5039344	1.384379
44514	-1007.643	-1219.169	211.5254	1.725977	0.570764	1.756424
44520	-1021.4	-1232.802	211.4021	1.645484	0.7128961	1.760882
44526	-1021.84	-1232.442	210.6023	1.540258	0.9403709	2.191145
44532	-1026.71	-1237.98	211.2699	1.804276	1.086048	1.444993
44538	-1003.725	-1215.158	211.4327	2.13475	1.076129	1.037281
44544	-1009.546	-1220.963	211.417	2.183355	1.076129	1.005081
44550	-1009.9	-1221.472	211.5714	2.062877	1.0389	1.006819
44556	-1024.695	-1236.609	211.9141	2.12046	0.7137642	0.9673195
44562	-1015.344	-1227.287	211.9439	2.171602	0.7229318	0.8652188
44568	-1033.118	-1244.807	211.6889	2.262697	0.9424997	0.7484058
44574	-1028.289	-1239.211	210.9224	1.844514	0.5601393	2.094809
44580	-1011.438	-1222.836	211.3979	2.088527	0.8021849	1.35593
44586	-1016.225	-1227.696	211.471	1.869146	0.737326	1.528312
44592	-997.12	-1208.605	211.4848	2.051536	0.562033	1.561825
44598	-1008.446	-1219.847	211.401	1.857522	0.6122454	1.708517
44604	-1015.149	-1225.333	210.1836	1.553114	0.6122454	2.697832
44610	-1040.208	-1251.689	211.4809	2.577669	0.9144595	0.5952006
44616	-1025.041	-1236.827	211.786	2.502036	0.7127803	0.6137231
44622	-1027.571	-1238.504	210.9333	1.563961	0.8182733	2.047076
44628	-1026.602	-1237.633	211.0312	1.810185	0.5587478	2.047076
44634	-1021.852	-1232.904	211.0521	2.453121	1.40653	0.7938672
44640	-1003.412	-1214.74	211.3273	2.453121	1.180936	0.6467215
44646	-1000.091	-1211.649	211.5583	2.42476	0.9639793	0.6546034
44652	-1011.187	-1222.5	211.3134	2.556049	1.120735	0.5249778
44658	-1005.193	-1216.565	211.3721	2.509201	1.083643	0.6172867
44664	-1024.061	-1235.083	211.0218	2.689314	1.275144	0.396865
44670	-1030.772	-1242.802	212.0297	1.995054	0.714771	0.9761387
44676	-1017.321	-1227.606	210.2847	1.867346	1.09419	2.085781
44682	-1018.276	-1229.158	210.8821	1.705039	0.6974716	2.085781
44688	-1028.823	-1240.034	211.2117	1.701103	0.6974716	1.867722
44694	-1013.707	-1225.387	211.6802	2.512371	0.8064966	0.5394488
44700	-1033.222	-1244.287	211.0651	2.618808	1.336723	0.472239
44706	-1016.809	-1227.774	210.9649	2.663958	1.405606	0.5363221
44712	-1012.502	-1223.552	211.0501	2.830841	1.086465	0.4032014
44718	-1028.542	-1239.646	211.1039	2.795404	1.086465	0.4609182
44724	-1023.779	-1234.816	211.0363	2.453435	1.523337	0.6819408
44730	-1006.703	-1218.105	211.4012	2.165627	1.203197	0.9199955
44736	-1007.499	-1218.342	210.8429	2.100417	1.414517	1.329628
44742	-1014.641	-1225.64	210.999	2.018629	1.41183	1.270921
44748	-1013.641	-1224.784	211.1426	1.974242	1.292126	1.267614
44754	-1019.977	-1231.625	211.6482	1.916034	0.6207771	1.476682
44760	-1018.093	-1229.118	211.0251	2.009814	1.05958	1.493791
44766	-1025.917	-1237.278	211.3608	1.930037	0.9522062	1.379483
44772	-1011.061	-1222.394	211.3325	1.887945	0.7856536	1.572949
44778	-1012.161	-1223.082	210.9209	1.829467	0.7809924	1.907115
44784	-1019.551	-1229.035	209.4846	1.724968	0.7385106	2.915837
44790	-1029.516	-1239.263	209.7475	1.454674	0.7580401	2.905692
44796	-1031.595	-1241.18	209.5848	1.430619	0.7062332	3.057062
44802	-1032.496	-1242.07	209.5739	1.441565	0.7062332	3.057062
44808	-1014.599	-1224.513	209.9142	1.626231	0.7732702	2.688419
44814	-1008.758	-1219.117	210.3585	1.670907	0.3813454	2.7558
44820	-1016.358	-1227.205	210.8472	1.818115	0.9557985	1.832361
44826	-1026.4	-1237.823	211.4228	1.757127	0.659133	1.717845
44832	-1015.159	-1226.028	210.8682	1.810856	0.7889782	1.948798
44838	-1001.825	-1212.956	211.1318	1.967033	1.041249	1.458807
44844	-1015.714	-1227.286	211.5715	1.912784	0.6925872	1.463076
44850	-1015.686	-1226.634	210.9479	1.873637	1.03653	1.666185
44856	-1026.594	-1237.337	210.7429	1.805379	1.347475	1.666185
44862	-1011.954	-1223.437	211.4833	1.869372	0.8858826	1.386404
44868	-1004.028	-1215.529	211.5007	2.009201	0.8858826	1.259997
44874	-1026.573	-1238.071	211.4976	1.911474	0.8781652	1.348642
44880	-1015.803	-1227.409	211.6061	1.866449	0.8738342	1.301473
44886	-1029.235	-1240.064	210.8291	1.699718	0.9293125	1.943999
44892	-1036.016	-1246.811	210.795	1.699718	0.714854	2.131616
44898	-1032.724	-1243.938	211.2134	1.692566	0.6323311	1.932063
44904	-1017.013	-1227.68	210.6672	1.818847	0.9379518	1.966648
44910	-1010.134	-1221.564	211.4296	2.129962	0.5532113	1.554689
44916	-1024.736	-1236.315	211.5787	1.955862	0.3921941	1.771607
44922	-1015.153	-1227.003	211.8501	1.870097	0.3841681	1.651636
44928	-1014.314	-1225.535	211.2215	1.79669	0.7407963	1.756727
44934	-1023.822	-1235.765	211.9426	1.964581	0.5753417	1.25831
44940	-1014.775	-1226.118	211.3432	2.042516	1.15487	1.138362
44946	-1019.394	-1231.385	211.9905	2.180339	0.697852	0.8373168
44952	-1033.131	-1244.622	211.4906	1.793947	0.5875354	1.715546
44958	-1009.983	-1220.742	210.7594	1.786117	0.3542272	2.470858
44964	-1004.77	-1215.511	210.7409	1.570889	0.4761651	2.47319
44970	-1020.549	-1231.867	211.3177	1.738755	0.2285433	2.337991
44976	-1020.02	-1231.185	211.1648	1.738755	0.5092883	2.057647
44982	-1009.278	-1220.8	211.5219	1.8771	0.6802833	1.539178
44988	-1008.456	-1220.331	211.8749	2.167298	0.4830867	1.268079
44994	-1014.388	-1226.227	211.8385	2.179596	0.5405978	1.209804
45000	-1018.506	-1229.222	210.7162	1.469893	0.5098323	2.516578
45006	-1020.307	-1232.107	211.8	1.68965	0.5098323	1.655419
45012	-1021.718	-1232.84	211.122	1.929583	0.4657124	2.008147
45018	-1029.278	-1240.568	211.2898	1.932684	0.4657124	1.893203
45024	-1024.551	-1235.75	211.1983	1.835841	0.4657124	2.01971
45030	-1021.674	-1233.282	211.608	1.815287	0.4918695	1.723592
45036	-1011.736	-1223.074	211.3372	2.026525	0.5596927	1.689114
45042	-1006.677	-1217.899	211.222	2.033996	0.3456871	2.025162
45048	-1007.404	-1218.091	210.6865	1.780807	0.476099	2.375251
45054	-999.1221	-1210.19	211.0681	1.956255	0.476099	2.014311
45060	-1008.33	-1219.684	211.3535	1.931208	0.3750732	1.965466
45066	-1008.842	-1219.918	211.0758	1.85957	0.4716141	2.078293
45072	-1008.929	-1220.473	211.544	2.017768	0.4027754	1.738286
45078	-1015.388	-1226.512	211.124	1.953469	0.7020823	1.749758
45084	-1009.794	-1221.196	211.4021	2.023946	0.4683309	1.749758
45090	-1006.923	-1218.3	211.377	2.085292	0.7124143	1.460225
45096	-1013.48	-1224.632	211.1514	2.15035	0.6578173	1.632319
45102	-1004.661	-1216.258	211.5974	2.16973	0.5917017	1.352147
45108	-1010.293	-1222.045	211.7523	2.244546	0.5400648	1.228483
45114	-1010.569	-1222.211	211.6414	2.35545	0.5400648	1.228483
45120	-1019.497	-1231.319	211.8225	2.26698	0.5400648	1.148586
45126	-1023.443	-1234.694	211.2507	2.135605	1.007913	1.257017
45132	-1033.939	-1244.735	210.7964	1.979473	1.007913	1.718617
45138	-1028.808	-1240.015	211.2071	1.992295	0.5449151	1.819968
45144	-1030.401	-1242.035	211.6339	1.873922	0.377698	1.810107
45150	-1016.583	-1227.087	210.504	1.792895	0.5183281	2.438543
45156	-1028.34	-1238.865	210.5242	1.910248	0.5345362	2.335214
45162	-1037.203	-1247.122	209.9187	1.988198	0.9003673	2.369362
45168	-1022.735	-1234.014	211.2789	1.822393	0.4690483	1.971039
45174	-1026.274	-1237.483	211.2094	1.792585	0.4221265	2.092694
45180	-1022.436	-1234.028	211.5921	1.808453	0.4684704	1.76738
45186	-1036.947	-1247.583	210.6355	1.548711	0.5243072	2.503166
45192	-1019.076	-1230.201	211.1249	2.174485	0.7491649	1.547584
45198	-1027.666	-1239.239	211.5729	2.084583	0.931575	1.088478
45204	-1014.987	-1226.512	211.5252	2.11532	0.9529602	1.083519
45210	-1026.597	-1238.231	211.6339	2.025906	0.7379764	1.279037
45216	-1030.994	-1243.439	212.445	2.019378	0.3759463	1.071332
45222	-1011.609	-1223.105	211.4962	2.090893	0.4959131	1.601622
45228	-1018.996	-1230.296	211.2999	1.742524	0.5687249	1.902294
45234	-1036.402	-1248.565	212.1634	2.082046	0.3407932	1.3226
45240	-1023.682	-1235.581	211.8987	1.901126	0.4834267	1.459172
45246	-1009.17	-1220.272	211.1019	1.763506	0.8067866	1.807449
45252	-1034.65	-1246.468	211.8178	2.069985	0.332069	1.608827
45258	-1039.315	-1250.691	211.3757	1.956856	0.4545464	1.831357
45264	-1021.702	-1233.08	211.3785	2.017277	0.6264598	1.595622
45270	-1008.941	-1220.247	211.3056	2.109437	0.6128853	1.595622
45276	-1023.232	-1234.497	211.2654	1.675592	0.6128853	1.92705
45282	-1023.675	-1235.26	211.5854	1.834301	0.5591879	1.649648
45288	-1036.014	-1247.522	211.5077	1.912094	0.5591879	1.649648
45294	-1025.23	-1236.833	211.6033	1.785357	0.7044543	1.523366
45300	-1032.063	-1243.866	211.8034	1.815739	0.3536484	1.766975
45306	-1026.888	-1238.059	211.1708	1.887367	0.500088	1.964787
45312	-1024.906	-1236.491	211.5845	1.939693	0.416726	1.746072
45318	-1032.895	-1244.702	211.8067	1.818696	0.3489887	1.769474
45324	-1032.19	-1242.167	209.9769	1.550674	0.405809	3.03039
45330	-1014.825	-1225.144	210.3191	1.441811	0.420179	2.873593
45336	-1014.091	-1224.156	210.0651	1.494787	0.4484586	2.963771
45342	-1033.998	-1245.201	211.2024	1.659613	0.585324	2.006854
45348	-1034.129	-1245.012	210.8828	1.616082	0.5635999	2.265291
45354	-1020.329	-1231.818	211.4894	2.133368	1.061846	0.9962169
45360	-1027.302	-1238.855	211.5537	2.17686	1.006845	0.9401934
45366	-1016.13	-1228.298	212.168	2.2008	0.4963273	0.9484566
45372	-1034.88	-1246.743	211.8626	2.180272	0.5924558	1.119244
45378	-1022.364	-1234.477	212.1133	1.958358	0.6106109	1.068388
45384	-1025.397	-1237.328	211.9314	1.837173	0.567264	1.379807
45390	-1026.829	-1238.561	211.732	1.841219	0.5621425	1.534474
45396	-1024.859	-1236.057	211.198	1.855349	0.9465215	1.563947
45402	-1030.752	-1242.367	211.6146	1.782372	0.4487452	1.793994
45408	-1021.977	-1233.887	211.9106	1.875511	0.6624729	1.255913
45414	-1004.935	-1217.152	212.2173	2.107991	0.383878	1.1822
45420	-1015.725	-1225.91	210.1847	1.633275	0.6128604	2.647353
45426	-1019.245	-1230.472	211.2268	1.541967	0.5322906	2.121923
45432	-1033.24	-1244.152	210.9118	1.660417	0.4542848	2.332766
45438	-1033.803	-1243.606	209.8026	1.694702	0.5048201	2.943458
45444	-1028.986	-1240.769	211.7823	1.954434	0.5046282	1.480128
45450	-1009.254	-1221.09	211.8362	2.020505	0.627569	1.237132
45456	-1002.932	-1214.447	211.5149	1.854688	0.8242076	1.427042
45462	-1008.704	-1220.343	211.6386	1.714336	0.6935567	1.560247
45468	-1015.486	-1227.024	211.5377	1.760398	0.8627312	1.448317
45474	-1012.18	-1223.756	211.5757	1.959637	0.5833055	1.53899
45480	-1016.889	-1227.634	210.7447	1.788953	0.9368733	1.935356
45486	-1007.459	-1218.588	211.1294	1.91385	0.8297784	1.66374
45492	-1016.611	-1227.985	211.3732	1.98724	0.507329	1.749785
45498	-1011.72	-1223.12	211.4007	1.85489	0.7133217	1.61263
45504	-1010.376	-1221.958	211.5825	1.953873	0.5176293	1.61263
45510	-1025.515	-1236.423	210.908	1.93046	0.6604277	1.951471
45516	-1009.168	-1220.434	211.266	1.835521	0.7290006	1.708571
45522	-1006.378	-1217.851	211.4724	2.122684	0.9064562	1.168548
45528	-1013.184	-1224.973	211.7893	1.975214	0.6071741	1.336354
45534	-1008.259	-1219.037	210.7784	1.482012	0.596944	2.385556
45540	-1010.219	-1220.544	210.3253	1.570998	0.7880058	2.456529
45546	-1004.025	-1214.316	210.2908	1.614711	0.5334525	2.666927
45552	-1009.608	-1221.089	211.4805	1.860957	0.3197375	2.005922
45558	-1023.87	-1234.624	210.7546	1.854722	0.3794442	2.398287
45564	-1015.583	-1226.705	211.1218	2.005851	0.4507184	1.974909
45570	-1011.133	-1221.954	210.821	1.797588	0.5746401	2.177277
45576	-1029.956	-1240.89	210.9334	1.729058	0.583623	2.14003
45582	-1014.72	-1224.856	210.1359	1.880965	0.8044956	2.36813
45588	-1011.377	-1222.307	210.9293	1.865633	0.4387737	2.207737
45594	-1003.185	-1214.243	211.058	1.733794	0.65504	1.987625
45600	-1001.237	-1211.964	210.7268	1.7314	0.6012523	2.255535
45606	-1007.359	-1218.148	210.789	1.766633	0.3278807	2.49988
45612	-1027.566	-1238.237	210.6712	1.741233	0.3973508	2.49988
45618	-1018.187	-1229.62	211.4328	1.905941	0.3801424	1.922206
45624	-1023.806	-1234.613	210.8073	1.737148	0.6988837	2.112575
45630	-1023.75	-1235.799	212.0491	1.885002	0.3693911	1.517033
45636	-1018.94	-1230.7	211.7602	1.837637	0.3989187	1.718125
45642	-1018.541	-1230.81	212.2693	2.106721	0.3840874	1.137258
45648	-1018.372	-1229.937	211.5654	1.873158	0.4388437	1.777464
45654	-1015.252	-1226.661	211.4092	1.873928	0.4779581	1.837353
45660	-1008.304	-1219.63	211.3258	1.95735	0.4779581	1.837353
45666	-1000.083	-1211.753	211.67	1.947717	0.3456474	1.779743
45672	-1006.966	-1218.434	211.4683	1.80663	0.4970803	1.82091
45678	-1012.829	-1223.71	210.8814	1.868781	0.5134871	2.15373
45684	-1008.689	-1218.522	209.833	1.469654	0.6268991	2.948969
45690	-1008.778	-1219.602	210.8239	1.587988	0.4796151	2.406516
45696	-1023.415	-1234.76	211.345	1.434808	0.3537388	2.323438
45702	-1019.446	-1228.742	209.2965	1.365099	0.4357753	3.508768
45708	-1034.312	-1243.557	209.2445	1.237223	0.5030545	3.545752
45714	-1037.954	-1249.43	211.4756	2.315037	1.024751	0.8521642
45720	-1035.589	-1247.518	211.9296	2.221245	0.7432126	0.7880878
45726	-1019.754	-1231.468	211.7132	2.221245	0.8570829	0.8897226
45732	-1032.657	-1244.639	211.982	2.236816	0.7097842	0.7515877
45738	-1037.877	-1249.556	211.6783	2.153441	0.9831709	0.8526259
45744	-1038.994	-1250.517	211.5231	2.240187	1.124047	0.7644896
45750	-1021.462	-1233.207	211.7446	2.132998	0.6364026	1.209034
45756	-1031.401	-1243.586	212.1854	2.127116	0.3859101	1.18977
45762	-1021.568	-1233.033	211.4642	2.120209	0.5048267	1.592863
45768	-1036.884	-1248.349	211.4647	2.261203	0.4999516	1.494135
45774	-1017.68	-1228.394	210.7144	1.696688	0.7120376	2.188382
45780	-1018.712	-1229.981	211.2684	2.034931	0.5482304	1.744115
45786	-1033.391	-1244.488	211.0965	2.094076	1.202154	1.269597
45792	-1021.718	-1233.589	211.8713	1.930753	0.6055478	1.308027
45798	-1021.287	-1232.736	211.4491	1.898278	0.6327613	1.624292
45804	-1014.776	-1226.213	211.4367	1.759287	0.5357316	1.832225
45810	-1022.023	-1232.943	210.9209	1.931764	0.7227332	1.88656
45816	-1029.454	-1240.944	211.4902	1.905966	0.7636498	1.461741
45822	-1025.149	-1236.731	211.5821	2.146425	0.5415513	1.441458
45828	-1021.618	-1232.999	211.381	1.95435	0.4142086	1.879783
45834	-1026.34	-1238.416	212.0758	2.178989	0.3732331	1.259958
45840	-1027.504	-1239.672	212.1672	2.192602	0.3096439	1.285756
45846	-1025.793	-1237.607	211.8139	2.166685	0.5063335	1.286849
45852	-1021.795	-1233.785	211.9903	2.154224	0.534222	1.107328
45858	-1029.819	-1241.552	211.7333	1.889788	0.534222	1.529569
45864	-1019.675	-1231.561	211.8855	1.899165	0.4030162	1.578323
45870	-1016.496	-1227.95	211.4541	1.864615	0.4163288	1.888338
45876	-1018.227	-1228.637	210.4105	1.630132	0.4714138	2.646713
45882	-1021.194	-1232.658	211.4645	1.71932	0.4746229	1.908993
45888	-1034.38	-1244.377	209.9969	1.614617	0.5243415	2.855291
45894	-1032.803	-1242.37	209.5674	1.46558	0.8003653	2.976947
45900	-1019.135	-1229.258	210.1232	1.428423	0.8807372	2.605122
45906	-1027.505	-1237.258	209.7528	1.679824	0.9212538	2.651565
45912	-1014.499	-1224.878	210.3792	1.614441	0.7864036	2.396421
45918	-1026.086	-1237.191	211.1048	1.825504	0.7424134	1.816382
45924	-1038.204	-1249.151	210.9475	1.801132	0.7950968	1.896876
45930	-1021.611	-1233.105	211.4944	1.821635	0.6427542	1.636858
45936	-1021.568	-1232.073	210.5043	1.74114	0.6427542	2.353777
45942	-1006.621	-1218.7	212.0796	1.53647	0.4449968	1.644167
45948	-1010.251	-1221.682	211.4308	1.605033	0.5884036	1.886883
45954	-1016.426	-1228.124	211.6985	2.244836	0.5787778	1.223736
45960	-1014.993	-1226.826	211.8334	2.17465	0.4763588	1.305375
45966	-1016.517	-1228.142	211.6246	2.095332	0.5303242	1.461462
45972	-1013.681	-1225.357	211.6762	2.127898	0.5303242	1.396762
45978	-1028.603	-1240.056	211.4534	2.233365	0.6079824	1.396762
45984	-1026.414	-1238.03	211.6162	1.906765	0.397741	1.772229
45990	-1031.401	-1241.863	210.4617	1.925734	0.8128826	2.123454
45996	-1027.084	-1238.713	211.6283	2.255765	0.8377514	0.9679316
46002	-1019.943	-1231.731	211.7882	2.201352	0.7355058	0.9851549
46008	-1038.047	-1249.904	211.8573	2.362336	0.567236	0.9865326
46014	-1011.852	-1223.734	211.882	2.399219	0.5167672	1.003937
46020	-1033.749	-1245.352	211.6026	2.34705	0.6497869	1.129927
46026	-1043.412	-1254.772	211.3594	2.341048	0.6488289	1.340659
46032	-1038.458	-1250.092	211.6341	2.312546	0.8315246	0.9085964
46038	-1040.541	-1251.974	211.4324	2.209482	0.6710052	1.363292
46044	-1028.443	-1240.365	211.9226	2.309863	0.483228	1.103177
46050	-1018.049	-1229.935	211.8864	2.171792	0.6313094	1.053347
46056	-1022.705	-1234.448	211.7434	2.109488	0.4808897	1.421781
46062	-1022.809	-1234.489	211.6806	2.218425	0.5678881	1.274362
46068	-1026.73	-1238.327	211.5967	2.068487	0.6775387	1.337797
46074	-1023.986	-1235.252	211.266	1.827542	0.4736669	1.970922
46080	-1023.505	-1235.038	211.5331	2.060134	0.496919	1.5959
46086	-1028.247	-1240.089	211.8424	2.128764	0.4166833	1.418898
46092	-1003.665	-1215.014	211.3491	2.019258	0.4166833	1.854058
46098	-1008.165	-1220.364	212.1989	2.131331	0.3620891	1.215687
46104	-1024.838	-1236.484	211.6459	2.076694	0.3620891	1.681812
46110	-1036.738	-1247.007	210.2689	1.640219	1.067314	2.260011
46116	-1028.028	-1239.153	211.1247	1.959413	0.8625676	1.607593
46122	-1023.425	-1234.375	210.95	1.928452	0.6460819	1.93772
46128	-1018.809	-1229.658	210.8494	1.883178	0.6312837	2.048878
46134	-1029.133	-1239.202	210.0693	1.590577	0.5237747	2.826488
46140	-1037.379	-1248.302	210.9224	1.947724	0.6092552	1.97814
46146	-1014.189	-1225.484	211.2949	1.930086	0.6293106	1.715117
46152	-1022.99	-1234.324	211.3338	1.950866	0.7077555	1.596749
46158	-1032.622	-1244.002	211.3804	1.978081	0.6522394	1.596749
46164	-1013.177	-1224.642	211.4658	2.104909	0.6244789	1.467858
46170	-1017.941	-1229.027	211.0864	2.201783	0.738156	1.565867
46176	-1030.645	-1241.98	211.335	2.112163	0.6630342	1.520598
46182	-1028.371	-1240.093	211.7216	2.067084	0.7274752	1.181534
46188	-1033.279	-1244.908	211.6291	1.995205	0.9049717	1.14429
46194	-1020.282	-1231.856	211.5745	2.222209	1.028052	0.8407171
46200	-1037.776	-1249.192	211.4158	2.299725	1.037881	0.9235281
46206	-1016.995	-1228.697	211.7022	2.457964	0.797709	0.6668656
46212	-1025.051	-1237.097	212.0453	2.273037	0.6770889	0.6526333
46218	-1010.786	-1222.614	211.8275	2.239649	0.7140029	0.9326226
46224	-1009.698	-1221.38	211.6825	2.240477	0.9239953	0.8152413
46230	-1003.504	-1215.272	211.7681	2.122305	0.8181313	0.9846066
46236	-1016.94	-1228.567	211.6267	2.288033	0.8181313	0.9596111
46242	-1027.658	-1239.39	211.7316	2.40657	0.7852886	0.7315907
46248	-994.7442	-1206.178	211.434	2.422019	1.067802	0.7011007
46254	-998.9767	-1210.43	211.4538	2.384514	1.040712	0.7694962
46260	-1012.19	-1224.048	211.8581	2.46995	0.6504134	0.7030782
46266	-1017.987	-1229.181	211.1944	2.731373	1.048238	0.5856084
46272	-1022.18	-1233.182	211.0019	1.861052	0.7240797	1.878343
46278	-1029.349	-1240.367	211.018	1.868673	0.6477164	1.930657
46284	-1013.568	-1224.74	211.1719	1.72024	0.810997	1.78549
46290	-1021.546	-1233.164	211.6184	2.621376	0.7659516	0.4549961
46296	-1022.001	-1233.433	211.432	2.793593	0.7692351	0.4196022
46302	-1024.314	-1235.625	211.3113	2.724111	0.9517686	0.5017207
46308	-1008.588	-1219.794	211.2069	2.825405	0.9490748	0.4476681
46314	-1023.509	-1234.593	211.0846	2.860345	1.003457	0.374732
46320	-1025.73	-1236.658	210.9277	2.969099	1.037069	0.3544729
46326	-1018.905	-1230.496	211.5908	2.526709	0.874619	0.5155932
46332	-1020.316	-1231.826	211.51	2.552002	0.9249645	0.5286024
46338	-1022.288	-1233.654	211.3659	2.645652	0.9736427	0.5270266
46344	-1014.182	-1225.433	211.2515	2.778463	0.950565	0.4443564
46350	-1019.324	-1230.618	211.2942	2.70751	0.950565	0.3791719
46356	-1015.445	-1226.903	211.4579	2.578601	0.950565	0.5105374
46362	-1033.215	-1244.527	211.3122	2.654216	1.018873	0.4767275
46368	-1022.858	-1234.544	211.6859	2.590969	0.7385932	0.4788355
46374	-1030.368	-1241.967	211.599	2.640723	0.761644	0.4339498
46380	-1017.817	-1229.776	211.9589	2.485707	0.6075689	0.5697221
46386	-1035.017	-1247.207	212.1901	2.189991	0.5165867	0.8999822
46392	-1014.395	-1226.16	211.765	2.015421	0.7600622	1.153317
46398	-1012.496	-1223.999	211.5025	2.018752	0.937813	1.20361
46404	-1008.718	-1220.215	211.4973	2.021685	1.178325	0.9930004
46410	-1006.554	-1218.403	211.8485	2.298177	0.7716499	0.7437731
46416	-1012.36	-1223.758	211.397	2.089555	1.218742	0.9900884
46422	-997.1231	-1208.526	211.403	2.12253	1.137712	1.022581
46428	-996.6008	-1208.375	211.7739	2.077321	0.7839962	1.062301
46434	-1007.346	-1219.14	211.7941	2.008975	0.6331904	1.275137
46440	-1034.094	-1245.501	211.4064	1.732445	0.6148762	1.789691
46446	-1028.089	-1238.497	210.4082	1.654769	0.5622142	2.54193
46452	-1033.356	-1241.766	208.41	1.418565	0.3657558	4.066506
46458	-1033.707	-1244.055	210.3478	1.621185	0.5178193	2.643195
46464	-1033.209	-1244.285	211.0759	1.933355	0.5534267	1.940492
46470	-1033.091	-1242.652	209.5607	1.380979	0.5792207	3.205766
46476	-1036.474	-1245.973	209.4992	1.399224	0.3308925	3.492302
46482	-1031.627	-1242.153	210.5267	1.604949	0.3642965	2.714332
46488	-1030.514	-1241.677	211.1635	1.713327	0.6199778	1.96343
46494	-1035.469	-1246.436	210.9671	1.876954	0.64332	1.96343
46500	-1037.821	-1248.754	210.9326	1.834971	0.6635687	1.996052
46506	-1030.703	-1241.34	210.6368	1.921631	0.9845989	1.885286
46512	-1023.498	-1234.767	211.2685	1.964912	0.7632776	1.583237
46518	-1024.678	-1236.605	211.9272	2.187759	0.4304887	1.284406
46524	-1024.675	-1236.533	211.8584	2.061184	0.4066009	1.472852
46530	-1017.28	-1229.178	211.8982	2.06631	0.3902801	1.462711
46536	-1017.551	-1229.25	211.6992	2.077553	0.5169717	1.434432
46542	-1029.313	-1239.992	210.6789	1.455421	0.5169717	2.541623
46548	-1022.911	-1233.518	210.6073	1.522474	0.4222503	2.645997
46554	-1007.039	-1218.492	211.4529	1.784795	0.5999503	1.73576
46560	-1009.216	-1220.889	211.6739	1.775257	0.4393036	1.769469
46566	-1014.464	-1225.89	211.4267	1.918451	0.3946708	1.898523
46572	-1024.281	-1235.865	211.5843	1.831206	0.3700608	1.883953
46578	-1017.052	-1228.652	211.5996	2.065849	0.640538	1.377394
46584	-1003.253	-1214.975	211.7215	2.065849	0.7180386	1.193056
46590	-1011.772	-1223.686	211.9139	1.94946	0.613065	1.248802
46596	-1009.664	-1221.361	211.6974	1.824907	0.809031	1.320877
46602	-1010.646	-1222.291	211.6451	1.653304	0.5093543	1.790678
46608	-1002.593	-1213.448	210.8549	1.596919	0.7967002	2.093688
46614	-1014.487	-1226.249	211.7616	2.028881	0.2303795	1.851886
46620	-1004.384	-1216.247	211.8637	1.994624	0.3686721	1.574127
46626	-1033.602	-1245.367	211.7652	1.972062	0.760515	1.190485
46632	-1014.591	-1225.806	211.2147	1.846419	1.064463	1.470468
46638	-1001.585	-1213.354	211.7689	1.943802	0.6546451	1.324476
46644	-1009.976	-1221.039	211.0632	1.95493	0.73073	1.765613
46650	-1002.953	-1214.264	211.3109	2.112408	0.8571158	1.355904
46656	-1032.117	-1243.79	211.6731	2.354155	0.5156679	1.235633
46662	-1030.429	-1242.253	211.824	2.125725	0.5175491	1.297155
46668	-1034.245	-1245.524	211.2794	2.211761	1.188499	1.011833
46674	-1027.764	-1239.157	211.3927	1.559153	0.6988027	1.8398
46680	-1025.446	-1234.331	208.8851	1.484769	0.8036008	3.368344
46686	-1027.462	-1237.454	209.9927	1.573483	0.6982678	2.73035
46692	-1020.531	-1232.528	211.9974	2.259962	0.5701438	0.942836
46698	-1027.08	-1239.278	212.1986	2.389544	0.3786697	0.942836
46704	-1022.98	-1235.02	212.0399	2.132766	0.7088775	0.816954
46710	-1017.198	-1229.097	211.899	2.174404	0.7460423	0.8805438
46716	-1021.833	-1233.034	211.2011	2.194841	1.24188	1.059324
46722	-1030.049	-1240.48	210.431	1.758795	0.5227086	2.50128
46728	-1026.146	-1237.41	211.2634	1.907967	0.6549626	1.727852
46734	-1018.378	-1228.955	210.5768	1.860449	0.8074696	2.094927
46740	-1014.937	-1226.211	211.2738	1.811343	0.6869621	1.758212
46746	-1018.134	-1229.377	211.2436	1.866118	0.6685634	1.758212
46752	-997.7738	-1209.259	211.4855	1.753876	0.8995147	1.462296
46758	-1012.695	-1224.839	212.1439	1.797069	0.551845	1.259947
46764	-1020.391	-1232.132	211.7414	1.797069	0.8632631	1.257032
46770	-1007.317	-1218.739	211.4219	1.971429	1.000812	1.257032
46776	-1017.188	-1229.001	211.8127	1.947839	0.7189063	1.21505
46782	-997.7531	-1209.702	211.9492	2.010654	0.5745574	1.21505
46788	-1003.655	-1215.251	211.5959	1.88966	0.720104	1.434963
46794	-1009.057	-1220.863	211.8064	2.175573	0.5655459	1.207815
46800	-1006.635	-1218.404	211.7694	1.950525	0.7955195	1.168902
46806	-1021.872	-1233.468	211.5965	1.934759	0.7955195	1.326459
46812	-1009.527	-1220.963	211.4364	2.022539	0.9398047	1.254375
46818	-1005.946	-1217.472	211.5253	1.848351	0.9968851	1.276492
46824	-1004.4	-1216.152	211.7519	1.822178	0.6652067	1.422255
46830	-998.7584	-1210.478	211.7194	1.822178	0.5417781	1.58091
46836	-1016.272	-1227.91	211.6378	1.992657	0.4869985	1.58091
46842	-1018.042	-1229.269	211.2267	1.898553	0.4874483	1.933856
46848	-1031.014	-1242.43	211.4166	2.016368	0.9438841	1.272354
46854	-1021.619	-1233.712	212.0935	1.995824	0.4208662	1.319688
46860	-1015.402	-1226.525	211.1237	2.034689	0.744859	1.653999
46866	-1012.965	-1224.178	211.2123	2.020054	0.5473361	1.794555
46872	-1004.944	-1216.649	211.7051	2.061284	0.5473361	1.405332
46878	-1004.617	-1216.347	211.73	2.074972	0.50073	1.433126
46884	-996.9087	-1208.352	211.4437	2.108842	0.6489805	1.455651
46890	-1003.676	-1215.131	211.4546	1.89214	0.6489805	1.608518
46896	-1008.339	-1219.699	211.3599	1.972735	0.4440606	1.844131
46902	-1017.835	-1229.786	211.951	1.961724	0.6541265	1.157457
46908	-1020.071	-1231.718	211.6476	1.87394	0.6541265	1.473878
46914	-1014.2	-1226.243	212.0427	2.045622	0.6190967	1.041081
46920	-1019.851	-1231.705	211.8538	2.191078	0.8651778	0.73322
46926	-1019.268	-1230.688	211.4192	2.064955	0.6385923	1.517997
46932	-1014.96	-1226.355	211.395	1.948034	0.5110022	1.757736
46938	-1005.83	-1217.497	211.6672	1.944879	0.7772055	1.278604
46944	-1035.773	-1247.608	211.8345	1.822354	0.3599923	1.731311
46950	-1027.752	-1237.965	210.213	1.60329	0.3623696	2.908542
46956	-1036.375	-1247.594	211.2195	1.616002	0.5942918	2.015755
46962	-1019.208	-1229.091	209.8836	1.465988	0.7603024	2.814708
46968	-1015.119	-1224.522	209.4035	1.607358	0.4936624	3.24462
46974	-1017.062	-1226.081	209.0192	1.535321	0.8865956	3.203913
46980	-1017.509	-1227.894	210.3853	1.67705	0.6602833	2.454224
46986	-1015.563	-1226.804	211.241	1.782939	0.4040708	2.100623
46992	-1004.344	-1213.903	209.5586	1.794073	0.6410339	2.906926
46998	-1008.775	-1218.621	209.8465	1.544166	0.6140248	2.906926
47004	-1012.251	-1222.965	210.7139	1.753273	0.5150525	2.334183
47010	-1018.11	-1228.535	210.4252	1.788707	0.8483229	2.209752
47016	-1018.029	-1228.186	210.1574	1.762575	1.116013	2.223695
47022	-1020.102	-1229.014	208.9115	1.64727	1.074732	3.087708
47028	-1029.928	-1240.22	210.2915	1.575082	0.9450386	2.364849
47034	-1022.108	-1232.764	210.656	1.672213	0.5252517	2.411818
47040	-1028.012	-1238.507	210.4949	1.891194	1.026651	1.973358
47046	-1014.028	-1225.165	211.1376	1.950516	1.026651	1.477718
47052	-1009.424	-1219.831	210.407	2.021998	1.009079	1.956214
47058	-1012.754	-1223.489	210.735	1.744794	1.187937	1.807989
47064	-1023.391	-1233.154	209.763	1.791746	1.971037	2.054255
47070	-1005.322	-1215.936	210.6136	1.780566	1.183557	1.869449
47076	-1014.79	-1225.908	211.1174	1.84497	0.9904807	1.597524
47082	-1034.015	-1245.712	211.6966	2.001173	0.8873707	1.095146
47088	-1030.684	-1242.494	211.8094	2.076588	0.8873707	0.9064843
47094	-1011.623	-1223.317	211.694	2.248823	0.5384872	1.275558
47100	-1031.119	-1242.648	211.529	2.082655	0.5075454	1.569689
47106	-1037.96	-1249.776	211.8164	2.093	0.4900121	1.365704
47112	-1040.44	-1252.035	211.5954	2.283242	0.651755	1.18993
47118	-1024.548	-1236.25	211.7025	2.356303	0.620577	1.067145
47124	-1030.786	-1242.486	211.7002	2.140452	0.6285597	1.249458
47130	-1032.99	-1244.533	211.5426	2.048407	0.5339909	1.553583
47136	-1018.598	-1229.334	210.7362	1.858985	0.706982	2.072343
47142	-1032.932	-1243.761	210.829	1.538502	0.8140549	2.135547
47148	-1024.355	-1234.465	210.1098	1.575221	0.5088423	2.825902
47154	-1031.947	-1240.752	208.8046	1.585866	0.7156502	3.419529
47160	-1022.99	-1232.757	209.7669	1.643377	0.6443696	2.869264
47166	-1025.876	-1236.341	210.4653	1.897654	0.6109509	2.307499
47172	-1010.77	-1222.121	211.3505	1.712294	0.4886995	1.974406
47178	-1021.879	-1232.721	210.8428	1.63012	0.9488672	1.967807
47184	-1013.665	-1223.493	209.8285	1.530175	0.5632471	2.971319
47190	-1018.088	-1229.688	211.6006	1.784708	0.5632471	1.669895
47196	-1021.27	-1232.366	211.0967	1.875214	0.6264461	1.893032
47202	-1011.598	-1222.823	211.225	1.908631	0.6264461	1.78191
47208	-1015.661	-1227.385	211.7245	1.867536	0.5432599	1.542055
47214	-1049.093	-1260.701	211.6079	1.683891	0.6295697	1.66748
47220	-1036.572	-1248.484	211.9124	2.394083	0.7135371	0.5407122
47226	-1032.848	-1244.737	211.8897	2.418201	0.7135371	0.4718694
47232	-1040.008	-1251.987	211.9784	1.886686	0.4531861	1.449325
47238	-1028.653	-1240.618	211.9643	1.726305	0.4882146	1.535049
47244	-1027.481	-1239.431	211.9496	1.885719	0.5117064	1.395686
47250	-1020.065	-1232.211	212.1464	1.885719	0.3867007	1.416352
47256	-1015.56	-1227.875	212.3151	1.795286	0.2924657	1.511262
47262	-1044.505	-1256.416	211.9109	2.179522	0.7263036	0.8894224
47268	-1037.857	-1249.52	211.6632	2.169101	0.9520414	0.8894224
47274	-1028.93	-1241.015	212.0848	2.116594	0.7076064	0.7807238
47280	-1030.341	-1242.257	211.9157	2.204566	0.6934468	0.9035474
47286	-1042.08	-1253.77	211.6906	2.208434	0.9199011	0.8506552
47292	-1029.032	-1240.723	211.6912	2.268825	0.9199011	0.7709724
47298	-1028.789	-1240.77	211.9806	2.320995	0.6311534	0.7843324
47304	-1015.376	-1227.166	211.7898	2.503674	0.7260973	0.4917528
47310	-1024.981	-1236.916	211.9355	1.979429	0.3709846	1.528831
47316	-1024.362	-1236.084	211.7218	2.007147	0.5620471	1.416746
47322	-1027.445	-1239.667	212.2215	2.136001	0.580571	0.8073877
47328	-1029.515	-1241.348	211.8329	2.126735	0.7823436	0.9567799
47334	-1042.861	-1255.231	212.3701	2.106626	0.4801441	0.8579701
47340	-1033.139	-1244.838	211.6994	2.245436	0.5801131	1.220754
47346	-1024.343	-1236.009	211.6667	2.073168	0.5288687	1.448058
47352	-1035.152	-1244.764	209.6114	1.772231	1.177862	2.528139
47358	-1027.163	-1239.403	212.24	1.803897	0.2721393	1.59654
47364	-1039.343	-1250.51	211.1666	1.653794	0.5749247	2.044801
47370	-1033.667	-1245.339	211.6722	1.700489	0.4602907	1.796666
47376	-1024.31	-1234.522	210.212	1.419406	0.5031018	2.864116
47382	-1015.847	-1225.707	209.8605	1.473068	0.4976072	3.048876
47388	-1022.063	-1233.064	211.0013	1.464692	0.6122202	2.240327
47394	-1011.478	-1222.186	210.7074	1.746302	0.7222405	2.152227
47400	-1004.04	-1214.883	210.8424	1.886308	0.6144572	2.067147
47406	-1022.167	-1233.396	211.2292	1.77422	0.4790472	2.024922
47412	-1007.261	-1217.528	210.2674	1.861975	0.2615505	2.858328
47418	-1010.619	-1220.829	210.2101	1.585051	0.3075766	2.992885
47424	-994.5377	-1204.994	210.4564	1.803621	0.346137	2.658763
47430	-1006.305	-1217.239	210.9345	2.039838	0.346137	2.208931
47436	-1007.122	-1218.489	211.3676	2.010146	0.346137	1.943094
47442	-1016.285	-1227.132	210.8468	1.861873	0.448847	2.251647
47448	-1023.347	-1234.23	210.8825	1.935923	0.4848031	2.140179
47454	-1017.282	-1228.149	210.8675	1.925744	0.4999128	2.140179
47460	-1019.375	-1230.223	210.8489	1.695452	0.4405585	2.366003
47466	-1002.907	-1213.6	210.693	1.876585	0.5336146	2.249742
47472	-1001.402	-1212.337	210.9352	2.057078	0.5528643	1.952486
47478	-1009.778	-1219.168	209.3899	1.732901	0.5532663	3.121519
47484	-1014.591	-1224.449	209.8583	1.452808	0.4779729	3.082023
47490	-1030.008	-1240.353	210.3458	1.731623	0.4191752	2.681752
47496	-1015.92	-1225.504	209.5842	1.515062	0.6066281	3.088209
47502	-1013.896	-1224.719	210.8232	1.758168	0.3898082	2.40294
47508	-1023.36	-1234.993	211.6327	1.738836	0.349966	1.941829
47514	-1003.328	-1214.332	211.004	1.826538	0.4511676	2.170232
47520	-1013.449	-1224.802	211.353	2.024037	0.7087685	1.527809
47526	-1015.004	-1226.058	211.054	2.070342	0.6696897	1.746906
47532	-1023.759	-1235.139	211.3797	1.930156	0.5404579	1.748073
47538	-1010.76	-1221.732	210.9713	1.939004	0.6069477	1.953454
47544	-1018.296	-1229.009	210.7125	2.069985	1.158342	1.612574
47550	-1041.786	-1251.956	210.1702	2.066348	2.117183	1.520886
47556	-1046.113	-1257.061	210.948	2.066348	1.254048	1.375634
47562	-1028.934	-1239.721	210.7871	1.893721	0.3571588	2.381782
47568	-1026.61	-1237.716	211.1065	1.825994	0.4056692	2.158387
47574	-1019.768	-1230.983	211.2158	1.900858	0.5153081	1.908598
47580	-1018.28	-1228.128	209.8483	1.648902	0.420432	3.032031
47586	-1028.53	-1239.059	210.5292	1.448412	0.9218438	2.309761
47592	-1023.184	-1232.399	209.2142	1.448412	0.4333521	3.510723
47598	-1014.863	-1225.134	210.2709	1.733327	0.6281736	2.518371
47604	-1037.25	-1247.96	210.7096	1.889888	0.3256982	2.47543
47610	-1042.212	-1253.761	211.5485	1.962776	0.5195993	1.628474
47616	-1028.691	-1240.387	211.6952	2.069956	0.4215343	1.567026
47622	-1013.043	-1224.348	211.3051	1.757957	0.4215343	2.053206
47628	-1025.539	-1236.565	211.0253	1.787432	0.4376121	2.197532
47634	-1018.51	-1228.866	210.3563	1.756653	0.6889248	2.398273
47640	-1033.401	-1245.028	211.6268	1.799958	0.3724295	1.873023
47646	-1017.011	-1228.578	211.567	1.709589	0.5671464	1.742582
47652	-1023.232	-1234.217	210.9853	1.762078	0.7085737	1.969821
47658	-1018.875	-1229.258	210.3834	1.542529	0.47112	2.717519
47664	-1026.548	-1236.462	209.9134	1.704232	0.47112	2.90505
47670	-1013.047	-1224.205	211.1584	1.715755	0.4210229	2.177521
47676	-996.1534	-1207.305	211.1514	1.831204	0.3654152	2.177521
47682	-1012.608	-1223.965	211.3569	2.052952	0.4729746	1.755471
47688	-1021.466	-1233.5	212.0333	1.86827	0.3290763	1.60359
47694	-1014.499	-1225.455	210.9565	1.964796	0.4256191	2.141292
47700	-1012.739	-1224.198	211.4588	1.905757	0.3088384	2.006956
47706	-1015.052	-1225.875	210.823	1.905757	0.5001997	2.181791
47712	-1037.88	-1248.2	210.3203	1.606338	0.5566176	2.631732
47718	-1041.074	-1250.592	209.5176	1.527795	0.5566176	3.164489
47724	-1033.062	-1243.096	210.0336	1.505436	0.5501386	2.874647
47730	-1023.204	-1233.243	210.0393	1.499815	0.5213191	2.902051
47736	-1034.767	-1245.981	211.2136	1.674792	0.5438183	2.031213
47742	-1032.344	-1242.51	210.166	1.463013	0.4955038	2.873178
47748	-1033.021	-1243.042	210.0208	1.491661	0.5691497	2.873178
47754	-1042.641	-1252.228	209.5868	1.716501	0.822378	2.797898
47760	-1035.453	-1245.455	210.0025	1.87595	0.822378	2.442342
47766	-1027.28	-1238.329	211.0495	1.919365	0.4836897	2.042571
47772	-1027.371	-1238.657	211.2859	1.976025	0.3552322	2.007815
47778	-1022.304	-1233.939	211.6348	2.095042	0.4569966	1.545748
47784	-1037.617	-1249.521	211.9039	2.27509	0.7430324	0.7481644
47790	-1028.821	-1240.507	211.6862	2.035938	0.317774	1.749361
47796	-1023.808	-1235.457	211.6489	2.002089	0.3895079	1.693527
47802	-1018.703	-1229.658	210.9552	2.697152	1.361606	0.5863583
47808	-1032.382	-1242.61	210.2278	2.697152	2.344691	0.7843116
47814	-1022.118	-1232.757	210.6384	2.519745	2.04685	0.6706885
47820	-1023.29	-1234.913	211.6231	2.468727	0.8977365	0.5217389
47826	-1017.076	-1228.618	211.5425	2.462276	0.981075	0.5178098
47832	-1025.555	-1236.268	210.7125	1.816872	0.6124566	2.199216
47838	-1020.863	-1231.614	210.7511	1.786555	0.6066931	2.199216
47844	-1024.174	-1234.356	210.182	1.685457	0.4759114	2.748292
47850	-1024.787	-1236.436	211.6494	2.391608	0.9200145	0.6272357
47856	-1038.947	-1250.703	211.7558	2.391608	0.8438093	0.5521286
47862	-1007.819	-1218.784	210.9652	1.874518	0.5947107	2.012491
47868	-1005.134	-1216.529	211.3951	2.014928	0.355759	1.907643
47874	-1008.858	-1220.099	211.2405	1.961999	0.7574337	1.610972
47880	-1011.442	-1222.751	211.3086	1.985486	0.486738	1.819587
47886	-1011.93	-1223.761	211.8311	2.250696	0.3792554	1.389239
47892	-1009.692	-1221.799	212.1069	2.131901	0.3058992	1.389239
47898	-1011.824	-1222.931	211.1071	1.960722	0.6046811	1.848784
47904	-1025.298	-1237.15	211.8526	1.950035	0.759815	1.133803
47910	-1017.891	-1229.928	212.0366	1.967374	0.60804	1.133803
47916	-1018.137	-1229.837	211.6999	2.246169	0.9534832	0.7393974
47922	-1015.939	-1228.04	212.1006	2.331504	0.2616224	1.320883
47928	-1012.059	-1224.273	212.2133	2.418619	0.3168755	1.03116
47934	-1009.885	-1221.766	211.8808	2.268098	0.5916977	1.0207
47940	-1014.726	-1226.825	212.0984	2.317994	0.3624463	1.140198
47946	-1017.977	-1230.001	212.0237	2.158929	0.3538188	1.350762
47952	-1025.85	-1237.182	211.3327	1.928808	0.7333723	1.589846
47958	-1016.92	-1228.245	211.3253	1.956754	0.8695696	1.454799
47964	-1014.134	-1225.813	211.679	1.977718	0.4785729	1.572118
47970	-1022.213	-1233.457	211.2439	1.974728	0.7733839	1.58512
47976	-1026.702	-1237.354	210.6526	1.686023	0.5082776	2.422557
47982	-1012.396	-1222.712	210.3164	1.698301	0.4882399	2.645094
47988	-1023.88	-1235.21	211.3306	1.820581	0.2784479	2.194152
47994	-1006.424	-1217.433	211.0092	1.731426	0.5586227	2.113556
48000	-1014.656	-1225.827	211.1707	1.806313	0.5055236	2.013045
48006	-1019.651	-1231.094	211.4427	1.930511	0.4532231	1.804886
48012	-1019.661	-1230.427	210.7662	1.626128	0.3673005	2.549645
48018	-1013.321	-1224.176	210.8554	2.194384	0.5816613	1.884156
48024	-1026.054	-1237.087	211.0325	1.981867	0.558486	1.931805
48030	-1025.478	-1236.564	211.086	1.739404	0.5637735	2.052571
48036	-1013.189	-1224.98	211.7907	1.992339	0.5054466	1.443948
48042	-1035.264	-1246.713	211.4491	2.049678	0.7722942	1.374362
48048	-1034.383	-1245.884	211.5012	1.998898	0.7722942	1.373341
48054	-1043.743	-1254.952	211.2097	1.69045	0.4885476	2.082497
48060	-1033.294	-1245.204	211.9096	2.072896	0.4885476	1.309313
48066	-1030.508	-1241.898	211.3903	1.979705	0.5014613	1.749788
48072	-1037.294	-1246.836	209.5421	1.496871	0.4595387	3.26248
48078	-1033.755	-1243.969	210.2141	1.526311	0.4137182	2.893298
48084	-1027.436	-1236.917	209.4813	1.71972	0.775819	2.893298
48090	-1033.44	-1245.005	211.5651	1.862527	0.5779622	1.623559
48096	-1030.174	-1241.9	211.7255	1.866067	0.3906733	1.733839
48102	-1013.341	-1225.255	211.9138	1.870547	0.4975002	1.452996
48108	-1020.081	-1231.106	211.0258	1.942589	1.19107	1.452996
48114	-1020.133	-1231.645	211.5118	2.040419	0.9092968	1.203032
48120	-1023.749	-1235.284	211.5356	2.173369	0.8962402	1.075823
48126	-1024.868	-1236.742	211.8739	2.109322	0.4984864	1.295273
48132	-1027.891	-1239.579	211.6877	2.017325	0.9870126	0.9874162
48138	-1018.258	-1230.379	212.1218	2.096666	0.4972969	1.09435
48144	-1022.07	-1233.581	211.5115	2.058433	0.8493677	1.243819
48150	-1018.066	-1229.849	211.7829	1.885156	0.6401206	1.375848
48156	-1021.487	-1233.798	212.3113	1.907713	0.5639803	0.9921366
48162	-1028.536	-1240.466	211.9296	2.079974	0.7309014	0.9706322
48168	-1035.668	-1247.672	212.004	2.159835	0.5384637	1.08345
48174	-1010.211	-1221.666	211.4547	2.096463	0.8015247	1.304669
48180	-1014.674	-1225.967	211.2934	1.996565	0.8906349	1.431004
48186	-1004.682	-1216.587	211.9047	1.932697	0.7973115	1.060397
48192	-1013.711	-1225.358	211.6464	2.073948	0.9008603	1.060397
48198	-1006.015	-1217.985	211.9704	1.988781	0.577405	1.212001
48204	-1011.067	-1222.252	211.1851	2.279248	1.468387	0.7855591
48210	-1011.006	-1222.071	211.0653	2.279248	1.468387	0.9296989
48216	-1000.248	-1212.009	211.7617	2.112949	0.838662	0.9765542
48222	-1013.499	-1225.172	211.6734	2.085683	0.9982948	0.9185319
48228	-1018.096	-1230.4	212.3049	2.057513	0.5171865	0.9185319
48234	-1019.738	-1231.359	211.6205	2.367831	0.9060548	0.7513394
48240	-1020.247	-1231.585	211.3383	2.282852	1.298489	0.7513394
48246	-1022.033	-1234.073	212.04	2.249401	0.6758523	0.710216
48252	-1020.27	-1232.382	212.1118	1.976678	0.5673549	1.111762
48258	-1016.543	-1228.117	211.5743	1.733414	0.9653042	1.35557
48264	-1000.522	-1211.541	211.0187	1.933105	1.243946	1.430798
48270	-1021.217	-1233.008	211.7918	2.026199	0.5536076	1.357232
48276	-1014.065	-1225.304	211.2388	1.879638	0.5964884	1.822192
48282	-1024.695	-1235.161	210.4662	1.649457	1.014817	2.159475
48288	-1000.644	-1211.383	210.7395	1.701971	0.8050633	2.093977
48294	-1024.867	-1235.114	210.2472	1.578069	0.5329205	2.716754
48300	-1028.173	-1237.869	209.6959	1.605241	0.5659321	3.003406
48306	-1023.68	-1235.421	211.7409	1.640931	0.3486617	1.936754
48312	-1014.328	-1224.855	210.5272	1.600626	0.5931848	2.472514
48318	-1027.31	-1237.723	210.4129	1.63152	0.40421	2.719358
48324	-1028.592	-1239.841	211.2484	1.792157	0.5254669	1.948969
48330	-1020.228	-1231.659	211.4313	2.048848	0.4946326	1.680087
48336	-1023.602	-1235.1	211.4982	2.023026	0.3899248	1.784034
48342	-1024.35	-1234.991	210.6411	1.758056	0.3899248	2.517171
48348	-1024.238	-1234.476	210.2387	1.519229	0.5772234	2.716299
48354	-1039.068	-1247.826	208.7584	1.332519	0.6264414	3.663691
48360	-1028.793	-1240.668	211.8751	1.878043	0.4739582	1.506512
48366	-1026.174	-1237.836	211.6623	2.019895	0.4739582	1.5592
48372	-1035.803	-1244.74	208.9376	1.444615	1.139774	3.156955
48378	-1030.954	-1241.536	210.5813	1.687962	1.139774	1.980218
48384	-1017.834	-1229.112	211.2778	1.971167	0.7911663	1.547139
48390	-1007.494	-1218.779	211.2845	2.167522	0.9920435	1.215088
48396	-1032.679	-1244.519	211.8395	2.267902	0.720773	0.8779929
48402	-1029.291	-1241.139	211.848	2.225818	0.7014721	0.9428038
48408	-1025.922	-1237.44	211.5181	2.451845	0.8368472	0.8751033
48414	-1037.587	-1249.575	211.9885	2.451845	0.4428607	0.9702391
48420	-1025.709	-1237.699	211.9901	2.095825	0.2863696	1.540215
48426	-1027.484	-1239.133	211.6484	1.963066	0.6194667	1.442185
48432	-1016.968	-1228.474	211.5056	1.659209	0.6140905	1.772422
48438	-1007.917	-1219.221	211.304	1.785294	0.509515	1.933451
48444	-1008.131	-1219.286	211.1546	1.867309	0.8644254	1.650967
48450	-1010.967	-1222.775	211.8082	2.4152	0.4702933	1.131365
48456	-1014.88	-1226.864	211.984	2.554949	0.4758423	0.7879771
48462	-1007.876	-1219.013	211.1363	2.510348	1.18675	0.8443674
48468	-1004.072	-1215.93	211.8574	2.251555	0.5488135	1.118938
48474	-1012.231	-1223.795	211.5633	2.251555	0.985865	0.8695135
48480	-1020.402	-1232.053	211.6517	2.210327	0.9399302	0.8695135
48486	-1022.802	-1234.716	211.9143	2.030238	0.6110849	1.182246
48492	-1022.209	-1233.662	211.4535	2.133709	0.9185092	1.164203
48498	-1020.114	-1231.701	211.5865	2.04032	0.7031499	1.341609
48504	-1015.668	-1227.037	211.3697	2.029993	0.7184368	1.501704
48510	-1023.788	-1235.319	211.5312	1.948808	0.5763227	1.587285
48516	-1018.822	-1230.249	211.4272	1.94996	0.6824062	1.553232
48522	-1024.438	-1235.159	210.7216	1.852597	0.7686798	2.035085
48528	-1020.337	-1231.704	211.3674	1.853545	0.5712216	1.777124
48534	-1023.637	-1234.59	210.9533	1.998412	0.7747356	1.774055
48540	-1003.974	-1214.908	210.9341	2.113386	0.568285	1.89933
48546	-1002.563	-1213.53	210.9668	2.004917	0.617385	1.901878
48552	-1020.243	-1231.151	210.9075	1.990148	0.6710133	1.901878
48558	-1027.209	-1238.841	211.6319	1.960359	0.5807141	1.499418
48564	-1017.859	-1228.954	211.0951	1.710927	0.7774462	1.872157
48570	-1016.266	-1226.985	210.7191	1.617474	0.6317915	2.305486
48576	-1011.481	-1223.217	211.7355	2.128973	0.8035969	1.027289
48582	-1011.059	-1222.678	211.6194	2.277302	0.9826443	0.7683713
48588	-1022.679	-1234.331	211.6525	2.170069	1.057892	0.7683713
48594	-1036.312	-1247.412	211.0998	1.824756	0.4081179	2.160535
48600	-1034.462	-1245.961	211.4997	2.157779	1.177037	0.8415891
48606	-1032.913	-1244.404	211.491	2.280006	1.103172	0.7807643
48612	-1020.924	-1231.466	210.5414	1.756349	0.5403787	2.415957
48618	-1039.691	-1250.446	210.7555	1.935958	1.082731	1.72704
48624	-1033.48	-1244.519	211.0393	1.935958	0.7829355	1.750691
48630	-1034.504	-1244.374	209.8701	1.576746	0.9047049	2.653738
48636	-1032.507	-1243	210.4932	1.516198	0.3931013	2.753903
48642	-1032.005	-1243.139	211.1341	1.549792	0.4585033	2.256601
48648	-1007.199	-1219.237	212.0376	1.781309	0.366041	1.606759
48654	-1025.637	-1236.879	211.2422	1.81216	0.4431579	2.032749
48660	-1024.377	-1235.613	211.2355	1.80931	0.4124052	2.07651
48666	-1028.773	-1238.751	209.9778	1.756498	0.5239746	2.781051
48672	-1027.116	-1238.048	210.9316	1.793531	0.6655773	2.022536
48678	-1021.84	-1232.884	211.0444	1.794917	0.971142	1.699962
48684	-1035.984	-1246.853	210.8689	2.049569	0.5785082	1.975934
48690	-1038.656	-1250.155	211.4986	1.975685	0.4260514	1.768863
48696	-1046.952	-1258.53	211.5787	1.926869	0.4260514	1.746983
48702	-1036.964	-1249.052	212.088	2.038692	0.4260514	1.281501
48708	-1038.33	-1250.024	211.6947	2.08107	0.7828927	1.132879
48714	-1020.048	-1231.725	211.677	2.022894	0.5381535	1.467321
48720	-1013.035	-1224.156	211.1205	1.879869	0.792358	1.725224
48726	-1014.808	-1225.834	211.0251	1.99154	0.7051245	1.789382
48732	-1002.361	-1212.981	210.6201	1.748804	0.4828218	2.430203
48738	-1021.325	-1232.924	211.5984	1.864766	0.3659309	1.857169
48744	-1028.331	-1239.377	211.0462	1.843823	0.5049481	2.071261
48750	-1031.844	-1242.593	210.7489	1.586104	0.2991412	2.676963
48756	-1050.842	-1261.049	210.207	1.579207	0.4454375	2.830289
48762	-1037.01	-1248.131	211.1208	1.748917	0.7997612	1.810183
48768	-1032.298	-1242.835	210.5365	1.697858	0.8317247	2.208734
48774	-1027.596	-1238.878	211.2817	1.76667	0.6934694	1.777912
48780	-1027.158	-1238.421	211.2637	1.716456	0.7469583	1.777912
48786	-1038.967	-1249.653	210.6859	1.75726	0.541894	2.322336
48792	-1034.891	-1244.968	210.0767	1.652484	0.6026551	2.710962
48798	-1018.651	-1229.383	210.732	1.630772	0.4073663	2.518863
48804	-1028.733	-1238.392	209.6596	1.404145	0.6726462	3.054605
48810	-1017.937	-1229.321	211.3837	2.026168	0.4677877	1.761726
48816	-1017.6	-1229.178	211.5779	2.15713	0.4475639	1.554296
48822	-1024.49	-1236.467	211.9767	2.413035	0.4223737	1.057105
48828	-1020.551	-1232.435	211.8842	2.074465	0.4162039	1.429243
48834	-1013.613	-1225.753	212.1396	1.954174	0.3511302	1.424663
48840	-1019.201	-1231.031	211.8293	2.105966	0.656319	1.134814
48846	-1019.861	-1232.006	212.1455	1.841496	0.4564528	1.349966
48852	-1021.072	-1233.312	212.2397	2.033996	0.2577753	1.452467
48858	-1028.057	-1240.195	212.1384	2.083182	0.5629108	0.9911718
48864	-1025.673	-1237.459	211.7851	2.249937	0.7561797	0.9097748
48870	-1017.01	-1228.613	211.6029	2.293091	1.010196	0.7278234
48876	-1011.134	-1223.252	212.1183	2.132925	0.6674379	0.785096
48882	-1013.779	-1225.328	211.5491	2.28814	0.9448995	0.892174
48888	-1018.011	-1229.713	211.702	2.075215	0.5348994	1.411983
48894	-1019.195	-1230.979	211.7838	2.038486	0.5348994	1.376842
48900	-1015.644	-1227.027	211.3834	1.830255	0.6411522	1.711478
48906	-1019.978	-1231.356	211.3785	1.673142	0.6411522	1.824402
48912	-1017.687	-1228.79	211.1032	1.697504	0.6723774	1.965972
48918	-1023.201	-1234.086	210.8848	1.646615	0.3525959	2.481809
48924	-1051.222	-1262.603	211.3813	1.821126	0.638904	1.721577
48930	-1029.391	-1241.06	211.6687	2.192319	0.8009949	1.03361
48936	-1037.141	-1248.659	211.5183	2.164513	0.9362102	1.060227
48942	-1017.06	-1228.374	211.3141	1.723542	0.5079198	1.969959
48948	-1023.65	-1233.104	209.4531	1.835565	1.889874	2.259345
48954	-1020.686	-1231.909	211.2235	2.090054	0.9755869	1.342591
48960	-1033.233	-1244.371	211.1379	1.732704	1.016802	1.644893
48966	-1033.906	-1245.811	211.905	1.824836	0.4393588	1.56895
48972	-1016.247	-1227.968	211.7209	1.965339	0.6232607	1.380122
48978	-1025.817	-1237.276	211.4584	1.832541	0.4780509	1.831936
48984	-1019.968	-1231.526	211.5582	1.919082	0.4780509	1.701924
48990	-1051.155	-1263.355	212.1994	2.153856	0.4778392	0.9964871
48996	-1035.279	-1246.762	211.4832	2.139683	0.4430505	1.641765
49002	-1026.518	-1237.929	211.4111	1.853428	0.524917	1.796707
49008	-1005.047	-1216.115	211.0679	1.692602	0.3731813	2.310245
49014	-1030.79	-1242.1	211.3102	1.946368	0.3679506	1.993949
49020	-1025.86	-1235.129	209.2694	1.331851	0.397303	3.585887
49026	-1026.855	-1236.549	209.6935	1.696229	0.6140742	2.907443
49032	-1022.834	-1233.521	210.6864	1.716225	0.6140742	2.279323
49038	-1016.392	-1227.186	210.7939	1.963434	0.7485385	1.929148
49044	-1008.985	-1219.687	210.7026	1.8442	0.664405	2.140934
49050	-1019.957	-1231.639	211.6816	1.791811	0.664405	1.499638
49056	-1031.917	-1243.203	211.2859	1.781483	0.7498574	1.714261
49062	-1038.994	-1249.962	210.9678	1.68472	0.5319962	2.19788
49068	-1010.38	-1221.176	210.7965	1.979787	0.5412156	2.107798
49074	-1019.709	-1230.81	211.1005	1.700587	0.5684615	2.063967
49080	-1017.679	-1228.784	211.1046	1.878698	0.4425438	2.08043
49086	-1019.229	-1231.05	211.8209	1.806383	0.4945632	1.573954
49092	-1019.531	-1231.797	212.2657	2.198951	0.3056175	1.205887
49098	-1020.426	-1232.361	211.9347	1.668875	0.6352788	1.431148
49104	-1026.387	-1238.021	211.6339	1.665318	0.7491492	1.547658
49110	-1039.214	-1250.429	211.2154	2.00372	1.022482	1.380057
49116	-1030.892	-1242.834	211.9419	2.462423	0.403257	1.077335
49122	-1028.24	-1240.243	212.0031	2.287749	0.403257	1.179268
49128	-1030.99	-1242.986	211.9963	2.440168	0.403257	1.046976
49134	-1024.342	-1236.239	211.8975	2.093222	0.4595881	1.342627
49140	-1027.863	-1239.35	211.4865	2.219795	1.168606	0.7880514
49146	-1013.908	-1225.571	211.6632	2.312159	0.9407899	0.7136452
49152	-1021.66	-1233.459	211.7996	2.177693	0.9407899	0.7103626
49158	-1013.753	-1225.442	211.6894	2.16811	1.000988	0.7970555
49164	-1020.441	-1231.968	211.527	2.324973	1.124275	0.5930607
49170	-1010.83	-1222.797	211.967	2.324973	0.6438088	0.7730912
49176	-1019.219	-1230.692	211.4728	2.26356	1.139881	0.7821202
49182	-1027.44	-1237.943	210.5022	1.675828	0.6164993	2.419742
49188	-1015.106	-1224.626	209.5198	1.549166	0.8997615	2.887534
49194	-1017.454	-1229.349	211.8948	2.232834	0.779911	0.7574056
49200	-1008.234	-1220.207	211.9725	2.19553	0.779911	0.6922666
49206	-1016.258	-1228.124	211.8667	2.330405	0.7235236	0.757713
49212	-1032.722	-1243.984	211.2622	1.685683	0.4250557	2.12458
49218	-1032.113	-1243.412	211.2996	1.760607	0.6191186	1.83982
49224	-1015.75	-1226.28	210.5303	1.643244	0.6191186	2.420249
49230	-1014.703	-1225.698	210.9947	1.698552	0.4978586	2.20732
49236	-1005.095	-1216.063	210.9682	1.811988	0.4909462	2.158368
49242	-1024.355	-1234.529	210.1746	1.481254	0.6945334	2.67834
49248	-1011.599	-1222.011	210.4121	1.557509	0.4485744	2.714974
49254	-1011.638	-1222.228	210.59	1.725429	0.7956107	2.183549
49260	-1030.677	-1241.149	210.4725	1.529462	0.6284965	2.519475
49266	-1010.296	-1220.635	210.3388	1.438167	0.3747595	2.917074
49272	-1022.006	-1231.66	209.654	1.565824	0.4509387	3.164356
49278	-1018.685	-1229.073	210.3881	1.70446	0.4509387	2.636775
49284	-1027.274	-1238.08	210.8068	1.69927	0.640652	2.188576
49290	-1023.032	-1234.073	211.0405	1.865888	0.5678055	1.994766
49296	-1031.777	-1243.115	211.3378	1.884455	0.7403642	1.611974
49302	-1024.019	-1235.636	211.6167	1.675663	0.5415083	1.759137
49308	-1016.73	-1228.5	211.7702	1.96546	0.5842639	1.385647
49314	-1030.723	-1242.11	211.387	1.868736	0.2748421	2.131882
49320	-1016.913	-1226.404	209.4913	1.472015	0.5235134	3.243862
49326	-1017.276	-1225.775	208.4987	1.341758	0.6017906	3.828517
49332	-1040.103	-1251.675	211.5712	1.789153	0.5885383	1.660632
49338	-1036.825	-1248.525	211.6991	2.048154	0.8489695	1.088812
49344	-1017.565	-1228.711	211.1457	1.908816	0.5358364	1.928486
49350	-1023.901	-1234.732	210.8316	1.884055	0.6542922	2.038957
49356	-1036.49	-1248.168	211.6784	2.097355	0.5227897	1.427956
49362	-1022.999	-1234.687	211.6878	2.194066	0.8058917	1.007489
49368	-1021.725	-1233.395	211.6699	2.118864	0.9328282	0.9587034
49374	-1026.156	-1238.116	211.96	2.118864	0.6860629	0.9587034
49380	-1014.622	-1226.453	211.8311	2.14609	0.6574394	1.095416
49386	-1027.59	-1239.371	211.781	1.903052	0.7158184	1.282164
49392	-1045.796	-1257.109	211.3137	1.875497	0.7158184	1.658131
49398	-1034.606	-1246.177	211.5713	1.640038	0.7113279	1.646418
49404	-1036.809	-1248.202	211.3928	1.797474	0.9156507	1.486331
49410	-1029.05	-1240.336	211.2857	1.817019	0.8995026	1.564374
49416	-1023.253	-1234.243	210.9904	1.992817	1.19876	1.436508
49422	-1025.352	-1237.222	211.8699	2.239745	0.6247838	1.012421
49428	-1023.389	-1235.454	212.0651	2.239745	0.5701694	0.8904998
49434	-1022.253	-1234.131	211.8787	1.961591	0.8319584	1.018773
49440	-1027.556	-1239.288	211.7324	1.760011	0.6851531	1.464312
49446	-1031.081	-1242.967	211.8863	1.790542	0.6270785	1.383222
49452	-1015.145	-1227.242	212.0968	1.735164	0.5658553	1.331269
49458	-1013.746	-1225.762	212.0159	1.780117	0.522993	1.412087
49464	-1031.694	-1243.542	211.8482	1.690001	0.522993	1.605004
49470	-1020.125	-1230.255	210.1299	1.761121	0.8628682	2.405475
49476	-1012.267	-1223.103	210.8354	1.575406	0.4251154	2.467992
49482	-1031.251	-1240.926	209.6748	1.593122	0.8360641	2.809837
49488	-1021.364	-1230.67	209.3058	1.607553	1.192034	2.809837
49494	-1017.397	-1226.863	209.4659	1.553316	0.9589024	2.879839
49500	-1008.881	-1219.152	210.2708	1.563012	0.4970924	2.747002
49506	-1002.685	-1212.85	210.1649	1.549678	0.4927243	2.824144
49512	-1012.369	-1222.036	209.6665	1.420584	0.9824243	2.824144
49518	-1015.563	-1225.218	209.6546	1.578099	0.7179609	2.917579
49524	-1047.158	-1258.678	211.5198	2.210411	0.8375754	1.11623
49530	-1033.654	-1245.353	211.6992	2.388299	0.8375754	0.7146724
49536	-1021.957	-1233.941	211.9833	2.124428	0.6681644	0.9534695
49542	-1012.452	-1223.947	211.4949	1.739723	0.6222401	1.715373
49548	-1013.826	-1225.632	211.806	1.862073	0.6957611	1.316217
49554	-1013.909	-1225.602	211.6928	1.954359	0.7118714	1.316217
49560	-1010.642	-1223.145	212.5031	2.111992	0.3953849	0.8762881
49566	-1017.889	-1229.634	211.7448	2.319388	0.6831447	0.9779329
49572	-1022.151	-1234.2	212.0487	2.169096	0.5976256	0.9415524
49578	-996.8181	-1207.949	211.131	2.248894	1.230367	1.083602
49584	-1002.907	-1214.938	212.0314	2.169584	0.4967214	1.111198
49590	-1017.029	-1228.547	211.518	1.99556	1.002536	1.152778
49596	-1027.351	-1239.023	211.6721	2.009857	0.8070876	1.189984
49602	-1030.344	-1241.885	211.5404	2.102441	0.924856	1.108503
49608	-1020.213	-1232.283	212.0695	2.197222	0.7075185	0.6763376
49614	-1023.549	-1234.988	211.4391	2.356063	1.141113	0.688171
49620	-1003.418	-1214.748	211.3298	2.581424	1.073664	0.4602158
49626	-1002.611	-1214.023	211.4119	2.462058	1.073664	0.6564548
49632	-1007.467	-1218.882	211.4152	2.430931	1.073664	0.7084194
49638	-1005.687	-1217.649	211.962	2.478431	0.5548508	0.7454691
49644	-1016.05	-1227.217	211.1673	2.480733	1.32458	0.6698958
49650	-1000.81	-1211.954	211.1445	2.445758	1.063768	1.02657
49656	-1007.142	-1218.55	211.4079	2.396393	1.063768	0.7860295
49662	-1007.414	-1218.831	211.4177	2.386609	1.063768	0.7860295
49668	-996.032	-1207.522	211.4903	2.506258	0.9826024	0.5626467
49674	-1004.752	-1216.255	211.5025	2.421564	1.018937	0.662122
49680	-1006.321	-1218.037	211.7162	2.354516	0.8486381	0.7216384
49686	-1003.482	-1215.345	211.8635	2.316279	0.7786137	0.6731942
49692	-1016.561	-1228.258	211.6965	2.433911	0.7541023	0.7975612
49698	-1003.964	-1215.267	211.3031	2.311331	1.267096	0.7975612
49704	-1013.6	-1225.107	211.5079	1.970921	1.099	1.100368
49710	-1013.392	-1224.791	211.3994	1.828066	0.622319	1.720339
49716	-1023.292	-1234.81	211.5181	1.728997	0.5578805	1.773024
49722	-1012.192	-1223.379	211.187	1.710259	0.5237467	2.046386
49728	-1005.396	-1216.451	211.0557	1.899	0.5888344	1.941313
49734	-1019.301	-1231.168	211.8672	1.895278	0.5201518	1.441374
49740	-1017.079	-1228.477	211.3981	1.964432	0.5454713	1.705454
49746	-1020.279	-1230.881	210.6015	1.804917	0.4057553	2.493511
49752	-1025.269	-1236.313	211.0435	2.019442	0.6758554	1.783945
49758	-1041.52	-1253.19	211.6702	1.920759	0.3641646	1.771413
49764	-1024.458	-1235.953	211.4942	2.481827	0.8350249	0.8704961
49770	-1036.787	-1248.749	211.9615	2.457936	0.4158725	1.04033
49776	-1028.495	-1240.33	211.8349	2.362307	0.5050052	1.102228
49782	-1024.962	-1236.95	211.9886	2.397233	0.5426683	0.8447299
49788	-1024.376	-1236.14	211.7637	2.17357	0.7021338	1.077355
49794	-1014.673	-1226.178	211.5043	2.100591	0.8216206	1.241109
49800	-1017.413	-1229.132	211.7191	2.028965	0.8216206	1.116737
49806	-1018.701	-1230.209	211.5078	2.059565	0.9015423	1.197191
49812	-1015.487	-1226.613	211.1268	1.63416	0.5286014	2.130856
49818	-1009.109	-1219.548	210.4382	1.696664	0.6748521	2.396185
49824	-1007.303	-1217.86	210.5564	1.883238	0.7805461	2.114319
49830	-1025.133	-1234.967	209.8331	1.669666	0.7449622	2.732777
49836	-1020.748	-1231.492	210.7442	1.634148	0.3871957	2.533476
49842	-1013.515	-1223.941	210.426	2.023119	1.142581	1.856821
49848	-1014.216	-1225.313	211.0965	1.917417	0.8666576	1.654887
49854	-1035.735	-1247.01	211.2749	1.948749	0.5717446	1.774682
49860	-1024.004	-1234.461	210.4567	1.901297	0.8037119	2.149664
49866	-1028.069	-1239.051	210.9816	1.764546	0.8037119	1.891648
49872	-1020.047	-1231.658	211.6108	2.399581	0.8925714	0.739954
49878	-1019.395	-1230.635	211.2403	2.5252	1.2167	0.606435
49884	-1034.605	-1245.917	211.3119	1.885517	0.2994481	2.13146
49890	-1019.87	-1231.229	211.3586	2.717029	0.9135729	0.5022278
49896	-1015.76	-1226.333	210.5728	2.882434	1.646757	0.4763197
49902	-1023.161	-1234.268	211.1073	2.581468	1.32812	0.4582976
49908	-1027.079	-1238.677	211.5989	2.581468	0.8184308	0.474931
49914	-1012.613	-1223.885	211.2726	1.779321	0.7559824	1.719846
49920	-1016.99	-1228.25	211.2602	1.814671	0.4351177	2.028799
49926	-1028.984	-1239.523	210.5394	1.920338	0.875734	2.028799
49932	-1015.668	-1227.06	211.3919	1.863532	0.7756827	1.556065
49938	-1005.329	-1216.197	210.8677	1.863532	0.7502615	1.945361
49944	-1006.806	-1217.674	210.8677	1.856491	0.8063401	1.904459
49950	-1003.298	-1214.64	211.3419	1.949104	0.455419	1.858816
49956	-998.0635	-1208.74	210.676	1.789617	0.455419	2.399035
49962	-1003.612	-1214.838	211.2261	1.780161	0.829169	1.690639
49968	-1009.029	-1219.753	210.7243	1.919039	0.829169	1.941178
49974	-1009.509	-1220.051	210.5424	1.712308	0.4391342	2.549472
49980	-1018.25	-1229.143	210.8931	1.581567	0.6163125	2.230949
49986	-1042.369	-1252.86	210.4912	1.697889	1.177986	2.010894
49992	-1021.426	-1232.722	211.2958	1.807238	0.711694	1.723077
49998	-1024.331	-1235.904	211.573	1.932788	0.5668327	1.578888
50004	-1011.937	-1223.798	211.8604	2.081255	0.7258749	1.044353
50010	-1012.522	-1224.427	211.9048	2.162248	0.7854581	0.8302815
50016	-1021.409	-1233.548	212.1385	2.085802	0.6321519	0.8796323
50022	-1026.499	-1238.667	212.1678	2.102795	0.5997042	0.8796323
50028	-1022.083	-1234.355	212.2725	2.339526	0.4535367	0.7382339
50034	-1038.24	-1250.175	211.9344	2.057121	0.5738957	1.188814
50040	-1027.837	-1239.132	211.2953	2.115533	1.065501	1.188814
50046	-1032.664	-1244.772	212.1079	2.187209	0.4963053	1.023275
50052	-1038.598	-1250.912	212.314	2.162346	0.333139	1.142027
50058	-1035.499	-1247.028	211.5294	2.084671	0.932693	1.127045
50064	-1015.267	-1227.196	211.929	2.097745	0.6138742	1.105722
50070	-1023.874	-1235.064	211.1894	1.983949	0.9760822	1.451399
50076	-1027.227	-1237.781	210.5546	1.784255	1.41629	1.775831
50082	-1018.52	-1229.257	210.7373	1.711731	0.5572378	2.3034
50088	-1019.009	-1230.177	211.1679	1.702985	0.7243694	1.872685
50094	-1020.017	-1231.414	211.3972	1.645125	0.4827151	1.994888
50100	-1023.995	-1234.301	210.3054	1.591124	0.4705102	2.736191
50106	-1018.222	-1228.227	210.0052	1.585836	0.5228159	2.869212
50112	-1017.015	-1227.885	210.8705	1.55282	0.3548263	2.546382
50118	-1050.334	-1260.926	210.592	1.586286	0.4445477	2.590847
50124	-1033.945	-1246.002	212.057	2.291357	0.6170631	0.7455269
50130	-1019.079	-1230.991	211.912	2.291357	0.6677762	0.8463282
50136	-1013.694	-1225.392	211.6978	2.058386	0.4559704	1.527632
50142	-1019.452	-1231.31	211.8583	2.273135	0.5709384	1.067077
50148	-1025.674	-1237.249	211.5745	2.098868	0.9617827	1.043946
50154	-1028.727	-1240.738	212.011	2.152277	0.6096787	0.9801722
50160	-1028.024	-1239.537	211.5128	2.289227	0.8279406	1.060087
50166	-1015.968	-1227.514	211.5462	2.272545	0.9970709	0.8513086
50172	-1018.486	-1229.637	211.1504	2.605028	1.222461	0.6200872
50178	-1043.939	-1255.357	211.4176	2.784128	0.7864146	0.4119729
50184	-1030.933	-1242.277	211.3433	1.830943	0.5428348	1.839498
50190	-1038.752	-1249.646	210.8939	2.794595	1.322833	0.438351
50196	-1029.924	-1240.688	210.7637	2.803939	1.485658	0.4611174
50202	-1019.658	-1230.92	211.2621	2.694621	1.029413	0.4848801
50208	-1013.947	-1225.378	211.4305	2.55417	0.9975329	0.5466625
50214	-1022.95	-1234.916	211.9658	2.021196	0.3049682	1.580852
50220	-1031.013	-1243.345	212.3317	1.968725	0.3038823	1.344314
50226	-1024.723	-1236.649	211.9258	1.968725	0.289553	1.673667
50232	-1030.607	-1242.456	211.849	2.391736	0.7428511	0.6368575
50238	-1036.776	-1248.716	211.94	2.498394	0.6075815	0.5922085
50244	-1047.893	-1259.413	211.5201	2.548058	0.9018993	0.6070114
50250	-1024.413	-1236.018	211.605	2.349684	0.9359911	0.7540704
50256	-1034.604	-1246.307	211.7025	2.349684	0.7420909	0.9101448
50262	-1026.212	-1237.094	210.8813	1.793641	0.6165328	2.100557
50268	-1029.196	-1240.295	211.0993	1.643548	0.5591873	2.111527
50274	-1017.19	-1227.433	210.243	1.63409	0.5718618	2.648017
50280	-1021.997	-1232.332	210.335	1.69608	0.3096496	2.847722
50286	-1002.903	-1214.536	211.6335	1.917468	0.2642703	1.953837
50292	-1014.798	-1226.249	211.4517	1.915809	0.3685126	1.918607
50298	-1018.212	-1229.433	211.2209	1.87001	0.2856188	2.221867
50304	-1022.603	-1233.86	211.2564	1.827394	0.3230845	2.170408
50310	-1016.054	-1226.994	210.9396	1.859432	0.3230845	2.353225
50316	-1016.054	-1227.349	211.2949	1.895478	0.2983028	2.137813
50322	-1007.813	-1218.865	211.052	2.022766	0.4135754	2.055262
50328	-1011.072	-1222.166	211.0947	1.969741	0.419101	2.055262
50334	-1003.318	-1214.56	211.2428	1.677614	0.5461367	2.007528
50340	-1013.512	-1225.269	211.7572	2.081379	0.4318649	1.498361
50346	-1021.419	-1232.894	211.4753	2.057715	0.4315001	1.720638
50352	-1015.616	-1225.357	209.7416	1.707989	0.6165137	2.869137
50358	-1011.179	-1221.885	210.7064	2.019448	0.6652199	2.022362
50364	-1016.617	-1227.431	210.8145	2.090274	0.9265512	1.686421
50370	-1021.681	-1232.743	211.0616	1.958771	0.4147663	2.089631
50376	-1028.073	-1238.142	210.0687	1.991704	0.6267506	2.48452
50382	-1014.301	-1224.76	210.4588	1.789562	0.6474759	2.347787
50388	-1006.963	-1217.857	210.8944	1.610819	0.4387359	2.392878
50394	-1009.947	-1220.665	210.7177	1.708977	0.4836145	2.392878
50400	-1009.42	-1220.519	211.0991	1.622544	0.4399261	2.253602
50406	-1021.213	-1231.711	210.498	1.615095	0.8777121	2.253602
50412	-1015.702	-1227.31	211.6079	2.085746	1.043324	0.9413391
50418	-1008.807	-1220.319	211.5116	2.334106	1.053112	0.7407904
50424	-1022.909	-1235.009	212.0995	1.964374	0.6199564	1.063203
50430	-1009.651	-1221.2	211.5489	1.877093	0.9212211	1.297555
50436	-1011.391	-1222.418	211.0268	1.837529	0.9524556	1.69587
50442	-1023.952	-1235.006	211.0533	1.756832	0.7377655	1.902516
50448	-1010.868	-1222.096	211.2279	1.78293	0.6230058	1.869864
50454	-1014.937	-1226.746	211.8093	1.824505	0.280916	1.869864
50460	-1007.671	-1218.397	210.7265	1.655748	0.4253938	2.485537
50466	-1019.415	-1230.542	211.1269	1.880175	0.5684898	1.926485
50472	-1021.237	-1232.63	211.3928	1.649264	0.6565391	1.816481
50478	-1017.389	-1228.271	210.8821	1.571897	0.4772355	2.382485
50484	-1030.459	-1242.424	211.9645	1.869568	0.5220956	1.383557
50490	-1034.932	-1246.038	211.1061	1.805648	0.8204348	1.764203
50496	-1022.718	-1233.646	210.9287	1.925454	0.7784587	1.838418
50502	-1029.579	-1240.579	211.0003	1.863995	0.596869	1.994061
50508	-1028.896	-1240.558	211.6622	1.906413	0.3522644	1.804086
50514	-1013.948	-1225.605	211.6571	1.908904	0.4732897	1.644473
50520	-1033.533	-1243.372	209.8396	1.583992	0.5825701	2.914705
50526	-1020.4	-1230.362	209.9614	1.525107	0.8134355	2.69224
50532	-1025.729	-1237	211.2706	1.755373	0.5866163	1.895331
50538	-1022.87	-1233.911	211.041	1.766773	0.5801098	2.048011
50544	-1017.023	-1228.596	211.5732	2.012347	0.4135728	1.707078
50550	-1026.982	-1238.482	211.5004	1.844531	0.5553813	1.707078
50556	-1038.317	-1249.449	211.1317	1.836998	0.49665	2.028316
50562	-1018.821	-1230.126	211.3048	1.904931	0.4161698	1.962161
50568	-1020.122	-1230.857	210.7344	1.827197	0.5449219	2.243428
50574	-1003.15	-1214.065	210.9151	1.863012	0.6921512	1.963582
50580	-1051.49	-1263.007	211.5171	1.835674	0.6763078	1.57717
50586	-1037.834	-1248.813	210.9788	1.904752	0.6448173	1.935466
50592	-1023.548	-1235.039	211.4911	1.921939	0.4125081	1.828749
50598	-1028.917	-1240.134	211.2175	1.978083	0.990488	1.423162
50604	-1036.302	-1247.455	211.1524	2.160904	0.8987303	1.406213
50610	-1026.117	-1237.428	211.311	1.959592	0.3805048	1.967632
50616	-1033.493	-1245.491	211.9981	2.181358	0.4158575	1.253574
50622	-1032.695	-1244.251	211.5559	1.73258	0.4928366	1.816439
50628	-1040.781	-1251.59	210.809	1.600269	0.9437659	2.013858
50634	-1032.448	-1243.049	210.6015	1.495498	0.5444213	2.537777
50640	-1037.703	-1249.123	211.4201	1.763523	0.3673001	2.043288
50646	-1029.263	-1240.877	211.6139	1.53602	0.5788608	1.818409
50652	-1026.806	-1237.663	210.8569	1.768768	0.938233	1.872055
50658	-1024.009	-1235.657	211.6479	1.84816	0.5498492	1.604954
50664	-1016.821	-1228.325	211.5043	1.791659	0.6903999	1.604954
50670	-1013.275	-1224.615	211.3395	1.738991	0.6903999	1.759739
50676	-1023.914	-1235.324	211.4092	1.794989	0.5881941	1.771227
50682	-1033.83	-1245.458	211.6276	1.721713	0.5287217	1.733326
50688	-1026.605	-1237.49	210.8848	1.940244	0.7696548	1.865603
50694	-1011.526	-1222.527	211.0016	1.833702	0.585616	2.024345
50700	-1013.746	-1225.255	211.5091	1.946151	0.5181122	1.670362
50706	-1021.128	-1232.662	211.5343	2.123037	0.4719401	1.579965
50712	-1017.07	-1228.008	210.9375	1.853988	0.4452934	2.202328
50718	-1013.236	-1223.701	210.4654	1.598965	0.7104292	2.411272
50724	-1017.441	-1229.39	211.9492	2.293507	0.4172886	1.197929
50730	-1013.386	-1225.477	212.0913	2.021872	0.4161945	1.307431
50736	-1046.445	-1258.29	211.8453	2.320581	0.3471346	1.375129
50742	-1025.046	-1236.622	211.5761	2.054028	0.4021025	1.690928
50748	-1029.61	-1240.777	211.1671	1.893308	0.7957093	1.679908
50754	-1021.621	-1232.261	210.6395	1.88088	0.8083434	2.03942
50760	-1011.955	-1222.508	210.5536	1.816686	0.8083434	2.138093
50766	-1020.962	-1232.095	211.1332	1.879948	0.4267663	2.079734
50772	-1023.358	-1235.095	211.7378	1.879948	0.4267663	1.666725
50778	-1010.698	-1220.763	210.065	1.543307	0.4656993	2.916362
50784	-1019.59	-1229.022	209.4324	1.645401	0.8652488	2.905134
50790	-1037.207	-1247.492	210.2854	1.4704	0.548364	2.744468
50796	-1026.838	-1236.673	209.8352	1.539118	0.9509611	2.668281
50802	-1029.965	-1240.787	210.8224	1.92685	0.5046084	2.163791
50808	-1023.432	-1234.42	210.9887	1.867992	0.442114	2.163791
50814	-1019.102	-1230.851	211.7486	2.312851	0.8947961	0.6429084
50820	-1008.243	-1220.057	211.8135	2.441673	0.7508653	0.5633986
50826	-1006.205	-1217.289	211.084	2.441673	1.516014	0.6147842
50832	-1005.425	-1216.651	211.2261	2.339286	1.359213	0.7613447
50838	-1002.804	-1214.321	211.5165	2.265577	1.141329	0.7108746
50844	-1019.117	-1230.237	211.1196	2.39869	1.471047	0.6997995
50850	-1002.891	-1214.492	211.6009	2.349676	0.9762332	0.693196
50856	-992.9348	-1204.066	211.1311	1.917256	1.355279	1.282
50862	-1010.129	-1221.929	211.8009	1.923161	0.7767289	1.184855
50868	-1012.605	-1224.762	212.1567	2.010434	0.5504808	1.062878
50874	-1009.102	-1221.047	211.9458	2.026268	0.6872838	1.062878
50880	-1023.437	-1235.052	211.6144	2.14392	0.8775645	1.048469
50886	-995.7371	-1207.28	211.5426	2.14392	1.030164	0.9623673
50892	-1001.493	-1213.4	211.9065	1.961158	0.9038631	0.9069646
50898	-1003.522	-1214.894	211.3718	2.23327	1.035824	1.038301
50904	-1005.444	-1217.104	211.6597	2.201716	0.7965288	1.038301
50910	-1013.124	-1224.298	211.1736	2.124601	1.273316	1.125099
50916	-1032.38	-1244.425	212.0447	2.04558	0.6429842	1.006404
50922	-1036.295	-1248.096	211.8009	2.216178	0.7485604	0.9395343
50928	-1014.632	-1226.42	211.7878	2.339385	0.7827884	0.7529176
50934	-1024.579	-1236.224	211.6449	2.451388	0.8464324	0.6813711
50940	-1031.638	-1242.891	211.2531	2.291721	1.228385	0.9202678
50946	-1025.849	-1237.069	211.2202	2.12338	1.228385	1.118376
50952	-1037.119	-1248.737	211.6173	1.913328	0.9061081	1.224246
50958	-1041.928	-1254.266	212.3373	2.019698	0.5573674	0.8520978
50964	-1025.515	-1237.43	211.915	2.125241	0.7670562	0.8889407
50970	-1017.497	-1229.122	211.6254	2.232782	0.992095	0.8080181
50976	-1024.75	-1236.64	211.8904	2.090145	0.5368463	1.246415
50982	-1050.989	-1262.142	211.1536	1.694212	0.6373515	1.966502
50988	-1053.447	-1264.854	211.4072	1.638905	0.442518	2.038989
50994	-1040.707	-1252.35	211.6427	1.555832	0.5526229	1.812314
51000	-1034.995	-1246.507	211.5125	1.812767	0.5425191	1.734981
51006	-1029.701	-1241.894	212.1934	1.984364	0.600829	0.9784426
51012	-1026.308	-1237.426	211.1185	1.922942	0.4790622	1.999616
51018	-1009.286	-1220.393	211.1067	1.917574	0.466926	2.024873
51024	-1010.155	-1221.601	211.4459	2.013542	0.3196852	1.926857
51030	-1014.33	-1225.69	211.3592	1.70316	0.4409764	2.030067
51036	-1006.914	-1218.302	211.3885	1.722538	0.5583003	1.866434
51042	-1024.929	-1235.323	210.3943	1.79331	0.5215674	2.503817
51048	-1021.783	-1233.186	211.4031	2.031839	0.4686854	1.743133
51054	-1030.1	-1240.794	210.694	1.629308	0.6692379	2.281107
51060	-1021.52	-1232.564	211.0438	1.547167	0.4101941	2.372041
51066	-1020.4	-1231.437	211.0369	1.718888	0.3928415	2.288377
51072	-1025.816	-1236.886	211.0706	1.743516	0.6708616	1.958329
51078	-1021.277	-1232.379	211.1016	1.664063	0.4657692	2.195693
51084	-1029.667	-1240.816	211.1494	1.645922	0.5395796	2.096998
51090	-1017.224	-1227.729	210.5052	1.664649	0.5395796	2.497019
51096	-1011.894	-1222.395	210.5017	1.660941	0.6571977	2.393724
51102	-1036.499	-1247.929	211.4297	2.01981	0.6459232	1.536229
51108	-1024.61	-1236.363	211.7536	1.941216	0.5945136	1.405709
51114	-1012.336	-1224.18	211.8441	2.188326	0.4028523	1.391675
51120	-1012.683	-1224.449	211.7663	2.206989	0.5514416	1.233488
51126	-1011.49	-1223.281	211.7917	2.254475	0.5055803	1.233488
51132	-1031.299	-1243.383	212.0831	2.275486	0.4793862	0.9884417
51138	-1013.793	-1225.406	211.6133	1.894019	0.6162741	1.524211
51144	-1032.955	-1244.39	211.435	1.864712	0.6952132	1.597608
51150	-1026.505	-1238.011	211.5058	1.875336	0.2933354	2.019903
51156	-1024.997	-1236.795	211.7972	2.081229	0.4348826	1.464174
51162	-1023.353	-1235.02	211.6674	1.74835	0.4100503	1.830097
51168	-1028.573	-1240.113	211.5404	1.967865	0.4913282	1.66397
51174	-1027.562	-1239.055	211.4939	1.988263	0.6201207	1.538813
51180	-1018.12	-1230.097	211.977	2.006256	0.5058949	1.285244
51186	-1031.361	-1242.097	210.7363	2.185559	1.312677	1.409898
51192	-1027.868	-1237.578	209.71	1.513618	0.8551776	2.823628
51198	-1021.351	-1231.181	209.8298	1.780575	1.180755	2.384168
51204	-1023.734	-1234.529	210.7954	1.829111	0.7222497	2.039996
51210	-1020.542	-1231.918	211.3766	1.761693	0.4907258	1.92138
51216	-1025.378	-1236.129	210.7515	1.8409	0.6880569	2.090429
51222	-1013.446	-1225.44	211.9938	1.822326	0.5161131	1.40506
51228	-1024.292	-1236.126	211.8336	1.994205	0.4124257	1.533378
51234	-1007.876	-1219.205	211.329	2.066405	0.6967989	1.525753
51240	-1006.688	-1217.331	210.6432	1.817247	0.4559263	2.401726
51246	-1011.846	-1222.924	211.0786	1.790556	0.6679366	1.923933
51252	-1006.034	-1217.775	211.7418	2.053138	0.6514072	1.261063
51258	-1010.179	-1221.795	211.6159	2.156863	0.5888608	1.351004
51264	-1016.488	-1227.66	211.1717	2.107164	0.999421	1.351004
51270	-1017.384	-1228.578	211.1938	1.911661	1.184417	1.351004
51276	-1015.103	-1226.26	211.1571	2.071499	1.184417	1.250965
51282	-1015.731	-1227.512	211.781	1.847842	0.5847692	1.467291
51288	-1019.797	-1231.53	211.7322	2.013358	0.7595746	1.184263
51294	-1012.745	-1223.558	210.8135	1.694358	0.7149096	2.122985
51300	-1029.107	-1240.105	210.9979	1.784987	0.4125417	2.246749
51306	-1032.951	-1244.666	211.7147	1.748557	0.563678	1.613374
51312	-1010.627	-1222.016	211.3887	1.807638	0.5174369	1.851956
51318	-1010.1	-1219.779	209.679	1.655519	0.4471218	3.100158
51324	-1018.143	-1228.255	210.1115	1.764423	0.6644851	2.567088
51330	-1016.451	-1228.401	211.9499	2.117593	0.6209782	1.058347
51336	-1005.043	-1216.924	211.8809	2.033885	0.6967818	1.104562
51342	-1017.899	-1229.407	211.5083	1.957876	1.027831	1.172418
51348	-1026.48	-1237.438	210.9578	1.975686	1.096667	1.54328
51354	-1028.517	-1239.894	211.3768	1.789608	0.7741324	1.622388
51360	-1012.826	-1224.055	211.2286	1.880423	0.5721323	1.853413
51366	-1026.286	-1236.895	210.6087	1.556414	0.5721323	2.468742
51372	-1021.19	-1232.428	211.2379	1.990272	0.9510578	1.429101
51378	-1021.361	-1233.006	211.6456	2.081053	0.6865579	1.27837
51384	-1011.674	-1223.277	211.6037	1.829666	0.3981547	1.833646
51390	-1013.114	-1224.516	211.4026	2.188362	0.4856494	1.611259
51396	-1017.543	-1229.274	211.731	1.985621	0.4303568	1.590605
51402	-1019.087	-1231.159	212.0717	2.291041	0.6017971	0.7568376
51408	-1021.654	-1233.38	211.7258	2.150872	0.8813019	0.9240828
51414	-1007.334	-1219.356	212.0224	1.96428	0.6022025	1.156688
51420	-1002.483	-1214.49	212.007	2.12208	0.6468597	0.9614791
51426	-1001.751	-1213.087	211.3355	2.133853	1.159589	1.057722
51432	-1004.951	-1216.808	211.8576	2.298496	0.7449723	0.7778649
51438	-1003.815	-1215.209	211.3937	2.298496	0.9223038	1.065305
51444	-1005.334	-1217.433	212.0999	1.967508	0.6159256	1.065305
51450	-1028.889	-1240.465	211.576	1.982809	0.4285925	1.706237
51456	-1042.346	-1253.527	211.1812	1.681683	0.3750009	2.242353
51462	-1028.391	-1239.749	211.3579	2.200042	1.070567	1.051445
51468	-1018.942	-1230.811	211.869	2.260132	0.7180615	0.8564341
51474	-1028.672	-1240.106	211.4344	2.177271	0.9683114	1.095556
51480	-1014.817	-1226.149	211.3325	2.121829	0.9423065	1.256046
51486	-1012.948	-1224.875	211.9272	2.247323	0.4830787	1.155335
51492	-1011.255	-1221.781	210.5259	1.796022	0.5302501	2.4108
51498	-1018.095	-1229.075	210.9802	1.889089	0.5302501	2.057986
51504	-1031.612	-1241.857	210.2452	1.677746	0.7803332	2.445546
51510	-1013.44	-1222.806	209.366	1.581415	0.4936573	3.282043
51516	-1021.153	-1232.192	211.0393	1.665826	0.4541802	2.24783
51522	-1023.869	-1234.86	210.9904	1.883917	0.4408355	2.153792
51528	-1029.833	-1239.728	209.8956	1.750648	0.8805669	2.546523
51534	-1026.053	-1237.048	210.9953	2.123725	0.7128438	1.710756
51540	-1028.415	-1239.251	210.8354	1.805635	0.5373322	2.199851
51546	-1036.514	-1247.708	211.1948	1.846608	0.6154543	1.85625
51552	-1035.43	-1246.772	211.3414	1.740702	0.282153	2.232938
51558	-1017.606	-1228.606	210.9994	1.7805	0.502127	2.146458
51564	-1025.945	-1237.155	211.2099	1.7805	0.3852944	2.146458
51570	-1024.239	-1235.025	210.7855	1.56005	0.3999076	2.538482
51576	-1046.421	-1256.486	210.0651	1.502346	0.5377235	2.869145
51582	-1027.444	-1238.555	211.1111	1.804148	0.5262618	2.031751
51588	-1031.016	-1242.724	211.7084	1.924959	0.5645849	1.48674
51594	-1010.63	-1222.442	211.8115	2.188688	0.6076759	1.137689
51600	-1005.049	-1217.449	212.3999	2.204577	0.2441402	1.215988
51606	-1004.263	-1216.145	211.8814	2.052079	0.5158119	1.312643
51612	-1011.248	-1222.509	211.2614	2.133865	0.9759886	1.276083
51618	-1014.744	-1226.821	212.0764	2.150978	0.4992038	1.083218
51624	-1008.187	-1219.922	211.7349	2.262409	0.5357666	1.23382
51630	-1024.492	-1236.422	211.9295	2.129679	0.4975003	1.23382
51636	-1016.041	-1227.188	211.1464	2.187327	0.9564403	1.342172
51642	-1024.435	-1236.07	211.6355	2.053935	0.3914608	1.663416
51648	-1016.364	-1228.179	211.815	2.134232	0.3914608	1.472561
51654	-1027.694	-1239.205	211.5107	2.134232	0.6040312	1.433499
51660	-1027.327	-1238.62	211.2936	2.226224	0.7436845	1.385412
51666	-1010.467	-1222.366	211.8997	1.924871	0.5072512	1.409723
51672	-1018.035	-1228.327	210.2921	1.855653	0.7280687	2.344178
51678	-1016.464	-1226.327	209.8621	1.582108	0.5465232	2.935272
51684	-1016.694	-1226.506	209.8119	1.686175	0.5465232	2.902784
51690	-1027.18	-1238.381	211.2017	1.69884	0.4970229	2.072966
51696	-1028.49	-1238.235	209.7452	1.550235	0.4928518	3.076335
51702	-1040.781	-1251.517	210.7357	1.650177	0.4928518	2.408847
51708	-1018.989	-1230.219	211.2302	2.11548	0.6068195	1.65205
51714	-1018.719	-1230.063	211.3431	2.021006	0.5100157	1.744107
51720	-1023.726	-1235.018	211.2916	1.74107	0.5164043	1.964025
51726	-1028.125	-1238.229	210.104	1.74107	1.051993	2.310381
51732	-1009.261	-1219.41	210.149	1.710449	0.4942492	2.734239
51738	-1015.089	-1224.597	209.5086	1.62589	0.6643938	3.018926
51744	-1037.556	-1247.748	210.1921	1.695441	0.5606618	2.651978
51750	-1035.632	-1245.287	209.6556	1.517181	0.3517076	3.305361
51756	-1019.807	-1230.046	210.2387	1.62715	0.6085355	2.621618
51762	-1045.296	-1256.009	210.7123	1.735859	0.3796329	2.49928
51768	-1025.964	-1237.064	211.1004	1.837554	0.3420065	2.238063
51774	-1027.671	-1237.613	209.9418	1.585147	0.4811893	2.949334
51780	-1016.63	-1227.769	211.1387	1.613313	0.406527	2.273852
51786	-1003.401	-1213.728	210.3266	1.589473	0.3443628	2.870999
51792	-1011.822	-1222.218	210.396	1.533454	0.3381206	2.870999
51798	-1016.857	-1228.107	211.2503	1.936562	0.3143201	2.115997
51804	-1034.414	-1244.647	210.2324	1.739377	0.3265543	2.860665
51810	-1025.532	-1235.391	209.8582	1.541811	0.5590753	2.950297
51816	-1023.135	-1233.985	210.85	1.668624	0.2605512	2.621775
51822	-1028.296	-1237.394	209.0981	1.737219	0.4061102	3.439534
51828	-1028.73	-1239.694	210.9642	1.618947	0.4259449	2.358322
51834	-1006.281	-1217.252	210.971	1.767147	0.5926943	2.081645
51840	-1025.675	-1236.435	210.7602	1.892736	0.8009296	1.956812
51846	-1028.494	-1239.227	210.7326	1.952869	0.6538693	2.059345
51852	-1028.952	-1239.795	210.8428	1.911534	0.7443061	1.93474
51858	-1013.356	-1224.831	211.475	2.032395	0.4477506	1.717993
51864	-1011.292	-1222.173	210.8818	1.94014	0.492315	2.129697
51870	-996.8511	-1207.329	210.478	1.786584	0.5186456	2.458563
51876	-1011.144	-1221.575	210.431	1.776646	0.4736419	2.540898
51882	-1003.689	-1213.7	210.0116	1.434619	0.4762745	3.002919
51888	-1021.987	-1231.284	209.2964	1.426634	0.5971547	3.319237
51894	-1022.893	-1234.921	212.028	1.875715	0.3031498	1.644216
51900	-1030.476	-1241.767	211.2911	1.595784	0.2414678	2.423116
51906	-1042.692	-1253.236	210.5439	1.591374	0.5002701	2.558048
51912	-1036.488	-1246.899	210.4111	1.692068	0.4600597	2.620331
51918	-1032.222	-1241.839	209.6164	1.535591	0.5641136	3.094257
51924	-1027.042	-1237.509	210.4673	1.513368	0.5575261	2.597431
51930	-1022.093	-1232.391	210.2982	1.758637	0.6133556	2.498646
51936	-1020.04	-1231.543	211.5031	1.762045	0.4846059	1.84196
51942	-1024.213	-1236.235	212.0224	1.804351	0.1883542	1.91061
51948	-1031.654	-1243.334	211.68	1.943012	0.1883542	2.046926
51954	-1007.094	-1218.167	211.0729	1.690803	0.5748708	2.082269
51960	-1013.998	-1225.184	211.1859	1.54402	0.5748708	2.104414
51966	-1014.881	-1224.624	209.7425	1.471243	0.740959	2.911464
51972	-1020.22	-1231.054	210.8336	2.088463	0.5833743	1.968652
51978	-1018.136	-1229.252	211.1157	1.92849	0.6789689	1.79409
51984	-1018.955	-1230.51	211.5556	1.92849	0.5500535	1.61341
51990	-1021.422	-1232.452	211.0298	1.889437	0.6998663	1.861159
51996	-1012.924	-1224.407	211.4838	1.910233	0.3996852	1.858562
52002	-1019.881	-1231.375	211.494	2.436628	0.975986	0.7273136
52008	-1012.388	-1224.084	211.6966	2.411515	0.8631222	0.6141219
52014	-1012.171	-1223.114	210.9425	2.539218	1.531025	0.6865004
52020	-1013.637	-1225.075	211.4387	2.455238	1.059228	0.6428014
52026	-1011.183	-1222.59	211.4066	2.536922	1.013403	0.6314202
52032	-1018.511	-1230.163	211.652	2.126279	0.416469	1.564338
52038	-1009.464	-1220.653	211.1895	1.962437	0.416469	2.000442
52044	-1023.511	-1235.359	211.8479	2.235475	0.7686826	0.8352617
52050	-1023.263	-1234.882	211.6187	1.889688	0.4928527	1.662041
52056	-1026.197	-1238.304	212.1061	1.997651	0.4928527	1.202525
52062	-1005.798	-1217.423	211.6247	1.994373	0.8111023	1.23948
52068	-1004.848	-1216.581	211.7334	1.994373	0.8111023	1.145893
52074	-1016.778	-1228.043	211.2656	1.778861	0.6756154	1.797036
52080	-1019.412	-1230.717	211.3043	1.6671	0.8881082	1.668421
52086	-1017.891	-1228.796	210.9048	1.82242	1.185631	1.634968
52092	-1014.335	-1225.835	211.4996	1.899815	1.14586	1.133398
52098	-1020.962	-1232.886	211.9237	2.062262	0.7663052	0.9494824
52104	-1016.67	-1228.224	211.5535	2.241139	0.9810322	0.8984169
52110	-1026.691	-1236.859	210.1676	1.599536	0.4367434	2.851364
52116	-1007.943	-1218.297	210.3537	1.599536	0.6850459	2.501817
52122	-1033.717	-1245.21	211.4936	1.99184	0.5872521	1.571431
52128	-1021.223	-1233.363	212.14	1.99184	0.3501225	1.396782
52134	-1023.057	-1234.503	211.4468	1.912021	0.4995554	1.75983
52140	-1026.199	-1237.479	211.2807	1.995122	0.7144238	1.596897
52146	-1022.047	-1233.494	211.4469	2.039615	0.5632521	1.596897
52152	-1013.881	-1225.552	211.6711	2.028509	0.4349619	1.596897
52158	-1001.936	-1213.144	211.208	2.041661	0.537651	1.793078
52164	-1005.893	-1217.4	211.5077	1.800188	0.3042249	2.051601
52170	-1020.683	-1232.447	211.764	1.870274	0.4759575	1.591745
52176	-1043.167	-1254.975	211.8084	1.984487	0.5196588	1.418616
52182	-1029.372	-1241.241	211.8684	2.001741	0.7058425	1.134248
52188	-1027.976	-1239.719	211.7427	2.326666	0.7058425	0.9415075
52194	-1015.85	-1227.834	211.9844	2.235682	0.6525529	0.851139
52200	-1017.604	-1229.275	211.6706	2.188976	0.8305806	1.001238
52206	-1030.825	-1242.133	211.3072	1.952592	1.175481	1.231491
52212	-1026.814	-1238.491	211.6773	2.091657	0.8794815	1.036223
52218	-1026.68	-1238.63	211.9499	2.182499	0.6603976	0.9384289
52224	-1045.85	-1257.206	211.3554	1.99079	0.4651905	1.809061
52230	-1019.052	-1230.037	210.9845	1.699006	0.6737729	2.042815
52236	-1027.295	-1237.796	210.5004	1.691699	0.5222949	2.500246
52242	-1028.92	-1239.895	210.9754	2.51761	1.499439	0.7072569
52248	-1025.84	-1237.224	211.3838	2.777179	0.8335783	0.4611657
52254	-1016.848	-1228.354	211.5057	2.482689	0.9421556	0.6883555
52260	-1024.543	-1236.484	211.9404	2.502885	0.5538886	0.7434601
52266	-1025.383	-1236.923	211.5403	1.978885	0.7491296	1.380597
52272	-1027.318	-1239.322	212.0036	1.978885	0.41351	1.414782
52278	-1012.222	-1223.87	211.6482	2.126357	0.7037804	1.219678
52284	-998.3567	-1210.199	211.8427	2.159625	0.8253934	0.8522728
52290	-1011.115	-1222.825	211.7099	2.231263	0.8253934	0.9223489
52296	-1027.305	-1238.064	210.7592	2.2449	1.581127	1.176974
52302	-1015.086	-1226.799	211.7132	1.878941	0.6558637	1.418087
52308	-1010.196	-1221.923	211.727	1.96486	0.747044	1.243113
52314	-1018.542	-1229.688	211.146	1.740882	1.101817	1.574012
52320	-1020.54	-1231.683	211.143	2.339163	1.415571	0.8151525
52326	-1009.626	-1221.149	211.5237	2.170955	1.017115	0.9672136
52332	-1026.364	-1237.566	211.2014	2.208153	1.281468	1.014092
52338	-1019.311	-1230.469	211.1588	2.154523	1.201825	1.165688
52344	-1033.075	-1243.994	210.9194	2.17786	1.201825	1.345412
52350	-1015.768	-1226.819	211.0511	1.599065	0.5547448	2.1764
52356	-1001.564	-1211.981	210.4176	1.558369	0.570106	2.58849
52362	-1011.979	-1222.82	210.8412	1.57205	0.6197453	2.267325
52368	-1004.027	-1214.124	210.0969	1.5551	0.4840985	2.870854
52374	-1009.166	-1219.421	210.255	1.659833	0.3650915	2.84552
52380	-1005.774	-1216.067	210.293	1.482337	0.4333472	2.850114
52386	-1017.322	-1227.907	210.5843	1.516578	0.6223644	2.463063
52392	-1017.509	-1228.457	210.9479	1.579855	0.3350558	2.507509
52398	-1029.709	-1239.672	209.9636	1.360348	0.3124709	3.26669
52404	-1036.914	-1248.81	211.896	2.315415	0.3755767	1.291727
52410	-1040.185	-1252.105	211.9203	2.354196	0.3755767	1.239551
52416	-1032.505	-1244.085	211.5801	2.10767	0.5456091	1.467662
52422	-1025.653	-1236.979	211.3261	1.894622	0.5182644	1.834338
52428	-1040.646	-1250.113	209.4664	1.646222	0.9541693	2.826191
52434	-1024.93	-1235.07	210.1402	1.681561	0.7161974	2.558479
52440	-1043.166	-1254.939	211.7729	2.214898	0.6202864	1.132617
52446	-1041.986	-1253.773	211.7872	2.105187	0.6901395	1.132617
52452	-1034.352	-1243.955	209.603	1.789467	0.6198027	2.90087
52458	-1054.326	-1264.238	209.9128	1.69612	0.4802761	2.90087
52464	-1042.772	-1252.52	209.7476	1.876105	0.6349506	2.747404
52470	-1026.285	-1238.447	212.1626	2.474003	0.46739	0.6506257
52476	-1026.942	-1238.74	211.7985	2.525216	0.6738196	0.6506257
52482	-1030.171	-1241.915	211.7443	2.440132	0.7423279	0.7411595
52488	-1027.46	-1239.297	211.8365	2.399392	0.7423279	0.6491158
52494	-1019.507	-1231.525	212.0184	2.410992	0.6145726	0.5888098
52500	-1016.437	-1227.691	211.2541	2.516847	1.200855	0.6280566
52506	-1028.79	-1240.614	211.8246	2.488501	0.710538	0.5125611
52512	-1016.705	-1228.667	211.9612	2.170789	0.6428661	0.9641899
52518	-1025.167	-1236.927	211.7601	2.123921	0.8551366	0.947458
52524	-1036.991	-1248.344	211.353	1.905964	0.5501671	1.773061
52530	-1018.795	-1229.846	211.0508	2.033852	0.4784746	1.971401
52536	-1012.564	-1223.9	211.3361	1.909386	0.7079572	1.624938
52542	-1016.44	-1227.596	211.156	1.927187	0.8768969	1.59674
52548	-1013.772	-1225.178	211.4054	2.031829	1.090641	1.144929
52554	-1023.243	-1234.101	210.8582	2.139229	1.398463	1.295912
52560	-999.231	-1210.169	210.9384	2.135969	1.496234	1.168969
52566	-1009.086	-1219.938	210.8516	2.076125	1.782975	1.124513
52572	-1025.944	-1236.476	210.532	2.207618	1.825201	1.263314
52578	-1005.901	-1217.474	211.5727	1.892377	0.8655516	1.314982
52584	-1019.125	-1230.67	211.5449	1.869077	0.951474	1.281442
52590	-1018.968	-1230.566	211.5978	1.769913	0.5596472	1.686273
52596	-1012.326	-1223.802	211.4766	2.005712	0.4668592	1.711976
52602	-1028.933	-1240.189	211.2558	2.033391	0.5878191	1.711976
52608	-1032.577	-1244.37	211.7927	1.925428	0.3438938	1.711976
52614	-1030.302	-1242.144	211.842	2.017093	0.6671372	1.188806
52620	-1031.182	-1242.929	211.7466	1.994451	0.4487764	1.548239
52626	-1037.76	-1249.181	211.4213	1.757211	0.5054477	1.877489
52632	-1043.986	-1255.815	211.829	2.225168	0.4449869	1.312436
52638	-1021.6	-1233.411	211.8107	2.001876	0.594593	1.312436
52644	-1008.884	-1220.628	211.7445	2.13737	0.5682343	1.287986
52650	-1012.675	-1224.062	211.3866	2.204863	0.9759377	1.106935
52656	-1022.375	-1234.063	211.6882	2.189773	0.7562672	1.06881
52662	-1017.511	-1228.984	211.4729	2.189773	0.9261629	1.08896
52668	-1013.166	-1224.512	211.3459	2.148668	0.9271988	1.235701
52674	-1013.094	-1224.399	211.3041	2.09254	0.9261862	1.317061
52680	-1019.023	-1230.515	211.492	1.899287	0.7438245	1.483958
52686	-1026.67	-1237.24	210.5708	1.953752	1.429293	1.637475
52692	-1022.183	-1233.446	211.2629	1.85362	0.8029165	1.63363
52698	-1018.343	-1229.807	211.4632	1.810308	0.6428323	1.667295
52704	-1007.482	-1218.999	211.5176	1.759597	0.5037976	1.811629
52710	-1014.937	-1226.129	211.1918	2.123537	0.5770241	1.704804
52716	-1022.224	-1233.277	211.0528	2.19367	0.5770241	1.753234
52722	-1017.979	-1229.245	211.2662	2.006975	0.8674342	1.463358
52728	-1020.938	-1232.62	211.6826	2.126211	0.6595901	1.240172
52734	-1021.556	-1233.475	211.9189	2.088481	0.4707903	1.313656
52740	-1016.869	-1228.772	211.9033	2.371568	0.3281617	1.321006
52746	-1030.381	-1241.646	211.2646	1.941727	0.5396181	1.820885
52752	-1022.638	-1233.206	210.5679	1.637398	0.7916277	2.257676
52758	-1021.481	-1232.27	210.7892	1.739307	0.4512696	2.363928
52764	-1008.839	-1219.436	210.5965	1.72277	0.6419843	2.307486
52770	-1020.466	-1231.903	211.4372	1.634754	0.3682226	2.115528
52776	-1034.483	-1246.327	211.8438	1.798012	0.2618558	1.896608
52782	-1025.329	-1235.87	210.5409	1.562917	0.7260438	2.37368
52788	-1037.18	-1247.296	210.1155	1.678655	0.6619319	2.61984
52794	-1031.979	-1243.88	211.9016	1.890481	0.9006875	0.9905841
52800	-1029.6	-1241.145	211.5454	2.000593	0.8930918	1.223166
52806	-1042.7	-1254.4	211.7006	1.893125	0.6485159	1.424659
52812	-1019.138	-1230.983	211.8451	1.777011	0.428779	1.660978
52818	-1014.403	-1225.666	211.2629	1.777988	0.6454254	1.82776
52824	-1013.327	-1224.541	211.2143	1.644054	0.6931228	1.908607
52830	-1021.478	-1233.494	212.0158	1.870676	0.5015607	1.368695
52836	-1018.269	-1229.669	211.3993	1.762946	0.606518	1.78181
52842	-1018.534	-1229.845	211.3111	1.924567	0.6854207	1.653216
52848	-1016.547	-1227.34	210.7935	1.764221	0.4231936	2.37766
52854	-1026.285	-1237.34	211.055	1.714622	0.4140468	2.253403
52860	-1015.517	-1226.587	211.0694	1.886049	0.5783985	1.951229
52866	-1009.073	-1219.546	210.4732	1.663617	0.5083857	2.548789
52872	-1013.297	-1223.422	210.1252	1.571382	0.6417048	2.696991
52878	-1016.184	-1226.578	210.3934	1.450554	0.7811634	2.494426
52884	-1026.737	-1237.44	210.7032	1.73631	0.4013105	2.478118
52890	-1004.548	-1214.883	210.3348	1.80172	0.9739904	2.172564
52896	-1005.517	-1216.462	210.9452	1.523829	0.6862221	2.172564
52902	-1018.446	-1229.641	211.1955	1.77427	0.6551535	1.86738
52908	-1019.638	-1231.519	211.8813	1.830534	0.473111	1.538347
52914	-1026.676	-1238.202	211.5256	2.253871	0.8410629	1.067203
52920	-1030.962	-1242.71	211.7474	2.136339	0.7530016	1.067203
52926	-1014.596	-1225.783	211.1869	2.518711	1.30175	0.5669725
52932	-1018.002	-1229.24	211.2382	2.518711	1.240236	0.5669725
52938	-1012.684	-1223.879	211.1954	2.463697	1.309135	0.67278
52944	-1028.562	-1239.698	211.1363	1.605744	0.5645764	2.106668
52950	-1035.489	-1246.608	211.119	2.560739	1.213339	0.7704504
52956	-1028.652	-1240.451	211.7982	2.425593	0.7167604	0.7302114
52962	-1025.395	-1236.764	211.3688	2.347434	1.082565	0.8744769
52968	-1030.066	-1241.301	211.2353	2.209617	1.259278	0.9973338
52974	-1017.366	-1229.105	211.7385	2.310354	0.8313738	0.7835502
52980	-1005.371	-1217.199	211.8287	2.303845	0.8313738	0.6422663
52986	-1018.774	-1230.347	211.573	2.251736	0.960222	0.8883677
52992	-1016.431	-1227.662	211.2315	2.34369	1.245668	0.8692149
52998	-1003.896	-1215.252	211.3563	2.220769	1.102733	1.003413
53004	-1023.277	-1234.955	211.6779	2.13125	0.7813214	1.104347
53010	-1022.822	-1234.58	211.7584	2.465225	0.7820692	0.5223017
53016	-1013.987	-1226.167	212.1799	2.286558	0.5648751	0.6756783
53022	-1012.674	-1224.304	211.6301	2.158004	1.006695	0.8763215
53028	-1014.469	-1226.134	211.6649	2.071216	1.006695	0.9344007
53034	-1027.696	-1239.379	211.6823	2.482453	0.7122828	0.8214292
53040	-1031.967	-1243.764	211.7962	2.482453	0.7147917	0.6310003
53046	-1040.406	-1251.649	211.2435	2.376124	1.239039	0.8216014
53052	-1003.314	-1215.079	211.7651	2.04973	0.7523965	1.131114
53058	-1004.44	-1215.826	211.3866	1.962228	0.7209098	1.537227
53064	-1002.69	-1214.21	211.5201	1.984061	0.587894	1.557018
53070	-1007.634	-1217.629	209.9953	1.759477	0.7043395	2.609467
53076	-1005.489	-1216.287	210.7982	1.84396	0.8362432	1.936493
53082	-1018.508	-1229.41	210.902	1.758568	0.6273888	2.099898
53088	-1014.795	-1225.663	210.8678	1.971685	0.50921	2.099898
53094	-1020.755	-1231.157	210.4023	1.691561	0.8645149	2.275341
53100	-1018.814	-1229.445	210.6309	1.719822	0.5137043	2.409369
53106	-1041.768	-1250.055	208.2874	1.521672	0.5137043	3.92407
53112	-1025.496	-1235.473	209.9777	1.48361	0.4137113	3.061041
53118	-1041.314	-1250.258	208.9433	1.456969	0.4375451	3.658739
53124	-1030.121	-1242.11	211.9888	2.170405	0.672537	0.8907986
53130	-1030.277	-1242.32	212.0436	2.117965	0.6707706	0.8907986
53136	-1029.118	-1241.084	211.9659	2.279422	0.6390084	0.8431498
53142	-1026.237	-1237.725	211.4879	2.079945	1.024058	1.084372
53148	-1023.182	-1234.801	211.6186	1.908765	0.6825418	1.440316
53154	-1016.882	-1228.258	211.3765	1.844944	0.7699535	1.586063
53160	-1019.412	-1230.971	211.5586	2.059622	0.7699535	1.280771
53166	-1014.637	-1226.267	211.6301	2.1611	0.9250865	0.9647277
53172	-1013.528	-1225.045	211.5172	2.192912	1.057904	0.908197
53178	-1014.749	-1226.712	211.9632	2.198735	0.6487578	0.9237071
53184	-1016.932	-1228.676	211.7443	2.199832	0.8897279	0.8351548
53190	-1010.412	-1222.384	211.9723	2.201159	0.6640823	0.8875625
53196	-1009.076	-1220.421	211.3446	2.193944	1.275276	0.8828826
53202	-1017.43	-1229.191	211.7604	2.505693	0.6251812	0.8413554
53208	-1016.757	-1228.628	211.8714	2.570077	0.6136279	0.5425097
53214	-1011.245	-1222.881	211.6364	2.570077	0.7890427	0.5730703
53220	-1008.073	-1219.764	211.6909	2.419416	0.8726949	0.5734509
53226	-1008.449	-1220.243	211.7937	2.563859	0.6748716	0.4648165
53232	-1002.994	-1214.702	211.7081	2.546187	0.7464768	0.587595
53238	-1016.07	-1227.867	211.7972	2.549136	0.6850428	0.4874162
53244	-1007.014	-1218.873	211.8582	2.467398	0.6798781	0.6275592
53250	-1004.657	-1216.637	211.9801	2.217642	0.7148204	0.7727468
53256	-1005.842	-1217.216	211.3733	2.219626	1.141114	0.9511326
53262	-1002.056	-1213.915	211.8582	2.196131	0.804434	0.8178858
53268	-1024.597	-1235.856	211.2588	2.189663	1.086138	1.138715
53274	-1018.684	-1230.338	211.6545	2.143203	0.8509583	1.039158
53280	-1012.951	-1224.45	211.499	2.170001	1.196589	0.805088
53286	-1029.568	-1241.526	211.9581	2.143668	0.772923	0.805088
53292	-1034.792	-1246.966	212.1739	2.160881	0.5855466	0.8271106
53298	-1024.901	-1237.023	212.1217	2.093254	0.6788101	0.8131381
53304	-1019.503	-1230.625	211.1222	2.078239	1.27513	1.20933
53310	-1023.413	-1235.137	211.7238	2.256747	0.8676638	0.8198687
53316	-1027.493	-1239.15	211.6578	2.282809	0.9221782	0.7944867
53322	-1024.907	-1237.248	212.3416	2.113374	0.5236839	0.7944867
53328	-1019.924	-1232.052	212.1286	2.170033	0.5763563	0.8869671
53334	-1010.807	-1222.343	211.536	2.34702	0.9766574	0.7957455
53340	-1026.028	-1237.945	211.9164	2.237881	0.7831104	0.7094604
53346	-1018.337	-1229.808	211.4714	2.350776	1.03789	0.7956098
53352	-1022.622	-1234.261	211.6384	2.395102	0.9088488	0.6698656
53358	-1028.64	-1240.327	211.6872	2.51467	0.7907147	0.5828163
53364	-1023.124	-1233.994	210.8706	2.599143	1.481038	0.7647367
53370	-1038.43	-1249.16	210.7293	1.860756	0.7379345	2.049756
53376	-1035.191	-1246.289	211.0974	1.65896	0.593542	2.06889
53382	-1020.751	-1232.592	211.8417	1.838907	0.5474875	1.470852
53388	-1029.039	-1240.583	211.5444	1.8324	0.610771	1.625585
53394	-1017.451	-1228.517	211.0654	1.814066	0.8679883	1.749049
53400	-1041.748	-1252.934	211.1862	1.910467	1.156055	1.377817
53406	-1042.738	-1254.782	212.0434	1.724984	0.5690553	1.377817
53412	-1027.035	-1238.437	211.4019	2.240408	1.165571	0.8720178
53418	-1028.276	-1239.598	211.3228	2.2772	1.165571	0.9199089
53424	-1017.06	-1228.473	211.4132	1.61015	0.7894807	1.711384
53430	-1012.263	-1224.39	212.1267	1.583605	0.5908021	1.397894
53436	-1014.264	-1225.465	211.201	1.545655	0.7258987	1.955456
53442	-1011.331	-1222.007	210.676	1.900347	1.331319	1.655356
53448	-1017.796	-1228.748	210.9518	1.722617	0.8124477	1.933275
53454	-1031.639	-1242.717	211.0773	1.743776	0.9695105	1.714002
53460	-1026.982	-1238.648	211.6655	1.684119	0.4085995	1.877272
53466	-1032.792	-1243.488	210.6963	1.869188	0.8988107	1.9413
53472	-1023.075	-1234.583	211.5078	1.830324	0.4681048	1.811136
53478	-1019.941	-1231.564	211.6232	1.860709	0.4372513	1.74778
53484	-1002.665	-1214.824	212.1594	2.019777	0.5733434	1.017737
53490	-1017.78	-1229.8	212.0202	1.894713	0.5710669	1.257218
53496	-1015.461	-1226.924	211.4629	1.796243	0.6918179	1.630235
53502	-1020.376	-1231.647	211.2713	1.79158	0.6958596	1.765605
53508	-1028.77	-1239.817	211.0466	1.609344	0.8115422	1.946419
53514	-1016.964	-1227.86	210.8955	1.656296	0.8115422	2.016062
53520	-1030.427	-1241.357	210.9304	1.914803	0.5425362	2.061104
53526	-1023.397	-1233.991	210.5931	1.872149	0.5496418	2.300511
53532	-1024.527	-1235.524	210.9972	1.70643	0.749934	1.964116
53538	-1042.705	-1254.033	211.3275	2.069508	0.8589605	1.375034
53544	-1025.603	-1236.593	210.9902	2.126205	0.6534395	1.767846
53550	-1030.424	-1241.772	211.3475	2.256146	0.8785036	1.187591
53556	-1025.643	-1236.96	211.3169	2.438477	1.045561	0.8700442
53562	-1014.299	-1226.028	211.729	2.349733	0.7806205	0.8229403
53568	-1016.555	-1228.13	211.5754	2.349733	0.7766656	0.9990713
53574	-1024.336	-1235.859	211.5229	1.976136	0.6450227	1.500209
53580	-1014.037	-1225.659	211.6224	2.078609	0.5023884	1.509779
53586	-1034.022	-1244.569	210.5473	1.901368	0.662798	2.206094
53592	-1028.013	-1239.367	211.354	2.15587	1.145056	1.03139
53598	-1022.238	-1233.406	211.1679	1.9213	1.110845	1.415699
53604	-1021.15	-1232.452	211.3018	1.754411	0.6420604	1.820401
53610	-1013.218	-1224.412	211.194	2.069919	0.8383402	1.495069
53616	-1024.814	-1235.509	210.6951	1.721156	0.775761	2.133395
53622	-1005.623	-1217.005	211.3823	1.904788	0.8515362	1.466316
53628	-1004.893	-1216.867	211.9746	1.825025	0.539314	1.389192
53634	-1008.439	-1219.075	210.6365	1.624509	0.943171	2.112077
53640	-1006.944	-1217.406	210.4617	1.477982	0.5520155	2.62801
53646	-1015.532	-1225.69	210.1584	1.37485	0.7745931	2.691869
53652	-1008.393	-1219.621	211.2282	1.611864	0.5901339	2.016742
53658	-1019.989	-1231.679	211.6899	1.768244	0.6271279	1.549191
53664	-1002.733	-1213.996	211.2632	1.915481	0.84943	1.549191
53670	-999.5491	-1210.989	211.4395	1.864797	0.6148439	1.673416
53676	-1007.831	-1219.671	211.8407	1.938868	0.3599295	1.644215
53682	-1010.598	-1221.757	211.1596	1.924403	0.4823117	1.967427
53688	-1020.779	-1231.986	211.2067	1.963089	0.4823117	1.909618
53694	-1018.091	-1229.937	211.8461	1.955718	0.419425	1.542875
53700	-1027.661	-1239.217	211.5557	2.031388	0.8351677	1.242946
53706	-1020.361	-1231.951	211.5891	2.277435	1.044297	0.7213342
53712	-1012.589	-1224.083	211.4939	2.464767	0.9997313	0.6276787
53718	-1017.466	-1228.691	211.2258	2.582987	1.175736	0.5825978
53724	-1057.968	-1268.555	210.5865	1.699483	0.3518407	2.635322
53730	-1018.689	-1229.923	211.2343	2.546544	1.216154	0.5512965
53736	-1028.381	-1240.028	211.6473	2.43404	0.9062691	0.5337954
53742	-1016.382	-1227.684	211.3016	2.593518	1.066336	0.6240459
53748	-1013.171	-1223.905	210.7342	2.647816	1.749497	0.5560605
53754	-1022.051	-1232.444	210.3927	2.767557	2.117087	0.5551811
53760	-1017.02	-1227.344	210.3245	2.839961	2.117087	0.4731088
53766	-1032.712	-1243.178	210.4664	2.694072	2.117087	0.554169
53772	-1022.551	-1233.489	210.9373	2.761236	1.318638	0.4722112
53778	-1026.28	-1236.764	210.4833	2.849066	1.81883	0.4293341
53784	-1018.136	-1228.84	210.7044	2.807806	1.551104	0.4293341
53790	-1016.083	-1227.797	211.7138	2.564961	0.7282906	0.5816505
53796	-1029.512	-1241.224	211.7113	2.161604	0.8444001	0.9716472
53802	-1019.519	-1231.18	211.6603	2.155891	0.8144074	1.061446
53808	-1018.353	-1229.726	211.3723	2.079163	1.103847	1.121198
53814	-999.1578	-1210.456	211.298	2.124075	1.135844	1.121198
53820	-1019.53	-1229.473	209.9421	1.796808	0.993268	2.414341
53826	-1014.385	-1224.722	210.3364	1.88772	0.5507147	2.452153
53832	-1014.662	-1225.987	211.3249	1.877021	0.39783	1.990777
53838	-1005.61	-1216.466	210.856	1.740694	0.4079714	2.371108
53844	-1031.397	-1242.85	211.4531	1.80344	0.488905	1.842885
53850	-1030.798	-1242.578	211.78	1.725001	0.3378302	1.868912
53856	-1029.436	-1240.352	210.9166	1.796651	0.5473529	2.1428
53862	-1020.267	-1231.232	210.9654	1.800742	0.7334355	1.935946
53868	-1017.964	-1228.981	211.0171	1.840563	0.4919371	2.106689
53874	-1031.898	-1243.653	211.7556	1.858887	0.3455698	1.782084
53880	-1027.699	-1238.894	211.1953	1.768981	0.6858962	1.842909
53886	-1010.308	-1221.688	211.3795	1.879794	0.5672634	1.754544
53892	-1019.784	-1230.347	210.563	1.518253	0.7212338	2.391865
53898	-1017.78	-1228.321	210.541	1.296677	0.6643117	2.590926
53904	-1017.977	-1228.327	210.3504	1.533842	0.6034073	2.614831
53910	-1020.924	-1232.046	211.1216	1.599405	0.4340006	2.260928
53916	-1019.122	-1230.783	211.6615	1.836991	0.6059352	1.541738
53922	-998.3187	-1209.392	211.0731	1.792034	1.090467	1.597617
53928	-1016.843	-1228.724	211.8809	1.840743	0.6800631	1.289518
53934	-1015.972	-1227.645	211.6731	2.188497	0.8543017	0.9717765
53940	-1017.32	-1229.223	211.9033	2.201754	0.8135636	0.7311146
53946	-1013.664	-1225.15	211.4852	2.220922	0.9850145	0.9882814
53952	-1012.894	-1224.88	211.9859	2.034782	0.7086643	0.9882814
53958	-1008.619	-1220.536	211.9171	2.128126	0.7560076	0.8986283
53964	-1006.118	-1217.886	211.7679	2.03392	0.7734467	1.119663
53970	-1025.41	-1237.189	211.7786	1.995024	0.6883462	1.237474
53976	-1023.294	-1235.195	211.9018	2.03641	0.6883462	1.093148
53982	-1009.221	-1220.868	211.6471	2.073437	0.8288552	1.133983
53988	-1012.814	-1224.532	211.7178	2.073437	0.8646745	1.030496
53994	-1024.609	-1236.281	211.6719	2.155829	0.9524645	0.894108
54000	-1019.019	-1230.82	211.8015	1.855336	0.8017304	1.216898
54006	-1023.5	-1234.509	211.0096	1.806337	0.8169342	1.833369
54012	-1025.924	-1237.434	211.5107	1.759399	0.8139607	1.511495
54018	-1026.754	-1238.539	211.7844	1.763407	0.615815	1.494427
54024	-1015.676	-1227.208	211.5328	1.905237	0.807781	1.388794
54030	-1013.879	-1225.408	211.5292	1.960007	0.8435675	1.315473
54036	-1012.867	-1224.41	211.5427	1.967346	0.6406742	1.496525
54042	-1019.064	-1231.034	211.9698	1.801362	0.5162345	1.439583
54048	-1021.994	-1233.075	211.0806	1.719985	0.7251627	1.919755
54054	-1022.972	-1233.694	210.7224	1.614414	0.4701322	2.463945
54060	-1033.587	-1244.411	210.8241	1.702004	0.5523467	2.258853
54066	-1033.264	-1244.14	210.8756	1.823768	0.5724122	2.126874
54072	-1025.053	-1237.073	212.0199	1.994916	0.6278446	1.098418
54078	-1024.735	-1236.385	211.6504	1.935863	0.7406411	1.335842
54084	-1017.79	-1229.716	211.9259	2.035932	0.6442682	1.125757
54090	-1021.156	-1232.606	211.45	1.941756	1.166995	1.123218
54096	-1014.302	-1225.536	211.2336	2.15614	1.31859	1.003599
54102	-1054.599	-1264.647	210.0477	1.590876	0.3521021	3.028236
54108	-1027.214	-1236.541	209.3266	1.601773	0.4063708	3.384743
54114	-1046.62	-1257.548	210.9282	1.574508	0.4330533	2.401001
54120	-1017.899	-1228.229	210.3306	1.761526	0.4448431	2.643799
54126	-1003.19	-1212.986	209.7966	1.568547	0.4862954	3.041245
54132	-1010.644	-1219.347	208.7036	1.41605	0.5753146	3.690008
54138	-1018.441	-1229.632	211.1913	1.404972	0.5653937	2.200765
54144	-1033.719	-1244.48	210.7612	2.283437	1.669046	1.086277
54150	-1040.07	-1250.797	210.7269	1.970899	0.147479	2.71902
54156	-1042.654	-1253.34	210.6862	2.080983	0.1655334	2.638292
54162	-1004.977	-1217.034	212.057	2.043173	0.4525079	1.263883
54168	-1007.887	-1219.685	211.7974	2.027271	0.3421484	1.638719
54174	-1014.104	-1226.05	211.9464	1.861732	0.4875548	1.447465
54180	-1028.535	-1239.641	211.1063	1.820834	0.7762368	1.789889
54186	-1021.219	-1231.427	210.2081	1.863589	0.2695512	2.88104
54192	-1008.727	-1220.269	211.542	1.785135	0.7083433	1.565124
54198	-1017.357	-1228.782	211.4246	1.644613	0.7083433	1.749877
54204	-1021.562	-1233.008	211.4462	1.726602	0.689378	1.694263
54210	-1017.932	-1229.182	211.2497	1.94365	0.9023691	1.494705
54216	-1010.293	-1221.571	211.2781	2.00786	1.107039	1.261303
54222	-1004.349	-1215.019	210.67	2.047561	1.622402	1.388415
54228	-1012.812	-1223.766	210.9543	2.03217	1.267757	1.388415
54234	-1015.695	-1226.992	211.2966	2.098346	1.118197	1.159698
54240	-1001.478	-1213.502	212.0237	2.032608	0.6410957	1.042111
54246	-994.9196	-1206.215	211.2952	1.827971	0.8753051	1.568796
54252	-1000.642	-1211.466	210.8239	1.843276	0.8753051	1.889877
54258	-1010.677	-1221.4	210.7238	1.75246	0.6510616	2.198567
54264	-1008.462	-1218.817	210.3543	1.613255	0.9099686	2.324269
54270	-997.172	-1207.814	210.6424	1.485283	0.7695184	2.324269
54276	-1002.72	-1214.269	211.549	1.742876	0.5815097	1.716688
54282	-1017.41	-1228.912	211.5029	2.309938	0.9380855	0.9272656
54288	-1018.292	-1229.938	211.6461	2.298058	0.9380855	0.7661447
54294	-1020.238	-1231.548	211.31	2.298058	1.285789	0.785005
54300	-1023.07	-1234.311	211.2402	2.284136	1.387638	0.7877825
54306	-1028.179	-1239.845	211.6667	2.294262	0.9872777	0.6510869
54312	-1009.634	-1221.543	211.9089	2.188109	0.7624935	0.8275658
54318	-1012.095	-1223.909	211.8141	2.077115	0.6836136	1.141328
54324	-1020.99	-1232.573	211.583	2.475584	0.8111351	0.8021249
54330	-1006.987	-1218.769	211.7826	2.243832	0.8111351	0.8431109
54336	-1008.673	-1220.615	211.942	2.108738	0.7222233	0.9390008
54342	-1009.538	-1221.082	211.5441	2.063017	0.7222233	1.337765
54348	-1015.818	-1227.436	211.6179	2.13977	0.8198742	1.109833
54354	-1025.47	-1237.613	212.1426	2.202735	0.567745	0.8471531
54360	-1025.714	-1237.538	211.8241	2.268622	0.7314818	0.8792472
54366	-1031.234	-1242.948	211.7143	2.268622	0.8225094	0.8792472
54372	-1029.384	-1240.36	210.9763	2.274711	1.468029	1.025762
54378	-1035.977	-1246.762	210.7857	1.993992	1.299086	1.526158
54384	-1020.413	-1232.343	211.9299	2.139545	0.7997209	0.8054636
54390	-1022.31	-1234.159	211.8494	2.232201	0.7997209	0.789167
54396	-1026.54	-1238.014	211.4747	2.232201	1.167044	0.789167
54402	-1021.782	-1233.547	211.7652	1.985922	0.720139	1.221741
54408	-1015.096	-1227.071	211.9749	1.943625	0.614814	1.200111
54414	-1010.056	-1221.299	211.2435	2.095529	1.1268	1.20133
54420	-1024.751	-1236.265	211.5145	2.020588	1.12093	1.028172
54426	-996.5072	-1208.046	211.5392	2.147249	1.098702	0.8913416
54432	-1014.555	-1225.483	210.9277	2.224577	1.704157	0.9576843
54438	-1016.301	-1228.044	211.7429	2.127126	0.8588983	0.9576843
54444	-1013.87	-1225.284	211.4139	2.12742	1.133395	1.010879
54450	-1004.945	-1216.173	211.2278	2.11833	1.062722	1.245983
54456	-1034.931	-1245.953	211.0221	2.264917	1.375098	1.059536
54462	-1028.206	-1239.599	211.3922	2.121587	0.916513	1.229037
54468	-1028.505	-1239.74	211.2349	2.011376	1.101773	1.297888
54474	-1023.416	-1235.023	211.6074	1.802131	0.9603861	1.277563
54480	-1029.727	-1241.13	211.4032	1.800915	1.04396	1.37541
54486	-1019.929	-1231.565	211.6357	1.885481	0.6756776	1.452036
54492	-1032.887	-1244.087	211.2002	1.821681	0.6643961	1.822998
54498	-1024.087	-1235.187	211.0999	1.606505	0.8269085	1.900287
54504	-1027.55	-1239.21	211.6595	1.977226	0.6167792	1.425719
54510	-1021.228	-1232.922	211.6939	2.104863	0.6951223	1.208698
54516	-1008.69	-1220.22	211.5303	2.020909	0.9736157	1.145299
54522	-1014.812	-1226.738	211.9261	1.928479	0.6512124	1.211199
54528	-1031.37	-1242.946	211.5761	1.817543	0.786598	1.442548
54534	-1027.765	-1238.263	210.4978	1.52465	0.4553866	2.675111
54540	-1015.25	-1225.553	210.3027	1.707153	0.4775003	2.659274
54546	-1039.575	-1250.956	211.3813	1.908218	0.3623375	1.979569
54552	-1016.74	-1228.728	211.9882	2.047439	0.6185455	1.091401
54558	-1014.968	-1226.802	211.8341	1.936521	0.619906	1.316841
54564	-1003.571	-1215.17	211.5993	1.844628	0.6142751	1.573132
54570	-1010.036	-1221.69	211.6543	1.969682	0.6607048	1.388259
54576	-1002.319	-1213.483	211.1642	2.009276	1.079041	1.373157
54582	-1005.882	-1216.963	211.081	1.858058	1.017512	1.594932
54588	-1003.603	-1214.749	211.1456	1.738163	0.7821088	1.814997
54594	-1011.562	-1223.417	211.855	1.752634	0.7792936	1.28023
54600	-1023.699	-1235.382	211.6835	1.900598	0.4811748	1.621755
54606	-1030.841	-1242.348	211.5077	2.057437	0.4811748	1.63544
54612	-1016.906	-1228.529	211.6233	2.119884	0.6329785	1.324108
54618	-1004.285	-1215.549	211.2636	1.950437	0.5421576	1.812838
54624	-1023.069	-1235.017	211.948	2.126254	0.4927536	1.22773
54630	-1025.171	-1237.151	211.9804	2.363716	0.3876229	1.159334
54636	-1006.806	-1218.135	211.3292	2.192343	0.7186098	1.408652
54642	-1024.499	-1235.897	211.3986	2.028173	0.4204085	1.809054
54648	-1023.613	-1234.562	210.9485	1.879791	0.8368356	1.809054
54654	-1035.449	-1246.187	210.7377	1.840025	0.5894365	2.189536
54660	-1037.766	-1248.053	210.2872	1.788906	0.9579868	2.222296
54666	-1029.836	-1241.168	211.3322	1.895689	0.9579868	1.423781
54672	-1024.221	-1235.44	211.219	1.4839	0.5361413	2.160964
54678	-1016.252	-1226.829	210.5762	1.399289	0.5477359	2.609981
54684	-1015.817	-1227.076	211.2588	1.828562	0.696728	1.747707
54690	-1022.434	-1234.564	212.1295	2.07988	0.4406317	1.189699
54696	-1033.922	-1246.052	212.1297	2.473856	0.4411341	0.7829484
54702	-1041.231	-1252.462	211.2308	1.945524	0.5242601	1.858171
54708	-1039.54	-1250.442	210.9018	1.552244	0.7622431	2.119376
54714	-1024.075	-1235.039	210.9639	1.761732	0.6256527	2.058693
54720	-1017.131	-1228.257	211.1259	1.644359	0.6256527	2.029136
54726	-1019.918	-1231.244	211.3255	1.759025	0.5594445	1.883284
54732	-1012.895	-1223.412	210.5173	1.804761	1.027035	2.015807
54738	-1006.022	-1217.429	211.407	1.71077	0.3610992	2.095121
54744	-1021.276	-1232.092	210.8161	1.922496	1.156121	1.645664
54750	-1024.702	-1235.561	210.8595	1.793184	0.738123	2.00802
54756	-1027.113	-1238.242	211.1294	1.815881	0.5981626	1.938508
54762	-1039.641	-1251.026	211.3858	1.705345	0.5038318	1.938508
54768	-1042.49	-1254.6	212.1099	1.743025	0.4585212	1.451412
54774	-1035.143	-1247.039	211.8953	1.992739	0.5974529	1.247089
54780	-1024.453	-1236.276	211.8225	2.02711	0.4987912	1.401122
54786	-1021.969	-1232.955	210.9865	1.962593	1.200214	1.461653
54792	-1025.264	-1235.629	210.3648	1.793373	0.7273962	2.338127
54798	-1024.26	-1235.151	210.8917	1.813753	0.5211931	2.17471
54804	-1018.895	-1230.695	211.7998	2.347459	0.8322737	0.6021379
54810	-1008.374	-1220.436	212.0618	2.264194	0.6635907	0.6739189
54816	-1011.897	-1223.655	211.7577	2.023231	0.8586544	1.04697
54822	-1012.496	-1223.763	211.2672	1.855448	0.6816927	1.736854
54828	-1011.988	-1223.422	211.4338	1.754983	0.8035209	1.580657
54834	-1021.599	-1233.735	212.1369	1.767605	0.49527	1.36266
54840	-1024.017	-1235.38	211.363	1.767605	0.6838605	1.729202
54846	-1036.167	-1247.477	211.3099	1.636139	0.7442416	1.803907
54852	-1024.311	-1235.884	211.5729	1.726302	1.001341	1.333237
54858	-1029.503	-1241.473	211.9693	1.749001	0.4684046	1.539568
54864	-1020.692	-1232.258	211.5661	1.828157	0.872245	1.36558
54870	-1024.938	-1236.646	211.7077	1.74616	0.7177635	1.461421
54876	-1033.124	-1244.228	211.1034	1.857856	0.7828052	1.760584
54882	-1041.26	-1252.668	211.4083	1.793578	0.7994576	1.574543
54888	-1025.979	-1237.655	211.6761	1.911793	0.8175857	1.259201
54894	-1021.902	-1233.359	211.4569	1.964178	0.9337	1.290799
54900	-1015.344	-1226.813	211.4692	1.845897	0.4624262	1.833862
54906	-1015.759	-1227.375	211.6158	2.072066	0.8244009	1.167437
54912	-1018.593	-1229.998	211.405	2.001291	1.096352	1.167437
54918	-1013.38	-1225.266	211.8863	2.161579	0.5248436	1.205649
54924	-1006.186	-1217.716	211.5299	1.876202	0.7255299	1.49009
54930	-1019.553	-1231.224	211.6705	2.056337	0.5026484	1.49009
54936	-1016.538	-1228.067	211.5292	2.134653	0.5572804	1.472141
54942	-1008.813	-1220.558	211.7447	2.050449	0.5721854	1.352937
54948	-1020.285	-1231.979	211.6938	2.171166	0.5270863	1.352937
54954	-1008.412	-1220.054	211.6424	1.870733	0.6385169	1.496406
54960	-1011.806	-1223.576	211.7699	1.997338	0.5779036	1.368265
54966	-1019.943	-1231.013	211.0697	1.721402	0.4244131	2.227172
54972	-1025.639	-1236.492	210.8526	1.689857	0.7217491	2.094568
54978	-1028.358	-1238.447	210.0895	1.531245	0.4807253	2.893235
54984	-1054.568	-1266.134	211.5657	1.985986	0.4153294	1.728653
54990	-1018.587	-1229.823	211.2358	1.641562	0.3738912	2.234433
54996	-1022.499	-1233.231	210.7317	1.756845	0.4549201	2.385096
55002	-1013.304	-1223.775	210.4705	1.740712	0.5069818	2.503832
55008	-1007.979	-1218.88	210.9016	1.560996	0.5069818	2.345497
55014	-1019.05	-1230.806	211.7563	1.961857	0.4793258	1.525774
55020	-1016.559	-1228.131	211.572	2.11143	0.4894376	1.538897
55026	-1029.864	-1241.113	211.2488	2.071215	1.124555	1.219326
55032	-1024.706	-1236.805	212.0993	2.21052	0.5505207	0.9184924
55038	-1022.188	-1234.119	211.9305	2.175725	0.5817505	1.075583
55044	-1030.46	-1241.927	211.4669	2.046533	1.054845	1.106945
55050	-1031.14	-1243.06	211.9201	2.354538	0.7141206	0.6423102
55056	-1018.945	-1230.341	211.3958	2.276544	1.165471	0.8359316
55062	-1029.999	-1242.19	212.1915	2.022045	0.499537	1.095431
55068	-1022.858	-1234.522	211.6637	2.030826	0.6366629	1.358803
55074	-1047.879	-1260.187	212.3074	2.116643	0.3483823	1.159363
55080	-1027.74	-1239.526	211.7864	2.055033	0.5619742	1.328403
55086	-1022.371	-1234.575	212.2043	2.008318	0.3357696	1.357429
55092	-1023.152	-1235.094	211.9423	1.976589	0.350058	1.557944
55098	-1010.531	-1222.171	211.6393	2.055404	0.4298325	1.607248
55104	-1020.304	-1231.978	211.6739	2.229185	0.5652505	1.274245
55110	-1007.79	-1218.672	210.8825	1.95804	0.543014	2.063707
55116	-1011.611	-1222.59	210.9784	2.022802	0.4467185	2.063707
55122	-1003.871	-1215.588	211.7176	1.903748	0.3883701	1.716085
55128	-1009.786	-1220.038	210.2513	1.773578	0.294011	2.873425
55134	-1005.243	-1215.088	209.8452	1.628869	0.4975696	2.964601
55140	-1022.209	-1232.259	210.05	1.684825	0.4734639	2.831626
55146	-1026.254	-1237.934	211.6792	1.783772	0.4923095	1.695001
55152	-1018.558	-1229.387	210.8291	1.978895	1.248062	1.536658
55158	-1019.551	-1231.378	211.8265	1.707569	0.5682608	1.556557
55164	-1016.445	-1227.944	211.4989	1.982398	0.8604361	1.306488
55170	-1021.607	-1233.084	211.4764	2.118808	1.221157	0.8702551
55176	-1022.774	-1234.398	211.6246	2.120009	0.8238149	1.117574
55182	-1011.997	-1223.933	211.9361	2.023511	0.7180577	1.036695
55188	-1029.402	-1240.779	211.3773	2.023511	0.8043002	1.420923
55194	-1022.588	-1234.392	211.8043	2.108194	0.8043002	0.9785915
55200	-1014.591	-1225.332	210.7411	2.345737	1.758904	0.9879727
55206	-1014.84	-1226.631	211.7908	2.168676	0.7804422	0.9593861
55212	-1018.208	-1230.035	211.8272	2.162269	0.7804422	0.9273706
55218	-1019.071	-1230.887	211.816	2.137046	0.6665363	1.106261
55224	-1011.286	-1222.904	211.6181	1.83541	0.8204347	1.365054
55230	-1033.611	-1245.016	211.4051	1.999291	0.977457	1.267326
55236	-1039.805	-1250.26	210.4543	1.882944	0.7638933	2.194096
55242	-1040.387	-1251.056	210.669	1.821391	0.7548465	2.101538
55248	-1034.557	-1244.577	210.0193	1.696527	0.9474731	2.458324
55254	-1025.473	-1237.731	212.2582	1.913666	0.4199357	1.253568
55260	-1035.893	-1247.502	211.6095	2.023123	0.5699683	1.481164
55266	-1032.822	-1244.493	211.6708	1.826432	0.5699683	1.581719
55272	-1017.669	-1228.333	210.6641	1.725146	0.6902004	2.22085
55278	-1034.542	-1246.326	211.7833	1.797313	0.576648	1.512703
55284	-1025.897	-1236.165	210.268	1.776283	0.868365	2.3043
55290	-1019.238	-1229.859	210.6208	1.605606	0.5831767	2.419818
55296	-1017.072	-1227.181	210.1093	1.657734	0.4612088	2.824963
55302	-1011.73	-1222.382	210.6518	1.674875	0.4612088	2.480017
55308	-1016.471	-1225.94	209.4685	1.648164	0.6953198	3.004978
55314	-1015.148	-1226.75	211.6017	1.991284	0.6490656	1.424623
55320	-1015.112	-1225.816	210.704	1.641196	0.6953198	2.244885
55326	-1024.13	-1233.882	209.7519	1.667701	0.7467973	2.782182
55332	-1027.481	-1238.972	211.4903	1.967748	0.3738812	1.849615
55338	-1030.371	-1242.088	211.7172	1.976089	0.3446675	1.728303
55344	-1018.732	-1230.389	211.6566	2.105745	0.4199852	1.571236
55350	-1019.789	-1231.313	211.5239	2.177131	0.4743216	1.544831
55356	-1015.628	-1227.554	211.9262	2.030097	0.4035186	1.449461
55362	-1008.212	-1219.788	211.5759	2.030097	0.4131307	1.693171
55368	-1030.615	-1242.674	212.059	2.168125	0.3011995	1.406793
55374	-1003.166	-1214.954	211.7884	2.177796	0.6930408	1.061332
55380	-1011.685	-1223.691	212.0051	2.121603	0.5028744	1.16831
55386	-1018.725	-1230.669	211.9441	1.983556	0.5028744	1.334236
55392	-1034.617	-1246.475	211.8577	2.180863	0.5028744	1.24366
55398	-1031.017	-1243.003	211.9862	2.114873	0.6021706	1.052092
55404	-1028.84	-1240.754	211.9144	2.101252	0.6021706	1.130942
55410	-1031.99	-1243.378	211.3877	2.028232	1.10735	1.150004
55416	-1025.803	-1237.649	211.8464	1.871675	0.4984569	1.501845
55422	-1026.761	-1237.821	211.0601	2.002108	0.8909875	1.600755
55428	-1036.608	-1248.038	211.4297	2.180399	1.072439	0.9988374
55434	-1030.622	-1241.844	211.2213	1.867212	0.983501	1.509763
55440	-1030.852	-1242.139	211.2863	1.81202	0.6112364	1.821335
55446	-1008.071	-1219.322	211.2506	1.953353	0.7564447	1.610814
55452	-1018.197	-1230.041	211.8437	2.03104	0.6521571	1.192835
55458	-1012.556	-1223.943	211.3871	1.851068	0.6834099	1.653316
55464	-1014.14	-1225.516	211.3759	1.770158	0.7473742	1.660536
55470	-1015.34	-1226.915	211.5747	1.972589	0.4296309	1.71299
55476	-1000.977	-1212.688	211.7105	2.119364	0.5715006	1.326068
55482	-1013.94	-1225.742	211.802	2.16648	0.3563721	1.511327
55488	-1023.744	-1235.595	211.8509	2.031295	0.5167908	1.352346
55494	-1027.19	-1238.921	211.731	1.960699	0.3596768	1.707233
55500	-1027.908	-1239.566	211.6581	1.944407	0.4254653	1.679313
55506	-1013.698	-1224.58	210.8828	1.861711	0.3399164	2.364511
55512	-1031.062	-1241.774	210.7123	1.861711	0.3140581	2.507646
55518	-1017.572	-1228.109	210.5374	1.806895	0.4657245	2.464067
55524	-1005.698	-1217.012	211.3138	1.841612	0.3800473	2.044923
55530	-1012.461	-1224.013	211.5522	1.84098	0.2727559	2.044923
55536	-1013.223	-1224.331	211.1088	1.852222	0.5100466	2.018731
55542	-1012.403	-1222.798	210.3951	1.647876	0.4245597	2.696729
55548	-1008.846	-1219.974	211.1287	1.651268	0.3526084	2.324841
55554	-1042.209	-1253.266	211.0569	2.38803	1.217161	1.032679
55560	-1032.025	-1243.145	211.1197	2.308518	1.217161	1.048684
55566	-1002.585	-1214.111	211.526	2.126119	0.9646469	1.061391
55572	-1032.014	-1243.748	211.7337	2.046553	0.7778777	1.13418
55578	-1016.744	-1227.75	211.0068	2.120618	0.7778777	1.647195
55584	-1006.449	-1217.208	210.7587	1.725982	0.4130971	2.435658
55590	-1011.816	-1222.243	210.4273	2.084483	0.827366	2.030451
55596	-1021.246	-1232.984	211.7382	2.233305	0.5517403	1.234586
55602	-1020.623	-1231.967	211.3435	2.266635	0.8237932	1.234586
55608	-1019.189	-1230.564	211.3756	2.016656	0.8933375	1.348816
55614	-1011.679	-1223.889	212.2098	1.994792	0.4976227	1.106543
55620	-1003.881	-1216.054	212.173	2.134742	0.5636633	0.8983458
55626	-994.6678	-1206.791	212.123	2.444303	0.3969582	0.9265767
55632	-1005.965	-1217.722	211.7569	2.347277	0.5335181	1.144615
55638	-994.6391	-1206.165	211.5261	2.024869	0.6383845	1.468044
55644	-1007.663	-1219.847	212.184	2.083253	0.4061591	1.194915
55650	-1008.585	-1220.372	211.787	2.114869	0.5315468	1.317809
55656	-1009.827	-1221.372	211.5449	2.139987	0.6011136	1.405949
55662	-1019.67	-1231.604	211.9348	1.831735	0.6075169	1.334356
55668	-1023.694	-1235.24	211.546	2.127278	0.8422945	1.162221
55674	-1015.29	-1226.819	211.5284	2.170147	0.9784219	1.002651
55680	-1045.149	-1257.138	211.9886	2.10597	0.8194677	0.7368393
55686	-1032.855	-1244.698	211.8429	2.147431	0.8194677	0.8746412
55692	-1017.467	-1229.094	211.627	2.068607	1.009954	0.9735186
55698	-1022.188	-1233.787	211.5987	2.115377	0.8940651	1.073204
55704	-1007.404	-1218.902	211.4983	2.108983	0.9146459	1.150142
55710	-1003.579	-1215.302	211.7228	1.757711	0.8075085	1.355626
55716	-1014.896	-1226.121	211.2249	1.797178	1.016033	1.534953
55722	-1041.191	-1252.46	211.2686	2.00802	1.008388	1.345719
55728	-1051.715	-1263.28	211.5644	1.91391	1.008388	1.178509
55734	-1020.665	-1231.24	210.575	1.729681	0.7649117	2.214345
55740	-1025.343	-1236.563	211.2205	1.75681	0.6170865	1.898384
55746	-1032.394	-1244.082	211.6873	1.819489	0.4620059	1.700688
55752	-1027.01	-1238.235	211.2255	1.819489	0.6682268	1.803505
55758	-1036.998	-1248.279	211.2804	2.006482	0.5050692	1.803505
55764	-1025.176	-1236.493	211.3169	1.950867	0.6079125	1.70639
55770	-1032.283	-1243.688	211.4053	1.818994	0.5196292	1.830371
55776	-1026.262	-1236.753	210.4909	1.815471	0.6240652	2.331682
55782	-1016.362	-1228.069	211.7067	1.926455	0.4674808	1.603202
55788	-1034.019	-1245.017	210.9979	1.903065	0.7072597	1.867088
55794	-1019.231	-1229.232	210.0012	1.784085	0.5531167	2.721922
55800	-1030.751	-1241.735	210.9844	1.796501	0.4197571	2.239289
55806	-1035.556	-1246.09	210.5339	1.698839	0.792578	2.239289
55812	-1021.142	-1232.104	210.9625	1.753622	0.6153863	2.074574
55818	-1024.06	-1235.405	211.3451	1.788093	0.3687894	2.074574
55824	-1021.566	-1232.438	210.8716	1.623516	0.3860655	2.461908
55830	-1015.243	-1226.424	211.1816	1.688132	0.4842052	2.107295
55836	-1008.313	-1219.667	211.3542	1.607936	0.6207762	1.90508
55842	-1014.286	-1225.671	211.3854	1.789852	0.4830763	1.90508
55848	-1023.223	-1234.279	211.056	1.852321	0.4145429	2.163193
55854	-1027.79	-1238.746	210.9565	1.667308	0.427361	2.33084
55860	-1032.506	-1243.066	210.5599	1.641106	0.7911313	2.260813
55866	-1014.346	-1225.183	210.8369	1.683587	0.5646243	2.250436
55872	-1026.49	-1237.739	211.2489	1.857807	0.8221436	1.624481
55878	-1035.184	-1246.377	211.1928	1.867135	0.7934415	1.682128
55884	-1018.292	-1229.507	211.2147	1.821533	0.8136242	1.682128
55890	-1029.19	-1240.039	210.8487	1.906064	0.9871168	1.7481
55896	-1016.895	-1228.228	211.3332	1.964414	0.96677	1.362323
55902	-1013.7	-1224.932	211.2325	1.919919	0.8179365	1.594841
55908	-1012.571	-1223.919	211.3477	1.874438	0.9669631	1.421113
55914	-1019.763	-1231.993	212.2292	2.00764	0.6185115	0.8873395
55920	-1024.464	-1234.775	210.3106	1.757969	0.5915393	2.511109
55926	-1029.646	-1240.151	210.5056	1.781629	0.5915393	2.37362
55932	-1022.95	-1234.328	211.3783	1.964327	0.9989162	1.300243
55938	-1016.854	-1228.033	211.1797	1.772184	0.7297661	1.812415
55944	-1014.314	-1224.931	210.6167	1.821	0.5820491	2.286705
55950	-1007.018	-1217.823	210.8054	1.627893	0.4447265	2.431397
55956	-1014.495	-1225.725	211.2304	1.705012	0.5948333	1.948417
55962	-1009.493	-1220.555	211.0617	1.941814	0.8692704	1.660279
55968	-1010.179	-1220.993	210.814	1.648196	0.7688935	2.10877
55974	-1013.043	-1224.004	210.9605	1.936126	0.4926016	2.080411
55980	-1012.249	-1223.744	211.4951	1.778615	0.4521849	1.87449
55986	-996.123	-1207.623	211.5003	1.701002	0.764	1.605987
55992	-1012.048	-1223.531	211.4832	1.701002	0.6137211	1.759256
55998	-1014.891	-1226.587	211.6962	2.028904	0.3288833	1.729919
56004	-1006.646	-1217.955	211.3092	2.032195	0.8365101	1.437901
56010	-1017.118	-1227.998	210.8806	1.879111	0.6333466	2.028946
56016	-1020.745	-1232.142	211.3976	1.697042	0.3223842	2.164415
56022	-1018.731	-1228.602	209.8714	1.524536	0.5028641	3.00627
56028	-1018.019	-1229.383	211.364	1.702697	0.6200308	1.834461
56034	-1034.477	-1245.925	211.4485	2.196282	0.9354844	1.096419
56040	-1024.239	-1235.023	210.7837	2.79858	1.461446	0.4447061
56046	-1032.392	-1242.956	210.5644	2.98828	1.461446	0.3772741
56052	-1017.69	-1228.226	210.5363	2.944957	1.55102	0.3687017
56058	-1008.511	-1219.046	210.5351	2.928482	1.575867	0.3687017
56064	-1017.601	-1228.465	210.8633	2.863322	1.278897	0.4465816
56070	-1038.093	-1249.216	211.1228	2.72851	1.120368	0.4072637
56076	-1027.415	-1238.652	211.2375	2.685284	1.06284	0.533026
56082	-1021.077	-1232.14	211.0628	2.659077	1.290609	0.5243
56088	-1033.967	-1245.431	211.4638	2.666514	0.8634458	0.4932088
56094	-1027.567	-1239.52	211.9524	1.807471	0.3805105	1.628346
56100	-1027.781	-1238.909	211.1279	2.510236	1.297542	0.7262619
56106	-1031.092	-1242.163	211.0709	2.195596	1.601217	0.910239
56112	-1032.529	-1244.133	211.6039	2.20301	0.9587022	0.910239
56118	-1033.793	-1245.342	211.5494	2.246674	0.9038109	0.9830903
56124	-1032.117	-1243.828	211.7118	2.063156	0.9232356	0.9834211
56130	-1019.999	-1231.724	211.7248	2.242848	0.8349475	0.8803625
56136	-1015.897	-1227.477	211.5806	2.160615	0.8349475	1.108968
56142	-1012.459	-1223.967	211.5082	2.514949	0.8455846	0.7965378
56148	-1016.327	-1227.129	210.8021	2.57398	1.669764	0.7020581
56154	-1002.248	-1213.74	211.4924	2.4799	0.9826058	0.6363234
56160	-1005.397	-1217.013	211.616	2.531266	0.8384243	0.5791221
56166	-1024.737	-1236.499	211.7621	2.372534	0.8146711	0.6778547
56172	-1007.181	-1218.429	211.2488	2.400853	1.261542	0.7545286
56178	-1003.899	-1215.556	211.657	2.352663	0.9238224	0.6847701
56184	-998.0948	-1209.98	211.8855	2.323788	0.7500446	0.6833423
56190	-1019.546	-1231.435	211.8896	2.312228	0.7500446	0.6968846
56196	-1022.133	-1233.203	211.0695	2.56762	1.359543	0.6332052
56202	-1034.006	-1245.096	211.0907	2.490909	1.435133	0.6256392
56208	-1036.541	-1247.66	211.1199	2.661608	1.215218	0.5525411
56214	-1031.847	-1243.356	211.5085	2.513547	0.9609751	0.5452917
56220	-1009.803	-1220.961	211.1583	2.61076	1.233119	0.5342007
56226	-1011.678	-1222.922	211.2438	2.759297	0.9662291	0.4123926
56232	-1009.848	-1221.028	211.1799	2.813026	0.9662291	0.3916382
56238	-1001.031	-1211.912	210.8815	2.651527	1.528337	0.559894
56244	-1009.137	-1220.835	211.6984	2.419402	0.8688527	0.559894
56250	-1015.992	-1228.009	212.0168	2.289074	0.6878175	0.6488949
56256	-1008.907	-1220.639	211.732	2.278081	0.9405112	0.6488949
56262	-1004.456	-1215.831	211.3747	2.464778	1.131683	0.6100444
56268	-1004.923	-1216.121	211.1978	2.657716	1.131683	0.4509749
56274	-1011.667	-1222.873	211.2061	2.274976	1.493656	0.7336229
56280	-1020.352	-1231.622	211.2691	2.380365	1.358589	0.6029917
56286	-1015.003	-1226.43	211.4271	2.393676	1.087681	0.7284795
56292	-1035.846	-1247.349	211.503	2.317736	1.087681	0.7284795
56298	-1020.249	-1231.615	211.3664	2.524266	1.063546	0.6408697
56304	-1031.575	-1243.451	211.876	1.859661	0.6560313	1.304452
56310	-1026.057	-1236.829	210.7716	2.669154	1.641168	0.6053377
56316	-1027.44	-1238.307	210.867	2.650012	1.559744	0.5053061
56322	-1024.652	-1236.814	212.1621	1.931005	0.3524162	1.423069
56328	-1036.062	-1247.937	211.8751	2.088708	0.4177023	1.423069
56334	-1028.173	-1240.348	212.1753	2.023676	0.5219679	1.075053
56340	-1026.157	-1238.246	212.0888	2.177518	0.5219679	1.010344
56346	-1029.316	-1241.336	212.0193	1.934723	0.4898164	1.33051
56352	-1024.593	-1236.559	211.9661	2.173234	0.617387	0.993303
56358	-1031.042	-1242.99	211.9481	1.885226	0.5834531	1.308875
56364	-1043.286	-1254.861	211.5749	1.909365	0.7776673	1.380627
56370	-1028.325	-1239.532	211.2064	1.993322	1.290353	1.199164
56376	-1021.009	-1232.554	211.5446	2.000645	0.9191099	1.200028
56382	-1023.449	-1235.126	211.6772	1.885237	0.7250449	1.370298
56388	-1014.324	-1226.106	211.7824	1.876227	0.6252566	1.399482
56394	-1013.343	-1224.918	211.5753	1.826054	0.8839849	1.349662
56400	-1013.4	-1224.445	211.0454	2.035303	1.292193	1.297178
56406	-1020.592	-1232.155	211.5626	2.112668	0.9481871	1.055576
56412	-1019.886	-1231.49	211.6043	2.111456	0.9481871	1.016425
56418	-1029.449	-1240.774	211.3245	1.906821	0.8600634	1.501144
56424	-1027.419	-1238.848	211.4291	2.3442	1.135289	0.7339923
56430	-1021.443	-1233.169	211.726	1.976954	0.6422771	1.345882
56436	-1021.576	-1232.897	211.3212	1.996513	0.784904	1.501577
56442	-1030.851	-1241.92	211.0693	2.608382	1.344689	0.5281352
56448	-1024.11	-1235.009	210.8988	2.605672	1.576548	0.5189603
56454	-1026.185	-1237.449	211.2634	2.571437	1.15149	0.5653903
56460	-1038.158	-1249.153	210.9954	1.982149	0.4067288	2.127671
56466	-1025.363	-1236.362	210.9993	1.643058	0.6538693	2.087736
56472	-1024.707	-1235.952	211.2448	1.788904	0.3450748	2.171886
56478	-1040.389	-1251.134	210.7458	1.614864	0.6081273	2.311612
56484	-1031.889	-1242.576	210.6864	1.890677	0.3621364	2.440699
56490	-1041.954	-1253.494	211.5397	2.046033	1.071854	1.023405
56496	-1006.499	-1217.704	211.2051	2.212434	1.260498	1.023405
56502	-1009.294	-1220.621	211.3271	2.270506	1.260498	0.8266556
56508	-1002.332	-1213.296	210.9641	2.265893	1.586313	0.9606538
56514	-1016.982	-1227.979	210.9976	2.199902	1.490527	1.061142
56520	-1018.056	-1229.819	211.7632	2.199902	0.8448131	0.8725469
56526	-1022.147	-1233.666	211.5185	2.16432	1.120932	0.8718313
56532	-1031.109	-1243.224	212.1143	2.16077	0.6266303	0.8276042
56538	-1034.748	-1246.641	211.8927	2.176652	0.7392289	0.8948887
56544	-1025.33	-1236.868	211.538	1.912947	0.7468216	1.435728
56550	-1028.097	-1240.046	211.9492	1.856501	0.6129643	1.296472
56556	-1027.984	-1239.023	211.0395	1.777954	1.292429	1.50203
56562	-1000.717	-1212.26	211.5429	2.05974	0.5496722	1.526801
56568	-996.3034	-1208.13	211.8268	2.049133	0.7417957	1.087473
56574	-1012.051	-1223.113	211.0615	2.303396	1.451898	0.9210247
56580	-1008.319	-1219.742	211.4229	2.305822	1.213291	0.6930244
56586	-1009.572	-1221.342	211.7698	2.179128	0.8226304	0.9173476
56592	-1038.979	-1250.916	211.9369	2.179128	0.6139016	1.021342
56598	-1017.362	-1228.285	210.923	1.765956	0.755983	1.968981
56604	-1016.189	-1227.017	210.8278	1.653645	0.755983	2.106507
56610	-1012.807	-1223.595	210.7884	1.547632	0.5474524	2.384818
56616	-1023.634	-1233.745	210.1113	1.63699	1.113457	2.335144
56622	-1018.701	-1227.782	209.0808	1.676778	0.9703687	3.030224
56628	-1017.756	-1228.026	210.2693	1.693981	0.5163097	2.648218
56634	-1014.054	-1223.86	209.8065	1.713501	0.4618233	2.973566
56640	-1016.286	-1225.892	209.6062	1.484276	0.4618233	3.229655
56646	-1011.175	-1221.723	210.5484	2.048976	0.6565211	2.11487
56652	-997.7585	-1208.615	210.8567	1.693928	0.9242104	1.93296
56658	-1009.605	-1220.732	211.1269	1.706491	0.5256803	2.086457
56664	-1024.741	-1235.669	210.9286	1.730623	0.3170194	2.450111
56670	-1041.615	-1248.212	206.5962	1.311654	0.7295505	4.824044
56676	-1045.09	-1250.299	205.2087	1.604203	2.067064	4.824044
56682	-1022.088	-1230.94	208.8517	1.417682	0.5951236	3.586265
56688	-1029.944	-1240.453	210.5095	1.791064	0.6303566	2.329731
56694	-1030.7	-1242.53	211.8302	1.93532	0.4697166	1.502734
56700	-1022.727	-1234.287	211.5594	2.084762	0.8000855	1.229264
56706	-1031.718	-1243.611	211.8923	2.324333	0.7602945	0.6427299
56712	-1029.189	-1240.961	211.7728	2.479958	0.7546715	0.5521239
56718	-1029.34	-1241.147	211.8068	2.309301	0.8198577	0.7006655
56724	-1014.148	-1225.893	211.7455	2.230825	0.7851277	0.9355858
56730	-1024.133	-1235.471	211.3376	2.298747	1.223053	0.8177246
56736	-1018.805	-1230.762	211.9578	2.173018	0.6913186	0.8947475
56742	-1030.36	-1242.127	211.7667	2.033747	0.869644	1.016102
56748	-1018.451	-1230.444	211.9937	2.099315	0.617195	1.039131
56754	-1009.2	-1221.191	211.991	2.168943	0.704371	0.8403662
56760	-1014.447	-1226.309	211.8616	2.082286	0.8808546	0.8474829
56766	-1027.393	-1239.247	211.8545	2.085505	0.7294765	1.04163
56772	-1034.017	-1245.826	211.8086	1.975489	0.7294765	1.183353
56778	-1032.231	-1243.661	211.43	2.205817	0.7294765	1.307325
56784	-1034.684	-1246.201	211.5177	2.016686	0.3947635	1.768284
56790	-1019.217	-1230.357	211.14	1.853829	0.4200589	2.100578
56796	-1032.242	-1244.195	211.9528	1.955714	0.496782	1.357522
56802	-1013.83	-1225.302	211.4714	1.949349	0.7524565	1.453457
56808	-1023.834	-1235.302	211.4673	2.020245	0.954348	1.217645
56814	-1020.741	-1232.577	211.8361	2.033921	0.9339003	0.8675947
56820	-1002.792	-1214.309	211.5167	2.232366	1.054204	0.8675947
56826	-1003.099	-1214.79	211.6912	2.117406	0.9187173	0.9536138
56832	-1007.57	-1218.799	211.2289	2.061124	1.3977	1.0398
56838	-998.1334	-1209.901	211.7671	2.009341	0.886331	1.021596
56844	-1005.848	-1217.666	211.8183	2.253692	0.6382478	1.030823
56850	-1024.431	-1235.816	211.3844	2.167448	1.157026	0.9788261
56856	-1017.834	-1229.717	211.8833	2.15408	0.6920608	0.9931904
56862	-1005.815	-1217.538	211.7226	2.056373	0.8427557	1.065783
56868	-1005.896	-1217.569	211.6727	2.031341	0.8427557	1.134528
56874	-1013.592	-1224.547	210.9552	2.031341	1.5674	1.20044
56880	-997.3388	-1209.13	211.7908	2.055222	0.739489	1.117457
56886	-1016.93	-1228.371	211.4415	1.993292	0.8201462	1.380112
56892	-1014.628	-1226.345	211.7171	2.070879	0.7561935	1.150776
56898	-1010.792	-1222.332	211.54	1.928537	1.050785	1.150776
56904	-1025.707	-1237.035	211.3281	2.201807	1.084253	1.065739
56910	-1027.899	-1240.048	212.149	2.015509	0.6498054	0.9193989
56916	-1015.587	-1226.974	211.3863	2.134026	1.14306	1.02287
56922	-1008.841	-1220.595	211.7541	2.001959	0.7875319	1.145445
56928	-1006.181	-1218.122	211.9407	1.754479	0.4244384	1.614106
56934	-1011.082	-1222.131	211.0488	1.561909	0.7536756	2.023063
56940	-1014.454	-1224.763	210.3084	1.597888	0.5297824	2.670033
56946	-1017.672	-1227.706	210.0342	1.656905	0.4673858	2.864491
56952	-1014.394	-1225.425	211.0314	1.76538	0.865714	1.808368
56958	-1001.899	-1213.048	211.1493	1.796997	0.865714	1.703833
56964	-1001.994	-1213.346	211.3524	1.954323	0.865714	1.439241
56970	-1002.777	-1214.249	211.4719	1.939721	0.9203491	1.309999
56976	-1023.012	-1234.839	211.8268	1.964358	0.7067845	1.202199
56982	-1016.714	-1228.436	211.7223	2.001397	0.7067845	1.259025
56988	-1017.208	-1228.687	211.4795	2.001397	0.8578924	1.30912
56994	-1029.16	-1240.901	211.7409	2.078386	0.6980955	1.187765
57000	-1015.462	-1226.938	211.4764	2.026119	0.7607097	1.382482
57006	-1024.457	-1235.297	210.8396	2.246936	1.576611	1.10644
57012	-1017.241	-1228.365	211.1245	1.941147	0.9979183	1.515938
57018	-1011.293	-1222.701	211.408	1.937954	0.6909787	1.567926
57024	-1027.535	-1239.023	211.4883	1.857608	0.6909787	1.567926
57030	-1025.056	-1235.744	210.6881	1.640556	0.6967256	2.254345
57036	-1017.328	-1228.639	211.3107	1.638572	0.5368081	1.998054
57042	-1007.639	-1218.431	210.7924	1.611785	0.7281926	2.179497
57048	-1016.374	-1227.566	211.1919	1.638934	0.5459696	2.067083
57054	-1030.874	-1242.078	211.2039	1.720577	0.2970621	2.311193
57060	-1022.458	-1233.726	211.2681	1.849157	0.2970621	2.187219
57066	-1016.182	-1227.357	211.1744	1.849157	0.4063409	2.098035
57072	-1028.019	-1239.372	211.3522	1.807896	0.3388785	2.098035
57078	-1033.385	-1245.239	211.8544	1.640853	0.3757733	1.821393
57084	-1035.309	-1245.74	210.4311	1.894805	0.6062917	2.335391
57090	-1027.09	-1237.926	210.836	1.783504	0.2900974	2.513956
57096	-1033.905	-1244.344	210.4382	1.744573	0.6150348	2.418089
57102	-1037.135	-1249.246	212.1116	2.038555	0.2198952	1.619657
57108	-1043.927	-1256.133	212.2058	1.998341	0.2386578	1.542371
57114	-1021.463	-1231.842	210.3784	1.549328	0.4778796	2.709303
57120	-1021.739	-1232.011	210.2725	1.635819	0.6143361	2.590212
57126	-1027.497	-1238.277	210.7801	1.553319	0.5446323	2.38922
57132	-1022.845	-1233.807	210.9621	1.777338	0.3523436	2.351016
57138	-1014.778	-1226.024	211.2455	1.9028	0.323657	2.127594
57144	-1019.414	-1230.719	211.3046	1.979963	0.4782233	1.836063
57150	-1022.025	-1233.658	211.6327	1.928302	0.4428421	1.686266
57156	-1027.229	-1238.796	211.5667	1.856879	0.4375847	1.789426
57162	-1028.416	-1240.263	211.8469	2.125609	0.358185	1.505539
57168	-1014.116	-1225.647	211.531	2.066502	0.4967891	1.592952
57174	-1028.702	-1239.262	210.5603	1.757908	0.8025647	2.176427
57180	-1018.069	-1229.087	211.0177	2.064964	0.6230437	1.820542
57186	-1020.018	-1231.232	211.2141	1.974796	0.5511262	1.820542
57192	-1019.084	-1230.475	211.3915	1.662417	0.4758318	1.994948
57198	-1025.469	-1236.976	211.5074	1.91929	0.6111808	1.588974
57204	-1016.023	-1227.096	211.0735	1.987702	0.6106146	1.847436
57210	-1028.775	-1239.763	210.988	1.731724	0.8024026	1.910622
57216	-1047.055	-1257.505	210.4502	1.64294	0.5701274	2.515651
57222	-1032.368	-1242.159	209.7905	1.527436	0.5701274	2.989524
57228	-1029.852	-1241.15	211.2979	1.594314	0.6276071	1.945803
57234	-1012.774	-1223.559	210.7854	1.598194	0.7685682	2.160361
57240	-1021.251	-1232.371	211.1204	1.889949	0.3966467	2.118894
57246	-1032.032	-1243.55	211.5186	1.796088	0.5965925	1.684774
57252	-1014.731	-1224.884	210.1532	1.800553	0.8461684	2.377685
57258	-1029.213	-1239.339	210.1254	1.534462	0.5046541	2.845362
57264	-1020.562	-1230.695	210.1333	1.549825	0.4906016	2.845362
57270	-1032.385	-1242.293	209.9078	1.5804	0.4206805	3.037141
57276	-1039.798	-1250.086	210.2879	1.747901	0.4602895	2.661607
57282	-1028.548	-1239.666	211.1184	1.807161	0.7983361	1.77264
57288	-1027.622	-1238.957	211.335	1.748927	0.8343592	1.630771
57294	-1020.28	-1232.061	211.7809	1.846644	0.651526	1.395189
57300	-1018.601	-1230.387	211.7861	2.178411	0.5141486	1.289586
57306	-1026.38	-1238.118	211.7382	2.174729	0.6330959	1.182617
57312	-1035.927	-1246.863	210.9357	2.071148	1.374334	1.303574
57318	-1030.563	-1242.163	211.6002	1.85704	0.8854179	1.303574
57324	-1029.829	-1241.712	211.8827	1.900584	0.7649734	1.145491
57330	-1013.538	-1225.648	212.1097	2.156306	0.4246623	1.165807
57336	-1011.474	-1223.33	211.8557	2.145194	0.3884589	1.437725
57342	-1012.026	-1223.564	211.5383	2.081238	0.7886592	1.261188
57348	-1024.061	-1236.51	212.4492	2.1558	0.4150335	0.8434215
57354	-1022.087	-1233.627	211.5407	2.417819	0.8832285	0.8260377
57360	-1015.687	-1227.144	211.4569	2.440369	1.059037	0.6355803
57366	-1027.42	-1238.638	211.218	2.47393	1.301913	0.6119381
57372	-1014.672	-1226.723	212.0514	2.336505	0.6384839	0.6119381
57378	-1027.067	-1238.351	211.2844	2.401503	1.309234	0.6119381
57384	-1046.838	-1258.388	211.5499	2.396822	0.9655011	0.7186686
57390	-1041.913	-1252.798	210.8851	1.766926	0.9408701	1.852101
57396	-1037.231	-1248.014	210.7835	1.903827	1.120159	1.70544
57402	-1022.533	-1233.944	211.4109	1.889537	0.8894771	1.423878
57408	-1032.345	-1243.513	211.1682	1.841997	0.8894771	1.639552
57414	-1012.244	-1223.234	210.9898	2.44413	1.51916	0.7758076
57420	-1018.257	-1229.798	211.5409	2.606188	0.8446211	0.5488897
57426	-1036.035	-1247.592	211.5569	2.600877	0.8344389	0.5539211
57432	-1023.488	-1235.108	211.62	2.535371	0.8406887	0.5182487
57438	-1015.242	-1226.156	210.9142	2.679187	1.44969	0.5478814
57444	-1053.31	-1265.257	211.947	1.973121	0.281602	1.669049
57450	-1019.044	-1230.524	211.4805	2.589453	0.9127442	0.5595302
57456	-1010.74	-1222.108	211.3686	2.493151	1.129606	0.5209664
57462	-1001.487	-1212.465	210.9774	2.538718	1.552586	0.5571931
57468	-1023.2	-1234.507	211.307	2.608743	1.064988	0.562013
57474	-1010.419	-1221.227	210.8082	2.655499	1.628016	0.554471
57480	-1010.96	-1222.012	211.0525	2.584286	1.394599	0.5402685
57486	-1024.102	-1235.595	211.4927	2.466736	0.9873248	0.6541749
57492	-1000.951	-1212.814	211.8634	2.236001	0.7964431	0.7696835
57498	-1008.859	-1220.556	211.6967	2.33003	0.930673	0.6344449
57504	-1013.544	-1225.707	212.1626	2.194674	0.5136826	0.9302929
57510	-1009.448	-1220.813	211.3646	2.212396	1.189152	0.9222712
57516	-1007.886	-1219.567	211.6815	2.246374	0.9486408	0.7736418
57522	-1018.493	-1230.171	211.6775	2.158812	0.9486408	0.8888785
57528	-1026.008	-1237.885	211.8763	2.158812	0.7853621	0.869248
57534	-1021.287	-1232.862	211.5742	2.090022	1.009102	1.006181
57540	-1018.554	-1230.187	211.6331	2.115819	0.7863401	1.153008
57546	-1009.457	-1221.368	211.9106	2.108114	0.6275137	1.095318
57552	-1025.814	-1236.778	210.9636	2.074656	1.251841	1.358211
57558	-1017.768	-1229.376	211.6083	2.313866	0.8078143	0.9643419
57564	-1013.998	-1225.275	211.2761	1.863919	0.873703	1.55766
57570	-1014.348	-1226.512	212.1638	1.989921	0.5951321	1.010957
57576	-1018.4	-1229.645	211.2452	2.03143	1.275127	1.143068
57582	-1013.142	-1225.067	211.9257	2.10673	0.6220803	1.089774
57588	-1029.205	-1240.986	211.7803	2.339918	0.7776136	0.7721597
57594	-1033.864	-1245.2	211.3356	2.457616	1.178877	0.6206019
57600	-1036.079	-1247.4	211.3212	2.457616	1.195324	0.6206019
57606	-1025.057	-1236.499	211.4421	2.292637	1.184045	0.7259672
57612	-1016.62	-1227.582	210.962	2.637184	1.445912	0.5269784
57618	-1009.457	-1220.399	210.9418	2.651267	1.445912	0.5639169
57624	-1004.548	-1215.643	211.0942	2.737991	1.157608	0.4511972
57630	-1003.733	-1214.908	211.1749	2.738071	1.029419	0.3656273
57636	-1011.424	-1223.104	211.6801	2.588579	0.7355332	0.423717
57642	-1022.112	-1233.268	211.1557	2.608738	1.227533	0.4277961
57648	-1005.97	-1217.828	211.8576	2.525288	0.6536661	0.4475122
57654	-1021.83	-1232.586	210.756	2.678346	1.67435	0.4603984
57660	-1009.171	-1219.824	210.653	2.646436	1.888937	0.5126566
57666	-1020.278	-1231.031	210.7522	2.817032	1.43849	0.3760999
57672	-1008.742	-1220.081	211.3388	2.723275	0.9050438	0.4008109
57678	-1032.037	-1242.529	210.4923	2.902763	1.703972	0.4008109
57684	-1018.521	-1229.817	211.2962	2.339915	0.5908016	1.455026
57690	-1008.871	-1221.028	212.1575	2.1225	0.3324049	1.309407
57696	-1014.182	-1225.729	211.5477	2.238048	0.5338015	1.406721
57702	-1017.094	-1228.88	211.7863	2.112465	0.4666432	1.405226
57708	-1020.124	-1231.325	211.201	1.937354	0.6661859	1.740351
57714	-1018.376	-1230.148	211.7714	1.89331	0.3699199	1.711476
57720	-1016.659	-1228.233	211.5736	1.923767	0.4141085	1.768258
57726	-1020.235	-1231.573	211.3383	1.732155	0.7511154	1.710993
57732	-1015.759	-1226.907	211.1481	1.8654	0.5078212	1.986219
57738	-1016.299	-1227.848	211.5492	1.755556	0.7005679	1.588885
57744	-1017.358	-1227.92	210.5616	1.859485	0.6106576	2.270586
57750	-1026.192	-1237.207	211.0154	2.032013	0.8144729	1.673402
57756	-1032.429	-1243.945	211.5154	2.247827	0.6341581	1.306598
57762	-1026.564	-1237.533	210.9688	2.136397	0.916045	1.549461
57768	-1037.699	-1248.399	210.7002	2.136397	0.754667	1.870264
57774	-1036.11	-1247.392	211.2819	2.62139	1.070035	0.4190161
57780	-1033.057	-1244.554	211.4971	2.429279	1.061224	0.5025404
57786	-1017.988	-1229.361	211.373	2.51646	1.10042	0.5025404
57792	-1017.705	-1228.582	210.8765	2.467947	1.782534	0.6125559
57798	-1031.989	-1242.664	210.6752	2.663808	1.782534	0.6264997
57804	-1034.784	-1245.498	210.714	2.739666	1.645715	0.542568
57810	-1016.782	-1226.713	209.9314	1.763826	0.4709106	2.858309
57816	-1017.298	-1226.93	209.6326	1.708624	0.3615266	3.193693
57822	-1015.614	-1225.693	210.0791	1.469091	0.4097477	3.013551
57828	-1010.013	-1221.595	211.5827	1.815172	0.2838781	2.023749
57834	-1004.009	-1215.311	211.3023	1.914354	0.5213873	1.833657
57840	-1014.191	-1225.311	211.1204	1.572734	0.4133908	2.303237
57846	-1015.869	-1227.727	211.8583	1.562876	0.4241637	1.808125
57852	-1016.674	-1228.719	212.0453	2.261542	0.3185955	1.312392
57858	-1015.335	-1227.033	211.698	2.031216	0.5748499	1.401566
57864	-1022.243	-1234.027	211.7841	1.890513	0.3094386	1.795574
57870	-1019.602	-1230.925	211.3227	1.760612	0.3915486	2.077527
57876	-1022.253	-1233.414	211.1618	1.870182	0.5158874	1.965075
57882	-1030.107	-1241.81	211.703	2.380271	0.8928105	0.5910677
57888	-1025.986	-1237.653	211.6676	2.421864	0.8946536	0.5597882
57894	-1027.517	-1238.775	211.2579	2.810222	0.9143441	0.4440552
57900	-1017.198	-1228.23	211.0312	2.824519	1.10685	0.391227
57906	-1011.825	-1222.948	211.1222	2.824519	1.032963	0.4432258
57912	-1027.053	-1238.417	211.364	2.793841	0.8337525	0.4465601
57918	-1034.815	-1245.644	210.829	2.7684	1.449991	0.5070971
57924	-1025.202	-1236.45	211.2476	2.52688	1.184804	0.6521245
57930	-1028.525	-1239.957	211.432	1.91921	0.6321246	1.622214
57936	-1034.536	-1246.013	211.4766	1.84225	0.6555026	1.622214
57942	-1028.694	-1239.691	210.9966	1.479893	0.7091432	2.148293
57948	-1026.466	-1237.045	210.5786	1.520211	0.9193579	2.233755
57954	-1030.818	-1242.552	211.7334	1.583178	0.570566	1.710791
57960	-1010.185	-1222.138	211.9532	1.84579	0.6179814	1.296104
57966	-1018.143	-1229.684	211.5417	1.730934	0.9648758	1.383497
57972	-1004.438	-1216.462	212.0245	1.884125	0.4771249	1.383497
57978	-999.5223	-1211.044	211.5212	1.749127	0.5809656	1.732412
57984	-1012.217	-1223.965	211.7481	1.865133	0.7398562	1.314974
57990	-1020.367	-1232.159	211.7912	1.98296	0.5730164	1.368555
57996	-1015.554	-1227.259	211.7046	2.208928	0.7830789	1.002992
58002	-1022.098	-1234.076	211.9784	2.197012	0.3823945	1.309902
58008	-1009.739	-1221.485	211.7456	2.024935	0.5652951	1.380539
58014	-1012.573	-1223.868	211.2943	1.913344	0.6799356	1.678379
58020	-1037.321	-1249.214	211.8936	2.035454	0.3827212	1.500762
58026	-1027.271	-1238.768	211.4972	2.061166	0.5304349	1.581691
58032	-1019.469	-1231.199	211.7306	2.033552	0.411381	1.581691
58038	-1018.845	-1230.531	211.6858	2.262998	0.7467228	1.011927
58044	-1015.381	-1227.047	211.666	2.106337	0.4133463	1.573001
58050	-1005.474	-1216.971	211.4977	1.982816	0.5128008	1.658499
58056	-1019.053	-1230.808	211.7552	1.996038	0.3881827	1.623605
58062	-1016.325	-1228.248	211.9226	2.059709	0.3393607	1.527861
58068	-1021.324	-1232.038	210.7138	1.906638	0.3503668	2.428854
58074	-1014.508	-1225.594	211.086	1.904243	0.3559481	2.185286
58080	-1010.641	-1222.309	211.6684	1.82169	0.4171323	1.769373
58086	-1014.686	-1225.925	211.2383	1.675469	0.4189527	2.154226
58092	-1007.627	-1219.069	211.441	1.793686	0.7860295	1.562163
58098	-1014.014	-1225.655	211.6418	2.010535	0.7445973	1.278385
58104	-1017.786	-1229.258	211.4726	1.881663	0.7445973	1.510994
58110	-1042.938	-1252.956	210.0181	1.627252	1.006747	2.464708
58116	-1026.261	-1237.459	211.198	1.654493	0.7172637	1.891372
58122	-1020.632	-1231.329	210.6969	1.595394	0.7643014	2.222863
58128	-1038.095	-1248.081	209.9861	1.55124	0.6347876	2.800252
58134	-1028.2	-1238.94	210.7395	1.417569	0.4360397	2.61346
58140	-1030.99	-1240.957	209.9667	1.310236	0.5944164	2.992491
58146	-1042.497	-1252.412	209.9146	1.34252	0.5925481	3.006013
58152	-1034.753	-1246.517	211.7648	1.972481	0.9294286	1.014566
58158	-1032.533	-1244.048	211.5147	1.882367	0.74875	1.474921
58164	-1015.338	-1225.968	210.6299	1.984444	0.7580529	2.017054
58170	-1011.49	-1221.869	210.3788	1.924918	1.15257	1.949355
58176	-1015.014	-1226.325	211.3106	1.93176	0.7591827	1.580416
58182	-1022.805	-1234.449	211.6436	1.87847	0.706274	1.420553
58188	-1015.004	-1226.66	211.6563	1.695221	0.6741407	1.580161
58194	-1015.312	-1225.522	210.2098	1.615804	0.6179297	2.63819
58200	-1019.835	-1230.225	210.3898	1.555104	0.4989811	2.677016
58206	-1010.301	-1221.44	211.1398	1.633686	0.5075468	2.144883
58212	-1021.46	-1232.392	210.9316	1.669281	0.4876304	2.277706
58218	-1015.635	-1226.897	211.2624	1.752687	0.3657493	2.155981
58224	-1018.41	-1229.341	210.9308	1.748407	0.5232358	2.189642
58230	-1011.854	-1223.248	211.3939	1.606911	0.529217	1.971602
58236	-1019.706	-1230.715	211.0091	1.671889	1.004375	1.787436
58242	-1033.008	-1243.103	210.0951	1.622253	0.5065002	2.808603
58248	-1029.407	-1240.536	211.129	1.68511	0.4393732	2.194588
58254	-1009.151	-1220.489	211.338	1.904951	0.500791	1.838634
58260	-1008.841	-1220.22	211.3793	1.904951	0.5093877	1.80048
58266	-1017.807	-1229.006	211.1986	1.791511	0.602976	1.903458
58272	-1011.93	-1223.335	211.4044	1.728913	0.7237604	1.69079
58278	-1028.532	-1239.441	210.909	1.904712	0.4591815	2.171982
58284	-1021.325	-1231.856	210.5308	1.559544	0.4577621	2.630719
58290	-1023.895	-1234.86	210.9649	1.538713	0.3588843	2.49103
58296	-1024.671	-1235.585	210.9139	1.589656	0.3588843	2.49103
58302	-1028.787	-1237.751	208.9637	1.513188	0.4044088	3.650066
58308	-1016.919	-1227.644	210.7256	1.45176	0.3848558	2.660826
58314	-1011.728	-1221.832	210.1046	1.315417	0.7813031	2.75626
58320	-1028.112	-1236.885	208.7735	1.425777	0.3161654	3.915403
58326	-1020.492	-1229.529	209.0365	1.408657	0.4860418	3.583506
58332	-1015.704	-1227.218	211.5138	1.630568	0.3524127	2.089497
58338	-1026.585	-1237.388	210.8028	1.717538	0.4630617	2.35591
58344	-1012.855	-1223.413	210.5583	1.904132	0.5877519	2.265483
58350	-1014.146	-1224.827	210.6805	1.689127	0.6530807	2.265483
58356	-1025.182	-1235.882	210.6999	1.65526	0.5588633	2.361568
58362	-1015.948	-1225.58	209.6325	1.565958	0.5588633	3.071302
58368	-1021.3	-1230.91	209.6104	1.577672	0.5700595	3.067363
58374	-1013.7	-1223.447	209.7473	1.400703	0.6777757	3.000065
58380	-1022.56	-1232.175	209.6142	1.594058	0.6777757	2.963851
58386	-1014.917	-1225.533	210.6163	1.653943	0.576007	2.398909
58392	-1020.772	-1231.835	211.0638	1.590712	0.6508085	2.082477
58398	-1027.355	-1237.503	210.1482	1.72935	0.7029068	2.534401
58404	-1039.217	-1248.602	209.3847	1.606609	0.5274957	3.223555
58410	-1038.308	-1249.476	211.1681	1.748576	0.5305137	2.026345
58416	-1039.028	-1250.343	211.3146	1.750946	0.6221116	1.833213
58422	-1021.196	-1232.306	211.1097	1.7933	1.01634	1.621887
58428	-1026.238	-1237.517	211.2799	1.712204	0.7297724	1.784551
58434	-1047.179	-1255.651	208.472	1.37058	0.4360578	3.981132
58440	-1025.731	-1238.042	212.3107	1.967323	0.5773072	0.908633
58446	-1021.117	-1232.482	211.3648	2.170443	1.104488	1.042704
58452	-1016.131	-1227.56	211.4285	2.153951	1.104488	0.9963867
58458	-1002.415	-1213.645	211.2294	2.17999	1.156783	1.115585
58464	-1011.617	-1223.007	211.3897	2.17999	1.282756	0.8383276
58470	-1017.948	-1229.322	211.3744	2.192178	1.286504	0.8383276
58476	-1007.579	-1219.173	211.5939	2.142403	0.9871723	0.9550041
58482	-1006.659	-1218.101	211.4419	2.370823	1.079983	0.7520472
58488	-1005.659	-1217.299	211.6403	2.205571	1.045252	0.7520472
58494	-1014.352	-1225.825	211.4725	2.303609	1.045252	0.8455417
58500	-994.2539	-1206.16	211.906	2.160376	0.7701294	0.8538891
58506	-1006.815	-1218.253	211.4375	2.034843	1.219018	1.004127
58512	-1001.402	-1213.237	211.8352	2.130007	0.7720768	0.9638737
58518	-1002.145	-1213.997	211.8519	2.020489	0.7720768	1.055868
58524	-995.2764	-1206.777	211.5002	2.126465	0.9771435	1.073256
58530	-1001.371	-1213	211.6289	2.248487	0.9771435	0.8026347
58536	-1004.725	-1216.37	211.6448	2.216848	0.9758972	0.8246438
58542	-1017.838	-1228.46	210.6223	1.688183	0.8352786	2.156755
58548	-1013.343	-1223.299	209.9557	1.683827	0.6398546	2.733539
58554	-1010.453	-1222.073	211.6201	1.753928	0.3947478	1.878781
58560	-1007.054	-1218.661	211.6067	1.74501	0.3506326	1.954221
58566	-1013.918	-1225.216	211.2973	1.958797	1.114505	1.280237
58572	-1008.502	-1220.399	211.8971	2.073389	0.6412575	1.121717
58578	-1005.846	-1217.607	211.7612	2.317161	0.8156853	0.7675522
58584	-1027.02	-1238.381	211.3612	2.196745	1.050211	1.069839
58590	-1017.133	-1229.001	211.8675	2.141041	0.7287477	0.9745348
58596	-1018.751	-1229.919	211.168	2.167806	1.460523	0.9454083
58602	-1011.735	-1223.263	211.5276	2.446787	0.9687697	0.6624427
58608	-1014.819	-1225.849	211.0296	2.616471	1.380944	0.4541143
58614	-1016.091	-1227.322	211.2312	2.706303	1.041774	0.4405572
58620	-1018.343	-1229.665	211.3216	2.821712	0.8376455	0.4151524
58626	-1016.3	-1227.176	210.8755	2.78434	1.324051	0.3777463
58632	-1014.017	-1224.706	210.6887	2.890927	1.426188	0.3777463
58638	-1014.779	-1225.929	211.1495	2.797811	1.030641	0.4370969
58644	-1007.335	-1218.523	211.1881	2.752988	1.030641	0.4184914
58650	-1008.649	-1219.754	211.1041	2.841379	1.026139	0.4184914
58656	-1004.402	-1215.619	211.2171	2.564161	1.218573	0.4658949
58662	-1012.03	-1223.242	211.2122	2.564161	1.218573	0.5631583
58668	-1003.362	-1214.984	211.6214	2.459326	0.9019956	0.5631583
58674	-1004.934	-1216.203	211.269	2.661142	1.056662	0.5187642
58680	-1020.195	-1232.112	211.9173	2.167616	0.5736284	1.10641
58686	-1012.522	-1223.96	211.4374	2.14417	0.8705137	1.214053
58692	-1025.232	-1236.58	211.3486	1.845379	0.5058495	1.866504
58698	-1026.477	-1237.025	210.548	1.845379	0.5058495	2.390537
58704	-1011.354	-1222.938	211.5833	2.329873	1.028261	0.6657746
58710	-1008.534	-1220.047	211.5132	2.434866	1.028261	0.5751193
58716	-1010.51	-1222.22	211.7098	2.581077	0.7265905	0.4683579
58722	-1016.648	-1227.966	211.318	2.633961	1.030461	0.4554835
58728	-1007.973	-1219.141	211.1677	2.633961	1.191341	0.4483947
58734	-1005.304	-1216.59	211.286	2.603527	1.073817	0.3965328
58740	-1003.407	-1214.693	211.2859	2.582448	1.121045	0.4682782
58746	-1018.294	-1229.791	211.4965	2.582448	0.9037028	0.4419516
58752	-1011.663	-1222.906	211.2437	2.680175	1.049111	0.4203159
58758	-1024.168	-1235.848	211.68	2.64666	0.6917091	0.4286575
58764	-1027.825	-1240.01	212.1854	2.220284	0.5860049	0.7265332
58770	-1021.547	-1233.036	211.4893	2.491613	1.003887	0.473444
58776	-1008.676	-1220.408	211.7325	2.221052	0.9999189	0.6392813
58782	-1015.119	-1226.701	211.5819	2.33548	0.9999189	0.7094695
58788	-1020.315	-1231.938	211.6233	2.33548	0.9744559	0.6814219
58794	-1023.747	-1235.493	211.746	2.33548	0.871677	0.6546095
58800	-1028.459	-1240.184	211.725	2.187307	0.5214687	1.32235
58806	-1028.43	-1239.818	211.3875	2.293535	0.6038109	1.405863
58812	-1008.286	-1220.35	212.0637	2.150051	0.4135833	1.228477
58818	-1022.158	-1233.844	211.6861	1.940454	0.6129775	1.437685
58824	-1040.03	-1250.357	210.3267	1.544397	0.734412	2.513354
58830	-1033.377	-1243.313	209.9359	1.544397	0.7036553	2.778576
58836	-1040.514	-1250.187	209.6726	1.362345	0.4818983	3.242076
58842	-1016.967	-1228.568	211.6016	1.777076	0.5888517	1.647176
58848	-999.043	-1210.234	211.1911	1.742244	0.4443574	2.111126
58854	-1016.573	-1226.673	210.1004	1.630396	0.6597432	2.660783
58860	-1014.232	-1224.474	210.2423	1.695166	0.6674473	2.526306
58866	-1019.476	-1230.453	210.9771	1.749061	0.7314586	1.964517
58872	-1024.104	-1236.171	212.0671	2.083832	0.6375966	0.9520945
58878	-1019.775	-1231.407	211.6314	2.130026	0.9010672	1.020596
58884	-1018.884	-1230.486	211.6017	2.126091	0.9421551	1.010704
58890	-1021.909	-1233.647	211.7389	2.159748	0.8610035	0.9246997
58896	-1017.291	-1229.215	211.9244	2.01019	0.7332466	1.042276
58902	-1013.551	-1225.376	211.8255	2.015496	0.8338843	1.015867
58908	-1018.079	-1230.304	212.2253	2.089192	0.5751505	0.8706355
58914	-1020.85	-1232.754	211.9033	2.29792	0.7114631	0.7739358
58920	-1028.168	-1240.011	211.8426	2.24318	0.8077726	0.770143
58926	-1014.815	-1226.728	211.9136	2.496152	0.6359248	0.5437436
58932	-1033.297	-1244.844	211.5478	2.219238	0.9756041	0.9347766
58938	-1031.174	-1243.054	211.8802	2.241682	0.7326599	0.8426504
58944	-1026.111	-1238.298	212.187	2.305314	0.5476177	0.6768745
58950	-1020.738	-1232.659	211.9209	2.471209	0.6264496	0.6431647
58956	-1021.795	-1233.493	211.6979	2.520287	0.7521712	0.6607369
58962	-1019.801	-1231.235	211.4345	2.555253	0.9546232	0.6607369
58968	-1031.229	-1242.68	211.4517	2.378645	0.9805417	0.8574414
58974	-1009.025	-1220.51	211.4851	2.24327	0.8900272	1.063885
58980	-1014.82	-1226.661	211.8403	2.141269	0.4798432	1.321944
58986	-1011.658	-1223.324	211.6667	2.103671	0.866054	1.04916
58992	-996.2247	-1207.978	211.7537	2.038131	0.7844814	1.116688
58998	-1011.197	-1222.703	211.5058	2.063374	0.7844814	1.306478
59004	-1026.333	-1238.475	212.1414	2.240363	0.4997699	0.9285107
59010	-1018.845	-1230.494	211.649	1.963063	1.06059	1.008082
59016	-1018.574	-1230.67	212.0966	2.182709	0.6183444	0.8370389
59022	-1019.628	-1231.383	211.7554	2.309149	0.783072	0.8370389
59028	-1011.872	-1223.596	211.724	2.278506	0.8360891	0.8370389
59034	-1005.833	-1217.506	211.6727	2.198686	0.8360891	0.9828908
59040	-1020.897	-1232.329	211.4323	1.665241	0.8465743	1.610856
59046	-1021.274	-1233.008	211.7343	1.806032	0.6232985	1.492009
59052	-1012.927	-1224.448	211.521	2.221881	1.001967	0.9322403
59058	-1023.298	-1234.592	211.2945	2.040701	1.086661	1.236092
59064	-1019.967	-1231.802	211.8352	2.349598	0.6080014	0.9604792
59070	-1017.839	-1229.388	211.5489	2.531809	0.8026239	0.785675
59076	-1001.802	-1213.434	211.6323	2.328769	0.8026239	0.9296448
59082	-1001.687	-1213.097	211.4091	2.280103	1.142458	0.8406198
59088	-991.1541	-1202.622	211.4676	2.251022	1.142458	0.8029961
59094	-999.9434	-1211.498	211.5547	2.369024	0.932116	0.8029961
59100	-1013.006	-1224.538	211.5319	2.369024	1.054182	0.6379816
59106	-1018.541	-1230.419	211.8785	2.369024	0.7274099	0.6641761
59112	-1020.991	-1232.374	211.3828	2.111257	0.5212713	1.638966
59118	-1029.113	-1241.384	212.2709	2.366786	0.31076	1.039031
59124	-1008.788	-1221.014	212.2257	2.272042	0.3762326	1.039031
59130	-1003.432	-1215.585	212.153	2.133244	0.4027379	1.184112
59136	-1025.491	-1237.775	212.2835	2.276148	0.3626992	1.00542
59142	-1019.405	-1231.373	211.9674	2.19639	0.3317339	1.402576
59148	-997.8634	-1209.755	211.8915	2.145773	0.393136	1.402576
59154	-1011.262	-1223.173	211.9103	2.00316	0.2999554	1.64258
59160	-1007.536	-1219.302	211.766	2.017774	0.3960861	1.588746
59166	-1010.725	-1222.311	211.5862	1.984807	0.3960861	1.74086
59172	-1015.157	-1227.221	212.0642	2.04329	0.2723583	1.549572
59178	-1003.73	-1215.012	211.2827	2.094136	0.4667724	1.785975
59184	-1018.696	-1229.743	211.0466	1.730641	0.5041637	2.145993
59190	-1014.286	-1225.297	211.0106	1.848926	0.5041637	2.092184
59196	-997.0052	-1208.316	211.3105	1.5831	0.5191959	2.053614
59202	-1010.151	-1221.956	211.8057	1.760468	0.4455219	1.679199
59208	-1033.616	-1244.3	210.6835	1.765355	0.6228892	2.241566
59214	-1008.894	-1220.553	211.6587	2.035203	0.9579991	1.027859
59220	-1005.874	-1217.508	211.6332	2.071603	0.9579991	1.017131
59226	-1008.771	-1220.005	211.2347	1.970973	1.091444	1.338418
59232	-1000.753	-1212.835	212.0819	1.937065	0.5262856	1.228221
59238	-1012.542	-1223.826	211.2843	1.984637	0.8590627	1.473609
59244	-1013.265	-1224.644	211.379	1.920948	0.8614578	1.448038
59250	-1012.225	-1223.189	210.9643	1.515072	0.5770887	2.264744
59256	-1020.219	-1231.02	210.8005	1.494738	0.5942953	2.365943
59262	-1025.969	-1237.088	211.1196	1.567195	0.6139867	2.09517
59268	-1016.444	-1227.245	210.8008	1.578019	0.4816376	2.425188
59274	-1050.966	-1262.575	211.6094	1.94809	0.5876808	1.517728
59280	-1018.893	-1229.632	210.7393	1.694708	0.990122	1.965591
59286	-1017.206	-1228.227	211.0217	1.546776	0.7317582	2.069073
59292	-1025.618	-1236.84	211.2215	2.096112	0.5349903	1.748616
59298	-1023.896	-1234.918	211.022	2.050587	1.473176	1.185338
59304	-1031.917	-1243.416	211.4991	2.294902	0.9044529	0.9844624
59310	-1032.625	-1243.03	210.4053	2.294902	1.836814	1.2897
59316	-1023.897	-1234.772	210.8754	2.336321	1.528773	1.020527
59322	-1020.086	-1231.79	211.7046	2.205102	0.8304376	0.9499565
59328	-1012.68	-1224.365	211.6857	2.229648	0.8304376	0.9439742
59334	-1032.469	-1244.136	211.6674	2.162059	0.9791663	0.8602416
59340	-1017.327	-1228.559	211.2325	2.077221	1.300906	1.093898
59346	-1022.201	-1233.458	211.2572	1.984658	0.8307704	1.518051
59352	-1023.18	-1233.904	210.7239	1.735947	1.005973	1.937495
59358	-1020.214	-1231.226	211.0114	2.017471	1.060987	1.497328
59364	-1030.536	-1240.905	210.3684	2.139832	1.132361	1.822606
59370	-1019.291	-1230.398	211.1069	1.883154	0.9721503	1.590899
59376	-1004.219	-1214.049	209.8304	1.675781	0.6586144	2.799198
59382	-1028.758	-1240.055	211.2972	1.44558	0.5259623	2.145461
59388	-1024.76	-1235.506	210.7456	1.538661	0.441218	2.528729
59394	-1025.72	-1237.02	211.3	1.826224	0.4992709	1.919863
59400	-1021.482	-1232.589	211.107	1.891717	0.4539313	2.056851
59406	-1025.999	-1237.709	211.7102	2.050783	0.8511884	1.073706
59412	-1045.487	-1256.832	211.3447	1.811856	0.4814315	1.919614
59418	-1038.545	-1250.039	211.4933	1.8974	0.4814315	1.75878
59424	-1039.522	-1249.755	210.2322	1.604438	0.3247215	2.944728
59430	-1030.873	-1241.371	210.4979	1.868404	0.9485364	2.039059
59436	-1021.525	-1232.625	211.1004	2.069484	0.6083596	1.774643
59442	-1016.549	-1228.155	211.6054	1.980017	0.387537	1.742494
59448	-1023.139	-1234.793	211.6539	2.016943	0.3603208	1.721031
59454	-1011.898	-1223.381	211.4831	1.818224	0.4572025	1.849577
59460	-1029.157	-1240.024	210.8671	1.753302	0.6257177	2.127742
59466	-1026.82	-1238.142	211.322	1.987621	0.8801458	1.424707
59472	-1038.574	-1249.375	210.8013	1.847642	0.5551939	2.176743
59478	-1027.155	-1236.811	209.6556	1.645655	0.4815065	3.084318
59484	-1032.869	-1242.381	209.5117	1.517665	0.5496562	3.180368
59490	-1023.758	-1234.115	210.357	1.665406	0.4085066	2.727788
59496	-1026.356	-1236.727	210.3706	1.634258	0.2769057	2.910452
59502	-1013.467	-1224.715	211.2484	1.74075	0.6617872	1.84794
59508	-1021.737	-1233.024	211.2865	1.966785	0.6246962	1.699736
59514	-1016.766	-1228.193	211.4274	1.870131	0.4342269	1.880235
59520	-1018.085	-1229.096	211.0107	2.010089	0.5284124	1.959054
59526	-1017.184	-1228.365	211.1805	1.85054	0.4637168	2.024125
59532	-1042.68	-1253.143	210.4633	1.73662	0.3967608	2.632549
59538	-1035.016	-1244.689	209.6736	1.572729	0.6290665	2.981044
59544	-1016.992	-1226.54	209.5481	1.360497	0.389635	3.415332
59550	-1019.189	-1228.639	209.45	1.458585	0.389635	3.415332
59556	-1025.944	-1237.061	211.1175	1.836707	0.5031731	2.03076
59562	-1018.613	-1230.259	211.6465	1.828251	0.5396264	1.63189
59568	-1017.213	-1228.401	211.1884	1.794955	0.5509383	1.960511
59574	-1031.548	-1242.642	211.0938	1.68249	0.5430724	2.10592
59580	-1014.178	-1225.568	211.3898	1.915416	0.7523658	1.540333
59586	-1022.519	-1233.415	210.8962	1.867183	0.6255993	2.033762
59592	-1028.567	-1240.314	211.7479	1.733142	0.4812686	1.695427
59598	-1031.076	-1242.163	211.0861	1.975773	0.5707525	1.887
59604	-1019.816	-1231.621	211.8047	1.860456	0.7496463	1.262597
59610	-1007.429	-1218.012	210.5831	1.615905	0.3848631	2.64749
59616	-1019.671	-1229.406	209.7349	1.55543	0.660082	2.928742
59622	-1019.416	-1230.241	210.8257	1.713106	0.5067434	2.297146
59628	-1009.693	-1219.01	209.3176	1.536252	0.5146448	3.316871
59634	-1016.975	-1227.251	210.2763	1.551939	0.4282189	2.823737
59640	-1027.047	-1238.38	211.3323	1.909142	0.4862395	1.856327
59646	-1024.008	-1235.826	211.8177	2.105967	0.5377556	1.292198
59652	-1033.835	-1243.459	209.624	1.95286	0.6657822	2.750168
59658	-1034.364	-1244.455	210.0911	1.773142	0.4759825	2.750168
59664	-1025.839	-1235.679	209.8401	1.653451	0.4426344	3.009904
59670	-1024.985	-1234.069	209.0837	1.46598	0.4116987	3.599822
59676	-1015.448	-1225.9	210.4518	1.56302	0.4106037	2.729993
59682	-1005.706	-1215.878	210.1719	1.663404	0.3889723	2.864702
59688	-1011.204	-1222.416	211.2125	1.697632	0.3580969	2.234147
59694	-1014.39	-1225.426	211.0365	1.877322	0.3504947	2.242007
59700	-1010.09	-1220.84	210.7508	1.778726	0.44433	2.371117
59706	-1006.26	-1217.547	211.2863	1.946137	0.3327184	2.05919
59712	-997.4412	-1208.084	210.643	1.782771	0.347943	2.553825
59718	-1011.255	-1221.519	210.2647	1.739003	0.2712553	2.919514
59724	-1013.136	-1223.49	210.3538	1.605939	0.2969912	2.908598
59730	-1011.204	-1222.059	210.8551	1.734017	0.467642	2.307068
59736	-998.6764	-1209.464	210.7878	1.811901	0.4732551	2.294113
59742	-1009.09	-1220.37	211.2807	1.739303	0.4309048	2.070158
59748	-1021.254	-1232.901	211.6468	2.010237	0.4489748	1.609508
59754	-1032.222	-1243.92	211.6976	2.167673	0.5800867	1.28698
59760	-1031.072	-1242.703	211.6312	1.804339	0.4951502	1.71108
59766	-1028.805	-1240.608	211.8028	2.054893	0.406695	1.519215
59772	-1026.497	-1238.501	212.0033	1.983359	0.4256276	1.393935
59778	-1026.875	-1238.952	212.0768	2.096841	0.3111288	1.430481
59784	-1035.076	-1246.653	211.5773	1.897857	0.4219712	1.773515
59790	-1020.507	-1232.272	211.765	1.974541	0.6781321	1.27698
59796	-1018.185	-1229.891	211.7059	1.83774	0.5216993	1.602593
59802	-1011.389	-1222.668	211.2795	1.994007	0.5356288	1.778696
59808	-1024.014	-1235.279	211.2645	1.899072	0.5623195	1.826192
59814	-1025.749	-1237.835	212.0867	2.056624	0.4504859	1.230906
59820	-1022.342	-1233.663	211.3208	2.039318	0.9107042	1.359399
59826	-1011.902	-1223.95	212.0475	2.186063	0.4008054	1.232254
59832	-1017.388	-1229.615	212.2276	2.299364	0.4358866	0.890185
59838	-1026.983	-1238.533	211.5501	2.185273	0.7011066	1.255465
59844	-1042.599	-1254.492	211.8925	2.114996	0.613111	1.124162
59850	-1018.926	-1230.503	211.5776	2.33797	0.9581063	0.7772125
59856	-1029.041	-1240.512	211.4706	2.346751	0.9359156	0.924756
59862	-1041.536	-1253.677	212.1413	2.197511	0.6057216	0.7828472
59868	-1045.392	-1256.788	211.397	2.252601	1.092852	0.9381127
59874	-1026.4	-1237.438	211.0384	1.711001	0.8885178	1.823664
59880	-1004.937	-1216.356	211.4197	2.38834	1.046682	0.8032028
59886	-999.0267	-1210.514	211.4869	2.506378	0.9916216	0.5267233
59892	-1008.568	-1220.324	211.7558	2.527891	0.7000319	0.661971
59898	-1006.658	-1218.028	211.37	2.426451	1.154822	0.661971
59904	-1022.982	-1234.155	211.1734	2.501237	1.326775	0.6036204
59910	-1043.313	-1253.116	209.8029	1.641014	0.5999531	2.887034
59916	-1045.758	-1255.7	209.9421	1.678887	0.7011403	2.694485
59922	-1022.286	-1234.009	211.7239	2.581502	0.7052327	0.4185336
59928	-1029.97	-1241.447	211.4762	2.597048	0.9055104	0.4293695
59934	-1022.086	-1233.528	211.4423	2.686143	0.8650301	0.4894554
59940	-1022.345	-1233.431	211.0856	2.686143	1.217559	0.4240625
59946	-1024.86	-1235.73	210.8702	2.759196	1.377902	0.3992959
59952	-1023.712	-1234.961	211.2483	2.759196	0.9560779	0.3992959
59958	-1024.033	-1234.942	210.9088	2.794498	1.295437	0.4162922
59964	-1015.844	-1226.603	210.7593	2.915093	1.214881	0.2987233
59970	-1015.532	-1226.049	210.517	3.11386	1.231658	0.2788703
59976	-1024.042	-1234.653	210.611	3.11386	1.104966	0.2675846
59982	-1027.151	-1237.761	210.6102	3.124858	1.104966	0.273574
59988	-1032.916	-1243.571	210.6554	3.085129	1.099058	0.273574
59994	-1009.549	-1220.065	210.5154	1.445079	0.5345311	2.631995
60000	-1008.323	-1218.845	210.5229	1.400237	0.3059274	2.918151
60006	-1011.175	-1220.549	209.374	1.367501	0.298777	3.625814
60012	-1007.43	-1217.247	209.817	3.347694	1.73193	0.2308124
60018	-1001.639	-1212.027	210.3873	3.153638	1.369506	0.294333
60024	-1024.767	-1235.198	210.4316	3.109296	1.369506	0.294333
60030	-1021.743	-1232.058	210.3157	3.15341	1.369506	0.2513882
60036	-1020.12	-1230.913	210.7937	3.13578	0.872978	0.2513882
60042	-1007.7	-1217.817	210.1167	3.22139	1.721012	0.3370927
60048	-1009.246	-1219.608	210.3618	3.031061	1.634295	0.3333957
60054	-1025.437	-1235.724	210.2866	3.124099	1.548658	0.2974024
60060	-1022.88	-1233.069	210.1884	3.101936	1.723836	0.2974024
60066	-1020.592	-1231.385	210.793	3.062457	1.018403	0.2987079
60072	-1020.113	-1230.577	210.4635	3.062457	1.339965	0.2695379
60078	-1015.571	-1225.569	209.9983	3.291072	1.602233	0.2477205
60084	-998.5939	-1208.959	210.3656	3.291072	1.010357	0.1989871
60090	-999.6267	-1209.756	210.1291	3.291072	1.405215	0.24114
60096	-994.9201	-1205.236	210.3154	3.221997	1.20068	0.2196743
60102	-1018.539	-1228.928	210.3898	3.110926	1.243413	0.2196743
60108	-1024.573	-1235.67	211.0966	2.999699	0.6030573	0.1851413
60114	-1043.045	-1254.233	211.1884	2.443936	1.379155	0.6054681
60120	-1021.404	-1231.797	210.3924	3.299236	0.9166123	0.1802322
60126	-1015.002	-1225.584	210.5823	3.22589	0.8120586	0.1802322
60132	-1013.208	-1223.493	210.2853	3.304399	1.015881	0.1802322
60138	-1016.498	-1226.69	210.1915	3.31112	1.162754	0.1954963
60144	-1022.729	-1233.59	210.8611	2.999451	0.9943886	0.2854856
60150	-1029.735	-1240.959	211.2238	2.999451	0.658262	0.2681876
60156	-1033.993	-1245.13	211.1368	2.961972	0.7869551	0.2933391
60162	-1021.571	-1232.843	211.272	2.858073	0.769722	0.3010697
60168	-1014.891	-1225.941	211.0505	2.937838	0.973263	0.3965218
60174	-1008.477	-1219.723	211.2458	2.796673	0.942505	0.4644819
60180	-1010.028	-1221.508	211.4798	2.562581	0.942505	0.4644819
60186	-1014.42	-1225.867	211.4467	2.493641	1.01239	0.64107
60192	-1014.846	-1226.408	211.5617	2.600301	0.823924	0.5859445
60198	-1013.05	-1224.445	211.3952	2.522538	1.008807	0.6933152
60204	-1026.583	-1237.854	211.2711	2.648969	1.067124	0.4810647
60210	-1030.281	-1241.614	211.3322	2.7995	0.8534791	0.4329736
60216	-1031.145	-1242.385	211.2403	2.864778	0.8534791	0.3767649
60222	-1036.417	-1247.657	211.2403	2.864778	0.8534791	0.3767649
60228	-1020.208	-1230.908	210.6997	2.864778	1.42636	0.3569767
60234	-1025.267	-1235.709	210.4415	2.997336	1.582613	0.3439349
60240	-1019.562	-1230.423	210.861	2.926924	1.143467	0.3439349
60246	-1003.922	-1214.76	210.8372	2.938989	1.143467	0.3316399
60252	-1043.727	-1253.385	209.6574	1.661308	0.9413838	2.708557
60258	-1019.785	-1229.674	209.8893	1.778406	1.218998	2.326606
60264	-1026.305	-1237.451	211.1461	2.947096	0.7923697	0.294008
60270	-1025.632	-1236.458	210.8254	2.955509	1.149366	0.3420438
60276	-1013.588	-1225.104	211.5164	2.750845	0.7306108	0.405286
60282	-1013.91	-1224.953	211.0433	2.750845	1.201887	0.4563459
60288	-1013.189	-1224.489	211.2995	2.717846	0.9693364	0.5016314
60294	-1042.129	-1253.306	211.1769	2.802608	0.9953445	0.4282104
60300	-1039.895	-1250.182	210.2872	1.996622	1.733328	1.656134
60306	-1039.626	-1251.014	211.3886	2.092272	1.158439	1.047721
60312	-1026.055	-1237.288	211.2335	2.546453	1.192319	0.624272
60318	-1033.741	-1245.933	212.1919	2.483236	0.4519021	0.624272
60324	-1027.805	-1239.678	211.873	2.478535	0.6803554	0.4744618
60330	-1016.498	-1228.007	211.5082	2.631997	0.8544935	0.4894949
60336	-1022.042	-1233.382	211.3395	2.670153	0.9689984	0.4393839
60342	-1015.442	-1226.956	211.5141	2.53341	0.9298802	0.577395
60348	-1007.216	-1218.775	211.5584	2.39638	0.9298802	0.7632948
60354	-1023.629	-1235.331	211.702	2.327726	0.8609309	0.7632948
60360	-1021.062	-1232.126	211.0638	2.057151	1.245304	1.29634
60366	-1008.035	-1219.55	211.5149	2.297238	0.8520237	1.023969
60372	-1015.468	-1227.194	211.726	2.065455	0.8705299	1.023969
60378	-1009.52	-1221.319	211.7992	2.035653	0.7818226	1.080078
60384	-1003.748	-1215.657	211.9082	2.046941	0.4763959	1.347759
60390	-1012.16	-1223.977	211.8166	2.018525	0.2781742	1.735141
60396	-1027.968	-1239.416	211.4482	1.914863	0.3225738	1.987302
60402	-1033.904	-1243.154	209.2496	1.441645	0.9211411	3.100526
60408	-1017.636	-1228.176	210.5392	1.703544	0.5356704	2.455251
60414	-1024.875	-1235.576	210.7012	1.660662	0.6227512	2.297509
60420	-1026.464	-1235.921	209.4567	1.515396	0.7628871	3.040443
60426	-1025.003	-1234.456	209.4529	1.473851	0.5548124	3.236466
60432	-1040.692	-1250.513	209.8213	1.655177	0.611681	2.857054
60438	-1017.973	-1228.531	210.5583	1.557817	0.4942939	2.576092
60444	-1012.401	-1223.357	210.9557	1.765722	0.5052357	2.181196
60450	-1020.724	-1231.03	210.3065	1.74203	0.5052357	2.606714
60456	-1036.725	-1247.328	210.6031	1.546001	0.4542941	2.598162
60462	-1028.691	-1239.735	211.0438	2.158609	0.4828042	1.886931
60468	-1030.012	-1241.149	211.1363	1.851727	0.390607	2.14121
60474	-1022.31	-1233.404	211.0942	1.64954	0.4029489	2.283541
60480	-1012.748	-1223.294	210.5462	1.480514	0.5984392	2.530916
60486	-1042.472	-1250.522	208.0496	1.73185	0.684688	3.796463
60492	-1039.733	-1250.773	211.0395	2.666935	1.310836	0.4932876
60498	-1022.011	-1233.08	211.0693	2.630696	1.310836	0.5592727
60504	-1044.337	-1254.191	209.8532	1.743479	0.4610863	2.928178
60510	-1022.557	-1233.779	211.2225	2.456002	1.298368	0.6512163
60516	-1025.535	-1236.966	211.4316	2.443322	1.075236	0.6512163
60522	-1033.022	-1245.028	212.0063	1.862865	0.5156023	1.364227
60528	-1027.065	-1238.659	211.5937	1.984987	0.8694467	1.217512
60534	-1028.768	-1240.558	211.7903	2.364752	0.8200404	0.6196371
60540	-1014.594	-1225.773	211.1793	1.659778	0.7206595	1.897558
60504	-1040.452	-1250.563	210.1107	1.609199	0.5567498	2.758502
60510	-1030.533	-1241.419	210.8856	1.997732	0.6890799	1.895276
60516	-1033.013	-1244.157	211.1435	1.72183	0.615896	1.975017
60522	-1032.923	-1244.492	211.5691	2.236212	0.5211395	1.407166
60528	-1015.435	-1227.415	211.9798	2.324272	0.4194144	1.140822
60534	-1013.314	-1225.215	211.9014	2.1044	0.616618	1.121109
60540	-1014.981	-1226.099	211.1175	1.931705	0.6273777	1.839335
60546	-1014.962	-1226.457	211.4948	1.918516	0.6273777	1.581883
60552	-1027.872	-1239.594	211.7223	1.889405	0.3480642	1.780355
60558	-1027.084	-1238.932	211.8488	1.93959	0.3080185	1.718324
60564	-1016.946	-1228.394	211.4482	2.178445	0.5648182	1.491535
60570	-1005.344	-1216.722	211.3786	1.691749	0.3659418	2.119668
60576	-1007.058	-1218.79	211.7316	1.810379	0.2499144	1.984608
60582	-1014.96	-1226.464	211.5046	1.909433	0.2499144	2.069523
60588	-1018.165	-1229.366	211.2005	1.917651	0.3800433	2.069523
60594	-1011.741	-1223.651	211.9102	1.968012	0.3872444	1.53199
60600	-1024.647	-1235.713	211.0663	1.825304	0.6845047	1.893723
60606	-1729.001	-1930.258	201.2562	1.477042	0.2896414	8.038844
60702	-4188.411	-3469.245	-719.1662	1.482768	20980.9	458.5805
60708	-5720.225	-3023.499	-2696.727	1.209531	10527.81	1449.246
60804	-43944.14	-4769.094	-39175.05	1.49922	5.929322e+07	19670.59
60906	-3.356541e+07	-5859.786	-3.355955e+07	2.281266	3.898373e+12	1.677982e+07
61002	-7.306799e+08	-9210.517	-7.306707e+08	1.114011	2.448577e+17	3.653354e+08
61008	-4.923987e+09	-8526.507	-4.923979e+09	0.7903147	3.886858e+17	2.461989e+09
61104	-5.164571e+10	-9975.393	-5.16457e+10	0.6495061	7.739491e+20	2.582285e+10
